record_id,old_route_id,current_route_id,score,accepted_by_rule,structural_core_equal,same_model_id,changed_controlled_fields,score_model_name,score_carrier_family,score_carrier_subtype,score_source_modality,score_lifecycle_phase,score_fusion_topology,score_text_role,score_source_object,score_model_visible_form,score_transformation_chain,score_task_or_configuration,score_route_label,score_evidence_quote,old_model_name,current_model_name,old_route_label,current_route_label,old_rank,current_rank,primary_assignment,split_candidate_degree,merge_candidate_degree
full_2026-07-06__rec_000060,route_0c7d1556fb23,route_226242be284c,0.810044,True,True,True,fusion_topology;text_role,1.0,1.0,1.0,1.0,1.0,0.0,0.0,1.0,1.0,1.0,0.358209,0.293333,0.333333,TissueCraftAI,TissueCraftAI,DAPI-to-H&E synthesis with text prompt,TissueCraftAI DAPI image conditioning,1,1,True,2,3
full_2026-07-06__rec_000060,route_0c7d1556fb23,route_49e2cc9a5c64,0.722722,True,True,True,fusion_topology;text_role,1.0,1.0,1.0,1.0,1.0,0.0,0.0,0.26087,1.0,1.0,0.388889,0.3,0.324324,TissueCraftAI,TissueCraftAI,DAPI-to-H&E synthesis with text prompt,TissueCraftAI histology image conditioning,2,3,False,2,3
full_2026-07-06__rec_000060,route_493cbb2f953c,route_0d733b511958,0.463759,False,False,True,carrier_family;carrier_subtype;source_modality,1.0,0.0,0.0,0.0,1.0,1.0,1.0,0.195122,0.208333,0.765957,0.739726,0.217391,0.465909,TissueCraftAI,TissueCraftAI,H&E-to-spatial-transcriptomics query generation,TissueCraftAI molecular-target text prompting,3,2,False,2,0
full_2026-07-06__rec_000060,route_493cbb2f953c,route_226242be284c,0.689074,True,True,True,fusion_topology;text_role,1.0,1.0,1.0,1.0,1.0,0.0,0.0,0.347826,0.540541,1.0,0.382353,0.214286,0.098765,TissueCraftAI,TissueCraftAI,H&E-to-spatial-transcriptomics query generation,TissueCraftAI DAPI image conditioning,2,2,False,2,3
full_2026-07-06__rec_000060,route_493cbb2f953c,route_49e2cc9a5c64,0.800202,True,True,True,fusion_topology;text_role,1.0,1.0,1.0,1.0,1.0,0.0,0.0,1.0,0.540541,1.0,0.739726,0.224719,0.465909,TissueCraftAI,TissueCraftAI,H&E-to-spatial-transcriptomics query generation,TissueCraftAI histology image conditioning,1,1,True,2,3
full_2026-07-06__rec_000060,route_71790949ba09,route_0d733b511958,0.466157,False,False,True,carrier_family;carrier_subtype;source_modality,1.0,0.0,0.0,0.0,1.0,1.0,1.0,0.195122,0.208333,0.765957,0.725,0.321839,0.465909,TissueCraftAI,TissueCraftAI,H&E-to-spatial-proteomics query generation,TissueCraftAI molecular-target text prompting,3,1,False,2,0
full_2026-07-06__rec_000060,route_71790949ba09,route_226242be284c,0.687696,True,True,True,fusion_topology;text_role,1.0,1.0,1.0,1.0,1.0,0.0,0.0,0.347826,0.540541,1.0,0.346667,0.227848,0.098765,TissueCraftAI,TissueCraftAI,H&E-to-spatial-proteomics query generation,TissueCraftAI DAPI image conditioning,2,3,False,2,3
full_2026-07-06__rec_000060,route_71790949ba09,route_49e2cc9a5c64,0.799867,True,True,True,fusion_topology;text_role,1.0,1.0,1.0,1.0,1.0,0.0,0.0,1.0,0.540541,1.0,0.725,0.238095,0.465909,TissueCraftAI,TissueCraftAI,H&E-to-spatial-proteomics query generation,TissueCraftAI histology image conditioning,1,2,False,2,3
full_2026-07-06__rec_000063,route_170bcd5403de,route_5a170efb9d64,0.860342,True,True,True,,1.0,1.0,1.0,1.0,1.0,1.0,1.0,0.65625,0.820513,0.306383,1.0,0.676056,0.31068,TISSUENARRATOR,TISSUENARRATOR,Genetic perturbation from an edited cell,Genetic perturbation generation,1,1,True,3,4
full_2026-07-06__rec_000063,route_170bcd5403de,route_a5e96dd9a19b,0.77122,True,True,True,,1.0,1.0,1.0,1.0,1.0,1.0,1.0,0.323529,0.820513,0.291845,0.218182,0.493827,0.220183,TISSUENARRATOR,TISSUENARRATOR,Genetic perturbation from an edited cell,Cell generation from spatial neighborhood,3,4,False,3,5
full_2026-07-06__rec_000063,route_170bcd5403de,route_dbc6b7ab297a,0.790501,True,True,True,,1.0,1.0,1.0,1.0,1.0,1.0,1.0,0.337662,0.820513,0.302789,0.539326,0.526316,0.214876,TISSUENARRATOR,TISSUENARRATOR,Genetic perturbation from an edited cell,Neighborhood perturbation generation,2,2,False,3,4
full_2026-07-06__rec_000063,route_20d8a9154583,route_a5e96dd9a19b,0.651197,True,False,True,lifecycle_phase;text_role,1.0,1.0,1.0,1.0,0.0,1.0,0.0,0.333333,0.615385,0.513369,0.157303,0.347826,0.347107,TISSUENARRATOR,TISSUENARRATOR,Spatial sentence fine-tuning,Cell generation from spatial neighborhood,2,5,False,2,5
full_2026-07-06__rec_000063,route_20d8a9154583,route_dbc6b7ab297a,0.642748,False,False,True,lifecycle_phase;text_role,1.0,1.0,1.0,1.0,0.0,1.0,0.0,0.285714,0.615385,0.44878,0.294118,0.28125,0.270677,TISSUENARRATOR,TISSUENARRATOR,Spatial sentence fine-tuning,Neighborhood perturbation generation,3,5,False,2,4
full_2026-07-06__rec_000063,route_20d8a9154583,route_de59b0fceddc,0.825431,True,True,True,text_role,1.0,1.0,1.0,1.0,1.0,1.0,0.0,1.0,0.690909,0.544444,0.339623,1.0,0.049383,TISSUENARRATOR,TISSUENARRATOR,Spatial sentence fine-tuning,Spatial sentence fine-tuning,1,1,True,2,3
full_2026-07-06__rec_000063,route_57437427050f,route_5a170efb9d64,0.796465,True,True,True,,1.0,1.0,1.0,1.0,1.0,1.0,1.0,0.372093,0.820513,0.384279,0.450704,0.426667,0.303571,TISSUENARRATOR,TISSUENARRATOR,Unconditional cell generation from neighbors,Genetic perturbation generation,2,3,False,4,4
full_2026-07-06__rec_000063,route_57437427050f,route_a5e96dd9a19b,0.842348,True,True,True,,1.0,1.0,1.0,1.0,1.0,1.0,1.0,0.533333,0.820513,0.546256,0.6,0.682353,0.305085,TISSUENARRATOR,TISSUENARRATOR,Unconditional cell generation from neighbors,Cell generation from spatial neighborhood,1,1,True,4,5
full_2026-07-06__rec_000063,route_57437427050f,route_dbc6b7ab297a,0.78841,True,True,True,,1.0,1.0,1.0,1.0,1.0,1.0,1.0,0.424242,0.820513,0.457143,0.210526,0.4,0.138462,TISSUENARRATOR,TISSUENARRATOR,Unconditional cell generation from neighbors,Neighborhood perturbation generation,3,3,False,4,4
full_2026-07-06__rec_000063,route_57437427050f,route_de59b0fceddc,0.700263,True,False,True,lifecycle_phase,1.0,1.0,1.0,1.0,0.0,1.0,1.0,0.25,0.761905,0.454545,0.459016,0.388889,0.012346,TISSUENARRATOR,TISSUENARRATOR,Unconditional cell generation from neighbors,Spatial sentence fine-tuning,4,2,False,4,3
full_2026-07-06__rec_000063,route_8fa09b837884,route_5a170efb9d64,0.814302,True,True,True,,1.0,1.0,1.0,1.0,1.0,1.0,1.0,0.525,0.820513,0.375,0.516854,0.478873,0.185185,TISSUENARRATOR,TISSUENARRATOR,Counterfactual neighborhood perturbation,Genetic perturbation generation,3,2,False,3,4
full_2026-07-06__rec_000063,route_8fa09b837884,route_a5e96dd9a19b,0.835904,True,True,True,,1.0,1.0,1.0,1.0,1.0,1.0,1.0,0.666667,0.820513,0.518987,0.278261,0.54321,0.298246,TISSUENARRATOR,TISSUENARRATOR,Counterfactual neighborhood perturbation,Cell generation from spatial neighborhood,2,2,False,3,5
full_2026-07-06__rec_000063,route_8fa09b837884,route_dbc6b7ab297a,0.877612,True,True,True,,1.0,1.0,1.0,1.0,1.0,1.0,1.0,0.688172,0.820513,0.511364,1.0,0.657895,0.301587,TISSUENARRATOR,TISSUENARRATOR,Counterfactual neighborhood perturbation,Neighborhood perturbation generation,1,1,True,3,4
full_2026-07-06__rec_000063,route_91b3698fe62e,route_24ffc126eb25,0.691922,False,False,True,carrier_subtype;source_modality,1.0,1.0,0.0,0.0,1.0,1.0,1.0,1.0,0.913043,0.430769,0.265487,0.409091,0.307692,TISSUENARRATOR,TISSUENARRATOR,Conversational tissue querying from anatomical structure names,Spatial Q&A: top cell types,1,1,False,0,0
full_2026-07-06__rec_000063,route_91b3698fe62e,route_6ccf596636de,0.682873,False,False,True,carrier_subtype;source_modality,1.0,1.0,0.0,0.0,1.0,1.0,1.0,1.0,0.913043,0.430769,0.290909,0.409639,0.049296,TISSUENARRATOR,TISSUENARRATOR,Conversational tissue querying from anatomical structure names,Spatial Q&A: top genes,2,1,False,0,0
full_2026-07-06__rec_000063,route_91b3698fe62e,route_a3f58fcbfec1,0.672083,False,False,True,carrier_subtype;source_modality,1.0,1.0,0.0,0.0,1.0,1.0,1.0,1.0,0.913043,0.430769,0.21875,0.170213,0.049296,TISSUENARRATOR,TISSUENARRATOR,Conversational tissue querying from anatomical structure names,Spatial Q&A: region summarization,3,1,False,0,0
full_2026-07-06__rec_000063,route_af4b51cff9c9,route_5a170efb9d64,0.589644,False,False,True,lifecycle_phase;fusion_topology,1.0,1.0,1.0,1.0,0.0,0.0,1.0,0.253968,0.192771,0.0,0.338983,0.518519,0.579235,TISSUENARRATOR,TISSUENARRATOR,Missing cell generation,Genetic perturbation generation,2,6,False,0,4
full_2026-07-06__rec_000063,route_af4b51cff9c9,route_a5e96dd9a19b,0.586205,False,False,True,lifecycle_phase;fusion_topology,1.0,1.0,1.0,1.0,0.0,0.0,1.0,0.328358,0.192771,0.0,0.305556,0.46875,0.349206,TISSUENARRATOR,TISSUENARRATOR,Missing cell generation,Cell generation from spatial neighborhood,3,6,False,0,5
full_2026-07-06__rec_000063,route_af4b51cff9c9,route_dbc6b7ab297a,0.603439,False,False,True,lifecycle_phase;fusion_topology,1.0,1.0,1.0,1.0,0.0,0.0,1.0,0.342105,0.192771,0.0,0.455285,0.474576,0.547264,TISSUENARRATOR,TISSUENARRATOR,Missing cell generation,Neighborhood perturbation generation,1,6,False,0,4
full_2026-07-06__rec_000063,route_fb903d45d1ca,route_5a170efb9d64,0.783028,True,True,True,,1.0,1.0,1.0,1.0,1.0,1.0,1.0,0.372093,0.516129,0.5,0.463768,0.438356,0.272727,TISSUENARRATOR,TISSUENARRATOR,Conditional cell generation from neighbors,Genetic perturbation generation,2,4,False,4,4
full_2026-07-06__rec_000063,route_fb903d45d1ca,route_a5e96dd9a19b,0.824534,True,True,True,,1.0,1.0,1.0,1.0,1.0,1.0,1.0,0.533333,0.516129,0.59596,0.6,0.698795,0.293103,TISSUENARRATOR,TISSUENARRATOR,Conditional cell generation from neighbors,Cell generation from spatial neighborhood,1,3,False,4,5
full_2026-07-06__rec_000063,route_fb903d45d1ca,route_dbc6b7ab297a,0.773463,True,True,True,,1.0,1.0,1.0,1.0,1.0,1.0,1.0,0.424242,0.516129,0.555556,0.189189,0.435897,0.125,TISSUENARRATOR,TISSUENARRATOR,Conditional cell generation from neighbors,Neighborhood perturbation generation,3,4,False,4,4
full_2026-07-06__rec_000063,route_fb903d45d1ca,route_de59b0fceddc,0.683211,True,False,True,lifecycle_phase,1.0,1.0,1.0,1.0,0.0,1.0,1.0,0.25,0.492308,0.513089,0.40678,0.4,0.012346,TISSUENARRATOR,TISSUENARRATOR,Conditional cell generation from neighbors,Spatial sentence fine-tuning,4,3,False,4,3
full_2026-07-06__rec_000086,route_118ba39eeeec,route_18a49a03ed5f,0.471988,False,False,False,source_modality;lifecycle_phase;fusion_topology;text_role,0.7,1.0,1.0,0.0,0.0,0.0,0.0,1.0,0.2,0.0,0.285714,0.333333,0.067568,PROCYON-SPLIT,ProCyon,protein sequence to protein retrieval,GO Function,4,3,False,2,0
full_2026-07-06__rec_000086,route_118ba39eeeec,route_67d60756e8b4,0.472386,False,False,False,source_modality;lifecycle_phase;fusion_topology;text_role,0.7,1.0,1.0,0.0,0.0,0.0,0.0,1.0,0.2,0.0,0.3125,0.269231,0.092105,PROCYON-SPLIT,ProCyon,protein sequence to protein retrieval,Drugbank Target,3,2,False,2,0
full_2026-07-06__rec_000086,route_118ba39eeeec,route_7d3bbc8ca354,0.466834,False,False,False,source_modality;lifecycle_phase;fusion_topology;text_role,0.7,1.0,1.0,0.0,0.0,0.0,0.0,1.0,0.2,0.0,0.27027,0.175439,0.076433,PROCYON-SPLIT,ProCyon,protein sequence to protein retrieval,Drugbank Transporter,5,2,False,2,0
full_2026-07-06__rec_000086,route_118ba39eeeec,route_ba110b719918,0.456422,False,False,False,source_modality;lifecycle_phase;fusion_topology;text_role,0.7,1.0,1.0,0.0,0.0,0.0,0.0,1.0,0.2,0.0,0.095238,0.146341,0.056738,PROCYON-SPLIT,ProCyon,protein sequence to protein retrieval,GtoP,6,1,False,2,0
full_2026-07-06__rec_000086,route_118ba39eeeec,route_c4afa80469f5,0.709415,True,False,True,lifecycle_phase;fusion_topology,1.0,1.0,1.0,1.0,0.0,0.0,1.0,1.0,0.487805,0.248062,0.324324,0.432432,0.46789,PROCYON-SPLIT,PROCYON-SPLIT,protein sequence to protein retrieval,Phenotype generation protein sequence,2,3,False,2,3
full_2026-07-06__rec_000086,route_118ba39eeeec,route_de75413d9ba2,0.87337,True,False,True,lifecycle_phase,1.0,1.0,1.0,1.0,0.0,1.0,1.0,1.0,0.488889,0.809249,1.0,0.75,1.0,PROCYON-SPLIT,PROCYON-SPLIT,protein sequence to protein retrieval,Protein retrieval protein sequence,1,1,True,2,3
full_2026-07-06__rec_000086,route_2e5d29127a19,route_3e07d92b7f4a,0.608553,False,True,False,fusion_topology,0.7,1.0,1.0,1.0,1.0,0.0,1.0,0.318182,0.133333,0.0,0.291667,0.447059,0.301075,PROCYON-SPLIT,PROCYON,phenotype description text to question answering,Protein interaction prediction prompt,3,5,False,1,1
full_2026-07-06__rec_000086,route_2e5d29127a19,route_440ad7fad63b,0.600287,False,False,True,lifecycle_phase;fusion_topology,1.0,1.0,1.0,1.0,0.0,0.0,1.0,0.318182,0.133333,0.277778,0.4,0.358974,0.313953,PROCYON-SPLIT,PROCYON-SPLIT,phenotype description text to question answering,Protein retrieval query prompt,6,3,False,1,2
full_2026-07-06__rec_000086,route_2e5d29127a19,route_4b1ea824da6c,0.631176,False,False,True,lifecycle_phase,1.0,1.0,1.0,1.0,0.0,1.0,1.0,0.3,0.152174,0.24,0.016064,0.238806,0.243902,PROCYON-SPLIT,PROCYON-SPLIT,phenotype description text to question answering,Diagnostic Features,2,1,False,1,0
full_2026-07-06__rec_000086,route_2e5d29127a19,route_caa6f466af38,0.71057,True,False,True,lifecycle_phase,1.0,1.0,1.0,1.0,0.0,1.0,1.0,0.25,0.4,0.459459,0.263158,0.575,1.0,PROCYON-SPLIT,PROCYON-SPLIT,phenotype description text to question answering,Phenotype generation text prompt,1,2,False,1,2
full_2026-07-06__rec_000086,route_2f24a4c30a89,route_205dede67b6c,0.546843,False,False,True,source_modality;lifecycle_phase;text_role,1.0,1.0,1.0,0.0,0.0,1.0,0.0,0.2,0.25,1.0,0.156863,0.25,0.25,PROCYON,ProCyon,Drugbank Target,Zero-shot,3,5,False,0,2
full_2026-07-06__rec_000086,route_2f24a4c30a89,route_23a47183c915,0.55851,False,False,True,source_modality;lifecycle_phase;text_role,1.0,1.0,1.0,0.0,0.0,1.0,0.0,0.2,0.333333,1.0,0.156863,0.333333,0.333333,PROCYON,ProCyon,Drugbank Target,Many-shot,2,5,False,0,1
full_2026-07-06__rec_000086,route_2f24a4c30a89,route_6ea7a3e5f9c4,0.542961,False,False,True,carrier_subtype;source_modality;text_role,1.0,1.0,0.0,0.0,1.0,1.0,0.0,0.347826,0.16,1.0,0.113475,0.347826,0.347826,PROCYON,PROCYON,Drugbank Target,DisGeNET,4,3,False,0,0
full_2026-07-06__rec_000086,route_2f24a4c30a89,route_7b76d04a0605,0.511419,False,False,True,carrier_subtype;source_modality;text_role,1.0,1.0,0.0,0.0,1.0,1.0,0.0,0.181818,0.16,1.0,0.113475,0.181818,0.181818,PROCYON,PROCYON,Drugbank Target,UniProt,7,3,False,0,0
full_2026-07-06__rec_000086,route_2f24a4c30a89,route_d5fcb8c41818,0.639619,False,False,True,lifecycle_phase;text_role,1.0,1.0,1.0,1.0,0.0,1.0,0.0,0.181818,0.258065,1.0,0.258065,0.258065,0.227273,PROCYON,ProCyon,Drugbank Target,Precise function,1,1,False,0,0
full_2026-07-06__rec_000086,route_3b2872d01e6b,route_4c1c9b303c55,0.561878,False,False,False,source_modality;lifecycle_phase;text_role,0.7,1.0,1.0,0.0,0.0,1.0,0.0,0.833333,0.426966,0.482759,0.184615,0.294118,0.228571,PROCYON,PROCYON-SPLIT,bupropion structure to indication-specific drug target retrieval,Phenotype generation protein structure,1,5,False,0,3
full_2026-07-06__rec_000086,route_4d2339b221f1,route_1372c917a03e,0.623071,False,False,True,lifecycle_phase;text_role,1.0,1.0,1.0,1.0,0.0,1.0,0.0,0.171429,0.142857,1.0,0.25,0.142857,0.142857,PROCYON,ProCyon,Drugbank Transporter,Few-shot,2,3,False,0,1
full_2026-07-06__rec_000086,route_4d2339b221f1,route_151e451d06e7,0.589702,False,False,True,lifecycle_phase;fusion_topology;text_role,1.0,1.0,1.0,1.0,0.0,0.0,0.0,0.30303,0.277778,1.0,0.15873,0.352941,0.134228,PROCYON,ProCyon,Drugbank Transporter,Four functions,6,3,False,0,0
full_2026-07-06__rec_000086,route_4d2339b221f1,route_205dede67b6c,0.622382,False,False,True,lifecycle_phase;text_role,1.0,1.0,1.0,1.0,0.0,1.0,0.0,0.171429,0.137931,1.0,0.25,0.137931,0.137931,PROCYON,ProCyon,Drugbank Transporter,Zero-shot,3,3,False,0,2
full_2026-07-06__rec_000086,route_4d2339b221f1,route_23a47183c915,0.641692,False,False,True,lifecycle_phase;text_role,1.0,1.0,1.0,1.0,0.0,1.0,0.0,0.171429,0.275862,1.0,0.25,0.275862,0.275862,PROCYON,ProCyon,Drugbank Transporter,Many-shot,1,3,False,0,1
full_2026-07-06__rec_000086,route_4d2339b221f1,route_78cbb264c279,0.577127,False,True,True,fusion_topology;text_role,1.0,1.0,1.0,1.0,1.0,0.0,0.0,0.228571,0.23301,0.0,0.205128,0.228571,0.156863,PROCYON,PROCYON,Drugbank Transporter,protein domains,7,2,False,0,0
full_2026-07-06__rec_000086,route_4d2339b221f1,route_9a2e2f038920,0.550398,False,False,True,source_modality;text_role,1.0,1.0,1.0,0.0,1.0,1.0,0.0,0.238095,0.23301,0.0,0.222222,0.285714,0.145833,PROCYON,PROCYON,Drugbank Transporter,PROCYON-INSTRUCT instruction example,11,3,False,0,0
full_2026-07-06__rec_000086,route_4d2339b221f1,route_a141e53f4d01,0.509088,False,False,True,source_modality;lifecycle_phase;fusion_topology;text_role,1.0,1.0,1.0,0.0,0.0,0.0,0.0,0.258065,0.238806,1.0,0.421053,0.421053,0.192982,PROCYON,ProCyon,Drugbank Transporter,Question answering,16,2,False,0,0
full_2026-07-06__rec_000086,route_4d2339b221f1,route_e03e955f25bb,0.589905,False,True,True,fusion_topology;text_role,1.0,1.0,1.0,1.0,1.0,0.0,0.0,0.35,0.23301,0.0,0.205128,0.258065,0.089888,PROCYON,PROCYON,Drugbank Transporter,interaction,5,2,False,0,1
full_2026-07-06__rec_000086,route_4d2339b221f1,route_f42fa0ac09e5,0.596286,False,True,True,fusion_topology;text_role,1.0,1.0,1.0,1.0,1.0,0.0,0.0,0.355556,0.23301,0.0,0.205128,0.25,0.238806,PROCYON,PROCYON,Drugbank Transporter,therapeutics,4,2,False,0,0
full_2026-07-06__rec_000086,route_53b657124efa,route_18a49a03ed5f,0.47481,False,False,False,source_modality;lifecycle_phase;fusion_topology;text_role,0.7,1.0,1.0,0.0,0.0,0.0,0.0,1.0,0.16,0.0,0.344828,0.367347,0.108696,PROCYON-SPLIT,ProCyon,protein sequence to question answering,GO Function,3,1,False,2,0
full_2026-07-06__rec_000086,route_53b657124efa,route_67d60756e8b4,0.469447,False,False,False,source_modality;lifecycle_phase;fusion_topology;text_role,0.7,1.0,1.0,0.0,0.0,0.0,0.0,1.0,0.16,0.0,0.242424,0.226415,0.208333,PROCYON-SPLIT,ProCyon,protein sequence to question answering,Drugbank Target,5,3,False,2,0
full_2026-07-06__rec_000086,route_53b657124efa,route_7d3bbc8ca354,0.474684,False,False,False,source_modality;lifecycle_phase;fusion_topology;text_role,0.7,1.0,1.0,0.0,0.0,0.0,0.0,1.0,0.16,0.0,0.368421,0.310345,0.118812,PROCYON-SPLIT,ProCyon,protein sequence to question answering,Drugbank Transporter,4,1,False,2,0
full_2026-07-06__rec_000086,route_53b657124efa,route_ba110b719918,0.45603,False,False,False,source_modality;lifecycle_phase;fusion_topology;text_role,0.7,1.0,1.0,0.0,0.0,0.0,0.0,1.0,0.16,0.0,0.181818,0.095238,0.047059,PROCYON-SPLIT,ProCyon,protein sequence to question answering,GtoP,6,2,False,2,0
full_2026-07-06__rec_000086,route_53b657124efa,route_c4afa80469f5,0.78957,True,False,True,lifecycle_phase,1.0,1.0,1.0,1.0,0.0,1.0,1.0,1.0,0.441558,0.324324,0.263158,0.426667,1.0,PROCYON-SPLIT,PROCYON-SPLIT,protein sequence to question answering,Phenotype generation protein sequence,1,2,False,2,3
full_2026-07-06__rec_000086,route_53b657124efa,route_de75413d9ba2,0.711866,True,False,True,lifecycle_phase;fusion_topology,1.0,1.0,1.0,1.0,0.0,0.0,1.0,1.0,0.352941,0.322034,0.4,0.444444,0.53211,PROCYON-SPLIT,PROCYON-SPLIT,protein sequence to question answering,Protein retrieval protein sequence,2,2,False,2,3
full_2026-07-06__rec_000086,route_97aac4c25707,route_1372c917a03e,0.644425,False,False,True,lifecycle_phase;text_role,1.0,1.0,1.0,1.0,0.0,1.0,0.0,0.4,0.111111,1.0,0.217391,0.111111,0.111111,PROCYON,ProCyon,GO Process,Few-shot,2,2,False,1,1
full_2026-07-06__rec_000086,route_97aac4c25707,route_151e451d06e7,0.608936,False,False,True,lifecycle_phase;fusion_topology;text_role,1.0,1.0,1.0,1.0,0.0,0.0,0.0,0.347826,0.384615,1.0,0.301887,0.333333,0.129496,PROCYON,ProCyon,GO Process,Four functions,4,1,False,1,0
full_2026-07-06__rec_000086,route_97aac4c25707,route_17d54e15b5c5,0.527507,False,False,True,carrier_subtype;source_modality;text_role,1.0,1.0,0.0,0.0,1.0,1.0,0.0,0.222222,0.266667,1.0,0.132353,0.222222,0.222222,PROCYON,PROCYON,GO Process,Enzyme Commission,14,3,False,1,0
full_2026-07-06__rec_000086,route_97aac4c25707,route_205dede67b6c,0.67308,True,False,True,lifecycle_phase;text_role,1.0,1.0,1.0,1.0,0.0,1.0,0.0,0.4,0.315789,1.0,0.217391,0.315789,0.315789,PROCYON,ProCyon,GO Process,Zero-shot,1,1,True,1,2
full_2026-07-06__rec_000086,route_97aac4c25707,route_23a47183c915,0.643606,False,False,True,lifecycle_phase;text_role,1.0,1.0,1.0,1.0,0.0,1.0,0.0,0.4,0.105263,1.0,0.217391,0.105263,0.105263,PROCYON,ProCyon,GO Process,Many-shot,3,2,False,1,1
full_2026-07-06__rec_000086,route_97aac4c25707,route_78cbb264c279,0.597047,False,True,True,fusion_topology;text_role,1.0,1.0,1.0,1.0,1.0,0.0,0.0,0.4,0.193548,0.0,0.130841,0.4,0.173913,PROCYON,PROCYON,GO Process,protein domains,5,1,False,1,0
full_2026-07-06__rec_000086,route_97aac4c25707,route_7b76d04a0605,0.552343,False,False,True,carrier_subtype;source_modality;text_role,1.0,1.0,0.0,0.0,1.0,1.0,0.0,0.352941,0.266667,1.0,0.132353,0.352941,0.352941,PROCYON,PROCYON,GO Process,UniProt,10,2,False,1,0
full_2026-07-06__rec_000086,route_97aac4c25707,route_935a12c569e2,0.512427,False,False,True,carrier_subtype;source_modality;text_role,1.0,1.0,0.0,0.0,1.0,1.0,0.0,0.142857,0.266667,1.0,0.132353,0.142857,0.142857,PROCYON,PROCYON,GO Process,OMIM,16,3,False,1,0
full_2026-07-06__rec_000086,route_97aac4c25707,route_e03e955f25bb,0.580036,False,True,True,fusion_topology;text_role,1.0,1.0,1.0,1.0,1.0,0.0,0.0,0.333333,0.193548,0.0,0.130841,0.095238,0.177215,PROCYON,PROCYON,GO Process,interaction,7,3,False,1,1
full_2026-07-06__rec_000086,route_97aac4c25707,route_f42fa0ac09e5,0.590643,False,True,True,fusion_topology;text_role,1.0,1.0,1.0,1.0,1.0,0.0,0.0,0.342857,0.193548,0.0,0.130841,0.272727,0.280702,PROCYON,PROCYON,GO Process,therapeutics,6,3,False,1,0
full_2026-07-06__rec_000086,route_9f0216309247,route_4c1c9b303c55,0.573358,False,False,False,source_modality;lifecycle_phase,0.7,1.0,1.0,0.0,0.0,1.0,1.0,0.628571,0.309524,0.424242,0.166667,0.269663,0.228571,PROCYON,PROCYON-SPLIT,miglitol structure to drug-binding domain retrieval,Phenotype generation protein structure,1,4,False,0,3
full_2026-07-06__rec_000086,route_aa2dfc1201dd,route_4c1c9b303c55,0.788837,True,False,True,lifecycle_phase,1.0,1.0,1.0,1.0,0.0,1.0,1.0,1.0,0.455696,0.293333,0.263158,0.441558,1.0,PROCYON-SPLIT,PROCYON-SPLIT,protein structure to question answering,Phenotype generation protein structure,1,2,False,1,3
full_2026-07-06__rec_000086,route_af667f84cbef,route_18a49a03ed5f,0.473265,False,False,False,source_modality;lifecycle_phase;fusion_topology;text_role,0.7,1.0,1.0,0.0,0.0,0.0,0.0,1.0,0.16,0.0,0.322581,0.352941,0.108696,PROCYON-SPLIT,ProCyon,protein sequence to phenotype generation,GO Function,3,2,False,2,0
full_2026-07-06__rec_000086,route_af667f84cbef,route_67d60756e8b4,0.472455,False,False,False,source_modality;lifecycle_phase;fusion_topology;text_role,0.7,1.0,1.0,0.0,0.0,0.0,0.0,1.0,0.16,0.0,0.285714,0.254545,0.208333,PROCYON-SPLIT,ProCyon,protein sequence to phenotype generation,Drugbank Target,4,1,False,2,0
full_2026-07-06__rec_000086,route_af667f84cbef,route_7d3bbc8ca354,0.464452,False,False,False,source_modality;lifecycle_phase;fusion_topology;text_role,0.7,1.0,1.0,0.0,0.0,0.0,0.0,1.0,0.16,0.0,0.25,0.166667,0.118812,PROCYON-SPLIT,ProCyon,protein sequence to phenotype generation,Drugbank Transporter,5,3,False,2,0
full_2026-07-06__rec_000086,route_af667f84cbef,route_ba110b719918,0.45234,False,False,False,source_modality;lifecycle_phase;fusion_topology;text_role,0.7,1.0,1.0,0.0,0.0,0.0,0.0,1.0,0.16,0.0,0.083333,0.136364,0.047059,PROCYON-SPLIT,ProCyon,protein sequence to phenotype generation,GtoP,6,3,False,2,0
full_2026-07-06__rec_000086,route_af667f84cbef,route_c4afa80469f5,0.840755,True,False,True,lifecycle_phase,1.0,1.0,1.0,1.0,0.0,1.0,1.0,1.0,0.441558,0.369231,1.0,0.8,1.0,PROCYON-SPLIT,PROCYON-SPLIT,protein sequence to phenotype generation,Phenotype generation protein sequence,1,1,True,2,3
full_2026-07-06__rec_000086,route_af667f84cbef,route_de75413d9ba2,0.709851,True,False,True,lifecycle_phase;fusion_topology,1.0,1.0,1.0,1.0,0.0,0.0,1.0,1.0,0.352941,0.275229,0.432432,0.432432,0.53211,PROCYON-SPLIT,PROCYON-SPLIT,protein sequence to phenotype generation,Protein retrieval protein sequence,2,3,False,2,3
full_2026-07-06__rec_000086,route_b73e4f55ab11,route_4c1c9b303c55,0.652142,True,False,True,source_modality;lifecycle_phase,1.0,1.0,1.0,0.0,0.0,1.0,1.0,0.585366,0.302326,0.388889,1.0,0.45977,0.242991,PROCYON-SPLIT,PROCYON-SPLIT,small molecular structure to phenotype generation,Phenotype generation protein structure,1,3,False,1,3
full_2026-07-06__rec_000086,route_b8281529f5e5,route_4c1c9b303c55,0.839232,True,False,True,lifecycle_phase,1.0,1.0,1.0,1.0,0.0,1.0,1.0,1.0,0.455696,0.333333,1.0,0.8,1.0,PROCYON-SPLIT,PROCYON-SPLIT,protein structure to phenotype generation,Phenotype generation protein structure,1,1,True,1,3
full_2026-07-06__rec_000086,route_c2fa4dc43561,route_1372c917a03e,0.613465,False,False,True,lifecycle_phase;text_role,1.0,1.0,1.0,1.0,0.0,1.0,0.0,0.105263,0.166667,1.0,0.15,0.166667,0.166667,PROCYON,ProCyon,GtoP,Few-shot,1,4,False,0,1
full_2026-07-06__rec_000086,route_c2fa4dc43561,route_205dede67b6c,0.61167,False,False,True,lifecycle_phase;text_role,1.0,1.0,1.0,1.0,0.0,1.0,0.0,0.105263,0.153846,1.0,0.15,0.153846,0.153846,PROCYON,ProCyon,GtoP,Zero-shot,2,4,False,0,2
full_2026-07-06__rec_000086,route_c2fa4dc43561,route_23a47183c915,0.61167,False,False,True,lifecycle_phase;text_role,1.0,1.0,1.0,1.0,0.0,1.0,0.0,0.105263,0.153846,1.0,0.15,0.153846,0.153846,PROCYON,ProCyon,GtoP,Many-shot,3,4,False,0,1
full_2026-07-06__rec_000086,route_c2fa4dc43561,route_935a12c569e2,0.519808,False,False,True,carrier_subtype;source_modality;text_role,1.0,1.0,0.0,0.0,1.0,1.0,0.0,0.25,0.153846,1.0,0.030769,0.25,0.25,PROCYON,PROCYON,GtoP,OMIM,11,2,False,0,0
full_2026-07-06__rec_000086,route_cb8365af8d56,route_35c4dd0a1c2f,0.72654,True,True,False,,0.7,1.0,1.0,1.0,1.0,1.0,1.0,0.512821,0.361702,0.0,0.641509,0.575,0.233918,PROCYON-SPLIT,PROCYON,phenotype prompt to protein retrieval,Disease associated protein retrieval prompt,4,1,False,4,2
full_2026-07-06__rec_000086,route_cb8365af8d56,route_3e07d92b7f4a,0.71588,False,True,False,,0.7,1.0,1.0,1.0,1.0,1.0,1.0,0.512821,0.361702,0.0,0.510638,0.324324,0.319018,PROCYON-SPLIT,PROCYON,phenotype prompt to protein retrieval,Protein interaction prediction prompt,5,1,False,4,1
full_2026-07-06__rec_000086,route_cb8365af8d56,route_440ad7fad63b,0.800606,True,False,True,lifecycle_phase,1.0,1.0,1.0,1.0,0.0,1.0,1.0,0.512821,0.361702,0.836066,1.0,0.507463,1.0,PROCYON-SPLIT,PROCYON-SPLIT,phenotype prompt to protein retrieval,Protein retrieval query prompt,1,1,True,4,2
full_2026-07-06__rec_000086,route_cb8365af8d56,route_5d20ca16ef9b,0.729822,True,True,False,,0.7,1.0,1.0,1.0,1.0,1.0,1.0,0.512821,0.361702,0.0,0.723404,0.567568,0.219178,PROCYON-SPLIT,PROCYON,phenotype prompt to protein retrieval,Domain based protein retrieval prompt,3,1,False,4,3
full_2026-07-06__rec_000086,route_cb8365af8d56,route_9d3af98fe18f,0.732636,True,True,False,,0.7,1.0,1.0,1.0,1.0,1.0,1.0,0.512821,0.361702,0.0,0.790698,0.5,0.256098,PROCYON-SPLIT,PROCYON,phenotype prompt to protein retrieval,Protein function retrieval prompt,2,1,False,4,3
full_2026-07-06__rec_000086,route_cb8365af8d56,route_caa6f466af38,0.638235,False,False,True,lifecycle_phase;fusion_topology,1.0,1.0,1.0,1.0,0.0,0.0,1.0,0.592593,0.27027,0.181818,0.324324,0.463768,0.383721,PROCYON-SPLIT,PROCYON-SPLIT,phenotype prompt to protein retrieval,Phenotype generation text prompt,6,3,False,4,2
full_2026-07-06__rec_000086,route_ecfcba054763,route_010f2669b2a2,0.494809,False,False,True,source_modality;lifecycle_phase;fusion_topology,1.0,1.0,1.0,0.0,0.0,0.0,1.0,0.472727,0.297872,0.0,0.30303,0.053333,0.011976,PROCYON,ProCyon,indication description text to indication-specific drug target retrieval,GDA,19,1,False,3,0
full_2026-07-06__rec_000086,route_ecfcba054763,route_0b1b43567b95,0.49194,False,False,True,source_modality;lifecycle_phase;fusion_topology,1.0,1.0,1.0,0.0,0.0,0.0,1.0,0.36,0.216216,0.0,0.478873,0.159091,0.122222,PROCYON,ProCyon,indication description text to indication-specific drug target retrieval,Protein function,20,3,False,3,0
full_2026-07-06__rec_000086,route_ecfcba054763,route_3d1f794c8397,0.496512,False,False,True,source_modality;lifecycle_phase;fusion_topology,1.0,1.0,1.0,0.0,0.0,0.0,1.0,0.4,0.297872,0.0,0.30303,0.269663,0.110497,PROCYON,ProCyon,indication description text to indication-specific drug target retrieval,STRING Textmining,17,2,False,3,0
full_2026-07-06__rec_000086,route_ecfcba054763,route_3e07d92b7f4a,0.646093,True,True,True,fusion_topology,1.0,1.0,1.0,1.0,1.0,0.0,1.0,0.266667,0.24,0.0,0.426667,0.311927,0.165049,PROCYON,PROCYON,indication description text to indication-specific drug target retrieval,Protein interaction prediction prompt,2,3,False,3,1
full_2026-07-06__rec_000086,route_ecfcba054763,route_4b1ea824da6c,0.606704,False,False,False,lifecycle_phase,0.7,1.0,1.0,1.0,0.0,1.0,1.0,0.341463,0.130435,0.388889,0.032258,0.21978,0.254237,PROCYON,PROCYON-SPLIT,indication description text to indication-specific drug target retrieval,Diagnostic Features,7,3,False,3,0
full_2026-07-06__rec_000086,route_ecfcba054763,route_51fc1b08e24b,0.488818,False,False,True,source_modality;lifecycle_phase;fusion_topology,1.0,1.0,1.0,0.0,0.0,0.0,1.0,0.387097,0.297872,0.0,0.30303,0.153846,0.043716,PROCYON,ProCyon,indication description text to indication-specific drug target retrieval,STRING Experimental,21,2,False,3,0
full_2026-07-06__rec_000086,route_ecfcba054763,route_5586550693cf,0.588648,False,False,True,lifecycle_phase;text_role,1.0,1.0,1.0,1.0,0.0,1.0,0.0,0.25,0.380952,0.0,0.4,0.146341,0.189781,PROCYON,ProCyon,indication description text to indication-specific drug target retrieval,Literature,9,1,False,3,0
full_2026-07-06__rec_000086,route_ecfcba054763,route_5d20ca16ef9b,0.643364,True,True,True,fusion_topology,1.0,1.0,1.0,1.0,1.0,0.0,1.0,0.266667,0.24,0.0,0.4,0.330275,0.116402,PROCYON,PROCYON,indication description text to indication-specific drug target retrieval,Domain based protein retrieval prompt,3,3,False,3,3
full_2026-07-06__rec_000086,route_ecfcba054763,route_6b0e6e9a158c,0.622791,False,False,True,lifecycle_phase,1.0,1.0,1.0,1.0,0.0,1.0,1.0,0.275862,0.111111,0.0,0.387755,0.101266,0.237113,PROCYON,ProCyon,indication description text to indication-specific drug target retrieval,Disease,6,1,False,3,0
full_2026-07-06__rec_000086,route_ecfcba054763,route_9d3af98fe18f,0.646709,True,True,True,fusion_topology,1.0,1.0,1.0,1.0,1.0,0.0,1.0,0.266667,0.24,0.0,0.478873,0.32381,0.10628,PROCYON,PROCYON,indication description text to indication-specific drug target retrieval,Protein function retrieval prompt,1,3,True,3,3
full_2026-07-06__rec_000086,route_ecfcba054763,route_daf657937cea,0.627293,False,False,True,lifecycle_phase,1.0,1.0,1.0,1.0,0.0,1.0,1.0,0.225806,0.27451,0.0,0.387755,0.125,0.196078,PROCYON,ProCyon,indication description text to indication-specific drug target retrieval,Associated Features supporting Diagnosis,5,1,False,3,0
full_2026-07-06__rec_000086,route_f3764e1b6ce2,route_010f2669b2a2,0.493675,False,False,True,source_modality;lifecycle_phase;fusion_topology,1.0,1.0,1.0,0.0,0.0,0.0,1.0,0.46875,0.297872,0.0,0.23622,0.072727,0.064516,PROCYON,ProCyon,drug mechanism text to drug-binding domain retrieval,GDA,20,2,False,3,0
full_2026-07-06__rec_000086,route_f3764e1b6ce2,route_0b1b43567b95,0.507095,False,False,True,source_modality;lifecycle_phase;fusion_topology,1.0,1.0,1.0,0.0,0.0,0.0,1.0,0.474576,0.216216,0.0,0.30303,0.235294,0.32,PROCYON,ProCyon,drug mechanism text to drug-binding domain retrieval,Protein function,16,2,False,3,0
full_2026-07-06__rec_000086,route_f3764e1b6ce2,route_35c4dd0a1c2f,0.640023,True,True,True,fusion_topology,1.0,1.0,1.0,1.0,1.0,0.0,1.0,0.185185,0.24,0.0,0.315789,0.4,0.330275,PROCYON,PROCYON,drug mechanism text to drug-binding domain retrieval,Disease associated protein retrieval prompt,3,3,False,3,2
full_2026-07-06__rec_000086,route_f3764e1b6ce2,route_3d1f794c8397,0.500214,False,False,True,source_modality;lifecycle_phase;fusion_topology,1.0,1.0,1.0,0.0,0.0,0.0,1.0,0.405797,0.297872,0.0,0.23622,0.347826,0.210526,PROCYON,ProCyon,drug mechanism text to drug-binding domain retrieval,STRING Textmining,18,1,False,3,0
full_2026-07-06__rec_000086,route_f3764e1b6ce2,route_51fc1b08e24b,0.49441,False,False,True,source_modality;lifecycle_phase;fusion_topology,1.0,1.0,1.0,0.0,0.0,0.0,1.0,0.394366,0.297872,0.0,0.23622,0.309859,0.128205,PROCYON,ProCyon,drug mechanism text to drug-binding domain retrieval,STRING Experimental,19,1,False,3,0
full_2026-07-06__rec_000086,route_f3764e1b6ce2,route_5586550693cf,0.58497,False,False,True,lifecycle_phase;text_role,1.0,1.0,1.0,1.0,0.0,1.0,0.0,0.195122,0.380952,0.0,0.306667,0.225806,0.319527,PROCYON,ProCyon,drug mechanism text to drug-binding domain retrieval,Literature,8,2,False,3,0
full_2026-07-06__rec_000086,route_f3764e1b6ce2,route_5d20ca16ef9b,0.643142,True,True,True,fusion_topology,1.0,1.0,1.0,1.0,1.0,0.0,1.0,0.185185,0.24,0.0,0.457143,0.359551,0.261905,PROCYON,PROCYON,drug mechanism text to drug-binding domain retrieval,Domain based protein retrieval prompt,1,4,True,3,3
full_2026-07-06__rec_000086,route_f3764e1b6ce2,route_6b0e6e9a158c,0.611933,False,False,True,lifecycle_phase,1.0,1.0,1.0,1.0,0.0,1.0,1.0,0.210526,0.111111,0.0,0.258065,0.20339,0.247191,PROCYON,ProCyon,drug mechanism text to drug-binding domain retrieval,Disease,6,2,False,3,0
full_2026-07-06__rec_000086,route_f3764e1b6ce2,route_9d3af98fe18f,0.640997,True,True,True,fusion_topology,1.0,1.0,1.0,1.0,1.0,0.0,1.0,0.185185,0.24,0.0,0.30303,0.423529,0.352941,PROCYON,PROCYON,drug mechanism text to drug-binding domain retrieval,Protein function retrieval prompt,2,4,False,3,3
full_2026-07-06__rec_000086,route_f3764e1b6ce2,route_daf657937cea,0.615423,False,False,True,lifecycle_phase,1.0,1.0,1.0,1.0,0.0,1.0,1.0,0.140845,0.27451,0.0,0.258065,0.304348,0.181818,PROCYON,ProCyon,drug mechanism text to drug-binding domain retrieval,Associated Features supporting Diagnosis,5,2,False,3,0
full_2026-07-06__rec_000086,route_f917f5551788,route_35c4dd0a1c2f,0.683708,False,True,False,fusion_topology,0.7,1.0,1.0,1.0,1.0,0.0,1.0,1.0,0.133333,0.0,0.285714,0.266667,0.277228,PROCYON-SPLIT,PROCYON,natural language prompt to phenotype generation,Disease associated protein retrieval prompt,5,2,False,2,2
full_2026-07-06__rec_000086,route_f917f5551788,route_3e07d92b7f4a,0.697662,False,True,False,fusion_topology,0.7,1.0,1.0,1.0,1.0,0.0,1.0,1.0,0.133333,0.0,0.52,0.309524,0.301075,PROCYON-SPLIT,PROCYON,natural language prompt to phenotype generation,Protein interaction prediction prompt,2,2,False,2,1
full_2026-07-06__rec_000086,route_f917f5551788,route_440ad7fad63b,0.684999,True,False,True,lifecycle_phase;fusion_topology,1.0,1.0,1.0,1.0,0.0,0.0,1.0,1.0,0.133333,0.282828,0.432432,0.38961,0.313953,PROCYON-SPLIT,PROCYON-SPLIT,natural language prompt to phenotype generation,Protein retrieval query prompt,4,2,False,2,2
full_2026-07-06__rec_000086,route_f917f5551788,route_4b1ea824da6c,0.630654,False,False,True,lifecycle_phase,1.0,1.0,1.0,1.0,0.0,1.0,1.0,0.285714,0.152174,0.275862,0.023904,0.181818,0.243902,PROCYON-SPLIT,PROCYON-SPLIT,natural language prompt to phenotype generation,Diagnostic Features,7,2,False,2,0
full_2026-07-06__rec_000086,route_f917f5551788,route_5586550693cf,0.545161,False,False,False,lifecycle_phase;text_role,0.7,1.0,1.0,1.0,0.0,1.0,0.0,0.30303,0.380952,0.0,0.138462,0.175439,0.223602,PROCYON-SPLIT,ProCyon,natural language prompt to phenotype generation,Literature,10,3,False,2,0
full_2026-07-06__rec_000086,route_f917f5551788,route_5d20ca16ef9b,0.681935,False,True,False,fusion_topology,0.7,1.0,1.0,1.0,1.0,0.0,1.0,1.0,0.133333,0.0,0.32,0.309524,0.157895,PROCYON-SPLIT,PROCYON,natural language prompt to phenotype generation,Domain based protein retrieval prompt,6,2,False,2,3
full_2026-07-06__rec_000086,route_f917f5551788,route_6b0e6e9a158c,0.575426,False,False,False,lifecycle_phase,0.7,1.0,1.0,1.0,0.0,1.0,1.0,0.133333,0.222222,0.0,0.356164,0.074074,0.320988,PROCYON-SPLIT,ProCyon,natural language prompt to phenotype generation,Disease,9,3,False,2,0
full_2026-07-06__rec_000086,route_f917f5551788,route_9d3af98fe18f,0.689583,False,True,False,fusion_topology,0.7,1.0,1.0,1.0,1.0,0.0,1.0,1.0,0.133333,0.0,0.434783,0.3,0.212766,PROCYON-SPLIT,PROCYON,natural language prompt to phenotype generation,Protein function retrieval prompt,3,2,False,2,3
full_2026-07-06__rec_000086,route_f917f5551788,route_caa6f466af38,0.783335,True,False,True,lifecycle_phase,1.0,1.0,1.0,1.0,0.0,1.0,1.0,0.529412,0.4,0.523077,1.0,0.506329,1.0,PROCYON-SPLIT,PROCYON-SPLIT,natural language prompt to phenotype generation,Phenotype generation text prompt,1,1,True,2,2
full_2026-07-06__rec_000086,route_f917f5551788,route_daf657937cea,0.601428,False,False,False,lifecycle_phase,0.7,1.0,1.0,1.0,0.0,1.0,1.0,0.31746,0.27451,0.0,0.356164,0.275862,0.175824,PROCYON-SPLIT,ProCyon,natural language prompt to phenotype generation,Associated Features supporting Diagnosis,8,3,False,2,0
full_2026-07-06__rec_000086,route_fc03548c6fd1,route_0b1b43567b95,0.508255,False,False,True,carrier_subtype;source_modality;lifecycle_phase;fusion_topology;text_role,1.0,1.0,0.0,0.0,0.0,0.0,0.0,0.512821,0.540541,1.0,0.540541,0.740741,0.740741,PROCYON,ProCyon,GO Function,Protein function,18,1,False,4,0
full_2026-07-06__rec_000086,route_fc03548c6fd1,route_1372c917a03e,0.653418,True,False,True,lifecycle_phase;text_role,1.0,1.0,1.0,1.0,0.0,1.0,0.0,0.307692,0.210526,1.0,0.340426,0.210526,0.210526,PROCYON,ProCyon,GO Function,Few-shot,2,1,False,4,1
full_2026-07-06__rec_000086,route_fc03548c6fd1,route_151e451d06e7,0.592243,False,False,True,lifecycle_phase;fusion_topology;text_role,1.0,1.0,1.0,1.0,0.0,0.0,0.0,0.25,0.222222,1.0,0.185185,0.8,0.085714,PROCYON,ProCyon,GO Function,Four functions,7,2,False,4,0
full_2026-07-06__rec_000086,route_fc03548c6fd1,route_17d54e15b5c5,0.545203,False,False,True,carrier_subtype;source_modality;text_role,1.0,1.0,0.0,0.0,1.0,1.0,0.0,0.285714,0.347826,1.0,0.131387,0.285714,0.285714,PROCYON,PROCYON,GO Function,Enzyme Commission,13,2,False,4,0
full_2026-07-06__rec_000086,route_fc03548c6fd1,route_205dede67b6c,0.665944,True,False,True,lifecycle_phase;text_role,1.0,1.0,1.0,1.0,0.0,1.0,0.0,0.307692,0.3,1.0,0.340426,0.3,0.3,PROCYON,ProCyon,GO Function,Zero-shot,1,2,False,4,2
full_2026-07-06__rec_000086,route_fc03548c6fd1,route_23a47183c915,0.651944,True,False,True,lifecycle_phase;text_role,1.0,1.0,1.0,1.0,0.0,1.0,0.0,0.307692,0.2,1.0,0.340426,0.2,0.2,PROCYON,ProCyon,GO Function,Many-shot,3,1,False,4,1
full_2026-07-06__rec_000086,route_fc03548c6fd1,route_6ea7a3e5f9c4,0.550917,False,False,True,carrier_subtype;source_modality;text_role,1.0,1.0,0.0,0.0,1.0,1.0,0.0,0.315789,0.347826,1.0,0.131387,0.315789,0.315789,PROCYON,PROCYON,GO Function,DisGeNET,12,2,False,4,0
full_2026-07-06__rec_000086,route_fc03548c6fd1,route_78cbb264c279,0.574326,False,True,True,fusion_topology;text_role,1.0,1.0,1.0,1.0,1.0,0.0,0.0,0.230769,0.170213,0.0,0.166667,0.230769,0.236559,PROCYON,PROCYON,GO Function,protein domains,8,3,False,4,0
full_2026-07-06__rec_000086,route_fc03548c6fd1,route_7b76d04a0605,0.554251,False,False,True,carrier_subtype;source_modality;text_role,1.0,1.0,0.0,0.0,1.0,1.0,0.0,0.333333,0.347826,1.0,0.131387,0.333333,0.333333,PROCYON,PROCYON,GO Function,UniProt,11,1,False,4,0
full_2026-07-06__rec_000086,route_fc03548c6fd1,route_935a12c569e2,0.541584,False,False,True,carrier_subtype;source_modality;text_role,1.0,1.0,0.0,0.0,1.0,1.0,0.0,0.266667,0.347826,1.0,0.131387,0.266667,0.266667,PROCYON,PROCYON,GO Function,OMIM,14,1,False,4,0
full_2026-07-06__rec_000086,route_fc03548c6fd1,route_9a2e2f038920,0.554376,False,False,True,source_modality;text_role,1.0,1.0,1.0,0.0,1.0,1.0,0.0,0.30303,0.170213,0.0,0.222222,0.382979,0.087432,PROCYON,PROCYON,GO Function,PROCYON-INSTRUCT instruction example,10,2,False,4,0
full_2026-07-06__rec_000086,route_fc03548c6fd1,route_a141e53f4d01,0.514508,False,False,True,source_modality;lifecycle_phase;fusion_topology;text_role,1.0,1.0,1.0,0.0,0.0,0.0,0.0,0.339623,0.275862,1.0,0.344828,0.344828,0.171429,PROCYON,ProCyon,GO Function,Question answering,16,1,False,4,0
full_2026-07-06__rec_000086,route_fc03548c6fd1,route_d5fcb8c41818,0.61619,False,False,True,source_modality;lifecycle_phase;text_role,1.0,1.0,1.0,0.0,0.0,1.0,0.0,0.222222,0.666667,1.0,0.666667,0.666667,0.238095,PROCYON,ProCyon,GO Function,Precise function,4,3,False,4,0
full_2026-07-06__rec_000086,route_fc03548c6fd1,route_e03e955f25bb,0.614547,True,True,True,fusion_topology;text_role,1.0,1.0,1.0,1.0,1.0,0.0,0.0,0.516129,0.170213,0.0,0.166667,0.545455,0.15,PROCYON,PROCYON,GO Function,interaction,5,1,True,4,1
full_2026-07-06__rec_000086,route_fc03548c6fd1,route_f42fa0ac09e5,0.597155,False,True,True,fusion_topology;text_role,1.0,1.0,1.0,1.0,1.0,0.0,0.0,0.388889,0.170213,0.0,0.166667,0.26087,0.310345,PROCYON,PROCYON,GO Function,therapeutics,6,1,False,4,0
full_2026-07-06__rec_000086,route_fc6e4f1c0080,route_17d54e15b5c5,0.557942,False,False,True,carrier_subtype;source_modality;text_role,1.0,1.0,0.0,0.0,1.0,1.0,0.0,0.375,0.28,1.0,0.141844,0.375,0.375,PROCYON,PROCYON,Drugbank Enzyme,Enzyme Commission,4,1,False,0,0
full_2026-07-06__rec_000086,route_fc6e4f1c0080,route_6ea7a3e5f9c4,0.569301,False,False,True,carrier_subtype;source_modality;text_role,1.0,1.0,0.0,0.0,1.0,1.0,0.0,0.434783,0.28,1.0,0.141844,0.434783,0.434783,PROCYON,PROCYON,Drugbank Enzyme,DisGeNET,2,1,False,0,0
full_2026-07-06__rec_000086,route_fc6e4f1c0080,route_9a2e2f038920,0.56314,False,False,True,source_modality;text_role,1.0,1.0,1.0,0.0,1.0,1.0,0.0,0.378378,0.163265,0.0,0.275862,0.27451,0.106952,PROCYON,PROCYON,Drugbank Enzyme,PROCYON-INSTRUCT instruction example,3,1,False,0,0
full_2026-07-06__rec_000086,route_fc6e4f1c0080,route_a141e53f4d01,0.506073,False,False,True,source_modality;lifecycle_phase;fusion_topology;text_role,1.0,1.0,1.0,0.0,0.0,0.0,0.0,0.315789,0.258065,1.0,0.30303,0.30303,0.146789,PROCYON,ProCyon,Drugbank Enzyme,Question answering,9,3,False,0,0
full_2026-07-06__rec_000086,route_fc6e4f1c0080,route_d5fcb8c41818,0.637801,False,False,True,lifecycle_phase;text_role,1.0,1.0,1.0,1.0,0.0,1.0,0.0,0.181818,0.258065,1.0,0.258065,0.258065,0.181818,PROCYON,ProCyon,Drugbank Enzyme,Precise function,1,2,False,0,0
full_2026-07-06__rec_000090,route_05780717ffb3,route_38607301656a,0.639272,False,False,True,source_modality,1.0,1.0,1.0,0.0,1.0,1.0,1.0,0.3,0.303571,0.222222,0.244898,0.3,0.380531,C2S-Scale,C2S-Scale,Downstream: spatial neighborhood prediction,cluster captioning,3,7,False,1,3
full_2026-07-06__rec_000090,route_05780717ffb3,route_6c6756ff33b1,0.642186,False,False,True,source_modality,1.0,1.0,1.0,0.0,1.0,1.0,1.0,0.4,0.404494,0.217054,0.204082,0.208333,0.10559,C2S-Scale,C2S-Scale,Downstream: spatial neighborhood prediction,single-cell question answering from raw cell sentences,2,6,False,1,3
full_2026-07-06__rec_000090,route_05780717ffb3,route_8b224797b192,0.690324,True,False,True,source_modality,1.0,1.0,1.0,0.0,1.0,1.0,1.0,0.380952,0.613333,0.251572,0.446043,0.626263,0.324397,C2S-Scale,C2S-Scale,Downstream: spatial neighborhood prediction,spatial neighborhood prediction and related spatial tasks,1,5,False,1,9
full_2026-07-06__rec_000090,route_1b7ceea1e9c9,route_26c7508ccc65,0.666721,True,False,True,source_modality,1.0,1.0,1.0,0.0,1.0,1.0,1.0,0.304348,0.779661,0.261438,0.253165,0.25,0.179104,C2S-Scale,C2S-Scale,Perturbation effect prediction (L1000),gene interaction-augmented spatial reasoning,2,3,False,4,3
full_2026-07-06__rec_000090,route_1b7ceea1e9c9,route_4890ce7d64b4,0.658272,True,False,True,source_modality,1.0,1.0,1.0,0.0,1.0,1.0,1.0,0.321429,0.542857,0.25641,0.285714,0.405063,0.182857,C2S-Scale,C2S-Scale,Perturbation effect prediction (L1000),cell type annotation (downstream fine-tuning),4,3,False,4,6
full_2026-07-06__rec_000090,route_1b7ceea1e9c9,route_6054e5a31b07,0.668036,True,False,True,source_modality,1.0,1.0,1.0,0.0,1.0,1.0,1.0,0.429907,0.273973,0.178344,0.43038,0.657143,0.338798,C2S-Scale,C2S-Scale,Perturbation effect prediction (L1000),L1000 bulk perturbation prediction,1,2,True,4,4
full_2026-07-06__rec_000090,route_1b7ceea1e9c9,route_d1fbf31866b4,0.663278,True,False,True,source_modality,1.0,1.0,1.0,0.0,1.0,1.0,1.0,0.375,0.317073,0.187135,0.395349,0.630137,0.357798,C2S-Scale,C2S-Scale,Perturbation effect prediction (L1000),SciPlex3 drug perturbation prediction,3,3,False,4,3
full_2026-07-06__rec_000090,route_200843544bed,route_38607301656a,0.642553,False,False,True,source_modality,1.0,1.0,1.0,0.0,1.0,1.0,1.0,0.3,0.303571,0.222222,0.285714,0.366667,0.361538,C2S-Scale,C2S-Scale,Downstream: conditional neighbor generation,cluster captioning,3,6,False,2,3
full_2026-07-06__rec_000090,route_200843544bed,route_6c6756ff33b1,0.655639,True,False,True,source_modality,1.0,1.0,1.0,0.0,1.0,1.0,1.0,0.4,0.404494,0.217054,0.408163,0.3125,0.108696,C2S-Scale,C2S-Scale,Downstream: conditional neighbor generation,single-cell question answering from raw cell sentences,2,3,False,2,3
full_2026-07-06__rec_000090,route_200843544bed,route_8b224797b192,0.685627,True,False,True,source_modality,1.0,1.0,1.0,0.0,1.0,1.0,1.0,0.380952,0.613333,0.251572,0.446043,0.424242,0.358491,C2S-Scale,C2S-Scale,Downstream: conditional neighbor generation,spatial neighborhood prediction and related spatial tasks,1,7,False,2,9
full_2026-07-06__rec_000090,route_2479101f01b8,route_38607301656a,0.654241,True,False,True,source_modality,1.0,1.0,1.0,0.0,1.0,1.0,1.0,0.290323,0.359551,0.222222,0.5,0.328358,0.345679,C2S-Scale,C2S-Scale,Downstream: question answering from cell sentences,cluster captioning,3,2,False,3,3
full_2026-07-06__rec_000090,route_2479101f01b8,route_6c6756ff33b1,0.734733,True,False,True,source_modality,1.0,1.0,1.0,0.0,1.0,1.0,1.0,0.585366,0.484848,0.217054,1.0,0.796117,0.286822,C2S-Scale,C2S-Scale,Downstream: question answering from cell sentences,single-cell question answering from raw cell sentences,1,1,True,3,3
full_2026-07-06__rec_000090,route_2479101f01b8,route_8b224797b192,0.668356,True,False,True,source_modality,1.0,1.0,1.0,0.0,1.0,1.0,1.0,0.44186,0.653846,0.251572,0.190476,0.320755,0.070175,C2S-Scale,C2S-Scale,Downstream: question answering from cell sentences,spatial neighborhood prediction and related spatial tasks,2,8,False,3,9
full_2026-07-06__rec_000090,route_2b527e1bafd6,route_4890ce7d64b4,0.66722,True,False,True,source_modality,1.0,1.0,1.0,0.0,1.0,1.0,1.0,0.545455,0.417582,0.084507,0.314286,0.390805,0.229508,C2S-Scale,C2S-Scale,Perturbation prediction: SciPlex3 single-cell,cell type annotation (downstream fine-tuning),3,2,False,4,6
full_2026-07-06__rec_000090,route_2b527e1bafd6,route_6054e5a31b07,0.677861,True,False,True,source_modality,1.0,1.0,1.0,0.0,1.0,1.0,1.0,0.310345,0.340426,0.195804,0.860215,0.589744,0.309524,C2S-Scale,C2S-Scale,Perturbation prediction: SciPlex3 single-cell,L1000 bulk perturbation prediction,2,1,False,4,4
full_2026-07-06__rec_000090,route_2b527e1bafd6,route_ade35c66eb40,0.664192,True,False,True,source_modality,1.0,1.0,1.0,0.0,1.0,1.0,1.0,0.385321,0.361905,0.180645,0.466019,0.522727,0.274809,C2S-Scale,C2S-Scale,Perturbation prediction: SciPlex3 single-cell,cytokine-stimulation perturbation prediction,4,3,False,4,4
full_2026-07-06__rec_000090,route_2b527e1bafd6,route_d1fbf31866b4,0.765949,True,False,True,source_modality,1.0,1.0,1.0,0.0,1.0,1.0,1.0,0.808989,0.485437,0.050955,1.0,0.567901,0.857143,C2S-Scale,C2S-Scale,Perturbation prediction: SciPlex3 single-cell,SciPlex3 drug perturbation prediction,1,1,True,4,3
full_2026-07-06__rec_000090,route_481f87ec7741,route_38607301656a,0.521961,False,False,True,carrier_subtype;source_modality;text_role,1.0,1.0,0.0,0.0,1.0,1.0,0.0,0.485714,0.227848,0.153846,0.5,0.338462,0.295082,C2S-Scale,C2S-Scale,Downstream: question answering from text context,cluster captioning,2,17,False,0,3
full_2026-07-06__rec_000090,route_481f87ec7741,route_6054e5a31b07,0.49368,False,False,True,carrier_subtype;source_modality;text_role,1.0,1.0,0.0,0.0,1.0,1.0,0.0,0.333333,0.173913,0.195804,0.295082,0.320988,0.335404,C2S-Scale,C2S-Scale,Downstream: question answering from text context,L1000 bulk perturbation prediction,3,20,False,0,4
full_2026-07-06__rec_000090,route_481f87ec7741,route_6c6756ff33b1,0.5466,False,False,True,carrier_subtype;source_modality;text_role,1.0,1.0,0.0,0.0,1.0,1.0,0.0,0.244444,0.321429,0.191304,1.0,0.633663,0.55914,C2S-Scale,C2S-Scale,Downstream: question answering from text context,single-cell question answering from raw cell sentences,1,13,False,0,3
full_2026-07-06__rec_000090,route_5dd8299c8cd0,route_38607301656a,0.63781,False,False,True,source_modality,1.0,1.0,1.0,0.0,1.0,1.0,1.0,0.242424,0.303571,0.222222,0.358974,0.36,0.329114,C2S-Scale,C2S-Scale,Downstream: same niche prediction,cluster captioning,3,10,False,1,3
full_2026-07-06__rec_000090,route_5dd8299c8cd0,route_6c6756ff33b1,0.639268,False,False,True,source_modality,1.0,1.0,1.0,0.0,1.0,1.0,1.0,0.348837,0.404494,0.217054,0.25641,0.255814,0.085106,C2S-Scale,C2S-Scale,Downstream: same niche prediction,single-cell question answering from raw cell sentences,2,8,False,1,3
full_2026-07-06__rec_000090,route_5dd8299c8cd0,route_8b224797b192,0.711018,True,False,True,source_modality,1.0,1.0,1.0,0.0,1.0,1.0,1.0,0.644444,0.613333,0.251572,0.333333,0.404494,0.358491,C2S-Scale,C2S-Scale,Downstream: same niche prediction,spatial neighborhood prediction and related spatial tasks,1,4,False,1,9
full_2026-07-06__rec_000090,route_5ed81c86ba51,route_38607301656a,0.706678,True,False,True,source_modality;text_role,1.0,1.0,1.0,0.0,1.0,1.0,0.0,0.655738,0.423529,0.153846,1.0,0.765957,0.864865,C2S-Scale,C2S-Scale,Downstream: cluster captioning,cluster captioning,1,1,True,1,3
full_2026-07-06__rec_000090,route_5ed81c86ba51,route_6c6756ff33b1,0.623099,False,False,True,source_modality;text_role,1.0,1.0,1.0,0.0,1.0,1.0,0.0,0.444444,0.516129,0.191304,0.5,0.337349,0.128114,C2S-Scale,C2S-Scale,Downstream: cluster captioning,single-cell question answering from raw cell sentences,2,11,False,1,3
full_2026-07-06__rec_000090,route_5ed81c86ba51,route_8b224797b192,0.597641,False,False,True,source_modality;text_role,1.0,1.0,1.0,0.0,1.0,1.0,0.0,0.423529,0.583333,0.124138,0.126984,0.209302,0.116667,C2S-Scale,C2S-Scale,Downstream: cluster captioning,spatial neighborhood prediction and related spatial tasks,3,12,False,1,9
full_2026-07-06__rec_000090,route_5ed81c86ba51,route_b13affe14b84,0.486916,False,False,False,source_modality;fusion_topology,0.5,1.0,1.0,0.0,1.0,0.0,1.0,0.168067,0.363636,0.15894,0.157895,0.333333,0.181818,C2S-Scale,C2S-Scale perturbation model,Downstream: cluster captioning,virtual screening perturbation corpus,11,3,False,1,0
full_2026-07-06__rec_000090,route_640621d6b361,route_38607301656a,0.626098,False,False,True,source_modality,1.0,1.0,1.0,0.0,1.0,1.0,1.0,0.25,0.21875,0.222222,0.339623,0.339623,0.201493,C2S-Scale,C2S-Scale,Perturbation effect prediction (PBMC),cluster captioning,2,12,False,0,3
full_2026-07-06__rec_000090,route_640621d6b361,route_6c6756ff33b1,0.633954,False,False,True,source_modality,1.0,1.0,1.0,0.0,1.0,1.0,1.0,0.369565,0.228571,0.217054,0.377358,0.269663,0.036364,C2S-Scale,C2S-Scale,Perturbation effect prediction (PBMC),single-cell question answering from raw cell sentences,1,10,False,0,3
full_2026-07-06__rec_000090,route_640621d6b361,route_8b224797b192,0.610704,False,False,True,source_modality,1.0,1.0,1.0,0.0,1.0,1.0,1.0,0.208333,0.153846,0.251572,0.27972,0.391304,0.04,C2S-Scale,C2S-Scale,Perturbation effect prediction (PBMC),spatial neighborhood prediction and related spatial tasks,3,11,False,0,9
full_2026-07-06__rec_000090,route_72e7ee76953b,route_26c7508ccc65,0.561494,False,False,True,source_modality;lifecycle_phase,1.0,1.0,1.0,0.0,0.0,1.0,1.0,0.298507,0.244898,0.086331,0.380952,0.342105,0.329412,C2S-Scale,C2S-Scale,Pretraining: gene set enumeration,gene interaction-augmented spatial reasoning,3,11,False,0,3
full_2026-07-06__rec_000090,route_72e7ee76953b,route_5000a33edeb7,0.626344,False,False,True,carrier_subtype;fusion_topology;text_role,1.0,1.0,0.0,1.0,1.0,0.0,0.0,0.666667,0.604651,0.384615,0.75,0.634921,0.013699,C2S-Scale,C2S-Scale,Pretraining: gene set enumeration,gene set enumeration and naming,1,3,False,0,1
full_2026-07-06__rec_000090,route_72e7ee76953b,route_d09976e7764b,0.605716,False,False,True,lifecycle_phase;fusion_topology,1.0,1.0,1.0,1.0,0.0,0.0,1.0,0.205882,0.25,0.282828,0.571429,0.413793,0.318182,C2S-Scale,C2S-Scale,Pretraining: gene set enumeration,cell generation (evaluation),2,5,False,0,1
full_2026-07-06__rec_000090,route_75163aaf593d,route_8b224797b192,0.566458,False,False,True,source_modality;lifecycle_phase;text_role,1.0,1.0,1.0,0.0,0.0,1.0,0.0,0.547619,0.884615,0.124138,0.212121,0.172043,0.109091,C2S-Scale,C2S-Scale,Pretraining: tissue sample annotation,spatial neighborhood prediction and related spatial tasks,2,15,False,0,9
full_2026-07-06__rec_000090,route_75163aaf593d,route_92e25ae511ab,0.612956,False,False,True,source_modality;text_role,1.0,1.0,1.0,0.0,1.0,1.0,0.0,0.303571,0.676056,0.16,0.214286,0.469388,0.330189,C2S-Scale,C2S-Scale,Pretraining: tissue sample annotation,multi-cell language modeling and conditional sample generation,1,2,False,0,0
full_2026-07-06__rec_000090,route_75163aaf593d,route_cba015cfd76f,0.550107,False,False,True,source_modality;lifecycle_phase;text_role,1.0,1.0,1.0,0.0,0.0,1.0,0.0,0.410714,0.592593,0.218487,0.478261,0.310345,0.020548,C2S-Scale,C2S-Scale,Pretraining: tissue sample annotation,dataset interpretation,3,13,False,0,1
full_2026-07-06__rec_000090,route_7ed03b62b232,route_26c7508ccc65,0.722521,True,False,True,source_modality,1.0,1.0,1.0,0.0,1.0,1.0,1.0,0.365854,0.779661,0.086331,0.686567,0.455696,1.0,C2S-Scale,C2S-Scale,Spatial interaction prompts: BioGRID,gene interaction-augmented spatial reasoning,1,2,False,2,3
full_2026-07-06__rec_000090,route_7ed03b62b232,route_4890ce7d64b4,0.650828,True,False,True,source_modality,1.0,1.0,1.0,0.0,1.0,1.0,1.0,0.313725,0.542857,0.084507,0.454545,0.384615,0.125,C2S-Scale,C2S-Scale,Spatial interaction prompts: BioGRID,cell type annotation (downstream fine-tuning),2,5,False,2,6
full_2026-07-06__rec_000090,route_7ed03b62b232,route_d09976e7764b,0.640137,False,False,True,lifecycle_phase;fusion_topology,1.0,1.0,1.0,1.0,0.0,0.0,1.0,0.361446,0.52,0.282828,0.512821,0.459016,0.278846,C2S-Scale,C2S-Scale,Spatial interaction prompts: BioGRID,cell generation (evaluation),3,4,False,2,1
full_2026-07-06__rec_000090,route_8f69059a7b28,route_26c7508ccc65,0.723917,True,False,True,source_modality,1.0,1.0,1.0,0.0,1.0,1.0,1.0,0.382979,0.779661,0.086331,0.686567,0.433735,1.0,C2S-Scale,C2S-Scale,Spatial interaction prompts: CellPhoneDB,gene interaction-augmented spatial reasoning,1,1,True,3,3
full_2026-07-06__rec_000090,route_8f69059a7b28,route_4890ce7d64b4,0.656829,True,False,True,source_modality,1.0,1.0,1.0,0.0,1.0,1.0,1.0,0.368421,0.542857,0.084507,0.454545,0.365854,0.125,C2S-Scale,C2S-Scale,Spatial interaction prompts: CellPhoneDB,cell type annotation (downstream fine-tuning),2,4,False,3,6
full_2026-07-06__rec_000090,route_8f69059a7b28,route_ade35c66eb40,0.650975,True,False,True,source_modality,1.0,1.0,1.0,0.0,1.0,1.0,1.0,0.431373,0.214286,0.180645,0.38961,0.433735,0.226804,C2S-Scale,C2S-Scale,Spatial interaction prompts: CellPhoneDB,cytokine-stimulation perturbation prediction,3,5,False,3,4
full_2026-07-06__rec_000090,route_8f69059a7b28,route_d09976e7764b,0.643916,False,False,True,lifecycle_phase;fusion_topology,1.0,1.0,1.0,1.0,0.0,0.0,1.0,0.4,0.52,0.282828,0.512821,0.430769,0.278846,C2S-Scale,C2S-Scale,Spatial interaction prompts: CellPhoneDB,cell generation (evaluation),4,2,False,3,1
full_2026-07-06__rec_000090,route_9417f265a74f,route_4890ce7d64b4,0.667933,True,False,True,source_modality,1.0,1.0,1.0,0.0,1.0,1.0,1.0,0.419048,0.440678,0.25641,0.271186,0.390244,0.339623,C2S-Scale,C2S-Scale,Perturbation effect prediction (SciPlex3),cell type annotation (downstream fine-tuning),3,1,True,4,6
full_2026-07-06__rec_000090,route_9417f265a74f,route_6054e5a31b07,0.655591,True,False,True,source_modality,1.0,1.0,1.0,0.0,1.0,1.0,1.0,0.22,0.46281,0.178344,0.439024,0.630137,0.336364,C2S-Scale,C2S-Scale,Perturbation effect prediction (SciPlex3),L1000 bulk perturbation prediction,4,3,False,4,4
full_2026-07-06__rec_000090,route_9417f265a74f,route_ade35c66eb40,0.669134,True,False,True,source_modality,1.0,1.0,1.0,0.0,1.0,1.0,1.0,0.408602,0.227273,0.224852,0.565217,0.554217,0.33913,C2S-Scale,C2S-Scale,Perturbation effect prediction (SciPlex3),cytokine-stimulation perturbation prediction,2,1,False,4,4
full_2026-07-06__rec_000090,route_9417f265a74f,route_d1fbf31866b4,0.68504,True,False,True,source_modality,1.0,1.0,1.0,0.0,1.0,1.0,1.0,0.520548,0.384615,0.187135,0.449438,0.605263,0.298039,C2S-Scale,C2S-Scale,Perturbation effect prediction (SciPlex3),SciPlex3 drug perturbation prediction,1,2,False,4,3
full_2026-07-06__rec_000090,route_9584117ff924,route_1862ed4360b8,0.556221,False,False,True,source_modality;fusion_topology;text_role,1.0,1.0,1.0,0.0,1.0,0.0,0.0,0.40708,0.38806,0.143646,0.52,0.4,0.303797,C2S-Scale,C2S-Scale,Downstream: dataset interpretation,single-cell and bulk integration,3,1,False,1,0
full_2026-07-06__rec_000090,route_9584117ff924,route_8b224797b192,0.556841,False,False,True,source_modality;lifecycle_phase;text_role,1.0,1.0,1.0,0.0,0.0,1.0,0.0,0.6,0.583333,0.124138,0.215385,0.288889,0.147059,C2S-Scale,C2S-Scale,Downstream: dataset interpretation,spatial neighborhood prediction and related spatial tasks,2,16,False,1,9
full_2026-07-06__rec_000090,route_9584117ff924,route_cba015cfd76f,0.726224,True,False,True,source_modality;text_role,1.0,1.0,1.0,0.0,1.0,1.0,0.0,0.652174,1.0,0.218487,1.0,0.8,0.21673,C2S-Scale,C2S-Scale,Downstream: dataset interpretation,dataset interpretation,1,1,True,1,1
full_2026-07-06__rec_000090,route_9604d19a7f75,route_5000a33edeb7,0.61861,False,False,True,source_modality,1.0,1.0,1.0,0.0,1.0,1.0,1.0,0.391304,0.4,0.0,0.123077,0.25,0.0,C2S-Scale,C2S-Scale,Pretraining: single-cell language modeling,gene set enumeration and naming,2,4,False,1,1
full_2026-07-06__rec_000090,route_9604d19a7f75,route_7cb2dbf173a7,0.673458,True,False,True,source_modality,1.0,1.0,1.0,0.0,1.0,1.0,1.0,0.509091,0.526316,0.0,0.542056,0.568627,0.034091,C2S-Scale,C2S-Scale,Pretraining: single-cell language modeling,single-cell language modeling and conditional cell generation,1,1,True,1,2
full_2026-07-06__rec_000090,route_9604d19a7f75,route_92e25ae511ab,0.571759,False,False,True,source_modality;fusion_topology,1.0,1.0,1.0,0.0,1.0,0.0,1.0,0.275229,0.483871,0.0,0.2,0.485437,0.257426,C2S-Scale,C2S-Scale,Pretraining: single-cell language modeling,multi-cell language modeling and conditional sample generation,3,10,False,1,0
full_2026-07-06__rec_000090,route_9d0b57fabfd2,route_38607301656a,0.644413,False,False,True,source_modality,1.0,1.0,1.0,0.0,1.0,1.0,1.0,0.242424,0.423529,0.222222,0.358974,0.255319,0.362791,C2S-Scale,C2S-Scale,Spatial: same niche prediction,cluster captioning,3,5,False,1,3
full_2026-07-06__rec_000090,route_9d0b57fabfd2,route_6c6756ff33b1,0.645988,False,False,True,source_modality,1.0,1.0,1.0,0.0,1.0,1.0,1.0,0.348837,0.516129,0.217054,0.25641,0.216867,0.086957,C2S-Scale,C2S-Scale,Spatial: same niche prediction,single-cell question answering from raw cell sentences,2,4,False,1,3
full_2026-07-06__rec_000090,route_9d0b57fabfd2,route_8b224797b192,0.711377,True,False,True,source_modality,1.0,1.0,1.0,0.0,1.0,1.0,1.0,0.644444,0.583333,0.251572,0.333333,0.511628,0.339623,C2S-Scale,C2S-Scale,Spatial: same niche prediction,spatial neighborhood prediction and related spatial tasks,1,3,False,1,9
full_2026-07-06__rec_000090,route_9d0b57fabfd2,route_cba015cfd76f,0.62264,False,False,True,source_modality;lifecycle_phase,1.0,1.0,1.0,0.0,0.0,1.0,1.0,0.322034,1.0,0.165414,0.55814,0.431373,0.039216,C2S-Scale,C2S-Scale,Spatial: same niche prediction,dataset interpretation,4,2,False,1,1
full_2026-07-06__rec_000090,route_a3d219697f99,route_8b224797b192,0.56721,False,False,True,source_modality;lifecycle_phase;text_role,1.0,1.0,1.0,0.0,0.0,1.0,0.0,0.547619,0.884615,0.124138,0.244604,0.16,0.096317,C2S-Scale,C2S-Scale,Pretraining: natural language interpretation,spatial neighborhood prediction and related spatial tasks,3,14,False,0,9
full_2026-07-06__rec_000090,route_a3d219697f99,route_92e25ae511ab,0.60765,False,False,True,source_modality;text_role,1.0,1.0,1.0,0.0,1.0,1.0,0.0,0.303571,0.676056,0.16,0.214286,0.419048,0.235294,C2S-Scale,C2S-Scale,Pretraining: natural language interpretation,multi-cell language modeling and conditional sample generation,1,3,False,0,0
full_2026-07-06__rec_000090,route_a3d219697f99,route_cba015cfd76f,0.569269,False,False,True,source_modality;lifecycle_phase;text_role,1.0,1.0,1.0,0.0,0.0,1.0,0.0,0.410714,0.592593,0.218487,0.716981,0.523077,0.041667,C2S-Scale,C2S-Scale,Pretraining: natural language interpretation,dataset interpretation,2,6,False,0,1
full_2026-07-06__rec_000090,route_a62447f1e759,route_1862ed4360b8,0.545335,False,False,True,source_modality;lifecycle_phase;fusion_topology,1.0,1.0,1.0,0.0,0.0,0.0,1.0,0.48,0.348837,0.225641,0.44,0.338462,0.384181,C2S-Scale,C2S-Scale,Downstream: niche label prediction,single-cell and bulk integration,8,2,False,2,0
full_2026-07-06__rec_000090,route_a62447f1e759,route_38607301656a,0.653894,True,False,True,source_modality,1.0,1.0,1.0,0.0,1.0,1.0,1.0,0.367347,0.307692,0.222222,0.45,0.352941,0.240741,C2S-Scale,C2S-Scale,Downstream: niche label prediction,cluster captioning,2,3,False,2,3
full_2026-07-06__rec_000090,route_a62447f1e759,route_6c6756ff33b1,0.638198,False,False,True,source_modality,1.0,1.0,1.0,0.0,1.0,1.0,1.0,0.338983,0.419753,0.217054,0.25,0.252874,0.071429,C2S-Scale,C2S-Scale,Downstream: niche label prediction,single-cell question answering from raw cell sentences,3,9,False,2,3
full_2026-07-06__rec_000090,route_a62447f1e759,route_8b224797b192,0.655976,True,False,True,source_modality,1.0,1.0,1.0,0.0,1.0,1.0,1.0,0.278689,0.507463,0.251572,0.338462,0.422222,0.245283,C2S-Scale,C2S-Scale,Downstream: niche label prediction,spatial neighborhood prediction and related spatial tasks,1,9,False,2,9
full_2026-07-06__rec_000090,route_aa990009d3cb,route_5000a33edeb7,0.630289,False,False,True,source_modality,1.0,1.0,1.0,0.0,1.0,1.0,1.0,0.408163,0.372881,0.0,0.358209,0.243243,0.0,C2S-Scale,C2S-Scale,Pretraining: multiple cell language modeling,gene set enumeration and naming,2,2,False,1,1
full_2026-07-06__rec_000090,route_aa990009d3cb,route_7cb2dbf173a7,0.662228,True,False,True,source_modality,1.0,1.0,1.0,0.0,1.0,1.0,1.0,0.482759,0.470588,0.0,0.477064,0.538462,0.033708,C2S-Scale,C2S-Scale,Pretraining: multiple cell language modeling,single-cell language modeling and conditional cell generation,1,2,False,1,2
full_2026-07-06__rec_000090,route_aa990009d3cb,route_92e25ae511ab,0.5953,False,False,True,source_modality;fusion_topology,1.0,1.0,1.0,0.0,1.0,0.0,1.0,0.303571,0.676056,0.0,0.285714,0.533333,0.281553,C2S-Scale,C2S-Scale,Pretraining: multiple cell language modeling,multi-cell language modeling and conditional sample generation,3,4,False,1,0
full_2026-07-06__rec_000090,route_aef3323b650b,route_1862ed4360b8,0.536752,False,False,True,source_modality;lifecycle_phase;fusion_topology,1.0,1.0,1.0,0.0,0.0,0.0,1.0,0.48,0.348837,0.225641,0.44,0.387097,0.13314,C2S-Scale,C2S-Scale,Spatial: niche label prediction,single-cell and bulk integration,8,3,False,1,0
full_2026-07-06__rec_000090,route_aef3323b650b,route_38607301656a,0.646255,False,False,True,source_modality,1.0,1.0,1.0,0.0,1.0,1.0,1.0,0.367347,0.307692,0.222222,0.45,0.25,0.126984,C2S-Scale,C2S-Scale,Spatial: niche label prediction,cluster captioning,2,4,False,1,3
full_2026-07-06__rec_000090,route_aef3323b650b,route_6c6756ff33b1,0.639516,False,False,True,source_modality,1.0,1.0,1.0,0.0,1.0,1.0,1.0,0.338983,0.419753,0.217054,0.25,0.214286,0.133333,C2S-Scale,C2S-Scale,Spatial: niche label prediction,single-cell question answering from raw cell sentences,3,7,False,1,3
full_2026-07-06__rec_000090,route_aef3323b650b,route_8b224797b192,0.68936,True,False,True,source_modality,1.0,1.0,1.0,0.0,1.0,1.0,1.0,0.278689,0.507463,0.251572,0.338462,0.528736,1.0,C2S-Scale,C2S-Scale,Spatial: niche label prediction,spatial neighborhood prediction and related spatial tasks,1,6,False,1,9
full_2026-07-06__rec_000090,route_b30d350c59da,route_38607301656a,0.637878,False,False,True,source_modality,1.0,1.0,1.0,0.0,1.0,1.0,1.0,0.382353,0.280374,0.153846,0.327869,0.3,0.155172,C2S-Scale,C2S-Scale,Perturbation prediction: L1000 bulk RNA-seq,cluster captioning,1,9,False,0,3
full_2026-07-06__rec_000090,route_b30d350c59da,route_6c6756ff33b1,0.616733,False,False,True,source_modality,1.0,1.0,1.0,0.0,1.0,1.0,1.0,0.272727,0.214286,0.191304,0.262295,0.333333,0.0625,C2S-Scale,C2S-Scale,Perturbation prediction: L1000 bulk RNA-seq,single-cell question answering from raw cell sentences,3,12,False,0,3
full_2026-07-06__rec_000090,route_b30d350c59da,route_8b224797b192,0.626022,False,False,True,source_modality,1.0,1.0,1.0,0.0,1.0,1.0,1.0,0.347826,0.228571,0.124138,0.278146,0.444444,0.058824,C2S-Scale,C2S-Scale,Perturbation prediction: L1000 bulk RNA-seq,spatial neighborhood prediction and related spatial tasks,2,10,False,0,9
full_2026-07-06__rec_000090,route_b5fd47afb5d4,route_26c7508ccc65,0.5888,False,False,True,source_modality;lifecycle_phase,1.0,1.0,1.0,0.0,0.0,1.0,1.0,0.293333,0.779661,0.086331,0.342857,0.192771,0.251366,C2S-Scale,C2S-Scale,Pretraining: conditional cell generation,gene interaction-augmented spatial reasoning,2,8,False,0,3
full_2026-07-06__rec_000090,route_b5fd47afb5d4,route_4890ce7d64b4,0.594912,False,False,True,source_modality;lifecycle_phase,1.0,1.0,1.0,0.0,0.0,1.0,1.0,0.378947,0.542857,0.084507,0.510638,0.292683,0.280255,C2S-Scale,C2S-Scale,Pretraining: conditional cell generation,cell type annotation (downstream fine-tuning),1,8,False,0,6
full_2026-07-06__rec_000090,route_b5fd47afb5d4,route_d09976e7764b,0.566672,False,False,True,source_modality;lifecycle_phase;fusion_topology,1.0,1.0,1.0,0.0,0.0,0.0,1.0,0.394737,0.52,0.282828,0.714286,0.461538,0.338624,C2S-Scale,C2S-Scale,Pretraining: conditional cell generation,cell generation (evaluation),3,6,False,0,1
full_2026-07-06__rec_000090,route_b724061eeea3,route_26c7508ccc65,0.500529,False,False,True,carrier_subtype;source_modality;lifecycle_phase,1.0,1.0,0.0,0.0,0.0,1.0,1.0,0.205882,0.779661,0.086331,0.395062,0.340426,0.380952,C2S-Scale,C2S-Scale,Pretraining: conditional sample generation (abstract),gene interaction-augmented spatial reasoning,3,22,False,0,3
full_2026-07-06__rec_000090,route_b724061eeea3,route_5000a33edeb7,0.52756,False,False,True,carrier_subtype;fusion_topology;text_role,1.0,1.0,0.0,1.0,1.0,0.0,0.0,0.3,0.264151,0.384615,0.324324,0.320988,0.007505,C2S-Scale,C2S-Scale,Pretraining: conditional sample generation (abstract),gene set enumeration and naming,2,11,False,0,1
full_2026-07-06__rec_000090,route_b724061eeea3,route_d09976e7764b,0.538219,False,False,True,carrier_subtype;lifecycle_phase;fusion_topology,1.0,1.0,0.0,1.0,0.0,0.0,1.0,0.231884,0.52,0.282828,0.528302,0.447368,0.358974,C2S-Scale,C2S-Scale,Pretraining: conditional sample generation (abstract),cell generation (evaluation),1,8,False,0,1
full_2026-07-06__rec_000090,route_b77bf57e5874,route_38607301656a,0.638731,False,False,True,source_modality,1.0,1.0,1.0,0.0,1.0,1.0,1.0,0.242424,0.423529,0.222222,0.244898,0.244898,0.371134,C2S-Scale,C2S-Scale,Spatial: neighborhood prediction,cluster captioning,3,8,False,1,3
full_2026-07-06__rec_000090,route_b77bf57e5874,route_6c6756ff33b1,0.644154,False,False,True,source_modality,1.0,1.0,1.0,0.0,1.0,1.0,1.0,0.348837,0.516129,0.217054,0.204082,0.211765,0.110345,C2S-Scale,C2S-Scale,Spatial: neighborhood prediction,single-cell question answering from raw cell sentences,2,5,False,1,3
full_2026-07-06__rec_000090,route_b77bf57e5874,route_8b224797b192,0.719187,True,False,True,source_modality,1.0,1.0,1.0,0.0,1.0,1.0,1.0,0.644444,0.583333,0.251572,0.446043,0.704545,0.2493,C2S-Scale,C2S-Scale,Spatial: neighborhood prediction,spatial neighborhood prediction and related spatial tasks,1,1,True,1,9
full_2026-07-06__rec_000090,route_b77bf57e5874,route_cba015cfd76f,0.62109,False,False,True,source_modality;lifecycle_phase,1.0,1.0,1.0,0.0,0.0,1.0,1.0,0.322034,1.0,0.165414,0.490566,0.490566,0.040541,C2S-Scale,C2S-Scale,Spatial: neighborhood prediction,dataset interpretation,4,3,False,1,1
full_2026-07-06__rec_000090,route_b96607e9fd12,route_5000a33edeb7,0.515962,False,False,False,source_modality;lifecycle_phase,0.5,1.0,1.0,0.0,0.0,1.0,1.0,0.291667,0.409091,0.391304,0.333333,0.294118,0.111111,C2S-Scale perturbation model,C2S-Scale,Virtual screen: primary tumor profiles,gene set enumeration and naming,2,13,False,0,1
full_2026-07-06__rec_000090,route_b96607e9fd12,route_7cb2dbf173a7,0.505304,False,False,False,source_modality;lifecycle_phase,0.5,1.0,1.0,0.0,0.0,1.0,1.0,0.421053,0.314286,0.266667,0.12963,0.244898,0.132075,C2S-Scale perturbation model,C2S-Scale,Virtual screen: primary tumor profiles,single-cell language modeling and conditional cell generation,3,14,False,0,2
full_2026-07-06__rec_000090,route_b96607e9fd12,route_b13affe14b84,0.536205,False,False,True,source_modality;lifecycle_phase;text_role,1.0,1.0,1.0,0.0,0.0,1.0,0.0,0.188034,0.424242,0.290909,0.56,0.621622,0.173293,C2S-Scale perturbation model,C2S-Scale perturbation model,Virtual screen: primary tumor profiles,virtual screening perturbation corpus,1,1,False,0,0
full_2026-07-06__rec_000090,route_b981b2ae736d,route_26c7508ccc65,0.594349,False,False,True,source_modality;lifecycle_phase,1.0,1.0,1.0,0.0,0.0,1.0,1.0,0.268293,0.779661,0.086331,0.390244,0.315789,0.313725,C2S-Scale,C2S-Scale,Pretraining: conditional sample generation (cell type),gene interaction-augmented spatial reasoning,2,7,False,1,3
full_2026-07-06__rec_000090,route_b981b2ae736d,route_6054e5a31b07,0.570289,False,False,True,source_modality;lifecycle_phase,1.0,1.0,1.0,0.0,0.0,1.0,1.0,0.371134,0.273973,0.195804,0.390244,0.258824,0.139785,C2S-Scale,C2S-Scale,Pretraining: conditional sample generation (cell type),L1000 bulk perturbation prediction,3,9,False,1,4
full_2026-07-06__rec_000090,route_b981b2ae736d,route_d09976e7764b,0.65077,True,False,True,lifecycle_phase;fusion_topology,1.0,1.0,1.0,1.0,0.0,0.0,1.0,0.433735,0.52,0.282828,0.518519,0.467532,0.314286,C2S-Scale,C2S-Scale,Pretraining: conditional sample generation (cell type),cell generation (evaluation),1,1,True,1,1
full_2026-07-06__rec_000090,route_c2ab1816877e,route_38607301656a,0.632697,False,False,True,source_modality,1.0,1.0,1.0,0.0,1.0,1.0,1.0,0.3,0.303571,0.222222,0.285714,0.350877,0.126984,C2S-Scale,C2S-Scale,Spatial: conditional neighbor generation,cluster captioning,3,11,False,2,3
full_2026-07-06__rec_000090,route_c2ab1816877e,route_6c6756ff33b1,0.656927,True,False,True,source_modality,1.0,1.0,1.0,0.0,1.0,1.0,1.0,0.4,0.404494,0.217054,0.408163,0.322581,0.133333,C2S-Scale,C2S-Scale,Spatial: conditional neighbor generation,single-cell question answering from raw cell sentences,2,2,False,2,3
full_2026-07-06__rec_000090,route_c2ab1816877e,route_8b224797b192,0.71231,True,False,True,source_modality,1.0,1.0,1.0,0.0,1.0,1.0,1.0,0.380952,0.613333,0.251572,0.446043,0.458333,1.0,C2S-Scale,C2S-Scale,Spatial: conditional neighbor generation,spatial neighborhood prediction and related spatial tasks,1,2,False,2,9
full_2026-07-06__rec_000090,route_c9df7838770c,route_4890ce7d64b4,0.621159,False,False,True,source_modality;lifecycle_phase,1.0,1.0,1.0,0.0,0.0,1.0,1.0,0.319149,0.537313,0.084507,1.0,0.533333,0.333333,C2S-Scale,C2S-Scale,Pretraining: cell type annotation,cell type annotation (downstream fine-tuning),1,7,False,0,6
full_2026-07-06__rec_000090,route_c9df7838770c,route_ade35c66eb40,0.574807,False,False,True,source_modality;lifecycle_phase,1.0,1.0,1.0,0.0,0.0,1.0,1.0,0.341463,0.444444,0.180645,0.273973,0.289474,0.192308,C2S-Scale,C2S-Scale,Pretraining: cell type annotation,cytokine-stimulation perturbation prediction,3,7,False,0,4
full_2026-07-06__rec_000090,route_c9df7838770c,route_d1fbf31866b4,0.588226,False,False,True,source_modality;lifecycle_phase,1.0,1.0,1.0,0.0,0.0,1.0,1.0,0.548387,0.405063,0.050955,0.171429,0.347826,0.287293,C2S-Scale,C2S-Scale,Pretraining: cell type annotation,SciPlex3 drug perturbation prediction,2,7,False,0,3
full_2026-07-06__rec_000090,route_d12eaf33a4f1,route_7cb2dbf173a7,0.556787,False,False,True,source_modality;fusion_topology;text_role,1.0,1.0,1.0,0.0,1.0,0.0,0.0,0.482759,0.470588,0.117647,0.448598,0.45098,0.043011,C2S-Scale,C2S-Scale,Pretraining: sample cell type(s) annotation,single-cell language modeling and conditional cell generation,3,3,False,0,2
full_2026-07-06__rec_000090,route_d12eaf33a4f1,route_8b224797b192,0.568428,False,False,True,source_modality;lifecycle_phase;text_role,1.0,1.0,1.0,0.0,0.0,1.0,0.0,0.547619,0.884615,0.124138,0.233577,0.183673,0.122807,C2S-Scale,C2S-Scale,Pretraining: sample cell type(s) annotation,spatial neighborhood prediction and related spatial tasks,2,13,False,0,9
full_2026-07-06__rec_000090,route_d12eaf33a4f1,route_92e25ae511ab,0.618777,False,False,True,source_modality;text_role,1.0,1.0,1.0,0.0,1.0,1.0,0.0,0.303571,0.676056,0.16,0.357143,0.407767,0.343348,C2S-Scale,C2S-Scale,Pretraining: sample cell type(s) annotation,multi-cell language modeling and conditional sample generation,1,1,False,0,0
full_2026-07-06__rec_000090,route_e3e92145d708,route_26c7508ccc65,0.58672,False,False,True,source_modality;lifecycle_phase,1.0,1.0,1.0,0.0,0.0,1.0,1.0,0.197183,0.779661,0.086331,0.43038,0.304348,0.294737,C2S-Scale,C2S-Scale,Pretraining: conditional sample generation (tissue),gene interaction-augmented spatial reasoning,2,9,False,0,3
full_2026-07-06__rec_000090,route_e3e92145d708,route_4890ce7d64b4,0.576124,False,False,True,source_modality;lifecycle_phase,1.0,1.0,1.0,0.0,0.0,1.0,1.0,0.241758,0.542857,0.084507,0.428571,0.351648,0.280488,C2S-Scale,C2S-Scale,Pretraining: conditional sample generation (tissue),cell type annotation (downstream fine-tuning),3,9,False,0,6
full_2026-07-06__rec_000090,route_e3e92145d708,route_d09976e7764b,0.64131,False,False,True,lifecycle_phase;fusion_topology,1.0,1.0,1.0,1.0,0.0,0.0,1.0,0.333333,0.52,0.282828,0.54902,0.459459,0.346939,C2S-Scale,C2S-Scale,Pretraining: conditional sample generation (tissue),cell generation (evaluation),1,3,False,0,1
full_2026-07-06__rec_000090,route_f4f2f139ae29,route_5000a33edeb7,0.667796,True,True,True,fusion_topology;text_role,1.0,1.0,1.0,1.0,1.0,0.0,0.0,0.375,0.461538,0.384615,0.75,0.517241,0.013699,C2S-Scale,C2S-Scale,Pretraining: gene set naming,gene set enumeration and naming,1,1,True,1,1
full_2026-07-06__rec_000090,route_f4f2f139ae29,route_6c6756ff33b1,0.508583,False,False,True,source_modality;lifecycle_phase;text_role,1.0,1.0,1.0,0.0,0.0,1.0,0.0,0.317073,0.26087,0.191304,0.363636,0.296296,0.045283,C2S-Scale,C2S-Scale,Pretraining: gene set naming,single-cell question answering from raw cell sentences,3,20,False,1,3
full_2026-07-06__rec_000090,route_f4f2f139ae29,route_92e25ae511ab,0.564629,False,False,True,source_modality;text_role,1.0,1.0,1.0,0.0,1.0,1.0,0.0,0.280702,0.27451,0.16,0.0,0.292135,0.294118,C2S-Scale,C2S-Scale,Pretraining: gene set naming,multi-cell language modeling and conditional sample generation,2,12,False,1,0
full_2026-07-06__rec_000090,route_f79c83401199,route_5000a33edeb7,0.509415,False,False,False,source_modality;lifecycle_phase,0.5,1.0,1.0,0.0,0.0,1.0,1.0,0.285714,0.409091,0.391304,0.333333,0.202899,0.033708,C2S-Scale perturbation model,C2S-Scale,Virtual screen: WAGA cell line profiles,gene set enumeration and naming,3,17,False,0,1
full_2026-07-06__rec_000090,route_f79c83401199,route_7cb2dbf173a7,0.525267,False,False,False,source_modality;lifecycle_phase,0.5,1.0,1.0,0.0,0.0,1.0,1.0,0.586207,0.314286,0.266667,0.12963,0.323232,0.076923,C2S-Scale perturbation model,C2S-Scale,Virtual screen: WAGA cell line profiles,single-cell language modeling and conditional cell generation,2,10,False,0,2
full_2026-07-06__rec_000090,route_f79c83401199,route_b13affe14b84,0.531414,False,False,True,source_modality;lifecycle_phase;text_role,1.0,1.0,1.0,0.0,0.0,1.0,0.0,0.186441,0.424242,0.290909,0.56,0.533333,0.124514,C2S-Scale perturbation model,C2S-Scale perturbation model,Virtual screen: WAGA cell line profiles,virtual screening perturbation corpus,1,2,False,0,0
full_2026-07-06__rec_000090,route_f7d10083f690,route_4890ce7d64b4,0.650563,True,False,True,source_modality,1.0,1.0,1.0,0.0,1.0,1.0,1.0,0.358491,0.404255,0.084507,0.347826,0.413043,0.33871,C2S-Scale,C2S-Scale,Perturbation prediction: cytokine stimulation PBMC,cell type annotation (downstream fine-tuning),3,6,False,3,6
full_2026-07-06__rec_000090,route_f7d10083f690,route_6054e5a31b07,0.652633,True,False,True,source_modality,1.0,1.0,1.0,0.0,1.0,1.0,1.0,0.376238,0.350515,0.195804,0.282609,0.554217,0.212121,C2S-Scale,C2S-Scale,Perturbation prediction: cytokine stimulation PBMC,L1000 bulk perturbation prediction,2,4,False,3,4
full_2026-07-06__rec_000090,route_f7d10083f690,route_ade35c66eb40,0.664817,True,False,True,source_modality,1.0,1.0,1.0,0.0,1.0,1.0,1.0,0.255319,0.574074,0.180645,0.411765,0.8,0.169014,C2S-Scale,C2S-Scale,Perturbation prediction: cytokine stimulation PBMC,cytokine-stimulation perturbation prediction,1,2,True,3,4
full_2026-07-06__rec_000771,route_06a2e2c2f2c5,route_0e6d44b44412,0.790324,True,True,True,text_role,1.0,1.0,1.0,1.0,1.0,1.0,0.0,0.585366,1.0,0.475836,0.333333,0.6,0.302632,ChatNT,ChatNT,ChatNT DNA sequence route,Multi-turn multi-sequence DNA route,3,1,False,4,2
full_2026-07-06__rec_000771,route_06a2e2c2f2c5,route_12e86a771664,0.846031,True,True,True,text_role,1.0,1.0,1.0,1.0,1.0,1.0,0.0,1.0,1.0,0.475836,0.409639,0.692308,0.286783,ChatNT,ChatNT,ChatNT DNA sequence route,DNA sequence genomics route,1,1,True,4,2
full_2026-07-06__rec_000771,route_06a2e2c2f2c5,route_3c3a5f5b5f89,0.782727,True,True,True,text_role,1.0,1.0,1.0,1.0,1.0,1.0,0.0,0.685714,1.0,0.475836,0.125,0.313725,0.286783,ChatNT,ChatNT,ChatNT DNA sequence route,Protein task route via CDS,4,2,False,4,2
full_2026-07-06__rec_000771,route_06a2e2c2f2c5,route_9fe977bd9211,0.79092,True,True,True,text_role,1.0,1.0,1.0,1.0,1.0,1.0,0.0,0.666667,1.0,0.475836,0.326087,0.327869,0.286783,ChatNT,ChatNT,ChatNT DNA sequence route,RNA task route via corresponding DNA,2,1,False,4,2
full_2026-07-06__rec_000771,route_e4b6110e56ae,route_0e6d44b44412,0.771804,True,True,True,text_role,1.0,1.0,1.0,1.0,1.0,1.0,0.0,0.545455,0.939394,0.475836,0.196429,0.603175,0.234177,ChatNT,ChatNT,ChatNT coding sequence route,Multi-turn multi-sequence DNA route,4,2,False,4,2
full_2026-07-06__rec_000771,route_e4b6110e56ae,route_12e86a771664,0.805193,True,True,True,text_role,1.0,1.0,1.0,1.0,1.0,1.0,0.0,0.814815,0.939394,0.475836,0.355556,0.581818,0.077922,ChatNT,ChatNT,ChatNT coding sequence route,DNA sequence genomics route,2,2,False,4,2
full_2026-07-06__rec_000771,route_e4b6110e56ae,route_3c3a5f5b5f89,0.829142,True,True,True,text_role,1.0,1.0,1.0,1.0,1.0,1.0,0.0,0.789474,0.939394,0.475836,1.0,0.407407,0.077922,ChatNT,ChatNT,ChatNT coding sequence route,Protein task route via CDS,1,1,True,4,2
full_2026-07-06__rec_000771,route_e4b6110e56ae,route_9fe977bd9211,0.786944,True,True,True,text_role,1.0,1.0,1.0,1.0,1.0,1.0,0.0,0.731707,0.939394,0.475836,0.37037,0.28125,0.077922,ChatNT,ChatNT,ChatNT coding sequence route,RNA task route via corresponding DNA,3,2,False,4,2
full_2026-07-06__rec_000827,route_3156daf01c21,route_bb26511b84b2,0.495511,False,False,False,carrier_subtype;fusion_topology,0.235294,1.0,0.0,1.0,1.0,0.0,1.0,0.148148,0.4,0.723077,0.189781,0.623853,0.00813,CellWhisperer chat model,Mistral 7B,Selected-cell transcriptome embeddings to CellWhisperer chat model,transcriptome embeddings for free-text chat,2,2,False,0,0
full_2026-07-06__rec_000827,route_3156daf01c21,route_d9f23aaa6ac4,0.500288,False,False,False,carrier_subtype;fusion_topology,0.235294,1.0,0.0,1.0,1.0,0.0,1.0,0.148148,0.560976,0.6,0.229885,0.638655,0.0,CellWhisperer chat model,Mistral 7B,Selected-cell transcriptome embeddings to CellWhisperer chat model,transcriptome embeddings for gene-list-augmented chat,1,2,False,0,0
full_2026-07-06__rec_000827,route_3f639ffdbe5d,route_18f89518c544,0.736591,True,True,False,,0.235294,1.0,1.0,1.0,1.0,1.0,1.0,1.0,0.529412,0.393443,0.189781,0.697674,0.02459,CellWhisperer chat model,Mistral 7B,Free-text questions to CellWhisperer chat model,free-text questions for Mistral 7B chat,1,1,True,1,1
full_2026-07-06__rec_000827,route_3f639ffdbe5d,route_5d1c44891b0e,0.573139,False,False,False,lifecycle_phase,0.266667,1.0,1.0,1.0,0.0,1.0,1.0,0.244898,0.413793,0.347826,0.277778,0.258824,0.352941,CellWhisperer chat model,GPT-4o,Free-text questions to CellWhisperer chat model,developmental query variant generation,3,3,False,1,0
full_2026-07-06__rec_000827,route_3f639ffdbe5d,route_7fa24c55923f,0.468283,False,False,False,carrier_subtype;lifecycle_phase;text_role,0.266667,1.0,0.0,1.0,0.0,1.0,0.0,0.533333,0.326531,0.32,0.375,0.423529,0.322581,CellWhisperer chat model,GPT-4o,Free-text questions to CellWhisperer chat model,Carnegie stage annotation condensation,4,3,False,1,0
full_2026-07-06__rec_000827,route_3f639ffdbe5d,route_f379828f3729,0.620706,False,False,False,lifecycle_phase,0.235294,1.0,1.0,1.0,0.0,1.0,1.0,0.634146,0.529412,0.393443,0.283019,0.47619,0.02459,CellWhisperer chat model,Mistral 7B,Free-text questions to CellWhisperer chat model,training-set questions for Mistral 7B,2,2,False,1,1
full_2026-07-06__rec_000827,route_46dda4ace7af,route_aeb5e2abdcbf,0.486808,False,True,False,fusion_topology;text_role,0.117647,1.0,1.0,1.0,1.0,0.0,0.0,0.292683,0.194444,0.228571,0.268908,0.171429,0.204819,CellWhisperer embedding model,GPT-4,Cell-characteristic labels to CellWhisperer embedding model,Human Diseases metadata annotation preparation,1,1,False,0,0
full_2026-07-06__rec_000827,route_4713112371b0,route_7961776cdf5d,0.568823,False,False,False,lifecycle_phase;fusion_topology;text_role,0.117647,1.0,1.0,1.0,0.0,0.0,0.0,0.972973,0.542373,0.406015,0.537313,0.553191,0.423077,CellWhisperer embedding model,GPT-4,Textual annotations to CellWhisperer embedding model,textual annotation conversation generation,1,1,False,0,0
full_2026-07-06__rec_000827,route_4713112371b0,route_7fa24c55923f,0.510518,False,False,False,lifecycle_phase;fusion_topology;text_role,0.171429,1.0,1.0,1.0,0.0,0.0,0.0,0.622222,0.606061,0.264151,0.304762,0.4,0.385321,CellWhisperer embedding model,GPT-4o,Textual annotations to CellWhisperer embedding model,Carnegie stage annotation condensation,2,2,False,0,0
full_2026-07-06__rec_000827,route_650c782cd1ac,route_18f89518c544,0.661235,False,True,False,fusion_topology,0.25641,1.0,1.0,1.0,1.0,0.0,1.0,0.833333,0.341463,0.591304,0.32,0.449438,0.078125,CellWhisperer embedding model,Mistral 7B,Free-text queries to CellWhisperer embedding model,free-text questions for Mistral 7B chat,1,2,False,0,1
full_2026-07-06__rec_000827,route_650c782cd1ac,route_5d1c44891b0e,0.506655,False,False,False,lifecycle_phase;fusion_topology,0.171429,1.0,1.0,1.0,0.0,0.0,1.0,0.255319,0.5,0.28,0.333333,0.318182,0.322981,CellWhisperer embedding model,GPT-4o,Free-text queries to CellWhisperer embedding model,developmental query variant generation,3,5,False,0,0
full_2026-07-06__rec_000827,route_650c782cd1ac,route_f379828f3729,0.551201,False,False,False,lifecycle_phase;fusion_topology,0.25641,1.0,1.0,1.0,0.0,0.0,1.0,0.461538,0.341463,0.591304,0.446809,0.390805,0.078125,CellWhisperer embedding model,Mistral 7B,Free-text queries to CellWhisperer embedding model,training-set questions for Mistral 7B,2,3,False,0,1
full_2026-07-06__rec_000827,route_b5e0ed0044c2,route_9c9472f8e7e2,0.758852,True,True,False,,0.235294,1.0,1.0,1.0,1.0,1.0,1.0,0.962963,0.472222,0.817391,0.226804,0.681319,0.016393,CellWhisperer chat model,Mistral 7B,Transcriptome embeddings to CellWhisperer chat model,transcriptome embeddings for Mistral 7B,1,1,True,1,1
full_2026-07-06__rec_000827,route_b5e0ed0044c2,route_bb26511b84b2,0.675371,False,False,False,lifecycle_phase,0.235294,1.0,1.0,1.0,0.0,1.0,1.0,0.962963,0.382979,0.660377,0.28125,0.715789,0.016393,CellWhisperer chat model,Mistral 7B,Transcriptome embeddings to CellWhisperer chat model,transcriptome embeddings for free-text chat,3,1,False,1,0
full_2026-07-06__rec_000827,route_b5e0ed0044c2,route_d9f23aaa6ac4,0.692512,False,False,False,lifecycle_phase,0.235294,1.0,1.0,1.0,0.0,1.0,1.0,0.962963,0.754098,0.509434,0.315152,0.72381,0.011236,CellWhisperer chat model,Mistral 7B,Transcriptome embeddings to CellWhisperer chat model,transcriptome embeddings for gene-list-augmented chat,2,1,False,1,0
full_2026-07-06__rec_000827,route_b725042aaec4,route_18f89518c544,0.470212,False,False,False,lifecycle_phase;fusion_topology;text_role,0.25641,1.0,1.0,1.0,0.0,0.0,0.0,0.470588,0.333333,0.266667,0.338462,0.298851,0.062992,CellWhisperer embedding model,Mistral 7B,Gene-set labels to CellWhisperer embedding model,free-text questions for Mistral 7B chat,2,5,False,0,1
full_2026-07-06__rec_000827,route_b725042aaec4,route_5d1c44891b0e,0.520268,False,True,False,fusion_topology;text_role,0.171429,1.0,1.0,1.0,1.0,0.0,0.0,0.266667,0.322581,0.377778,0.316832,0.162791,0.405797,CellWhisperer embedding model,GPT-4o,Gene-set labels to CellWhisperer embedding model,developmental query variant generation,1,4,False,0,0
full_2026-07-06__rec_000827,route_b725042aaec4,route_f379828f3729,0.467201,False,False,False,lifecycle_phase;fusion_topology;text_role,0.25641,1.0,1.0,1.0,0.0,0.0,0.0,0.432432,0.333333,0.266667,0.323232,0.376471,0.062992,CellWhisperer embedding model,Mistral 7B,Gene-set labels to CellWhisperer embedding model,training-set questions for Mistral 7B,3,5,False,0,1
full_2026-07-06__rec_000827,route_be0542d1039f,route_18f89518c544,0.633206,False,False,False,lifecycle_phase,0.235294,1.0,1.0,1.0,0.0,1.0,1.0,0.594595,0.75,0.393443,0.28125,0.539326,0.02459,CellWhisperer chat model,Mistral 7B,Training-set questions to CellWhisperer chat model,free-text questions for Mistral 7B chat,2,3,False,1,1
full_2026-07-06__rec_000827,route_be0542d1039f,route_5d1c44891b0e,0.581842,False,False,False,lifecycle_phase,0.266667,1.0,1.0,1.0,0.0,1.0,1.0,0.333333,0.421053,0.347826,0.282828,0.227273,0.309859,CellWhisperer chat model,GPT-4o,Training-set questions to CellWhisperer chat model,developmental query variant generation,3,2,False,1,0
full_2026-07-06__rec_000827,route_be0542d1039f,route_7961776cdf5d,0.522635,False,False,False,carrier_subtype;text_role,0.206897,1.0,0.0,1.0,1.0,1.0,0.0,0.444444,0.3125,0.25974,0.465517,0.391304,0.433333,CellWhisperer chat model,GPT-4,Training-set questions to CellWhisperer chat model,textual annotation conversation generation,4,2,False,1,0
full_2026-07-06__rec_000827,route_be0542d1039f,route_e0daee322d2c,0.494531,False,False,False,carrier_subtype;text_role,0.206897,1.0,0.0,1.0,1.0,1.0,0.0,0.297872,0.214286,0.246575,0.465517,0.442105,0.327273,CellWhisperer chat model,GPT-4,Training-set questions to CellWhisperer chat model,GSVA-derived gene-set conversation generation,5,2,False,1,0
full_2026-07-06__rec_000827,route_be0542d1039f,route_f379828f3729,0.740953,True,True,False,,0.235294,1.0,1.0,1.0,1.0,1.0,1.0,0.9,0.75,0.393443,0.226804,0.666667,0.02459,CellWhisperer chat model,Mistral 7B,Training-set questions to CellWhisperer chat model,training-set questions for Mistral 7B,1,1,True,1,1
full_2026-07-06__rec_000827,route_d40f03507813,route_18f89518c544,0.50911,False,False,False,lifecycle_phase;fusion_topology,0.25641,1.0,1.0,1.0,0.0,0.0,1.0,0.415094,0.226415,0.408163,0.228188,0.301887,0.026963,CellWhisperer embedding model,Mistral 7B,Developmental-stage query variants to CellWhisperer embedding model,free-text questions for Mistral 7B chat,2,4,False,0,1
full_2026-07-06__rec_000827,route_d40f03507813,route_5d1c44891b0e,0.670487,False,True,False,fusion_topology,0.171429,1.0,1.0,1.0,1.0,0.0,1.0,0.84375,0.208333,0.554217,0.216667,0.628571,0.847059,CellWhisperer embedding model,GPT-4o,Developmental-stage query variants to CellWhisperer embedding model,developmental query variant generation,1,1,False,0,0
full_2026-07-06__rec_000827,route_d40f03507813,route_f379828f3729,0.506259,False,False,False,lifecycle_phase;fusion_topology,0.25641,1.0,1.0,1.0,0.0,0.0,1.0,0.392857,0.226415,0.408163,0.186441,0.365385,0.026963,CellWhisperer embedding model,Mistral 7B,Developmental-stage query variants to CellWhisperer embedding model,training-set questions for Mistral 7B,3,4,False,0,1
full_2026-07-06__rec_000827,route_d58f091d0778,route_74816136a511,0.488285,False,False,False,source_modality;lifecycle_phase;fusion_topology,0.206897,1.0,1.0,0.0,0.0,0.0,1.0,0.733333,0.352941,0.26087,0.521739,0.372549,0.578947,CellWhisperer chat model,GPT-4,Highly expressed genes prompt augmentation to CellWhisperer chat model,top-gene conversation generation,3,1,False,0,0
full_2026-07-06__rec_000827,route_d58f091d0778,route_7961776cdf5d,0.487559,False,False,False,lifecycle_phase;fusion_topology,0.206897,1.0,1.0,1.0,0.0,0.0,1.0,0.227273,0.150943,0.230769,0.521739,0.375,0.233333,CellWhisperer chat model,GPT-4,Highly expressed genes prompt augmentation to CellWhisperer chat model,textual annotation conversation generation,4,3,False,0,0
full_2026-07-06__rec_000827,route_d58f091d0778,route_7fa24c55923f,0.578359,False,True,False,fusion_topology,0.266667,1.0,1.0,1.0,1.0,0.0,1.0,0.307692,0.266667,0.27451,0.372093,0.388889,0.215385,CellWhisperer chat model,GPT-4o,Highly expressed genes prompt augmentation to CellWhisperer chat model,Carnegie stage annotation condensation,1,1,False,0,0
full_2026-07-06__rec_000827,route_d58f091d0778,route_98786d109e18,0.484616,False,False,False,source_modality;lifecycle_phase;fusion_topology,0.235294,1.0,1.0,0.0,0.0,0.0,1.0,0.8,0.352941,0.321429,0.378049,0.685185,0.034091,CellWhisperer chat model,Mistral 7B,Highly expressed genes prompt augmentation to CellWhisperer chat model,highly expressed genes prompt for chat,5,1,False,0,0
full_2026-07-06__rec_000827,route_d58f091d0778,route_aeb5e2abdcbf,0.469559,False,False,False,carrier_subtype;fusion_topology,0.206897,1.0,0.0,1.0,1.0,0.0,1.0,0.292683,0.186047,0.190476,0.396694,0.448276,0.197531,CellWhisperer chat model,GPT-4,Highly expressed genes prompt augmentation to CellWhisperer chat model,Human Diseases metadata annotation preparation,6,2,False,0,0
full_2026-07-06__rec_000827,route_d58f091d0778,route_e0daee322d2c,0.519363,False,False,False,lifecycle_phase;fusion_topology,0.206897,1.0,1.0,1.0,0.0,0.0,1.0,0.4,0.204082,0.243243,0.521739,0.417391,0.363636,CellWhisperer chat model,GPT-4,Highly expressed genes prompt augmentation to CellWhisperer chat model,GSVA-derived gene-set conversation generation,2,1,False,0,0
full_2026-07-06__rec_000950,route_00c25412e5d9,route_159cdd15d900,0.548507,False,False,True,carrier_subtype;fusion_topology;text_role,1.0,1.0,0.0,1.0,1.0,0.0,0.0,0.355556,0.342857,0.403226,0.184615,0.410959,0.30137,Chroma,Chroma,CATH topology-conditioned generation,natural-language caption conditioning,1,3,False,0,1
full_2026-07-06__rec_000950,route_00c25412e5d9,route_1ea651fde5b6,0.479991,False,False,True,carrier_family;carrier_subtype;source_modality;text_role,1.0,0.0,0.0,0.0,1.0,1.0,0.0,0.711111,0.565217,0.36,0.787879,0.774194,0.181818,Chroma,Chroma,CATH topology-conditioned generation,CATH topology conditioning,2,6,False,0,0
full_2026-07-06__rec_000950,route_0ea4f6162566,route_1ea651fde5b6,0.590485,False,False,True,source_modality;text_role,1.0,1.0,1.0,0.0,1.0,1.0,0.0,0.339623,0.26087,0.333333,0.181818,0.45614,0.134021,Chroma,Chroma,symmetry-conditioned generation,CATH topology conditioning,7,1,False,3,0
full_2026-07-06__rec_000950,route_0ea4f6162566,route_5a806a5a73a1,0.696224,True,False,True,source_modality,1.0,1.0,1.0,0.0,1.0,1.0,1.0,0.561404,0.684211,0.22,0.243902,0.48,0.224138,Chroma,Chroma,symmetry-conditioned generation,domain conditioning,3,1,False,3,2
full_2026-07-06__rec_000950,route_0ea4f6162566,route_7776f0a5da8d,0.765488,True,False,True,source_modality,1.0,1.0,1.0,0.0,1.0,1.0,1.0,0.518519,1.0,0.421875,0.449438,0.885714,0.617284,Chroma,Chroma,symmetry-conditioned generation,symmetry-conditioned complex generation,2,1,True,3,2
full_2026-07-06__rec_000950,route_0ea4f6162566,route_ab0d8afb5c61,0.60872,False,False,True,source_modality;text_role,1.0,1.0,1.0,0.0,1.0,1.0,0.0,0.333333,0.304348,0.38835,0.390805,0.434783,0.191176,Chroma,Chroma,symmetry-conditioned generation,secondary-structure class conditioning,5,1,False,3,0
full_2026-07-06__rec_000950,route_0ea4f6162566,route_ccd3934eda3c,0.591823,False,False,True,source_modality;text_role,1.0,1.0,1.0,0.0,1.0,1.0,0.0,0.173913,0.166667,0.545455,0.303571,0.444444,0.314815,Chroma,Chroma,symmetry-conditioned generation,fold class conditioning,6,2,False,3,0
full_2026-07-06__rec_000950,route_0ea4f6162566,route_db75cb3b4b73,0.780237,True,True,True,,1.0,1.0,1.0,1.0,1.0,1.0,1.0,0.53125,0.666667,0.22,0.243902,0.430769,0.232558,Chroma,Chroma,symmetry-conditioned generation,inter-residue contact conditioning,1,2,False,3,2
full_2026-07-06__rec_000950,route_0ea4f6162566,route_f1dd746f351d,0.649437,False,False,True,source_modality,1.0,1.0,1.0,0.0,1.0,1.0,1.0,0.163934,0.528302,0.363636,0.268293,0.4,0.297872,Chroma,Chroma,symmetry-conditioned generation,inter-atomic distance conditioning,4,2,False,3,1
full_2026-07-06__rec_000950,route_2859cd837ee1,route_7776f0a5da8d,0.541369,False,False,True,carrier_subtype;source_modality;fusion_topology,1.0,1.0,0.0,0.0,1.0,0.0,1.0,0.509804,0.392157,0.241135,0.653846,0.34375,0.321429,Chroma,Chroma,reverse polymer diffusion,symmetry-conditioned complex generation,3,7,False,1,2
full_2026-07-06__rec_000950,route_2859cd837ee1,route_a46c8a9da4a4,0.541487,False,False,True,carrier_subtype;fusion_topology,1.0,1.0,0.0,1.0,1.0,0.0,1.0,0.097561,0.085106,0.323529,0.326531,0.210526,0.213333,Chroma,Chroma,reverse polymer diffusion,backbone-conditioned sequence and side-chain design,2,5,False,1,1
full_2026-07-06__rec_000950,route_2859cd837ee1,route_b48c4af698c6,0.811866,True,True,True,fusion_topology,1.0,1.0,1.0,1.0,1.0,0.0,1.0,0.55814,0.807692,0.735849,1.0,0.548387,0.25974,Chroma,Chroma,reverse polymer diffusion,correlated protein backbone diffusion,1,1,True,1,1
full_2026-07-06__rec_000950,route_77dfdb78625a,route_159cdd15d900,0.550825,False,False,True,carrier_subtype;fusion_topology;text_role,1.0,1.0,0.0,1.0,1.0,0.0,0.0,0.380952,0.3125,0.37037,0.193548,0.4,0.390805,Chroma,Chroma,CATH class-conditioned generation,natural-language caption conditioning,1,2,False,0,1
full_2026-07-06__rec_000950,route_a5f44337f2ea,route_7776f0a5da8d,0.596842,False,False,True,carrier_subtype;source_modality,1.0,1.0,0.0,0.0,1.0,1.0,1.0,0.47619,0.45,0.394737,0.351145,0.515152,0.188889,Chroma,Chroma,backbone-conditioned design,symmetry-conditioned complex generation,6,3,False,3,2
full_2026-07-06__rec_000950,route_a5f44337f2ea,route_a46c8a9da4a4,0.758037,True,True,True,fusion_topology,1.0,1.0,1.0,1.0,1.0,0.0,1.0,0.6875,0.444444,0.598639,0.192,0.692308,0.303797,Chroma,Chroma,backbone-conditioned design,backbone-conditioned sequence and side-chain design,1,1,True,3,1
full_2026-07-06__rec_000950,route_a5f44337f2ea,route_a9ab693f3f0f,0.684621,True,False,True,source_modality,1.0,1.0,1.0,0.0,1.0,1.0,1.0,0.5,0.304348,0.409091,0.284211,0.654545,0.270833,Chroma,Chroma,backbone-conditioned design,shape-conditioned generation,3,3,False,3,3
full_2026-07-06__rec_000950,route_a5f44337f2ea,route_b48c4af698c6,0.694802,False,False,True,carrier_subtype,1.0,1.0,0.0,1.0,1.0,1.0,1.0,0.588235,0.634146,0.17094,0.321168,0.4375,0.216867,Chroma,Chroma,backbone-conditioned design,correlated protein backbone diffusion,2,2,False,3,1
full_2026-07-06__rec_000950,route_a5f44337f2ea,route_dde3a4ff2302,0.675796,True,False,True,source_modality,1.0,1.0,1.0,0.0,1.0,1.0,1.0,0.488889,0.423077,0.35461,0.230088,0.372881,0.25,Chroma,Chroma,backbone-conditioned design,substructure and motif infilling,4,3,False,3,4
full_2026-07-06__rec_000950,route_b25b4a0085f3,route_159cdd15d900,0.683305,True,False,True,source_modality;fusion_topology;text_role,1.0,1.0,1.0,0.0,1.0,0.0,0.0,1.0,0.666667,0.25,0.814815,0.537313,0.556962,Chroma,Chroma,caption-conditioned generation,natural-language caption conditioning,1,1,True,1,1
full_2026-07-06__rec_000950,route_c7b24562a8ff,route_5a806a5a73a1,0.61978,False,False,True,carrier_subtype;source_modality,1.0,1.0,0.0,0.0,1.0,1.0,1.0,0.55814,0.608696,0.38806,0.363636,0.424242,0.30303,Chroma,Chroma,motif grafting,domain conditioning,4,3,False,2,2
full_2026-07-06__rec_000950,route_c7b24562a8ff,route_a46c8a9da4a4,0.573296,False,False,True,source_modality;fusion_topology,1.0,1.0,1.0,0.0,1.0,0.0,1.0,0.2,0.227273,0.484076,0.307692,0.246154,0.168317,Chroma,Chroma,motif grafting,backbone-conditioned sequence and side-chain design,8,3,False,2,1
full_2026-07-06__rec_000950,route_c7b24562a8ff,route_a9ab693f3f0f,0.68632,True,False,True,source_modality,1.0,1.0,1.0,0.0,1.0,1.0,1.0,0.538462,0.296296,0.422535,0.27972,0.47619,0.327869,Chroma,Chroma,motif grafting,shape-conditioned generation,2,2,False,2,3
full_2026-07-06__rec_000950,route_c7b24562a8ff,route_ccd3934eda3c,0.555272,False,False,True,carrier_subtype;source_modality;text_role,1.0,1.0,0.0,0.0,1.0,1.0,0.0,0.625,0.285714,0.333333,0.392523,0.324324,0.43956,Chroma,Chroma,motif grafting,fold class conditioning,9,3,False,2,0
full_2026-07-06__rec_000950,route_c7b24562a8ff,route_db75cb3b4b73,0.67934,False,False,True,carrier_subtype,1.0,1.0,0.0,1.0,1.0,1.0,1.0,0.32,0.680851,0.38806,0.363636,0.25,0.26087,Chroma,Chroma,motif grafting,inter-residue contact conditioning,3,3,False,2,2
full_2026-07-06__rec_000950,route_c7b24562a8ff,route_dde3a4ff2302,0.72262,True,False,True,source_modality,1.0,1.0,1.0,0.0,1.0,1.0,1.0,0.604651,0.766667,0.331126,0.333333,0.434783,0.337662,Chroma,Chroma,motif grafting,substructure and motif infilling,1,2,False,2,4
full_2026-07-06__rec_000950,route_d1bfd21eeec5,route_1ea651fde5b6,0.505439,False,False,True,carrier_subtype;source_modality;text_role,1.0,1.0,0.0,0.0,1.0,1.0,0.0,0.27027,0.363636,0.325581,0.238806,0.481481,0.209424,Chroma,Chroma,shape-conditioned generation,CATH topology conditioning,11,3,False,2,0
full_2026-07-06__rec_000950,route_d1bfd21eeec5,route_a9ab693f3f0f,0.863725,True,True,True,,1.0,1.0,1.0,1.0,1.0,1.0,1.0,1.0,0.436364,0.480519,0.228188,1.0,0.453333,Chroma,Chroma,shape-conditioned generation,shape-conditioned generation,1,1,True,2,3
full_2026-07-06__rec_000950,route_d1bfd21eeec5,route_dde3a4ff2302,0.665299,True,False,True,source_modality,1.0,1.0,1.0,0.0,1.0,1.0,1.0,0.341463,0.590164,0.306748,0.222222,0.3,0.285714,Chroma,Chroma,shape-conditioned generation,substructure and motif infilling,2,4,False,2,4
full_2026-07-06__rec_000950,route_d1bfd21eeec5,route_f1dd746f351d,0.594708,False,False,True,carrier_subtype;source_modality,1.0,1.0,0.0,0.0,1.0,1.0,1.0,0.311111,0.677419,0.402985,0.26506,0.451613,0.373626,Chroma,Chroma,shape-conditioned generation,inter-atomic distance conditioning,3,5,False,2,1
full_2026-07-06__rec_000950,route_d4dbcd25720c,route_a46c8a9da4a4,0.588519,False,False,True,source_modality;fusion_topology,1.0,1.0,1.0,0.0,1.0,0.0,1.0,0.342857,0.26087,0.379562,0.380952,0.219178,0.173077,Chroma,Chroma,substructure infilling,backbone-conditioned sequence and side-chain design,6,2,False,1,1
full_2026-07-06__rec_000950,route_d4dbcd25720c,route_a9ab693f3f0f,0.635872,False,False,True,source_modality,1.0,1.0,1.0,0.0,1.0,1.0,1.0,0.193548,0.285714,0.393443,0.295302,0.28,0.298507,Chroma,Chroma,substructure infilling,shape-conditioned generation,3,4,False,1,3
full_2026-07-06__rec_000950,route_d4dbcd25720c,route_ab0d8afb5c61,0.547512,False,False,True,carrier_subtype;source_modality;text_role,1.0,1.0,0.0,0.0,1.0,1.0,0.0,0.509804,0.392857,0.25641,0.454545,0.533333,0.304,Chroma,Chroma,substructure infilling,secondary-structure class conditioning,9,3,False,1,0
full_2026-07-06__rec_000950,route_d4dbcd25720c,route_b48c4af698c6,0.610117,False,False,True,carrier_subtype;source_modality,1.0,1.0,0.0,0.0,1.0,1.0,1.0,0.648649,0.54902,0.205607,0.395833,0.305085,0.262774,Chroma,Chroma,substructure infilling,correlated protein backbone diffusion,4,3,False,1,1
full_2026-07-06__rec_000950,route_d4dbcd25720c,route_db75cb3b4b73,0.658046,False,False,True,carrier_subtype,1.0,1.0,0.0,1.0,1.0,1.0,1.0,0.218182,0.44898,0.438596,0.409639,0.392857,0.186667,Chroma,Chroma,substructure infilling,inter-residue contact conditioning,2,4,False,1,2
full_2026-07-06__rec_000950,route_d4dbcd25720c,route_dde3a4ff2302,0.734241,True,False,True,source_modality,1.0,1.0,1.0,0.0,1.0,1.0,1.0,0.583333,0.774194,0.381679,0.25,0.814815,0.409639,Chroma,Chroma,substructure infilling,substructure and motif infilling,1,1,True,1,4
full_2026-07-06__rec_000950,route_d4dbcd25720c,route_f1dd746f351d,0.602644,False,False,True,carrier_subtype;source_modality,1.0,1.0,0.0,0.0,1.0,1.0,1.0,0.346154,0.412698,0.823529,0.26506,0.357143,0.26506,Chroma,Chroma,substructure infilling,inter-atomic distance conditioning,5,3,False,1,1
full_2026-07-06__rec_000950,route_e1380525cb8e,route_1ea651fde5b6,0.579402,False,False,True,source_modality;text_role,1.0,1.0,1.0,0.0,1.0,1.0,0.0,0.310345,0.235294,0.253521,0.235294,0.350877,0.141304,Chroma,Chroma,distance-constrained generation,CATH topology conditioning,7,2,False,4,0
full_2026-07-06__rec_000950,route_e1380525cb8e,route_5a806a5a73a1,0.685568,True,False,True,source_modality,1.0,1.0,1.0,0.0,1.0,1.0,1.0,0.290323,0.744186,0.396552,0.333333,0.48,0.245283,Chroma,Chroma,distance-constrained generation,domain conditioning,3,2,False,4,2
full_2026-07-06__rec_000950,route_e1380525cb8e,route_7776f0a5da8d,0.668722,True,False,True,source_modality,1.0,1.0,1.0,0.0,1.0,1.0,1.0,0.338983,0.577778,0.222222,0.263736,0.628571,0.25,Chroma,Chroma,distance-constrained generation,symmetry-conditioned complex generation,4,2,False,4,2
full_2026-07-06__rec_000950,route_e1380525cb8e,route_ab0d8afb5c61,0.592095,False,False,True,source_modality;text_role,1.0,1.0,1.0,0.0,1.0,1.0,0.0,0.369231,0.196078,0.268908,0.224719,0.376812,0.31746,Chroma,Chroma,distance-constrained generation,secondary-structure class conditioning,6,2,False,4,0
full_2026-07-06__rec_000950,route_e1380525cb8e,route_ccd3934eda3c,0.596068,False,False,True,source_modality;text_role,1.0,1.0,1.0,0.0,1.0,1.0,0.0,0.352941,0.226415,0.349206,0.22807,0.407407,0.244898,Chroma,Chroma,distance-constrained generation,fold class conditioning,5,1,False,4,0
full_2026-07-06__rec_000950,route_e1380525cb8e,route_db75cb3b4b73,0.807838,True,True,True,,1.0,1.0,1.0,1.0,1.0,1.0,1.0,0.521739,0.727273,0.396552,0.333333,0.4,0.447368,Chroma,Chroma,distance-constrained generation,inter-residue contact conditioning,2,1,False,4,2
full_2026-07-06__rec_000950,route_e1380525cb8e,route_f1dd746f351d,0.876614,True,False,True,source_modality,1.0,1.0,1.0,0.0,1.0,1.0,1.0,1.0,0.862069,0.865385,1.0,0.523077,1.0,Chroma,Chroma,distance-constrained generation,inter-atomic distance conditioning,1,1,True,4,1
full_2026-07-06__rec_001074,route_02c0e3b2989d,route_1945b7def38e,0.553139,False,True,False,fusion_topology;text_role,0.285714,1.0,1.0,1.0,1.0,0.0,0.0,0.25,0.530612,0.263736,0.490566,0.426966,0.32636,BIOREASON,Qwen3,BIOREASON paired-DNA route for VEP coding,BIOREASON Enformer chromatin accessibility route,4,3,False,3,2
full_2026-07-06__rec_001074,route_02c0e3b2989d,route_6b88a24df658,0.779774,True,True,False,,0.285714,1.0,1.0,1.0,1.0,1.0,1.0,1.0,0.563107,0.596078,0.325581,0.567568,0.454545,BIOREASON,Qwen3,BIOREASON paired-DNA route for VEP coding,BIOREASON KEGG DNA sequence route,3,2,False,3,3
full_2026-07-06__rec_001074,route_02c0e3b2989d,route_909fab50c354,0.803907,True,True,False,,0.285714,1.0,1.0,1.0,1.0,1.0,1.0,1.0,0.563107,0.596078,0.876404,0.518519,0.406143,BIOREASON,Qwen3,BIOREASON paired-DNA route for VEP coding,BIOREASON VEP-Non-SNV DNA sequence route,2,2,False,3,3
full_2026-07-06__rec_001074,route_02c0e3b2989d,route_9f2e4378ab4e,0.80869,True,True,False,,0.285714,1.0,1.0,1.0,1.0,1.0,1.0,1.0,0.563107,0.596078,1.0,0.625,0.291367,BIOREASON,Qwen3,BIOREASON paired-DNA route for VEP coding,BIOREASON VEP-Coding DNA sequence route,1,1,True,3,3
full_2026-07-06__rec_001074,route_117a7ed13935,route_63d3232eb95a,0.80534,True,True,False,,0.285714,1.0,1.0,1.0,1.0,1.0,1.0,0.857143,0.852459,0.358696,1.0,0.714286,0.478261,BIOREASON,Qwen3,BIOREASON text-query route for KEGG reasoning,BIOREASON KEGG text query route,1,1,True,3,3
full_2026-07-06__rec_001074,route_117a7ed13935,route_d16851ea3c52,0.789782,True,True,False,,0.285714,1.0,1.0,1.0,1.0,1.0,1.0,1.0,1.0,0.358696,0.329412,0.626506,0.30662,BIOREASON,Qwen3,BIOREASON text-query route for KEGG reasoning,BIOREASON VEP-Non-SNV text query route,2,3,False,3,3
full_2026-07-06__rec_001074,route_117a7ed13935,route_f1557c915aec,0.78921,True,True,False,,0.285714,1.0,1.0,1.0,1.0,1.0,1.0,1.0,1.0,0.358696,0.348837,0.634146,0.262295,BIOREASON,Qwen3,BIOREASON text-query route for KEGG reasoning,BIOREASON VEP-Coding text query route,3,3,False,3,3
full_2026-07-06__rec_001074,route_4788f463b87c,route_1945b7def38e,0.801492,True,True,False,,0.454545,1.0,1.0,1.0,1.0,1.0,1.0,0.351351,1.0,0.454545,1.0,0.614035,1.0,Enformer-Qwen3-4B,Qwen3,Enformer-Qwen3-4B DNA route for chromatin accessibility prediction,BIOREASON Enformer chromatin accessibility route,1,1,True,1,2
full_2026-07-06__rec_001074,route_4788f463b87c,route_909fab50c354,0.547344,False,True,False,fusion_topology;text_role,0.454545,1.0,1.0,1.0,1.0,0.0,0.0,0.333333,0.282609,0.246696,0.4,0.320755,0.039474,Enformer-Qwen3-4B,Qwen3,Enformer-Qwen3-4B DNA route for chromatin accessibility prediction,BIOREASON VEP-Non-SNV DNA sequence route,3,4,False,1,3
full_2026-07-06__rec_001074,route_4788f463b87c,route_9f2e4378ab4e,0.550212,False,True,False,fusion_topology;text_role,0.454545,1.0,1.0,1.0,1.0,0.0,0.0,0.333333,0.282609,0.246696,0.45283,0.304762,0.057143,Enformer-Qwen3-4B,Qwen3,Enformer-Qwen3-4B DNA route for chromatin accessibility prediction,BIOREASON VEP-Coding DNA sequence route,2,4,False,1,3
full_2026-07-06__rec_001074,route_5a403a673a74,route_1945b7def38e,0.79625,True,True,False,,0.416667,1.0,1.0,1.0,1.0,1.0,1.0,0.351351,1.0,0.454545,1.0,0.603448,1.0,Enformer-Qwen3-1.7B,Qwen3,Enformer-Qwen3-1.7B DNA route for chromatin accessibility prediction,BIOREASON Enformer chromatin accessibility route,1,2,False,1,2
full_2026-07-06__rec_001074,route_5a403a673a74,route_909fab50c354,0.542241,False,True,False,fusion_topology;text_role,0.416667,1.0,1.0,1.0,1.0,0.0,0.0,0.333333,0.282609,0.246696,0.4,0.314815,0.039474,Enformer-Qwen3-1.7B,Qwen3,Enformer-Qwen3-1.7B DNA route for chromatin accessibility prediction,BIOREASON VEP-Non-SNV DNA sequence route,3,5,False,1,3
full_2026-07-06__rec_001074,route_5a403a673a74,route_9f2e4378ab4e,0.545117,False,True,False,fusion_topology;text_role,0.416667,1.0,1.0,1.0,1.0,0.0,0.0,0.333333,0.282609,0.246696,0.45283,0.299065,0.057143,Enformer-Qwen3-1.7B,Qwen3,Enformer-Qwen3-1.7B DNA route for chromatin accessibility prediction,BIOREASON VEP-Coding DNA sequence route,2,5,False,1,3
full_2026-07-06__rec_001074,route_7af8b3f99eea,route_6b88a24df658,0.777771,True,True,False,,0.285714,1.0,1.0,1.0,1.0,1.0,1.0,1.0,0.563107,0.596078,0.305882,0.56,0.434783,BIOREASON,Qwen3,BIOREASON paired-DNA route for VEP non-SNV,BIOREASON KEGG DNA sequence route,3,3,False,3,3
full_2026-07-06__rec_001074,route_7af8b3f99eea,route_909fab50c354,0.815706,True,True,False,,0.285714,1.0,1.0,1.0,1.0,1.0,1.0,1.0,0.563107,0.596078,1.0,0.666667,0.435511,BIOREASON,Qwen3,BIOREASON paired-DNA route for VEP non-SNV,BIOREASON VEP-Non-SNV DNA sequence route,1,1,True,3,3
full_2026-07-06__rec_001074,route_7af8b3f99eea,route_9f2e4378ab4e,0.797601,True,True,False,,0.285714,1.0,1.0,1.0,1.0,1.0,1.0,1.0,0.563107,0.596078,0.853933,0.54321,0.258065,BIOREASON,Qwen3,BIOREASON paired-DNA route for VEP non-SNV,BIOREASON VEP-Coding DNA sequence route,2,2,False,3,3
full_2026-07-06__rec_001074,route_8eed18cb3f9a,route_63d3232eb95a,0.770908,True,True,False,,0.285714,1.0,1.0,1.0,1.0,1.0,1.0,0.857143,0.852459,0.358696,0.325581,0.722222,0.454545,BIOREASON,Qwen3,BIOREASON text-query route for VEP coding,BIOREASON KEGG text query route,3,2,False,3,3
full_2026-07-06__rec_001074,route_8eed18cb3f9a,route_d16851ea3c52,0.822064,True,True,False,,0.285714,1.0,1.0,1.0,1.0,1.0,1.0,1.0,1.0,0.358696,0.876404,0.658228,0.406143,BIOREASON,Qwen3,BIOREASON text-query route for VEP coding,BIOREASON VEP-Non-SNV text query route,2,2,False,3,3
full_2026-07-06__rec_001074,route_8eed18cb3f9a,route_f1557c915aec,0.829621,True,True,False,,0.285714,1.0,1.0,1.0,1.0,1.0,1.0,1.0,1.0,0.358696,1.0,0.857143,0.291367,BIOREASON,Qwen3,BIOREASON text-query route for VEP coding,BIOREASON VEP-Coding text query route,1,1,True,3,3
full_2026-07-06__rec_001074,route_d3ff94f9529e,route_6b88a24df658,0.81357,True,True,False,,0.285714,1.0,1.0,1.0,1.0,1.0,1.0,1.0,0.563107,0.596078,1.0,0.538462,0.478261,BIOREASON,Qwen3,BIOREASON paired-DNA route for KEGG reasoning,BIOREASON KEGG DNA sequence route,1,1,True,3,3
full_2026-07-06__rec_001074,route_d3ff94f9529e,route_909fab50c354,0.771845,True,True,False,,0.285714,1.0,1.0,1.0,1.0,1.0,1.0,1.0,0.563107,0.596078,0.329412,0.494118,0.30662,BIOREASON,Qwen3,BIOREASON paired-DNA route for KEGG reasoning,BIOREASON VEP-Non-SNV DNA sequence route,3,3,False,3,3
full_2026-07-06__rec_001074,route_d3ff94f9529e,route_9f2e4378ab4e,0.771934,True,True,False,,0.285714,1.0,1.0,1.0,1.0,1.0,1.0,1.0,0.563107,0.596078,0.348837,0.52381,0.262295,BIOREASON,Qwen3,BIOREASON paired-DNA route for KEGG reasoning,BIOREASON VEP-Coding DNA sequence route,2,3,False,3,3
full_2026-07-06__rec_001074,route_f2768a3dc402,route_63d3232eb95a,0.768836,True,True,False,,0.285714,1.0,1.0,1.0,1.0,1.0,1.0,0.857143,0.852459,0.358696,0.305882,0.712329,0.434783,BIOREASON,Qwen3,BIOREASON text-query route for VEP non-SNV,BIOREASON KEGG text query route,3,3,False,3,3
full_2026-07-06__rec_001074,route_f2768a3dc402,route_d16851ea3c52,0.835922,True,True,False,,0.285714,1.0,1.0,1.0,1.0,1.0,1.0,1.0,1.0,0.358696,1.0,0.875,0.435511,BIOREASON,Qwen3,BIOREASON text-query route for VEP non-SNV,BIOREASON VEP-Non-SNV text query route,1,1,True,3,3
full_2026-07-06__rec_001074,route_f2768a3dc402,route_f1557c915aec,0.815018,True,True,False,,0.285714,1.0,1.0,1.0,1.0,1.0,1.0,1.0,1.0,0.358696,0.853933,0.658228,0.258065,BIOREASON,Qwen3,BIOREASON text-query route for VEP non-SNV,BIOREASON VEP-Coding text query route,2,2,False,3,3
full_2026-07-06__rec_001126,route_048976a3f8f0,route_038e564e42f0,0.718405,True,False,True,source_modality,1.0,1.0,1.0,0.0,1.0,1.0,1.0,0.842105,0.45977,0.082569,0.395833,0.694737,0.218868,CellHermes,CellHermes,perturbation prediction instruction tuning,genetic interaction classification instruction tuning,2,2,False,3,3
full_2026-07-06__rec_001126,route_048976a3f8f0,route_499c67ed1380,0.673102,True,False,True,source_modality,1.0,1.0,1.0,0.0,1.0,1.0,1.0,0.40678,0.35443,0.367188,0.193548,0.695652,0.330709,CellHermes,CellHermes,perturbation prediction instruction tuning,tumor-reactivity classification instruction tuning,3,3,False,3,4
full_2026-07-06__rec_001126,route_048976a3f8f0,route_ccfc70eb3ae8,0.743999,True,False,True,source_modality,1.0,1.0,1.0,0.0,1.0,1.0,1.0,0.596491,0.5,0.370909,0.875,1.0,0.192661,CellHermes,CellHermes,perturbation prediction instruction tuning,perturbation prediction instruction tuning,1,1,True,3,3
full_2026-07-06__rec_001126,route_349e1c4af872,route_25b99cf078be,0.612866,False,False,True,source_modality;lifecycle_phase;text_role,1.0,1.0,1.0,0.0,0.0,1.0,0.0,0.483871,0.395349,0.653846,1.0,0.461538,0.187793,CellHermes,CellHermes,cell embedding by expression-weighted averaging,weighted gene-embedding average,1,1,False,0,0
full_2026-07-06__rec_001126,route_4579d2d472f1,route_038e564e42f0,0.666702,True,False,True,source_modality,1.0,1.0,1.0,0.0,1.0,1.0,1.0,0.324324,0.45977,0.188679,0.354839,0.863158,0.218868,CellHermes,CellHermes,gene set classification instruction tuning,genetic interaction classification instruction tuning,3,3,False,3,3
full_2026-07-06__rec_001126,route_4579d2d472f1,route_8f43e17eb0ce,0.783802,True,False,True,source_modality,1.0,1.0,1.0,0.0,1.0,1.0,1.0,1.0,0.34,0.387097,0.83871,1.0,0.274247,CellHermes,CellHermes,gene set classification instruction tuning,gene-set classification instruction tuning,1,1,True,3,3
full_2026-07-06__rec_001126,route_4579d2d472f1,route_95763cec2e30,0.684188,True,False,True,source_modality,1.0,1.0,1.0,0.0,1.0,1.0,1.0,0.387097,0.56,0.362205,0.19469,0.714286,0.300469,CellHermes,CellHermes,gene set classification instruction tuning,cell fitness prediction instruction tuning,2,2,False,3,3
full_2026-07-06__rec_001126,route_4579d2d472f1,route_c2c95046be4c,0.459919,False,False,True,carrier_subtype;source_modality;lifecycle_phase;text_role,1.0,1.0,0.0,0.0,0.0,1.0,0.0,0.615385,0.301887,0.224215,0.266667,0.191781,0.253968,CellHermes,CellHermes,gene set classification instruction tuning,gene embedding from gene symbol,10,3,False,3,1
full_2026-07-06__rec_001126,route_562949e6a91a,route_0edf23432715,0.471886,False,False,True,source_modality;lifecycle_phase;fusion_topology;text_role,1.0,1.0,1.0,0.0,0.0,0.0,0.0,0.575,0.094118,0.259542,0.243478,0.247423,0.213333,CellHermes,CellHermes,tumor-reactivity classification instruction tuning,cell-specific gene embeddings with cell context,11,3,False,3,2
full_2026-07-06__rec_001126,route_562949e6a91a,route_26c3e6a61748,0.492192,False,False,True,source_modality;lifecycle_phase;fusion_topology;text_role,1.0,1.0,1.0,0.0,0.0,0.0,0.0,0.5,0.247191,0.339483,0.328767,0.611765,0.158333,CellHermes,CellHermes,tumor-reactivity classification instruction tuning,tumor-reactivity explanation prompt,10,3,False,3,1
full_2026-07-06__rec_001126,route_562949e6a91a,route_499c67ed1380,0.744464,True,False,True,source_modality,1.0,1.0,1.0,0.0,1.0,1.0,1.0,0.722892,0.35443,0.457143,0.553571,1.0,0.330709,CellHermes,CellHermes,tumor-reactivity classification instruction tuning,tumor-reactivity classification instruction tuning,1,1,True,3,4
full_2026-07-06__rec_001126,route_562949e6a91a,route_95763cec2e30,0.663195,True,False,True,source_modality,1.0,1.0,1.0,0.0,1.0,1.0,1.0,0.24,0.56,0.352113,0.192308,0.630435,0.300469,CellHermes,CellHermes,tumor-reactivity classification instruction tuning,cell fitness prediction instruction tuning,2,3,False,3,3
full_2026-07-06__rec_001126,route_562949e6a91a,route_ccfc70eb3ae8,0.662624,True,False,True,source_modality,1.0,1.0,1.0,0.0,1.0,1.0,1.0,0.271605,0.5,0.307692,0.311377,0.673913,0.192661,CellHermes,CellHermes,tumor-reactivity classification instruction tuning,perturbation prediction instruction tuning,3,3,False,3,3
full_2026-07-06__rec_001126,route_614b32a0fc02,route_6c8f21176e6c,0.505624,False,False,True,carrier_subtype;source_modality;lifecycle_phase,1.0,1.0,0.0,0.0,0.0,1.0,1.0,0.292683,0.372093,0.342541,0.538462,0.560976,0.168142,CellHermes,CellHermes,gene embedding extraction from gene symbol,cell embedding from ranked gene sentence,2,4,False,1,1
full_2026-07-06__rec_001126,route_614b32a0fc02,route_8f43e17eb0ce,0.459507,False,False,True,carrier_subtype;source_modality;lifecycle_phase;text_role,1.0,1.0,0.0,0.0,0.0,1.0,0.0,0.6,0.185567,0.216495,0.325,0.404762,0.274247,CellHermes,CellHermes,gene embedding extraction from gene symbol,gene-set classification instruction tuning,3,12,False,1,3
full_2026-07-06__rec_001126,route_614b32a0fc02,route_c2c95046be4c,0.659889,True,False,True,source_modality;lifecycle_phase,1.0,1.0,1.0,0.0,0.0,1.0,1.0,0.533333,0.28,0.43787,1.0,0.849315,0.253968,CellHermes,CellHermes,gene embedding extraction from gene symbol,gene embedding from gene symbol,1,1,True,1,1
full_2026-07-06__rec_001126,route_8f05477dc51e,route_0edf23432715,0.651238,True,False,True,source_modality,1.0,1.0,1.0,0.0,1.0,1.0,1.0,0.520548,0.137931,0.310502,0.333333,0.072727,0.213333,CellHermes,CellHermes,text-based reasoning from transcriptome and predicted phenotype,cell-specific gene embeddings with cell context,2,2,False,2,2
full_2026-07-06__rec_001126,route_8f05477dc51e,route_26c3e6a61748,0.727933,True,False,True,source_modality,1.0,1.0,1.0,0.0,1.0,1.0,1.0,0.924731,0.131868,0.570175,0.470588,0.265306,0.158333,CellHermes,CellHermes,text-based reasoning from transcriptome and predicted phenotype,tumor-reactivity explanation prompt,1,1,True,2,1
full_2026-07-06__rec_001126,route_8f05477dc51e,route_4f41a9d21678,0.501627,False,False,True,source_modality;lifecycle_phase;fusion_topology;text_role,1.0,1.0,1.0,0.0,0.0,0.0,0.0,0.5,0.477273,0.275618,0.416667,0.5,0.077295,CellHermes,CellHermes,text-based reasoning from transcriptome and predicted phenotype,single-cell transcriptome MLM pretraining,3,10,False,2,3
full_2026-07-06__rec_001126,route_8f2c040557de,route_038e564e42f0,0.766558,True,False,True,source_modality,1.0,1.0,1.0,0.0,1.0,1.0,1.0,1.0,0.45977,0.10596,0.764045,1.0,0.218868,CellHermes,CellHermes,genetic interaction classification instruction tuning,genetic interaction classification instruction tuning,1,1,True,4,3
full_2026-07-06__rec_001126,route_8f2c040557de,route_392326cd1a03,0.596986,False,False,True,source_modality;lifecycle_phase,1.0,1.0,1.0,0.0,0.0,1.0,1.0,0.571429,0.268293,0.326733,0.233766,0.275,0.170616,CellHermes,CellHermes,genetic interaction classification instruction tuning,PPI masked node pretraining,7,3,False,4,2
full_2026-07-06__rec_001126,route_8f2c040557de,route_499c67ed1380,0.679836,True,False,True,source_modality,1.0,1.0,1.0,0.0,1.0,1.0,1.0,0.344828,0.35443,0.349206,0.465116,0.757282,0.330709,CellHermes,CellHermes,genetic interaction classification instruction tuning,tumor-reactivity classification instruction tuning,3,2,False,4,4
full_2026-07-06__rec_001126,route_8f2c040557de,route_8f43e17eb0ce,0.677674,True,False,True,source_modality,1.0,1.0,1.0,0.0,1.0,1.0,1.0,0.324324,0.34,0.502674,0.283333,0.821053,0.274247,CellHermes,CellHermes,genetic interaction classification instruction tuning,gene-set classification instruction tuning,4,2,False,4,3
full_2026-07-06__rec_001126,route_8f2c040557de,route_93a958aa7b2a,0.597809,False,False,True,source_modality;lifecycle_phase,1.0,1.0,1.0,0.0,0.0,1.0,1.0,0.571429,0.26506,0.326733,0.25974,0.275,0.164384,CellHermes,CellHermes,genetic interaction classification instruction tuning,PPI masked link pretraining,6,3,False,4,2
full_2026-07-06__rec_001126,route_8f2c040557de,route_ccfc70eb3ae8,0.681557,True,False,True,source_modality,1.0,1.0,1.0,0.0,1.0,1.0,1.0,0.321429,0.5,0.432692,0.382979,0.694737,0.192661,CellHermes,CellHermes,genetic interaction classification instruction tuning,perturbation prediction instruction tuning,2,2,False,4,3
full_2026-07-06__rec_001126,route_945715a34f6d,route_499c67ed1380,0.660854,True,False,True,source_modality,1.0,1.0,1.0,0.0,1.0,1.0,1.0,0.230769,0.35443,0.431373,0.333333,0.608696,0.330709,CellHermes,CellHermes,cell fitness prediction instruction tuning,tumor-reactivity classification instruction tuning,3,4,False,3,4
full_2026-07-06__rec_001126,route_945715a34f6d,route_8f43e17eb0ce,0.668498,True,False,True,source_modality,1.0,1.0,1.0,0.0,1.0,1.0,1.0,0.322581,0.34,0.415842,0.318182,0.666667,0.274247,CellHermes,CellHermes,cell fitness prediction instruction tuning,gene-set classification instruction tuning,2,3,False,3,3
full_2026-07-06__rec_001126,route_945715a34f6d,route_95763cec2e30,0.817565,True,False,True,source_modality,1.0,1.0,1.0,0.0,1.0,1.0,1.0,1.0,0.56,0.519231,1.0,1.0,0.300469,CellHermes,CellHermes,cell fitness prediction instruction tuning,cell fitness prediction instruction tuning,1,1,True,3,3
full_2026-07-06__rec_001126,route_b417f91a83a6,route_6c8f21176e6c,0.692115,True,False,True,source_modality;lifecycle_phase,1.0,1.0,1.0,0.0,0.0,1.0,1.0,0.723404,0.472222,0.364641,1.0,1.0,0.168142,CellHermes,CellHermes,cell embedding from ranked gene sentence,cell embedding from ranked gene sentence,1,1,True,1,1
full_2026-07-06__rec_001126,route_b417f91a83a6,route_c2c95046be4c,0.53301,False,False,True,carrier_subtype;source_modality;lifecycle_phase,1.0,1.0,0.0,0.0,0.0,1.0,1.0,0.380952,0.43038,0.43787,0.538462,0.647887,0.253968,CellHermes,CellHermes,cell embedding from ranked gene sentence,gene embedding from gene symbol,2,2,False,1,1
full_2026-07-06__rec_001126,route_b417f91a83a6,route_ff6373f5dec8,0.496002,False,False,True,source_modality;lifecycle_phase;text_role,1.0,1.0,1.0,0.0,0.0,1.0,0.0,0.156863,0.466165,0.157025,0.225806,0.217391,0.14359,CellHermes,CellHermes,cell embedding from ranked gene sentence,single-cell transcriptome autoregressive pretraining,3,6,False,1,2
full_2026-07-06__rec_001126,route_c400881e9e69,route_392326cd1a03,0.888382,True,True,True,,1.0,1.0,1.0,1.0,1.0,1.0,1.0,1.0,0.525253,0.416058,1.0,0.830769,0.189189,CellHermes,CellHermes,PPI masked node prediction pretraining,PPI masked node pretraining,1,1,True,3,2
full_2026-07-06__rec_001126,route_c400881e9e69,route_4f41a9d21678,0.661652,True,False,True,source_modality,1.0,1.0,1.0,0.0,1.0,1.0,1.0,0.202899,0.621359,0.28013,0.48,0.379747,0.220183,CellHermes,CellHermes,PPI masked node prediction pretraining,single-cell transcriptome MLM pretraining,3,3,False,3,3
full_2026-07-06__rec_001126,route_c400881e9e69,route_93a958aa7b2a,0.876447,True,True,True,,1.0,1.0,1.0,1.0,1.0,1.0,1.0,1.0,0.52,0.40146,0.863636,0.738462,0.165217,CellHermes,CellHermes,PPI masked node prediction pretraining,PPI masked link pretraining,2,2,False,3,2
full_2026-07-06__rec_001126,route_c400881e9e69,route_ff6373f5dec8,0.573304,False,False,True,carrier_subtype;source_modality,1.0,1.0,0.0,0.0,1.0,1.0,1.0,0.202899,0.516129,0.28013,0.595745,0.444444,0.252427,CellHermes,CellHermes,PPI masked node prediction pretraining,single-cell transcriptome autoregressive pretraining,9,3,False,3,2
full_2026-07-06__rec_001126,route_cc629c1a09b8,route_392326cd1a03,0.576455,False,False,True,carrier_subtype;source_modality,1.0,1.0,0.0,0.0,1.0,1.0,1.0,0.231884,0.525253,0.357977,0.52,0.441176,0.189189,CellHermes,CellHermes,single-cell transcriptome MLM pretraining,PPI masked node pretraining,3,6,False,2,2
full_2026-07-06__rec_001126,route_cc629c1a09b8,route_4f41a9d21678,0.728992,True,False,True,carrier_subtype;source_modality,1.0,1.0,0.0,0.0,1.0,1.0,1.0,1.0,0.621359,0.524138,1.0,1.0,0.220183,CellHermes,CellHermes,single-cell transcriptome MLM pretraining,single-cell transcriptome MLM pretraining,2,1,True,2,3
full_2026-07-06__rec_001126,route_cc629c1a09b8,route_6c8f21176e6c,0.530912,False,False,True,source_modality;lifecycle_phase;text_role,1.0,1.0,1.0,0.0,0.0,1.0,0.0,0.40625,0.253968,0.262009,0.4,0.320988,0.160338,CellHermes,CellHermes,single-cell transcriptome MLM pretraining,cell embedding from ranked gene sentence,6,2,False,2,1
full_2026-07-06__rec_001126,route_cc629c1a09b8,route_ff6373f5dec8,0.766866,True,False,True,source_modality,1.0,1.0,1.0,0.0,1.0,1.0,1.0,1.0,0.516129,0.524138,0.188679,0.817204,0.252427,CellHermes,CellHermes,single-cell transcriptome MLM pretraining,single-cell transcriptome autoregressive pretraining,1,2,False,2,2
full_2026-07-06__rec_001126,route_d0578e7157bc,route_392326cd1a03,0.574918,False,False,True,carrier_subtype;source_modality,1.0,1.0,0.0,0.0,1.0,1.0,1.0,0.231884,0.525253,0.297398,0.595745,0.405063,0.189189,CellHermes,CellHermes,single-cell transcriptome autoregressive pretraining,PPI masked node pretraining,3,7,False,1,2
full_2026-07-06__rec_001126,route_d0578e7157bc,route_4f41a9d21678,0.686681,False,False,True,carrier_subtype;source_modality,1.0,1.0,0.0,0.0,1.0,1.0,1.0,1.0,0.621359,0.496689,0.301887,0.817204,0.220183,CellHermes,CellHermes,single-cell transcriptome autoregressive pretraining,single-cell transcriptome MLM pretraining,2,2,False,1,3
full_2026-07-06__rec_001126,route_d0578e7157bc,route_6c8f21176e6c,0.519235,False,False,True,source_modality;lifecycle_phase;text_role,1.0,1.0,1.0,0.0,0.0,1.0,0.0,0.40625,0.253968,0.282158,0.16129,0.282609,0.160338,CellHermes,CellHermes,single-cell transcriptome autoregressive pretraining,cell embedding from ranked gene sentence,7,3,False,1,1
full_2026-07-06__rec_001126,route_d0578e7157bc,route_ff6373f5dec8,0.810994,True,False,True,source_modality,1.0,1.0,1.0,0.0,1.0,1.0,1.0,1.0,0.516129,0.496689,1.0,1.0,0.252427,CellHermes,CellHermes,single-cell transcriptome autoregressive pretraining,single-cell transcriptome autoregressive pretraining,1,1,True,1,2
full_2026-07-06__rec_001126,route_e96f97075458,route_392326cd1a03,0.879612,True,True,True,,1.0,1.0,1.0,1.0,1.0,1.0,1.0,1.0,0.525253,0.414545,0.863636,0.769231,0.189189,CellHermes,CellHermes,PPI masked link prediction pretraining,PPI masked node pretraining,2,2,False,3,2
full_2026-07-06__rec_001126,route_e96f97075458,route_4f41a9d21678,0.660348,True,False,True,source_modality,1.0,1.0,1.0,0.0,1.0,1.0,1.0,0.202899,0.621359,0.279221,0.44,0.405063,0.220183,CellHermes,CellHermes,PPI masked link prediction pretraining,single-cell transcriptome MLM pretraining,3,4,False,3,3
full_2026-07-06__rec_001126,route_e96f97075458,route_93a958aa7b2a,0.885932,True,True,True,,1.0,1.0,1.0,1.0,1.0,1.0,1.0,1.0,0.52,0.4,1.0,0.830769,0.165217,CellHermes,CellHermes,PPI masked link prediction pretraining,PPI masked link pretraining,1,1,True,3,2
full_2026-07-06__rec_001126,route_ed8902da8832,route_0edf23432715,0.66105,True,False,True,source_modality;lifecycle_phase,1.0,1.0,1.0,0.0,0.0,1.0,1.0,0.553846,0.2,0.51462,0.920635,1.0,0.213333,CellHermes,CellHermes,cell-specific gene embeddings with cell context,cell-specific gene embeddings with cell context,1,1,True,1,2
full_2026-07-06__rec_001126,route_ed8902da8832,route_26c3e6a61748,0.579593,False,False,True,source_modality;lifecycle_phase,1.0,1.0,1.0,0.0,0.0,1.0,1.0,0.447059,0.131868,0.488889,0.191489,0.219512,0.158333,CellHermes,CellHermes,cell-specific gene embeddings with cell context,tumor-reactivity explanation prompt,2,2,False,1,1
full_2026-07-06__rec_001126,route_ed8902da8832,route_499c67ed1380,0.493143,False,False,True,source_modality;lifecycle_phase;fusion_topology;text_role,1.0,1.0,1.0,0.0,0.0,0.0,0.0,0.558824,0.296296,0.296296,0.266667,0.268041,0.330709,CellHermes,CellHermes,cell-specific gene embeddings with cell context,tumor-reactivity classification instruction tuning,3,10,False,1,4
full_2026-07-06__rec_001187,route_01971832709f,route_6ef939c09098,0.84696,True,True,False,,0.153846,1.0,1.0,1.0,1.0,1.0,1.0,1.0,1.0,0.815534,1.0,1.0,0.246809,CatBoost,P3GPT,GO-term binary classifiers on P3GPT gene embeddings,GO-term binary classifiers on P3GPT gene embeddings,1,1,True,1,1
full_2026-07-06__rec_001187,route_01971832709f,route_9ee2a23f3bb4,0.460157,False,False,False,source_modality;fusion_topology,0.153846,1.0,1.0,0.0,1.0,0.0,1.0,0.238095,0.28169,0.325203,0.175824,0.273684,0.302521,CatBoost,P3GPT,GO-term binary classifiers on P3GPT gene embeddings,Multi-species aging clock feature extraction,3,3,False,1,0
full_2026-07-06__rec_001187,route_01971832709f,route_acbc9f71b368,0.611977,False,False,True,source_modality;fusion_topology,1.0,1.0,1.0,0.0,1.0,0.0,1.0,0.535211,0.344828,0.33557,0.197802,0.273684,0.300578,CatBoost,CatBoost,GO-term binary classifiers on P3GPT gene embeddings,P3GPT-derived aging clock feature extraction,2,3,False,1,2
full_2026-07-06__rec_001187,route_080513c5e441,route_1e37d80b54f4,0.868166,True,True,False,,0.588235,1.0,1.0,1.0,1.0,1.0,1.0,1.0,1.0,0.654206,0.655738,0.852459,0.188501,Precious3GPT,P3GPT,Biomedical text embedding extension,Biomedical text embeddings,1,1,True,1,1
full_2026-07-06__rec_001187,route_080513c5e441,route_88869c561134,0.66613,False,False,False,source_modality,0.588235,1.0,1.0,0.0,1.0,1.0,1.0,0.333333,0.567164,0.689655,0.655738,0.491803,0.353535,Precious3GPT,P3GPT,Biomedical text embedding extension,Knowledge-graph embeddings,2,2,False,1,1
full_2026-07-06__rec_001187,route_226ebd27f3de,route_1dc4de8f3ba0,0.575907,False,False,False,source_modality;text_role,0.588235,1.0,1.0,0.0,1.0,1.0,0.0,0.508475,0.339623,0.353741,0.405405,0.413793,0.18,Precious3GPT,P3GPT,Proteomics prompt training,LINCS chemical screening prompts,3,2,False,1,0
full_2026-07-06__rec_001187,route_226ebd27f3de,route_3a1dcc4d9cc9,0.597616,False,False,False,source_modality;text_role,0.588235,1.0,1.0,0.0,1.0,1.0,0.0,0.595745,0.4,0.532544,0.345455,0.327273,0.182186,Precious3GPT,P3GPT,Proteomics prompt training,DNA methylation aging prompts,2,5,False,1,0
full_2026-07-06__rec_001187,route_226ebd27f3de,route_c4cbe3c8fb77,0.50618,False,False,False,carrier_subtype;source_modality,0.588235,1.0,0.0,0.0,1.0,1.0,1.0,0.25,0.4,0.4375,0.222222,0.415094,0.188,Precious3GPT,P3GPT,Proteomics prompt training,Clinical blood-test prompts,4,3,False,1,0
full_2026-07-06__rec_001187,route_226ebd27f3de,route_fecdaf390901,0.741931,True,True,False,text_role,0.588235,1.0,1.0,1.0,1.0,1.0,0.0,1.0,0.375,0.6375,0.201681,0.557377,0.194503,Precious3GPT,P3GPT,Proteomics prompt training,Proteomics target-discovery prompts,1,1,True,1,1
full_2026-07-06__rec_001187,route_32ba6aabc50c,route_1dc4de8f3ba0,0.573453,False,False,False,source_modality;text_role,0.588235,1.0,1.0,0.0,1.0,1.0,0.0,0.423529,0.339623,0.378698,0.517986,0.375,0.218182,Precious3GPT,P3GPT,Expression-array prompt training,LINCS chemical screening prompts,3,4,False,0,0
full_2026-07-06__rec_001187,route_32ba6aabc50c,route_3a1dcc4d9cc9,0.60364,False,False,False,source_modality;text_role,0.588235,1.0,1.0,0.0,1.0,1.0,0.0,0.438356,0.4,0.617801,0.571429,0.42623,0.299065,Precious3GPT,P3GPT,Expression-array prompt training,DNA methylation aging prompts,2,4,False,0,0
full_2026-07-06__rec_001187,route_32ba6aabc50c,route_c4cbe3c8fb77,0.507101,False,False,False,carrier_subtype;source_modality,0.588235,1.0,0.0,0.0,1.0,1.0,1.0,0.242424,0.4,0.466667,0.201681,0.305085,0.290909,Precious3GPT,P3GPT,Expression-array prompt training,Clinical blood-test prompts,4,2,False,0,0
full_2026-07-06__rec_001187,route_32ba6aabc50c,route_fecdaf390901,0.60534,False,False,False,source_modality;text_role,0.588235,1.0,1.0,0.0,1.0,1.0,0.0,0.515152,0.375,0.626374,0.304348,0.477612,0.435233,Precious3GPT,P3GPT,Expression-array prompt training,Proteomics target-discovery prompts,1,3,False,0,1
full_2026-07-06__rec_001187,route_530d998bad80,route_42e13a712e55,0.633417,False,False,False,source_modality,0.588235,1.0,1.0,0.0,1.0,1.0,1.0,0.253968,0.574713,0.4,0.8,0.425,0.137255,Precious3GPT,P3GPT,Geroprotector compound prompt generation,Age-group expression-signature prompting,2,2,False,1,1
full_2026-07-06__rec_001187,route_530d998bad80,route_4ea7d2fffd2b,0.901178,True,True,False,,0.588235,1.0,1.0,1.0,1.0,1.0,1.0,1.0,1.0,0.826087,1.0,1.0,0.172043,Precious3GPT,P3GPT,Geroprotector compound prompt generation,Geroprotector compound prompt generation,1,1,True,1,1
full_2026-07-06__rec_001187,route_530d998bad80,route_fecdaf390901,0.54456,False,False,False,source_modality;lifecycle_phase,0.588235,1.0,1.0,0.0,0.0,1.0,1.0,0.418605,0.459016,0.32,0.222222,0.48,0.195373,Precious3GPT,P3GPT,Geroprotector compound prompt generation,Proteomics target-discovery prompts,3,8,False,1,1
full_2026-07-06__rec_001187,route_583a3645cff9,route_1dc4de8f3ba0,0.565757,False,False,False,source_modality;text_role,0.588235,1.0,1.0,0.0,1.0,1.0,0.0,0.474576,0.272727,0.391892,0.285714,0.477612,0.18,Precious3GPT,P3GPT,Clinical blood test prompt training,LINCS chemical screening prompts,2,6,False,0,0
full_2026-07-06__rec_001187,route_583a3645cff9,route_3a1dcc4d9cc9,0.54169,False,False,False,source_modality;text_role,0.588235,1.0,1.0,0.0,1.0,1.0,0.0,0.297872,0.310345,0.411765,0.245283,0.3125,0.182186,Precious3GPT,P3GPT,Clinical blood test prompt training,DNA methylation aging prompts,3,8,False,0,0
full_2026-07-06__rec_001187,route_583a3645cff9,route_c4cbe3c8fb77,0.64489,False,False,False,carrier_subtype;source_modality,0.588235,1.0,0.0,0.0,1.0,1.0,1.0,1.0,0.708333,0.573643,0.32,0.83871,0.188,Precious3GPT,P3GPT,Clinical blood test prompt training,Clinical blood-test prompts,1,1,False,0,0
full_2026-07-06__rec_001187,route_5d74f326d868,route_9ee2a23f3bb4,0.553379,False,False,False,source_modality,0.153846,1.0,1.0,0.0,1.0,1.0,1.0,0.311111,0.236364,0.254902,0.653846,0.795455,0.127517,CatBoost,P3GPT,P3GPT-derived aging clock feature extraction,Multi-species aging clock feature extraction,2,2,False,1,0
full_2026-07-06__rec_001187,route_5d74f326d868,route_acbc9f71b368,0.69347,True,False,True,source_modality,1.0,1.0,1.0,0.0,1.0,1.0,1.0,0.189189,0.247423,0.478261,1.0,1.0,0.249231,CatBoost,CatBoost,P3GPT-derived aging clock feature extraction,P3GPT-derived aging clock feature extraction,1,1,True,1,2
full_2026-07-06__rec_001187,route_6125ab29ca08,route_14d49b87f50f,0.615245,False,False,False,source_modality,0.588235,1.0,1.0,0.0,1.0,1.0,1.0,0.367347,0.520325,0.248447,0.314607,0.373333,0.348718,Precious3GPT,P3GPT,Disease target-enrichment prompting,LINCS holdout chemical screening prompts,2,2,False,1,1
full_2026-07-06__rec_001187,route_6125ab29ca08,route_4ea7d2fffd2b,0.502314,False,False,False,source_modality;lifecycle_phase,0.588235,1.0,1.0,0.0,0.0,1.0,1.0,0.142857,0.463158,0.253333,0.296296,0.373333,0.063291,Precious3GPT,P3GPT,Disease target-enrichment prompting,Geroprotector compound prompt generation,7,3,False,1,1
full_2026-07-06__rec_001187,route_6125ab29ca08,route_eb4d5b439c28,0.825968,True,True,False,,0.588235,1.0,1.0,1.0,1.0,1.0,1.0,1.0,0.558559,0.733333,0.356589,0.941176,0.075,Precious3GPT,P3GPT,Disease target-enrichment prompting,Disease target-enrichment prompts,1,1,True,1,1
full_2026-07-06__rec_001187,route_6125ab29ca08,route_fecdaf390901,0.559312,False,False,False,source_modality;lifecycle_phase,0.588235,1.0,1.0,0.0,0.0,1.0,1.0,0.358974,0.564103,0.271605,0.437956,0.542857,0.327044,Precious3GPT,P3GPT,Disease target-enrichment prompting,Proteomics target-discovery prompts,3,6,False,1,1
full_2026-07-06__rec_001187,route_69f572a45035,route_14d49b87f50f,0.519636,False,False,False,source_modality;lifecycle_phase,0.588235,1.0,1.0,0.0,0.0,1.0,1.0,0.285714,0.295652,0.423077,0.241758,0.425,0.093264,Precious3GPT,P3GPT,Age-group expression-signature prompting,LINCS holdout chemical screening prompts,7,3,False,1,1
full_2026-07-06__rec_001187,route_69f572a45035,route_3a1dcc4d9cc9,0.528075,False,False,False,source_modality;lifecycle_phase,0.588235,1.0,1.0,0.0,0.0,1.0,1.0,0.38806,0.330097,0.301205,0.246154,0.434783,0.137384,Precious3GPT,P3GPT,Age-group expression-signature prompting,DNA methylation aging prompts,3,10,False,1,0
full_2026-07-06__rec_001187,route_69f572a45035,route_42e13a712e55,0.912992,True,True,False,,0.588235,1.0,1.0,1.0,1.0,1.0,1.0,1.0,1.0,0.521739,1.0,1.0,1.0,Precious3GPT,P3GPT,Age-group expression-signature prompting,Age-group expression-signature prompting,1,1,True,1,1
full_2026-07-06__rec_001187,route_69f572a45035,route_4ea7d2fffd2b,0.642924,False,False,False,source_modality,0.588235,1.0,1.0,0.0,1.0,1.0,1.0,0.285714,0.505747,0.510345,0.8,0.45,0.188525,Precious3GPT,P3GPT,Age-group expression-signature prompting,Geroprotector compound prompt generation,2,2,False,1,1
full_2026-07-06__rec_001187,route_69f572a45035,route_eb4d5b439c28,0.520112,False,False,False,source_modality;lifecycle_phase,0.588235,1.0,1.0,0.0,0.0,1.0,1.0,0.305085,0.330097,0.289655,0.305344,0.438356,0.130769,Precious3GPT,P3GPT,Age-group expression-signature prompting,Disease target-enrichment prompts,6,3,False,1,1
full_2026-07-06__rec_001187,route_7b81ff23d5ff,route_1e37d80b54f4,0.643853,False,False,False,source_modality,0.588235,1.0,1.0,0.0,1.0,1.0,1.0,0.277778,0.537313,0.634615,0.606061,0.491803,0.173913,Precious3GPT,P3GPT,Knowledge graph embedding extension,Biomedical text embeddings,2,2,False,1,1
full_2026-07-06__rec_001187,route_7b81ff23d5ff,route_88869c561134,0.896646,True,True,False,,0.588235,1.0,1.0,1.0,1.0,1.0,1.0,1.0,1.0,0.743363,0.606061,0.852459,0.806584,Precious3GPT,P3GPT,Knowledge graph embedding extension,Knowledge-graph embeddings,1,1,True,1,1
full_2026-07-06__rec_001187,route_7e72db37a2b9,route_14d49b87f50f,0.791819,True,True,False,,0.588235,1.0,1.0,1.0,1.0,1.0,1.0,1.0,0.307692,0.5625,0.324324,0.536585,0.30303,Precious3GPT,P3GPT,LINCS chemical perturbation DEG generation,LINCS holdout chemical screening prompts,1,1,True,1,1
full_2026-07-06__rec_001187,route_7e72db37a2b9,route_1dc4de8f3ba0,0.582971,False,False,False,source_modality;lifecycle_phase,0.588235,1.0,1.0,0.0,0.0,1.0,1.0,0.666667,0.343284,0.459459,0.263158,0.594595,0.232804,Precious3GPT,P3GPT,LINCS chemical perturbation DEG generation,LINCS chemical screening prompts,3,1,False,1,0
full_2026-07-06__rec_001187,route_7e72db37a2b9,route_42e13a712e55,0.522824,False,False,False,source_modality;lifecycle_phase,0.588235,1.0,1.0,0.0,0.0,1.0,1.0,0.342857,0.179775,0.458333,0.396552,0.268293,0.066667,Precious3GPT,P3GPT,LINCS chemical perturbation DEG generation,Age-group expression-signature prompting,4,3,False,1,1
full_2026-07-06__rec_001187,route_7e72db37a2b9,route_eb4d5b439c28,0.592736,False,False,False,source_modality,0.588235,1.0,1.0,0.0,1.0,1.0,1.0,0.367347,0.355932,0.33557,0.264901,0.24,0.083333,Precious3GPT,P3GPT,LINCS chemical perturbation DEG generation,Disease target-enrichment prompts,2,2,False,1,1
full_2026-07-06__rec_001187,route_804585cc0a64,route_1dc4de8f3ba0,0.560399,False,False,False,source_modality;text_role,0.588235,1.0,1.0,0.0,1.0,1.0,0.0,0.465116,0.339623,0.330935,0.280702,0.338462,0.174658,Precious3GPT,P3GPT,Methylation-array prompt training,LINCS chemical screening prompts,3,7,False,0,0
full_2026-07-06__rec_001187,route_804585cc0a64,route_3a1dcc4d9cc9,0.714582,False,True,False,text_role,0.588235,1.0,1.0,1.0,1.0,1.0,0.0,0.621622,0.4,0.546584,0.666667,0.645161,0.114187,Precious3GPT,P3GPT,Methylation-array prompt training,DNA methylation aging prompts,1,1,False,0,0
full_2026-07-06__rec_001187,route_804585cc0a64,route_fecdaf390901,0.582408,False,False,False,source_modality;text_role,0.588235,1.0,1.0,0.0,1.0,1.0,0.0,0.507463,0.375,0.434211,0.357143,0.411765,0.204668,Precious3GPT,P3GPT,Methylation-array prompt training,Proteomics target-discovery prompts,2,5,False,0,1
full_2026-07-06__rec_001187,route_8e27993d172f,route_1dc4de8f3ba0,0.568221,False,False,False,source_modality;text_role,0.588235,1.0,1.0,0.0,1.0,1.0,0.0,0.545455,0.339623,0.333333,0.280702,0.307692,0.148066,Precious3GPT,P3GPT,RRBS prompt training,LINCS chemical screening prompts,3,5,False,0,0
full_2026-07-06__rec_001187,route_8e27993d172f,route_3a1dcc4d9cc9,0.69596,False,True,False,text_role,0.588235,1.0,1.0,1.0,1.0,1.0,0.0,0.55814,0.4,0.5375,0.666667,0.285714,0.124583,Precious3GPT,P3GPT,RRBS prompt training,DNA methylation aging prompts,1,2,False,0,0
full_2026-07-06__rec_001187,route_8e27993d172f,route_fecdaf390901,0.601756,False,False,False,source_modality;text_role,0.588235,1.0,1.0,0.0,1.0,1.0,0.0,0.722222,0.375,0.437086,0.357143,0.363636,0.075171,Precious3GPT,P3GPT,RRBS prompt training,Proteomics target-discovery prompts,2,4,False,0,1
full_2026-07-06__rec_001187,route_a2030d562bf4,route_9ee2a23f3bb4,0.580838,False,False,False,source_modality,0.153846,1.0,1.0,0.0,1.0,1.0,1.0,0.280702,0.411765,0.27,0.980392,0.717391,0.222222,CatBoost,P3GPT,Panmammalian DNAm aging clock feature extraction,Multi-species aging clock feature extraction,2,1,False,1,0
full_2026-07-06__rec_001187,route_a2030d562bf4,route_acbc9f71b368,0.670744,True,False,True,source_modality,1.0,1.0,1.0,0.0,1.0,1.0,1.0,0.139535,0.449438,0.362832,0.588235,0.73913,0.388889,CatBoost,CatBoost,Panmammalian DNAm aging clock feature extraction,P3GPT-derived aging clock feature extraction,1,2,False,1,2
full_2026-07-06__rec_001187,route_a3d577d192c4,route_1dc4de8f3ba0,0.549472,False,False,False,source_modality;text_role,0.588235,1.0,1.0,0.0,1.0,1.0,0.0,0.269663,0.339623,0.434783,0.246575,0.422535,0.285714,Precious3GPT,P3GPT,GEO structured-sentence training corpus,LINCS chemical screening prompts,1,8,False,0,0
full_2026-07-06__rec_001187,route_a3d577d192c4,route_3a1dcc4d9cc9,0.54171,False,False,False,source_modality;text_role,0.588235,1.0,1.0,0.0,1.0,1.0,0.0,0.233766,0.4,0.469945,0.110092,0.235294,0.343195,Precious3GPT,P3GPT,GEO structured-sentence training corpus,DNA methylation aging prompts,3,7,False,0,0
full_2026-07-06__rec_001187,route_a3d577d192c4,route_fecdaf390901,0.54594,False,False,False,source_modality;text_role,0.588235,1.0,1.0,0.0,1.0,1.0,0.0,0.2,0.375,0.528736,0.271186,0.243243,0.283784,Precious3GPT,P3GPT,GEO structured-sentence training corpus,Proteomics target-discovery prompts,2,7,False,0,1
full_2026-07-06__rec_001187,route_bf3dd0633874,route_1dc4de8f3ba0,0.526575,False,False,False,source_modality;text_role,0.588235,1.0,1.0,0.0,1.0,1.0,0.0,0.184615,0.295652,0.362319,0.243902,0.358209,0.223776,Precious3GPT,P3GPT,GO / pathway gene-set prompt training,LINCS chemical screening prompts,1,10,False,0,0
full_2026-07-06__rec_001187,route_bf3dd0633874,route_3a1dcc4d9cc9,0.525935,False,False,False,source_modality;text_role,0.588235,1.0,1.0,0.0,1.0,1.0,0.0,0.226415,0.262626,0.2,0.355932,0.40625,0.248175,Precious3GPT,P3GPT,GO / pathway gene-set prompt training,DNA methylation aging prompts,2,11,False,0,0
full_2026-07-06__rec_001187,route_bf3dd0633874,route_fecdaf390901,0.521027,False,False,False,source_modality;text_role,0.588235,1.0,1.0,0.0,1.0,1.0,0.0,0.26087,0.228571,0.278146,0.23622,0.371429,0.12069,Precious3GPT,P3GPT,GO / pathway gene-set prompt training,Proteomics target-discovery prompts,3,10,False,0,1
full_2026-07-06__rec_001187,route_e4c675e58568,route_1dc4de8f3ba0,0.575668,False,False,False,source_modality;text_role,0.588235,1.0,1.0,0.0,1.0,1.0,0.0,0.491228,0.339623,0.352201,0.517986,0.333333,0.148066,Precious3GPT,P3GPT,RNAseq prompt training,LINCS chemical screening prompts,3,3,False,0,0
full_2026-07-06__rec_001187,route_e4c675e58568,route_3a1dcc4d9cc9,0.625425,False,False,False,source_modality;text_role,0.588235,1.0,1.0,0.0,1.0,1.0,0.0,0.666667,0.4,0.651934,0.571429,0.392157,0.124583,Precious3GPT,P3GPT,RNAseq prompt training,DNA methylation aging prompts,1,3,False,0,0
full_2026-07-06__rec_001187,route_e4c675e58568,route_fecdaf390901,0.61734,False,False,False,source_modality;text_role,0.588235,1.0,1.0,0.0,1.0,1.0,0.0,0.736842,0.375,0.662791,0.304348,0.385965,0.075171,Precious3GPT,P3GPT,RNAseq prompt training,Proteomics target-discovery prompts,2,2,False,0,1
full_2026-07-06__rec_001200,route_5995cf37407f,route_1df4fd7ee33b,0.753817,True,False,True,source_modality,1.0,1.0,1.0,0.0,1.0,1.0,1.0,0.648649,0.6,0.354067,1.0,0.645161,0.245989,Shusi,Shusi,Pretraining: amino acid sequences,Amino acid sequence embeddings,1,1,True,1,2
full_2026-07-06__rec_001200,route_5995cf37407f,route_b63107a7a758,0.628476,False,False,True,source_modality;text_role,1.0,1.0,1.0,0.0,1.0,1.0,0.0,0.232558,0.387097,0.318182,1.0,0.184615,0.391534,Shusi,Shusi,Pretraining: amino acid sequences,Functional-description embeddings,2,3,False,1,2
full_2026-07-06__rec_001200,route_6d1d78347d95,route_1df4fd7ee33b,0.572504,False,False,True,source_modality;lifecycle_phase,1.0,1.0,1.0,0.0,0.0,1.0,1.0,0.25,0.265625,0.428571,0.272727,0.246154,0.322222,Shusi,Shusi,Fine-tuning: functional descriptions,Amino acid sequence embeddings,2,4,False,1,2
full_2026-07-06__rec_001200,route_6d1d78347d95,route_b63107a7a758,0.651739,True,False,True,source_modality;lifecycle_phase;text_role,1.0,1.0,1.0,0.0,0.0,1.0,0.0,1.0,0.591549,0.524715,0.272727,0.676471,0.241758,Shusi,Shusi,Fine-tuning: functional descriptions,Functional-description embeddings,1,2,False,1,2
full_2026-07-06__rec_001200,route_875a25ec555b,route_1df4fd7ee33b,0.689376,True,False,True,source_modality,1.0,1.0,1.0,0.0,1.0,1.0,1.0,0.25,0.419753,0.379147,1.0,0.215385,0.424779,Shusi,Shusi,Pretraining: functional descriptions,Amino acid sequence embeddings,2,2,False,2,2
full_2026-07-06__rec_001200,route_875a25ec555b,route_b63107a7a758,0.784369,True,False,True,source_modality;text_role,1.0,1.0,1.0,0.0,1.0,1.0,0.0,1.0,0.694737,0.378378,1.0,0.676471,0.973913,Shusi,Shusi,Pretraining: functional descriptions,Functional-description embeddings,1,1,True,2,2
full_2026-07-06__rec_001200,route_f23861289de6,route_1df4fd7ee33b,0.640079,False,False,True,source_modality;lifecycle_phase,1.0,1.0,1.0,0.0,0.0,1.0,1.0,0.648649,0.474576,0.330579,0.272727,0.645161,0.322222,Shusi,Shusi,Fine-tuning: amino acid sequences,Amino acid sequence embeddings,1,3,False,0,2
full_2026-07-06__rec_001200,route_f23861289de6,route_b63107a7a758,0.520152,False,False,True,source_modality;lifecycle_phase;text_role,1.0,1.0,1.0,0.0,0.0,1.0,0.0,0.232558,0.393939,0.355731,0.272727,0.215385,0.241758,Shusi,Shusi,Fine-tuning: amino acid sequences,Functional-description embeddings,2,4,False,0,2
full_2026-07-06__rec_001218,route_00cb8a273425,route_79351a652029,0.466589,False,False,True,carrier_family;carrier_subtype;source_modality,1.0,0.0,0.0,0.0,1.0,1.0,1.0,0.285714,0.234043,0.5,0.912821,0.816327,0.019737,ALTER,ALTER,Genomic pretraining route,Report pretraining route,2,2,False,0,1
full_2026-07-06__rec_001218,route_00cb8a273425,route_a525acddbe12,0.535655,False,False,True,carrier_family;carrier_subtype;source_modality;text_role,1.0,0.0,0.0,0.0,1.0,1.0,0.0,1.0,0.545455,0.586319,0.912821,1.0,0.019737,ALTER,ALTER,Genomic pretraining route,Genomic pretraining route,1,1,False,0,0
full_2026-07-06__rec_001218,route_10d7582ca4b2,route_f1f43f8f60ae,0.544386,False,False,True,carrier_family;carrier_subtype;source_modality;fusion_topology,1.0,0.0,0.0,0.0,1.0,0.0,1.0,1.0,0.352941,0.489933,1.0,0.846154,1.0,ALTER,ALTER,Genomic survival prediction fine-tuning route,Genomic survival-prediction route,1,1,False,0,0
full_2026-07-06__rec_001218,route_3ce240dc1ee4,route_06651029e746,0.772448,True,True,True,fusion_topology,1.0,1.0,1.0,1.0,1.0,0.0,1.0,1.0,0.329412,0.577922,0.150943,0.477612,0.176471,ALTER,ALTER,WSI survival prediction fine-tuning route,WSI cancer-subtyping route,4,2,False,5,4
full_2026-07-06__rec_001218,route_3ce240dc1ee4,route_2997abc848de,0.858849,True,True,True,fusion_topology,1.0,1.0,1.0,1.0,1.0,0.0,1.0,1.0,0.321839,0.592334,1.0,0.828571,1.0,ALTER,ALTER,WSI survival prediction fine-tuning route,WSI survival-prediction route,1,1,True,5,4
full_2026-07-06__rec_001218,route_3ce240dc1ee4,route_3255c1091034,0.792373,True,True,True,fusion_topology,1.0,1.0,1.0,1.0,1.0,0.0,1.0,1.0,0.329412,0.577922,0.459016,0.5,0.272727,ALTER,ALTER,WSI survival prediction fine-tuning route,WSI gene-mutation route,2,2,False,5,5
full_2026-07-06__rec_001218,route_3ce240dc1ee4,route_37eae69f2672,0.784873,True,True,True,fusion_topology,1.0,1.0,1.0,1.0,1.0,0.0,1.0,1.0,0.329412,0.577922,0.296296,0.470588,0.31068,ALTER,ALTER,WSI survival prediction fine-tuning route,WSI report-generation route,3,3,False,5,4
full_2026-07-06__rec_001218,route_3ce240dc1ee4,route_814eb4ef1898,0.726439,True,False,True,lifecycle_phase;fusion_topology,1.0,1.0,1.0,1.0,0.0,0.0,1.0,1.0,0.605263,0.64,0.215827,0.580645,0.02649,ALTER,ALTER,WSI survival prediction fine-tuning route,WSI pretraining route,5,2,False,5,3
full_2026-07-06__rec_001218,route_55b069b6a41f,route_06651029e746,0.735757,True,True,True,fusion_topology;text_role,1.0,1.0,1.0,1.0,1.0,0.0,0.0,1.0,0.329412,0.555102,0.439024,0.523077,0.15493,ALTER,ALTER,WSI report-generation fine-tuning route,WSI cancer-subtyping route,3,5,False,3,4
full_2026-07-06__rec_001218,route_55b069b6a41f,route_3255c1091034,0.744393,True,True,True,fusion_topology;text_role,1.0,1.0,1.0,1.0,1.0,0.0,0.0,1.0,0.329412,0.555102,0.489796,0.612903,0.24,ALTER,ALTER,WSI report-generation fine-tuning route,WSI gene-mutation route,2,5,False,3,5
full_2026-07-06__rec_001218,route_55b069b6a41f,route_37eae69f2672,0.77765,True,True,True,fusion_topology;text_role,1.0,1.0,1.0,1.0,1.0,0.0,0.0,1.0,0.329412,0.555102,1.0,0.818182,0.27972,ALTER,ALTER,WSI report-generation fine-tuning route,WSI report-generation route,1,4,True,3,4
full_2026-07-06__rec_001218,route_954151963b12,route_06651029e746,0.834383,True,True,True,fusion_topology,1.0,1.0,1.0,1.0,1.0,0.0,1.0,1.0,0.329412,0.577922,1.0,0.8125,0.412371,ALTER,ALTER,WSI cancer subtyping fine-tuning route,WSI cancer-subtyping route,1,1,True,4,4
full_2026-07-06__rec_001218,route_954151963b12,route_2997abc848de,0.774029,True,True,True,fusion_topology,1.0,1.0,1.0,1.0,1.0,0.0,1.0,1.0,0.321839,0.592334,0.150943,0.447761,0.226415,ALTER,ALTER,WSI cancer subtyping fine-tuning route,WSI survival-prediction route,4,3,False,4,4
full_2026-07-06__rec_001218,route_954151963b12,route_3255c1091034,0.783382,True,True,True,fusion_topology,1.0,1.0,1.0,1.0,1.0,0.0,1.0,1.0,0.329412,0.577922,0.208333,0.52459,0.342857,ALTER,ALTER,WSI cancer subtyping fine-tuning route,WSI gene-mutation route,3,3,False,4,5
full_2026-07-06__rec_001218,route_954151963b12,route_37eae69f2672,0.788397,True,True,True,fusion_topology,1.0,1.0,1.0,1.0,1.0,0.0,1.0,1.0,0.329412,0.577922,0.439024,0.492308,0.204082,ALTER,ALTER,WSI cancer subtyping fine-tuning route,WSI report-generation route,2,2,False,4,4
full_2026-07-06__rec_001218,route_c4b38ceddd37,route_06651029e746,0.772441,True,True,True,fusion_topology,1.0,1.0,1.0,1.0,1.0,0.0,1.0,1.0,0.329412,0.577922,0.166667,0.5,0.13986,ALTER,ALTER,WSI gene mutation prediction fine-tuning route,WSI cancer-subtyping route,4,3,False,5,4
full_2026-07-06__rec_001218,route_c4b38ceddd37,route_2997abc848de,0.797831,True,True,True,fusion_topology,1.0,1.0,1.0,1.0,1.0,0.0,1.0,1.0,0.321839,0.592334,0.459016,0.613333,0.312195,ALTER,ALTER,WSI gene mutation prediction fine-tuning route,WSI survival-prediction route,2,2,False,5,4
full_2026-07-06__rec_001218,route_c4b38ceddd37,route_3255c1091034,0.82305,True,True,True,fusion_topology,1.0,1.0,1.0,1.0,1.0,0.0,1.0,1.0,0.329412,0.577922,1.0,0.666667,0.238411,ALTER,ALTER,WSI gene mutation prediction fine-tuning route,WSI gene-mutation route,1,1,True,5,5
full_2026-07-06__rec_001218,route_c4b38ceddd37,route_37eae69f2672,0.791953,True,True,True,fusion_topology,1.0,1.0,1.0,1.0,1.0,0.0,1.0,1.0,0.329412,0.577922,0.489796,0.520548,0.208333,ALTER,ALTER,WSI gene mutation prediction fine-tuning route,WSI report-generation route,3,1,False,5,4
full_2026-07-06__rec_001218,route_c4b38ceddd37,route_814eb4ef1898,0.726058,True,False,True,lifecycle_phase;fusion_topology,1.0,1.0,1.0,1.0,0.0,0.0,1.0,1.0,0.605263,0.64,0.208955,0.537313,0.058065,ALTER,ALTER,WSI gene mutation prediction fine-tuning route,WSI pretraining route,5,3,False,5,3
full_2026-07-06__rec_001218,route_dcf0dd35ad86,route_2997abc848de,0.770988,True,False,True,lifecycle_phase,1.0,1.0,1.0,1.0,0.0,1.0,1.0,1.0,0.301075,0.586207,0.213115,0.64,0.225564,ALTER,ALTER,WSI pretraining route,WSI survival-prediction route,2,4,False,3,4
full_2026-07-06__rec_001218,route_dcf0dd35ad86,route_3255c1091034,0.769915,True,False,True,lifecycle_phase,1.0,1.0,1.0,1.0,0.0,1.0,1.0,1.0,0.241758,0.572347,0.307692,0.681818,0.177215,ALTER,ALTER,WSI pretraining route,WSI gene-mutation route,3,4,False,3,5
full_2026-07-06__rec_001218,route_dcf0dd35ad86,route_814eb4ef1898,0.88673,True,True,True,,1.0,1.0,1.0,1.0,1.0,1.0,1.0,1.0,0.365854,0.634561,0.912821,1.0,0.02649,ALTER,ALTER,WSI pretraining route,WSI pretraining route,1,1,True,3,3
full_2026-07-06__rec_001218,route_dcf0dd35ad86,route_a525acddbe12,0.46708,False,False,True,carrier_family;carrier_subtype;source_modality,1.0,0.0,0.0,0.0,1.0,1.0,1.0,0.190476,0.484848,0.411429,0.912821,0.826087,0.02649,ALTER,ALTER,WSI pretraining route,Genomic pretraining route,6,2,False,3,0
full_2026-07-06__rec_001218,route_fda209d11556,route_79351a652029,0.732407,True,False,True,source_modality;fusion_topology,1.0,1.0,1.0,0.0,1.0,0.0,1.0,0.85,0.675,0.52459,0.912821,1.0,0.019868,ALTER,ALTER,Report pretraining route,Report pretraining route,1,1,True,1,1
full_2026-07-06__rec_001277,route_060bb3b4f976,route_050dc5bde59a,0.79131,True,False,True,lifecycle_phase,1.0,1.0,1.0,1.0,0.0,1.0,1.0,0.666667,1.0,0.298643,1.0,0.344828,0.251497,Deepseek-V3,Deepseek-V3,Deepseek-V3 standardized metadata prompt,RAG prompt to Deepseek-V3 for text augmentation,1,1,True,1,2
full_2026-07-06__rec_001277,route_40027e6c71fb,route_ff7cf939a1c2,0.73843,True,True,True,fusion_topology,1.0,1.0,1.0,1.0,1.0,0.0,1.0,0.676923,0.363636,0.25,0.44186,0.666667,0.303797,OKR-CELL,OKR-CELL,OKR-CELL text encoder,LLM-enriched text to OKR-CELL text encoder,1,1,True,1,1
full_2026-07-06__rec_001277,route_6dc447aab83d,route_050dc5bde59a,0.709187,True,False,True,lifecycle_phase;text_role,1.0,1.0,1.0,1.0,0.0,1.0,0.0,0.369231,1.0,0.309735,1.0,0.409639,0.272727,Deepseek-V3,Deepseek-V3,Deepseek-V3 retrieved-snippet prompt,RAG prompt to Deepseek-V3 for text augmentation,1,2,False,1,2
full_2026-07-06__rec_001319,route_285df6c9298b,route_14152f1e2537,0.603655,False,False,True,carrier_subtype;fusion_topology,1.0,1.0,0.0,1.0,1.0,0.0,1.0,0.129032,0.622222,0.531646,0.25,0.583333,0.185022,InstructCell,InstructCell,text token input route,CPCG text-conditions input,3,1,False,0,0
full_2026-07-06__rec_001319,route_285df6c9298b,route_61f880bd73b6,0.676506,False,False,True,carrier_subtype,1.0,1.0,0.0,1.0,1.0,1.0,1.0,0.230769,0.622222,0.531646,0.229167,0.487805,0.298755,InstructCell,InstructCell,text token input route,DSP drug text input,2,1,False,0,0
full_2026-07-06__rec_001319,route_285df6c9298b,route_be3424510352,0.690125,False,False,True,carrier_subtype,1.0,1.0,0.0,1.0,1.0,1.0,1.0,0.307692,0.622222,0.531646,0.337079,0.416667,0.326923,InstructCell,InstructCell,text token input route,CTA instruction text input,1,1,False,0,0
full_2026-07-06__rec_001319,route_2d5fbc8c2f50,route_35cf8fd29c94,0.724195,True,False,True,source_modality;fusion_topology,1.0,1.0,1.0,0.0,1.0,0.0,1.0,1.0,0.588235,0.647059,0.337079,0.315789,0.534923,InstructCell,InstructCell,single-cell Q-Former input route,CTA gene-expression input,1,1,True,2,1
full_2026-07-06__rec_001319,route_2d5fbc8c2f50,route_4734953682d7,0.682579,True,False,True,source_modality;fusion_topology,1.0,1.0,1.0,0.0,1.0,0.0,1.0,0.835821,0.588235,0.647059,0.229167,0.315789,0.121951,InstructCell,InstructCell,single-cell Q-Former input route,DSP gene-expression input,2,1,False,2,1
full_2026-07-06__rec_001319,route_43a62738b6e6,route_35cf8fd29c94,0.586127,False,False,True,carrier_subtype;source_modality;fusion_topology,1.0,1.0,0.0,0.0,1.0,0.0,1.0,1.0,0.27027,0.333333,0.52,0.419355,0.132353,InstructCell,InstructCell,single-cell CVAE reconstruction route,CTA gene-expression input,1,2,False,0,1
full_2026-07-06__rec_001319,route_43a62738b6e6,route_4734953682d7,0.559608,False,False,True,carrier_subtype;source_modality;fusion_topology,1.0,1.0,0.0,0.0,1.0,0.0,1.0,0.835821,0.27027,0.333333,0.385965,0.451613,0.105263,InstructCell,InstructCell,single-cell CVAE reconstruction route,DSP gene-expression input,2,2,False,0,1
full_2026-07-06__rec_001343,route_04cbb5fde547,route_33c428778637,0.519078,False,False,True,source_modality;lifecycle_phase;text_role,1.0,1.0,1.0,0.0,0.0,1.0,0.0,0.346154,0.219178,0.327273,0.36,0.35,0.019691,scDiff,scDiff,LLM conditioner,masked expression context,3,5,False,0,1
full_2026-07-06__rec_001343,route_04cbb5fde547,route_60811d2ca646,0.546593,False,False,True,source_modality;lifecycle_phase;text_role,1.0,1.0,1.0,0.0,0.0,1.0,0.0,0.162162,0.610169,0.444444,0.53125,0.545455,0.009615,scDiff,scDiff,LLM conditioner,class-conditioning embeddings,2,5,False,0,1
full_2026-07-06__rec_001343,route_04cbb5fde547,route_b441718bb9ae,0.717092,False,False,True,carrier_subtype;text_role,1.0,1.0,0.0,1.0,1.0,1.0,0.0,0.721311,0.721311,0.48,1.0,0.536585,0.008621,scDiff,scDiff,LLM conditioner,LLM cell-type descriptions,1,1,False,0,0
full_2026-07-06__rec_001343,route_12b831b2da0c,route_33c428778637,0.592277,False,False,True,source_modality;text_role,1.0,1.0,1.0,0.0,1.0,1.0,0.0,0.341463,0.352941,0.30303,0.230769,0.428571,0.024691,scDiff,scDiff,class conditioner,masked expression context,2,2,False,1,1
full_2026-07-06__rec_001343,route_12b831b2da0c,route_341400d84a00,0.555656,False,False,True,source_modality;fusion_topology;text_role,1.0,1.0,1.0,0.0,1.0,0.0,0.0,0.272727,0.730159,0.305085,0.404494,0.25,0.068421,scDiff,scDiff,class conditioner,corrupted gene expression input,3,3,False,1,1
full_2026-07-06__rec_001343,route_12b831b2da0c,route_60811d2ca646,0.762157,True,True,True,text_role,1.0,1.0,1.0,1.0,1.0,1.0,0.0,0.461538,0.518519,0.439024,0.939394,0.695652,0.047619,scDiff,scDiff,class conditioner,class-conditioning embeddings,1,1,True,1,1
full_2026-07-06__rec_001343,route_12b831b2da0c,route_7a11d879f520,0.546334,False,False,True,source_modality;fusion_topology;text_role,1.0,1.0,1.0,0.0,1.0,0.0,0.0,0.230769,0.44898,0.439024,0.436364,0.418605,0.052632,scDiff,scDiff,class conditioner,batch-label decoder mix-in,4,2,False,1,1
full_2026-07-06__rec_001343,route_12b831b2da0c,route_b441718bb9ae,0.465247,False,False,True,carrier_subtype;source_modality;lifecycle_phase;text_role,1.0,1.0,0.0,0.0,0.0,1.0,0.0,0.4,0.571429,0.214286,0.566667,0.418605,0.033898,scDiff,scDiff,class conditioner,LLM cell-type descriptions,5,3,False,1,0
full_2026-07-06__rec_001343,route_173f24522d65,route_33c428778637,0.868154,True,True,True,,1.0,1.0,1.0,1.0,1.0,1.0,1.0,1.0,0.684211,0.809524,0.214286,0.318182,0.083333,scDiff,scDiff,context conditioner,masked expression context,1,1,True,2,1
full_2026-07-06__rec_001343,route_173f24522d65,route_341400d84a00,0.691948,True,True,True,fusion_topology,1.0,1.0,1.0,1.0,1.0,0.0,1.0,0.509091,0.197183,0.5,0.153846,0.32,0.119048,scDiff,scDiff,context conditioner,corrupted gene expression input,2,1,False,2,1
full_2026-07-06__rec_001343,route_173f24522d65,route_60811d2ca646,0.560141,False,False,True,source_modality;text_role,1.0,1.0,1.0,0.0,1.0,1.0,0.0,0.216216,0.16129,0.2,0.238095,0.5,0.05,scDiff,scDiff,context conditioner,class-conditioning embeddings,3,4,False,2,1
full_2026-07-06__rec_001343,route_173f24522d65,route_c88dc1223aa2,0.493308,False,False,True,source_modality;lifecycle_phase;fusion_topology,1.0,1.0,1.0,0.0,0.0,0.0,1.0,0.215385,0.222222,0.340909,0.117647,0.380952,0.268293,scDiff,scDiff,context conditioner,cell type deconvolution,4,3,False,2,0
full_2026-07-06__rec_001343,route_173f24522d65,route_fe676aa8da45,0.490355,False,False,True,source_modality;lifecycle_phase;fusion_topology,1.0,1.0,1.0,0.0,0.0,0.0,1.0,0.243902,0.163934,0.242991,0.131579,0.473684,0.295302,scDiff,scDiff,context conditioner,modality prediction,5,2,False,2,0
full_2026-07-06__rec_001343,route_a79c10922e5d,route_33c428778637,0.520007,False,False,True,source_modality;fusion_topology;text_role,1.0,1.0,1.0,0.0,1.0,0.0,0.0,0.216216,0.157303,0.37037,0.42623,0.407407,0.089744,scDiff,scDiff,batch embedding decoder input,masked expression context,3,4,False,1,1
full_2026-07-06__rec_001343,route_a79c10922e5d,route_60811d2ca646,0.629233,False,False,True,source_modality;fusion_topology,1.0,1.0,1.0,0.0,1.0,0.0,1.0,0.636364,0.373333,0.290323,0.426667,0.413793,0.066667,scDiff,scDiff,batch embedding decoder input,class-conditioning embeddings,2,2,False,1,1
full_2026-07-06__rec_001343,route_a79c10922e5d,route_7a11d879f520,0.846838,True,True,True,,1.0,1.0,1.0,1.0,1.0,1.0,1.0,1.0,0.428571,0.290323,0.4375,0.690909,0.347826,scDiff,scDiff,batch embedding decoder input,batch-label decoder mix-in,1,1,True,1,1
full_2026-07-06__rec_001343,route_a79c10922e5d,route_c88dc1223aa2,0.506603,False,False,True,source_modality;lifecycle_phase;text_role,1.0,1.0,1.0,0.0,0.0,1.0,0.0,0.2,0.212766,0.32,0.281481,0.384615,0.242424,scDiff,scDiff,batch embedding decoder input,cell type deconvolution,5,2,False,1,0
full_2026-07-06__rec_001343,route_b3e633cc9a34,route_33c428778637,0.520885,False,False,True,source_modality;lifecycle_phase;text_role,1.0,1.0,1.0,0.0,0.0,1.0,0.0,0.3,0.322581,0.367347,0.254545,0.428571,0.02514,scDiff,scDiff,GEARS conditioner,masked expression context,4,3,False,0,1
full_2026-07-06__rec_001343,route_b3e633cc9a34,route_60811d2ca646,0.583463,False,False,True,source_modality;lifecycle_phase,1.0,1.0,1.0,0.0,0.0,1.0,1.0,0.177778,0.5,0.280702,0.57971,0.565217,0.038462,scDiff,scDiff,GEARS conditioner,class-conditioning embeddings,1,3,False,0,1
full_2026-07-06__rec_001343,route_b3e633cc9a34,route_7a11d879f520,0.514041,False,False,True,source_modality;lifecycle_phase;fusion_topology,1.0,1.0,1.0,0.0,0.0,0.0,1.0,0.133333,0.604651,0.315789,0.448276,0.325581,0.035714,scDiff,scDiff,GEARS conditioner,batch-label decoder mix-in,5,3,False,0,1
full_2026-07-06__rec_001343,route_b3e633cc9a34,route_b441718bb9ae,0.497822,False,False,True,carrier_subtype;source_modality;lifecycle_phase,1.0,1.0,0.0,0.0,0.0,1.0,1.0,0.318841,0.52,0.318182,0.380952,0.372093,0.016949,scDiff,scDiff,GEARS conditioner,LLM cell-type descriptions,7,2,False,0,0
full_2026-07-06__rec_001343,route_b3e633cc9a34,route_c88dc1223aa2,0.540596,False,False,True,source_modality;fusion_topology;text_role,1.0,1.0,1.0,0.0,1.0,0.0,0.0,0.273973,0.298507,0.4,0.27907,0.45,0.284264,scDiff,scDiff,GEARS conditioner,cell type deconvolution,3,1,False,0,0
full_2026-07-06__rec_001343,route_b3e633cc9a34,route_db014e40a27b,0.54364,False,False,True,carrier_subtype;source_modality;fusion_topology;text_role,1.0,1.0,0.0,0.0,1.0,0.0,0.0,0.380952,1.0,0.641026,0.833333,0.313725,0.049383,scDiff,scDiff,GEARS conditioner,gene-perturbation graph embeddings,2,1,False,0,0
full_2026-07-06__rec_001343,route_b3e633cc9a34,route_fe676aa8da45,0.511219,False,False,True,source_modality;fusion_topology;text_role,1.0,1.0,1.0,0.0,1.0,0.0,0.0,0.285714,0.12766,0.175439,0.252427,0.388889,0.285714,scDiff,scDiff,GEARS conditioner,modality prediction,6,1,False,0,0
full_2026-07-06__rec_001343,route_d4ad3e23cdcc,route_33c428778637,0.497709,False,False,True,carrier_family;carrier_subtype;fusion_topology,1.0,0.0,0.0,1.0,1.0,0.0,1.0,0.528302,0.543689,0.333333,0.336634,0.416667,0.089744,scDiff,scDiff,reverse diffusion input,masked expression context,2,6,False,0,1
full_2026-07-06__rec_001343,route_d4ad3e23cdcc,route_341400d84a00,0.596728,False,False,True,carrier_family;carrier_subtype,1.0,0.0,0.0,1.0,1.0,1.0,1.0,0.75,0.469388,0.538462,0.362319,0.481481,0.090452,scDiff,scDiff,reverse diffusion input,corrupted gene expression input,1,2,False,0,1
full_2026-07-06__rec_001352,route_0154f90db222,route_24c930aa65f9,0.770851,True,False,True,source_modality;text_role,1.0,1.0,1.0,0.0,1.0,1.0,0.0,1.0,1.0,0.29703,0.730769,0.561798,0.666667,Med-PaLM M,Med-PaLM M,MIMIC-CXR two-view report generation frontal-view route,Two-view chest X-ray frontal image,1,1,True,2,2
full_2026-07-06__rec_001352,route_0154f90db222,route_dedea019c8c6,0.552924,False,False,True,carrier_subtype;source_modality;fusion_topology;text_role,1.0,1.0,0.0,0.0,1.0,0.0,0.0,0.809524,1.0,0.350515,0.347107,0.242424,0.165414,Med-PaLM M,Med-PaLM M,MIMIC-CXR two-view report generation frontal-view route,Zero-shot CoT TB reasoning chest X-ray image,3,8,False,2,2
full_2026-07-06__rec_001352,route_0154f90db222,route_e5b3f0ddc7a8,0.747606,True,False,True,source_modality;text_role,1.0,1.0,1.0,0.0,1.0,1.0,0.0,0.84,1.0,0.29703,0.730769,0.426966,0.666667,Med-PaLM M,Med-PaLM M,MIMIC-CXR two-view report generation frontal-view route,Two-view chest X-ray lateral image,2,2,False,2,2
full_2026-07-06__rec_001352,route_414a629afc52,route_12d7d966e290,0.690735,True,True,True,text_role,1.0,1.0,1.0,1.0,1.0,1.0,0.0,0.347826,0.375,0.228571,0.333333,0.275862,0.295082,Med-PaLM M,Med-PaLM M,Medical QA text route,CBIS-DDSM calcification view position,12,1,False,12,1
full_2026-07-06__rec_001352,route_414a629afc52,route_23711b8a6d22,0.491965,False,False,True,carrier_subtype;lifecycle_phase;fusion_topology,1.0,1.0,0.0,1.0,0.0,0.0,1.0,0.205128,0.375,0.142857,0.227642,0.366667,0.217949,Med-PaLM M,Med-PaLM M,Medical QA text route,Montgomery County TB text-only exemplar,15,1,False,12,0
full_2026-07-06__rec_001352,route_414a629afc52,route_4b59d8f2b620,0.690834,True,True,True,text_role,1.0,1.0,1.0,1.0,1.0,1.0,0.0,0.347826,0.375,0.228571,0.378378,0.204082,0.295082,Med-PaLM M,Med-PaLM M,Medical QA text route,CBIS-DDSM mass view position,11,1,False,12,1
full_2026-07-06__rec_001352,route_414a629afc52,route_66ceed3a7c7c,0.612574,False,False,True,carrier_subtype;text_role,1.0,1.0,0.0,1.0,1.0,1.0,0.0,0.512821,0.375,0.263158,0.252632,0.434783,0.017241,Med-PaLM M,Med-PaLM M,Medical QA text route,MIMIC-CXR indication text,13,2,False,12,0
full_2026-07-06__rec_001352,route_414a629afc52,route_74341e8e7404,0.784686,True,True,True,,1.0,1.0,1.0,1.0,1.0,1.0,1.0,0.583333,0.375,0.416667,0.377358,0.37931,0.225564,Med-PaLM M,Med-PaLM M,Medical QA text route,MIMIC-CXR abnormality question prompt,6,1,False,12,1
full_2026-07-06__rec_001352,route_414a629afc52,route_96155896761d,0.695534,True,True,True,text_role,1.0,1.0,1.0,1.0,1.0,1.0,0.0,0.408163,0.375,0.089552,0.444444,0.346154,0.285714,Med-PaLM M,Med-PaLM M,Medical QA text route,VinDr-Mammo contextual features,10,1,False,12,1
full_2026-07-06__rec_001352,route_414a629afc52,route_a296352c6985,0.813956,True,True,True,,1.0,1.0,1.0,1.0,1.0,1.0,1.0,0.764706,0.375,0.390625,0.54,0.372093,0.26087,Med-PaLM M,Med-PaLM M,Medical QA text route,Path-VQA question text,4,1,False,12,1
full_2026-07-06__rec_001352,route_414a629afc52,route_a6559f47554c,0.747504,True,False,True,lifecycle_phase,1.0,1.0,1.0,1.0,0.0,1.0,1.0,0.64,0.375,0.508475,0.659091,0.375,0.366412,Med-PaLM M,Med-PaLM M,Medical QA text route,PubMedQA question answering,8,1,False,12,1
full_2026-07-06__rec_001352,route_414a629afc52,route_b1a0860c865c,0.776301,True,True,True,,1.0,1.0,1.0,1.0,1.0,1.0,1.0,0.52,0.375,0.458015,0.32,0.31746,0.251656,Med-PaLM M,Med-PaLM M,Medical QA text route,PrecisionFDA variant-count question prompt,7,1,False,12,1
full_2026-07-06__rec_001352,route_414a629afc52,route_c80d1f7e2b18,0.544827,False,False,True,carrier_subtype;fusion_topology;text_role,1.0,1.0,0.0,1.0,1.0,0.0,0.0,0.454545,0.375,0.104348,0.291667,0.327869,0.307692,Med-PaLM M,Med-PaLM M,Medical QA text route,MIMIC-III radiology report summarization,14,2,False,12,1
full_2026-07-06__rec_001352,route_414a629afc52,route_d7dcfe8ab908,0.820382,True,True,True,,1.0,1.0,1.0,1.0,1.0,1.0,1.0,0.764706,0.375,0.390625,0.585859,0.380952,0.357542,Med-PaLM M,Med-PaLM M,Medical QA text route,VQA-RAD question text,1,1,True,12,1
full_2026-07-06__rec_001352,route_414a629afc52,route_dd6b4b0a8833,0.715665,True,True,True,text_role,1.0,1.0,1.0,1.0,1.0,1.0,0.0,0.391304,0.375,0.577778,0.444444,0.310345,0.012048,Med-PaLM M,Med-PaLM M,Medical QA text route,PAD-UFES-20 patient clinical features,9,1,False,12,1
full_2026-07-06__rec_001352,route_414a629afc52,route_f448f8567994,0.816591,True,True,True,,1.0,1.0,1.0,1.0,1.0,1.0,1.0,0.744186,0.375,0.447761,0.643678,0.425532,0.118644,Med-PaLM M,Med-PaLM M,Medical QA text route,MedMCQA question answering,2,1,False,12,1
full_2026-07-06__rec_001352,route_414a629afc52,route_f69f5645b8b6,0.813053,True,True,True,,1.0,1.0,1.0,1.0,1.0,1.0,1.0,0.744186,0.375,0.447761,0.588235,0.4,0.118644,Med-PaLM M,Med-PaLM M,Medical QA text route,MedQA question answering,5,1,False,12,1
full_2026-07-06__rec_001352,route_414a629afc52,route_fbd79b00ab68,0.814295,True,True,True,,1.0,1.0,1.0,1.0,1.0,1.0,1.0,0.764706,0.375,0.390625,0.554455,0.409091,0.223529,Med-PaLM M,Med-PaLM M,Medical QA text route,Slake-VQA question text,3,1,False,12,1
full_2026-07-06__rec_001352,route_41e1a2b979ce,route_23711b8a6d22,0.490225,False,False,True,carrier_family;carrier_subtype;source_modality,1.0,0.0,0.0,0.0,1.0,1.0,1.0,0.4,0.483871,0.422222,0.64557,0.777778,0.32967,Med-PaLM M,Med-PaLM M,Montgomery County TB detection QA,Montgomery County TB text-only exemplar,14,2,False,3,0
full_2026-07-06__rec_001352,route_41e1a2b979ce,route_24c930aa65f9,0.593385,False,False,True,carrier_subtype;source_modality;fusion_topology,1.0,1.0,0.0,0.0,1.0,0.0,1.0,0.809524,1.0,0.247423,0.27907,0.149254,0.262295,Med-PaLM M,Med-PaLM M,Montgomery County TB detection QA,Two-view chest X-ray frontal image,8,3,False,3,2
full_2026-07-06__rec_001352,route_41e1a2b979ce,route_347b0e24a453,0.726435,True,False,True,source_modality;fusion_topology,1.0,1.0,1.0,0.0,1.0,0.0,1.0,0.641509,1.0,0.458333,0.64557,0.676056,0.620253,Med-PaLM M,Med-PaLM M,Montgomery County TB detection QA,Montgomery County TB chest X-ray image,2,2,False,3,2
full_2026-07-06__rec_001352,route_41e1a2b979ce,route_dedea019c8c6,0.798773,True,False,True,source_modality,1.0,1.0,1.0,0.0,1.0,1.0,1.0,1.0,1.0,0.602151,0.315068,0.38961,0.229508,Med-PaLM M,Med-PaLM M,Montgomery County TB detection QA,Zero-shot CoT TB reasoning chest X-ray image,1,1,True,3,2
full_2026-07-06__rec_001352,route_41e1a2b979ce,route_e5b3f0ddc7a8,0.594281,False,False,True,carrier_subtype;source_modality;fusion_topology,1.0,1.0,0.0,0.0,1.0,0.0,1.0,0.809524,1.0,0.247423,0.27907,0.179104,0.262295,Med-PaLM M,Med-PaLM M,Montgomery County TB detection QA,Two-view chest X-ray lateral image,7,3,False,3,2
full_2026-07-06__rec_001352,route_41e1a2b979ce,route_fce69a574de1,0.677204,True,False,True,lifecycle_phase;fusion_topology,1.0,1.0,1.0,1.0,0.0,0.0,1.0,0.5625,1.0,0.291971,0.294118,0.172414,0.234694,Med-PaLM M,Med-PaLM M,Montgomery County TB detection QA,Slake-VQA radiology image,3,5,False,3,5
full_2026-07-06__rec_001352,route_45871389b6ee,route_25afc922cc13,0.763229,True,True,True,text_role,1.0,1.0,1.0,1.0,1.0,1.0,0.0,0.5625,1.0,0.283951,0.244604,0.4375,0.262443,Med-PaLM M,Med-PaLM M,Chest X-ray report generation image route,VQA-RAD radiology image,2,4,False,3,5
full_2026-07-06__rec_001352,route_45871389b6ee,route_316a17c531e7,0.807887,True,False,True,source_modality,1.0,1.0,1.0,0.0,1.0,1.0,1.0,1.0,1.0,0.307692,0.466667,0.5,0.700389,Med-PaLM M,Med-PaLM M,Chest X-ray report generation image route,MIMIC-CXR chest X-ray image,1,1,True,3,3
full_2026-07-06__rec_001352,route_45871389b6ee,route_fce69a574de1,0.758135,True,True,True,text_role,1.0,1.0,1.0,1.0,1.0,1.0,0.0,0.5625,1.0,0.283951,0.212766,0.393939,0.207547,Med-PaLM M,Med-PaLM M,Chest X-ray report generation image route,Slake-VQA radiology image,3,4,False,3,5
full_2026-07-06__rec_001352,route_6e0d4603f743,route_25afc922cc13,0.814131,True,True,True,,1.0,1.0,1.0,1.0,1.0,1.0,1.0,0.5625,1.0,0.351515,0.357724,0.215385,0.191919,Med-PaLM M,Med-PaLM M,MIMIC-CXR chest X-ray classification route,VQA-RAD radiology image,2,2,False,6,5
full_2026-07-06__rec_001352,route_6e0d4603f743,route_316a17c531e7,0.744319,True,False,True,source_modality;text_role,1.0,1.0,1.0,0.0,1.0,1.0,0.0,1.0,1.0,0.360465,0.386555,0.695652,0.222222,Med-PaLM M,Med-PaLM M,MIMIC-CXR chest X-ray classification route,MIMIC-CXR chest X-ray image,4,2,False,6,3
full_2026-07-06__rec_001352,route_6e0d4603f743,route_347b0e24a453,0.6075,False,False,True,source_modality;lifecycle_phase;fusion_topology,1.0,1.0,1.0,0.0,0.0,0.0,1.0,0.641509,1.0,0.258065,0.394558,0.475,0.211921,Med-PaLM M,Med-PaLM M,MIMIC-CXR chest X-ray classification route,Montgomery County TB chest X-ray image,12,3,False,6,2
full_2026-07-06__rec_001352,route_6e0d4603f743,route_ab73c9e4c443,0.732858,True,False,True,source_modality,1.0,1.0,1.0,0.0,1.0,1.0,1.0,0.457143,1.0,0.391608,0.454545,0.366197,0.421875,Med-PaLM M,Med-PaLM M,MIMIC-CXR chest X-ray classification route,PAD-UFES-20 skin lesion image,5,2,False,6,3
full_2026-07-06__rec_001352,route_6e0d4603f743,route_bca4ff4bec3d,0.718161,True,False,True,source_modality,1.0,1.0,1.0,0.0,1.0,1.0,1.0,0.5,1.0,0.351515,0.403226,0.090909,0.266667,Med-PaLM M,Med-PaLM M,MIMIC-CXR chest X-ray classification route,Path-VQA pathology image,6,3,False,6,4
full_2026-07-06__rec_001352,route_6e0d4603f743,route_dedea019c8c6,0.643352,False,False,True,source_modality;lifecycle_phase;fusion_topology,1.0,1.0,1.0,0.0,0.0,0.0,1.0,1.0,1.0,0.231405,0.355556,0.418605,0.170455,Med-PaLM M,Med-PaLM M,MIMIC-CXR chest X-ray classification route,Zero-shot CoT TB reasoning chest X-ray image,10,3,False,6,2
full_2026-07-06__rec_001352,route_6e0d4603f743,route_e41c2b760139,0.765987,True,False,True,source_modality,1.0,1.0,1.0,0.0,1.0,1.0,1.0,0.606061,1.0,0.301887,0.507692,0.707317,0.638095,Med-PaLM M,Med-PaLM M,MIMIC-CXR chest X-ray classification route,MIMIC-CXR pathology classification image,3,1,False,6,3
full_2026-07-06__rec_001352,route_6e0d4603f743,route_fce69a574de1,0.820322,True,True,True,,1.0,1.0,1.0,1.0,1.0,1.0,1.0,0.5625,1.0,0.351515,0.384,0.238806,0.296296,Med-PaLM M,Med-PaLM M,MIMIC-CXR chest X-ray classification route,Slake-VQA radiology image,1,2,True,6,5
full_2026-07-06__rec_001352,route_8052913df788,route_4c177264121e,0.870778,True,True,True,text_role,1.0,1.0,1.0,1.0,1.0,1.0,0.0,1.0,1.0,0.41791,0.542857,0.677966,0.851064,Med-PaLM M,Med-PaLM M,CBIS-DDSM mammography patch route,CBIS-DDSM mass image patch,2,1,False,3,3
full_2026-07-06__rec_001352,route_8052913df788,route_5b512157360b,0.871605,True,True,True,text_role,1.0,1.0,1.0,1.0,1.0,1.0,0.0,1.0,1.0,0.41791,0.630872,0.558824,0.851064,Med-PaLM M,Med-PaLM M,CBIS-DDSM mammography patch route,CBIS-DDSM calcification image patch,1,1,True,3,3
full_2026-07-06__rec_001352,route_8052913df788,route_d0d20292a638,0.78648,True,True,True,text_role,1.0,1.0,1.0,1.0,1.0,1.0,0.0,0.722222,1.0,0.156863,0.437956,0.580645,0.237885,Med-PaLM M,Med-PaLM M,CBIS-DDSM mammography patch route,VinDr-Mammo mammography image,3,1,False,3,3
full_2026-07-06__rec_001352,route_ab8051d80439,route_ab73c9e4c443,0.609914,False,False,True,source_modality;fusion_topology,1.0,1.0,1.0,0.0,1.0,0.0,1.0,0.40678,0.421053,0.390977,0.272727,0.318841,0.276423,Med-PaLM M,Med-PaLM M,Genomic variant calling image-like route,PAD-UFES-20 skin lesion image,2,8,False,1,3
full_2026-07-06__rec_001352,route_ab8051d80439,route_f27cdb31c4ca,0.650131,True,False,True,source_modality;fusion_topology,1.0,1.0,1.0,0.0,1.0,0.0,1.0,0.40625,0.545455,0.571429,0.614173,0.712644,0.027778,Med-PaLM M,Med-PaLM M,Genomic variant calling image-like route,PrecisionFDA variant calling image-like example,1,1,True,1,1
full_2026-07-06__rec_001352,route_ab8051d80439,route_fce69a574de1,0.599727,False,False,True,source_modality;fusion_topology,1.0,1.0,1.0,0.0,1.0,0.0,1.0,0.392857,0.421053,0.283871,0.31068,0.430769,0.119565,Med-PaLM M,Med-PaLM M,Genomic variant calling image-like route,Slake-VQA radiology image,3,10,False,1,5
full_2026-07-06__rec_001352,route_ae1673a81ff4,route_12d7d966e290,0.642345,False,False,True,carrier_subtype,1.0,1.0,0.0,1.0,1.0,1.0,1.0,0.310345,0.375,0.256881,0.280374,0.282051,0.20979,Med-PaLM M,Med-PaLM M,Radiology report summarization text route,CBIS-DDSM calcification view position,5,2,False,1,1
full_2026-07-06__rec_001352,route_ae1673a81ff4,route_23711b8a6d22,0.456769,False,False,True,carrier_subtype;lifecycle_phase;fusion_topology;text_role,1.0,1.0,0.0,1.0,0.0,0.0,0.0,0.196078,0.375,0.307692,0.327273,0.35,0.214689,Med-PaLM M,Med-PaLM M,Radiology report summarization text route,Montgomery County TB text-only exemplar,15,3,False,1,0
full_2026-07-06__rec_001352,route_ae1673a81ff4,route_4b59d8f2b620,0.645756,False,False,True,carrier_subtype,1.0,1.0,0.0,1.0,1.0,1.0,1.0,0.310345,0.375,0.256881,0.326531,0.318841,0.20979,Med-PaLM M,Med-PaLM M,Radiology report summarization text route,CBIS-DDSM mass view position,4,2,False,1,1
full_2026-07-06__rec_001352,route_ae1673a81ff4,route_66ceed3a7c7c,0.664316,False,False,True,carrier_subtype,1.0,1.0,0.0,1.0,1.0,1.0,1.0,0.509804,0.375,0.118644,0.512195,0.393939,0.028902,Med-PaLM M,Med-PaLM M,Radiology report summarization text route,MIMIC-CXR indication text,2,1,False,1,0
full_2026-07-06__rec_001352,route_ae1673a81ff4,route_74341e8e7404,0.616813,False,False,True,carrier_subtype;text_role,1.0,1.0,0.0,1.0,1.0,1.0,0.0,0.366667,0.375,0.337838,0.430108,0.384615,0.246753,Med-PaLM M,Med-PaLM M,Radiology report summarization text route,MIMIC-CXR abnormality question prompt,6,2,False,1,1
full_2026-07-06__rec_001352,route_ae1673a81ff4,route_96155896761d,0.659725,False,False,True,carrier_subtype,1.0,1.0,0.0,1.0,1.0,1.0,1.0,0.42623,0.375,0.130435,0.378947,0.361111,0.335404,Med-PaLM M,Med-PaLM M,Radiology report summarization text route,VinDr-Mammo contextual features,3,2,False,1,1
full_2026-07-06__rec_001352,route_ae1673a81ff4,route_a296352c6985,0.598853,False,False,True,carrier_subtype;text_role,1.0,1.0,0.0,1.0,1.0,1.0,0.0,0.26087,0.375,0.363636,0.275862,0.412698,0.241758,Med-PaLM M,Med-PaLM M,Radiology report summarization text route,Path-VQA question text,11,2,False,1,1
full_2026-07-06__rec_001352,route_ae1673a81ff4,route_a6559f47554c,0.542183,False,False,True,carrier_subtype;lifecycle_phase;text_role,1.0,1.0,0.0,1.0,0.0,1.0,0.0,0.419355,0.375,0.262295,0.266667,0.323529,0.355263,Med-PaLM M,Med-PaLM M,Radiology report summarization text route,PubMedQA question answering,14,2,False,1,1
full_2026-07-06__rec_001352,route_ae1673a81ff4,route_b1a0860c865c,0.608109,False,False,True,carrier_subtype;text_role,1.0,1.0,0.0,1.0,1.0,1.0,0.0,0.322581,0.375,0.355556,0.357143,0.385542,0.22093,Med-PaLM M,Med-PaLM M,Radiology report summarization text route,PrecisionFDA variant-count question prompt,8,2,False,1,1
full_2026-07-06__rec_001352,route_ae1673a81ff4,route_c80d1f7e2b18,0.76308,True,True,True,fusion_topology;text_role,1.0,1.0,1.0,1.0,1.0,0.0,0.0,0.75,0.375,0.470588,0.833333,0.740741,1.0,Med-PaLM M,Med-PaLM M,Radiology report summarization text route,MIMIC-III radiology report summarization,1,1,True,1,1
full_2026-07-06__rec_001352,route_ae1673a81ff4,route_d7dcfe8ab908,0.598679,False,False,True,carrier_subtype;text_role,1.0,1.0,0.0,1.0,1.0,1.0,0.0,0.26087,0.375,0.363636,0.27907,0.483871,0.18,Med-PaLM M,Med-PaLM M,Radiology report summarization text route,VQA-RAD question text,12,2,False,1,1
full_2026-07-06__rec_001352,route_ae1673a81ff4,route_dd6b4b0a8833,0.615529,False,False,True,carrier_subtype,1.0,1.0,0.0,1.0,1.0,1.0,1.0,0.241379,0.375,0.129496,0.210526,0.333333,0.018072,Med-PaLM M,Med-PaLM M,Radiology report summarization text route,PAD-UFES-20 patient clinical features,7,2,False,1,1
full_2026-07-06__rec_001352,route_ae1673a81ff4,route_f448f8567994,0.605083,False,False,True,carrier_subtype;text_role,1.0,1.0,0.0,1.0,1.0,1.0,0.0,0.4,0.375,0.333333,0.324324,0.328358,0.035821,Med-PaLM M,Med-PaLM M,Radiology report summarization text route,MedMCQA question answering,9,2,False,1,1
full_2026-07-06__rec_001352,route_ae1673a81ff4,route_f69f5645b8b6,0.603059,False,False,True,carrier_subtype;text_role,1.0,1.0,0.0,1.0,1.0,1.0,0.0,0.4,0.375,0.333333,0.277778,0.338462,0.035821,Med-PaLM M,Med-PaLM M,Radiology report summarization text route,MedQA question answering,10,2,False,1,1
full_2026-07-06__rec_001352,route_ae1673a81ff4,route_fbd79b00ab68,0.595833,False,False,True,carrier_subtype;text_role,1.0,1.0,0.0,1.0,1.0,1.0,0.0,0.26087,0.375,0.363636,0.295455,0.40625,0.146597,Med-PaLM M,Med-PaLM M,Radiology report summarization text route,Slake-VQA question text,13,2,False,1,1
full_2026-07-06__rec_001352,route_c23c888f89de,route_25afc922cc13,0.778393,True,False,True,source_modality,1.0,1.0,1.0,0.0,1.0,1.0,1.0,0.8,1.0,0.314286,0.647619,0.5,0.325301,Med-PaLM M,Med-PaLM M,Pathology VQA image route,VQA-RAD radiology image,3,3,False,5,5
full_2026-07-06__rec_001352,route_c23c888f89de,route_bca4ff4bec3d,0.904192,True,True,True,,1.0,1.0,1.0,1.0,1.0,1.0,1.0,1.0,1.0,0.314286,0.698113,0.612245,0.472973,Med-PaLM M,Med-PaLM M,Pathology VQA image route,Path-VQA pathology image,1,1,True,5,4
full_2026-07-06__rec_001352,route_c23c888f89de,route_d0d20292a638,0.705375,True,False,True,source_modality,1.0,1.0,1.0,0.0,1.0,1.0,1.0,0.411765,1.0,0.211055,0.403509,0.407407,0.21978,Med-PaLM M,Med-PaLM M,Pathology VQA image route,VinDr-Mammo mammography image,5,3,False,5,3
full_2026-07-06__rec_001352,route_c23c888f89de,route_e41c2b760139,0.694553,True,False,True,source_modality,1.0,1.0,1.0,0.0,1.0,1.0,1.0,0.258065,1.0,0.268657,0.375,0.523077,0.258427,Med-PaLM M,Med-PaLM M,Pathology VQA image route,MIMIC-CXR pathology classification image,6,3,False,5,3
full_2026-07-06__rec_001352,route_c23c888f89de,route_f27cdb31c4ca,0.630092,False,False,True,source_modality,1.0,1.0,1.0,0.0,1.0,1.0,1.0,0.157895,0.318841,0.350515,0.458015,0.361111,0.013889,Med-PaLM M,Med-PaLM M,Pathology VQA image route,PrecisionFDA variant calling image-like example,10,2,False,5,1
full_2026-07-06__rec_001352,route_c23c888f89de,route_fce69a574de1,0.779378,True,False,True,source_modality,1.0,1.0,1.0,0.0,1.0,1.0,1.0,0.8,1.0,0.314286,0.654206,0.48,0.356688,Med-PaLM M,Med-PaLM M,Pathology VQA image route,Slake-VQA radiology image,2,3,False,5,5
full_2026-07-06__rec_001352,route_da05d0a61191,route_4c177264121e,0.758993,True,True,True,text_role,1.0,1.0,1.0,1.0,1.0,1.0,0.0,0.490566,1.0,0.146341,0.477876,0.42623,0.33,Med-PaLM M,Med-PaLM M,VinDr-Mammo mammography image route,CBIS-DDSM mass image patch,2,2,False,3,3
full_2026-07-06__rec_001352,route_da05d0a61191,route_5b512157360b,0.753014,True,True,True,text_role,1.0,1.0,1.0,1.0,1.0,1.0,0.0,0.490566,1.0,0.146341,0.442623,0.285714,0.33,Med-PaLM M,Med-PaLM M,VinDr-Mammo mammography image route,CBIS-DDSM calcification image patch,3,2,False,3,3
full_2026-07-06__rec_001352,route_da05d0a61191,route_d0d20292a638,0.78612,True,True,True,text_role,1.0,1.0,1.0,1.0,1.0,1.0,0.0,0.509091,1.0,0.228311,0.636364,0.90625,0.251046,Med-PaLM M,Med-PaLM M,VinDr-Mammo mammography image route,VinDr-Mammo mammography image,1,2,True,3,3
full_2026-07-06__rec_001352,route_e25e9e570f50,route_25afc922cc13,0.676882,True,False,True,lifecycle_phase;fusion_topology,1.0,1.0,1.0,1.0,0.0,0.0,1.0,0.5625,1.0,0.236842,0.293706,0.149254,0.341014,Med-PaLM M,Med-PaLM M,Montgomery County TB zero-shot CoT reasoning,VQA-RAD radiology image,3,5,False,3,5
full_2026-07-06__rec_001352,route_e25e9e570f50,route_347b0e24a453,0.769955,True,False,True,source_modality,1.0,1.0,1.0,0.0,1.0,1.0,1.0,0.641509,1.0,0.504505,0.526946,0.682927,0.270588,Med-PaLM M,Med-PaLM M,Montgomery County TB zero-shot CoT reasoning,Montgomery County TB chest X-ray image,2,1,True,3,2
full_2026-07-06__rec_001352,route_e25e9e570f50,route_dedea019c8c6,0.770764,True,False,True,source_modality;fusion_topology,1.0,1.0,1.0,0.0,1.0,0.0,1.0,1.0,1.0,0.611111,0.709677,0.522727,0.420513,Med-PaLM M,Med-PaLM M,Montgomery County TB zero-shot CoT reasoning,Zero-shot CoT TB reasoning chest X-ray image,1,2,False,3,2
full_2026-07-06__rec_001352,route_e855fcdef289,route_25afc922cc13,0.891895,True,True,True,,1.0,1.0,1.0,1.0,1.0,1.0,1.0,1.0,1.0,0.314286,0.627119,0.625,0.244726,Med-PaLM M,Med-PaLM M,Radiology VQA image route,VQA-RAD radiology image,1,1,True,7,5
full_2026-07-06__rec_001352,route_e855fcdef289,route_4c177264121e,0.695499,True,False,True,source_modality,1.0,1.0,1.0,0.0,1.0,1.0,1.0,0.3125,1.0,0.258065,0.4,0.352941,0.233645,Med-PaLM M,Med-PaLM M,Radiology VQA image route,CBIS-DDSM mass image patch,6,3,False,7,3
full_2026-07-06__rec_001352,route_e855fcdef289,route_5b512157360b,0.691018,True,False,True,source_modality,1.0,1.0,1.0,0.0,1.0,1.0,1.0,0.3125,1.0,0.258065,0.302158,0.366667,0.233645,Med-PaLM M,Med-PaLM M,Radiology VQA image route,CBIS-DDSM calcification image patch,7,3,False,7,3
full_2026-07-06__rec_001352,route_e855fcdef289,route_ab73c9e4c443,0.72465,True,False,True,source_modality,1.0,1.0,1.0,0.0,1.0,1.0,1.0,0.484848,1.0,0.338983,0.440945,0.37037,0.239521,Med-PaLM M,Med-PaLM M,Radiology VQA image route,PAD-UFES-20 skin lesion image,4,3,False,7,3
full_2026-07-06__rec_001352,route_e855fcdef289,route_bca4ff4bec3d,0.770398,True,False,True,source_modality,1.0,1.0,1.0,0.0,1.0,1.0,1.0,0.8,1.0,0.314286,0.571429,0.489796,0.228311,Med-PaLM M,Med-PaLM M,Radiology VQA image route,Path-VQA pathology image,3,2,False,7,4
full_2026-07-06__rec_001352,route_e855fcdef289,route_e41c2b760139,0.717448,True,False,True,source_modality,1.0,1.0,1.0,0.0,1.0,1.0,1.0,0.451613,1.0,0.268657,0.4,0.461538,0.26506,Med-PaLM M,Med-PaLM M,Radiology VQA image route,MIMIC-CXR pathology classification image,5,2,False,7,3
full_2026-07-06__rec_001352,route_e855fcdef289,route_f27cdb31c4ca,0.617642,False,False,True,source_modality,1.0,1.0,1.0,0.0,1.0,1.0,1.0,0.105263,0.318841,0.350515,0.319444,0.388889,0.012903,Med-PaLM M,Med-PaLM M,Radiology VQA image route,PrecisionFDA variant calling image-like example,10,3,False,7,1
full_2026-07-06__rec_001352,route_e855fcdef289,route_fce69a574de1,0.89057,True,True,True,,1.0,1.0,1.0,1.0,1.0,1.0,1.0,1.0,1.0,0.314286,0.65,0.6,0.201754,Med-PaLM M,Med-PaLM M,Radiology VQA image route,Slake-VQA radiology image,2,1,False,7,5
full_2026-07-06__rec_001352,route_f68c74df2323,route_24c930aa65f9,0.749629,True,False,True,source_modality;text_role,1.0,1.0,1.0,0.0,1.0,1.0,0.0,0.84,1.0,0.29703,0.730769,0.494382,0.666667,Med-PaLM M,Med-PaLM M,MIMIC-CXR two-view report generation lateral-view route,Two-view chest X-ray frontal image,2,2,False,2,2
full_2026-07-06__rec_001352,route_f68c74df2323,route_dedea019c8c6,0.552924,False,False,True,carrier_subtype;source_modality;fusion_topology;text_role,1.0,1.0,0.0,0.0,1.0,0.0,0.0,0.809524,1.0,0.350515,0.347107,0.242424,0.165414,Med-PaLM M,Med-PaLM M,MIMIC-CXR two-view report generation lateral-view route,Zero-shot CoT TB reasoning chest X-ray image,3,9,False,2,2
full_2026-07-06__rec_001352,route_f68c74df2323,route_e5b3f0ddc7a8,0.770851,True,False,True,source_modality;text_role,1.0,1.0,1.0,0.0,1.0,1.0,0.0,1.0,1.0,0.29703,0.730769,0.561798,0.666667,Med-PaLM M,Med-PaLM M,MIMIC-CXR two-view report generation lateral-view route,Two-view chest X-ray lateral image,1,1,True,2,2
full_2026-07-06__rec_001352,route_fe5365a9f86b,route_316a17c531e7,0.718663,True,False,True,source_modality,1.0,1.0,1.0,0.0,1.0,1.0,1.0,0.470588,1.0,0.314465,0.288,0.451613,0.305785,Med-PaLM M,Med-PaLM M,PAD-UFES-20 dermatology image route,MIMIC-CXR chest X-ray image,2,3,False,3,3
full_2026-07-06__rec_001352,route_fe5365a9f86b,route_ab73c9e4c443,0.759934,True,False,True,source_modality;text_role,1.0,1.0,1.0,0.0,1.0,1.0,0.0,0.971429,1.0,0.430769,0.536232,0.625,0.441176,Med-PaLM M,Med-PaLM M,PAD-UFES-20 dermatology image route,PAD-UFES-20 skin lesion image,1,1,True,3,3
full_2026-07-06__rec_001352,route_fe5365a9f86b,route_bca4ff4bec3d,0.679258,True,False,True,source_modality;text_role,1.0,1.0,1.0,0.0,1.0,1.0,0.0,0.5,1.0,0.302632,0.292308,0.576271,0.404255,Med-PaLM M,Med-PaLM M,PAD-UFES-20 dermatology image route,Path-VQA pathology image,3,4,False,3,4
full_2026-07-06__rec_001381,route_2777c780658f,route_2d321e59d60e,0.769804,True,True,True,fusion_topology;text_role,1.0,1.0,1.0,1.0,1.0,0.0,0.0,1.0,0.28169,0.534759,1.0,0.851852,0.177419,scMMGPT,scMMGPT,Text-to-cell generation,scMMGPT text-to-cell generation,1,1,False,3,3
full_2026-07-06__rec_001381,route_2777c780658f,route_ba81ad8a8e8d,0.749717,True,True,False,,0.117647,1.0,1.0,1.0,1.0,1.0,1.0,0.740741,1.0,0.313043,0.857143,0.584615,0.080645,scMMGPT,LLaMA-2 7B,Text-to-cell generation,Text LLM tokenization of cell descriptions,2,1,True,3,1
full_2026-07-06__rec_001381,route_2777c780658f,route_e85e6aec8370,0.704668,True,True,True,fusion_topology;text_role,1.0,1.0,1.0,1.0,1.0,0.0,0.0,0.931034,0.295082,0.406015,0.275862,0.517241,0.113924,scMMGPT,scMMGPT,Text-to-cell generation,scMMGPT text-to-text discrimination,3,2,False,3,2
full_2026-07-06__rec_001381,route_5c98141a163b,route_0e7af367b8f6,0.49787,False,False,True,carrier_subtype;lifecycle_phase;text_role,1.0,1.0,0.0,1.0,0.0,1.0,0.0,0.222222,0.296296,0.119403,0.346667,0.314607,0.133333,scMMGPT,scMMGPT,Cross-modal discriminative pre-training (cell input),scMMGPT batch correction and clustering,3,2,False,2,0
full_2026-07-06__rec_001381,route_5c98141a163b,route_82d0d8cf6fc5,0.818575,True,True,True,fusion_topology,1.0,1.0,1.0,1.0,1.0,0.0,1.0,1.0,1.0,0.504505,0.15625,0.4,0.336182,scMMGPT,scMMGPT,Cross-modal discriminative pre-training (cell input),scMMGPT cell-to-text discrimination,1,1,True,2,2
full_2026-07-06__rec_001381,route_5c98141a163b,route_d9d1fbe0e6f2,0.739455,True,True,True,fusion_topology;text_role,1.0,1.0,1.0,1.0,1.0,0.0,0.0,1.0,0.461538,0.416107,0.608696,0.296296,0.217391,scMMGPT,scMMGPT,Cross-modal discriminative pre-training (cell input),scMMGPT cell-to-text generation,2,2,False,2,2
full_2026-07-06__rec_001381,route_770d5be1b9cb,route_2d321e59d60e,0.651161,True,False,True,lifecycle_phase;fusion_topology,1.0,1.0,1.0,1.0,0.0,0.0,1.0,0.52459,0.725,0.311688,0.206897,0.384615,0.09396,scMMGPT,scMMGPT,Zero-shot cell type annotation (text-label input),scMMGPT text-to-cell generation,1,3,True,1,3
full_2026-07-06__rec_001381,route_770d5be1b9cb,route_ba81ad8a8e8d,0.496326,False,False,False,lifecycle_phase;fusion_topology;text_role,0.117647,1.0,1.0,1.0,0.0,0.0,0.0,0.701754,0.215054,0.707317,0.128571,0.337079,0.142857,scMMGPT,LLaMA-2 7B,Zero-shot cell type annotation (text-label input),Text LLM tokenization of cell descriptions,3,3,False,1,1
full_2026-07-06__rec_001381,route_770d5be1b9cb,route_e85e6aec8370,0.593084,False,False,True,lifecycle_phase;fusion_topology;text_role,1.0,1.0,1.0,1.0,0.0,0.0,0.0,0.491803,0.314286,0.66,0.208589,0.317073,0.148148,scMMGPT,scMMGPT,Zero-shot cell type annotation (text-label input),scMMGPT text-to-text discrimination,2,3,False,1,2
full_2026-07-06__rec_001381,route_a97c48abc300,route_0e7af367b8f6,0.469196,False,False,True,carrier_subtype;lifecycle_phase;fusion_topology;text_role,1.0,1.0,0.0,1.0,0.0,0.0,0.0,0.421053,0.20339,0.30137,0.365854,0.393939,0.080645,scMMGPT,scMMGPT,Cell description generation,scMMGPT batch correction and clustering,4,3,False,0,0
full_2026-07-06__rec_001381,route_a97c48abc300,route_82d0d8cf6fc5,0.559242,False,False,True,lifecycle_phase;fusion_topology;text_role,1.0,1.0,1.0,1.0,0.0,0.0,0.0,0.333333,0.3,0.273504,0.394366,0.548387,0.073171,scMMGPT,scMMGPT,Cell description generation,scMMGPT cell-to-text discrimination,3,4,False,0,2
full_2026-07-06__rec_001381,route_a97c48abc300,route_bbae04cee963,0.5968,False,False,False,carrier_subtype;source_modality,0.133333,1.0,0.0,0.0,1.0,1.0,1.0,1.0,0.516129,0.402778,1.0,0.870968,0.225352,scMMGPT,text LLM,Cell description generation,scMMGPT cell description generation,2,1,False,0,0
full_2026-07-06__rec_001381,route_a97c48abc300,route_d9d1fbe0e6f2,0.644706,False,False,True,lifecycle_phase;fusion_topology,1.0,1.0,1.0,1.0,0.0,0.0,1.0,0.333333,0.452381,0.348387,0.679245,0.62069,0.151724,scMMGPT,scMMGPT,Cell description generation,scMMGPT cell-to-text generation,1,3,False,0,2
full_2026-07-06__rec_001381,route_d2b5ba461afb,route_0e7af367b8f6,0.683867,False,False,True,carrier_subtype,1.0,1.0,0.0,1.0,1.0,1.0,1.0,0.727273,0.21875,0.329412,0.252874,0.35,0.126984,scMMGPT,scMMGPT,Zero-shot cell type annotation (cell input),scMMGPT batch correction and clustering,1,1,False,0,0
full_2026-07-06__rec_001381,route_d2b5ba461afb,route_82d0d8cf6fc5,0.561119,False,False,True,lifecycle_phase;fusion_topology;text_role,1.0,1.0,1.0,1.0,0.0,0.0,0.0,0.26087,0.430769,0.449612,0.208589,0.447368,0.108434,scMMGPT,scMMGPT,Zero-shot cell type annotation (cell input),scMMGPT cell-to-text discrimination,2,3,False,0,2
full_2026-07-06__rec_001381,route_d2b5ba461afb,route_d9d1fbe0e6f2,0.546493,False,False,True,lifecycle_phase;fusion_topology;text_role,1.0,1.0,1.0,1.0,0.0,0.0,0.0,0.26087,0.292135,0.45509,0.096552,0.472222,0.097222,scMMGPT,scMMGPT,Zero-shot cell type annotation (cell input),scMMGPT cell-to-text generation,3,4,False,0,2
full_2026-07-06__rec_001381,route_d9cf8a9a6698,route_2d321e59d60e,0.726443,True,True,True,fusion_topology,1.0,1.0,1.0,1.0,1.0,0.0,1.0,0.761905,0.28,0.296296,0.478261,0.296296,0.046784,scMMGPT,scMMGPT,Cross-modal discriminative pre-training (text input),scMMGPT text-to-cell generation,1,2,False,2,3
full_2026-07-06__rec_001381,route_d9cf8a9a6698,route_ba81ad8a8e8d,0.551645,False,True,False,fusion_topology;text_role,0.117647,1.0,1.0,1.0,1.0,0.0,0.0,0.677966,0.253968,0.311111,0.439024,0.195652,0.190476,scMMGPT,LLaMA-2 7B,Cross-modal discriminative pre-training (text input),Text LLM tokenization of cell descriptions,3,2,False,2,1
full_2026-07-06__rec_001381,route_d9cf8a9a6698,route_e85e6aec8370,0.705714,True,True,True,fusion_topology;text_role,1.0,1.0,1.0,1.0,1.0,0.0,0.0,0.761905,0.45,0.555556,0.15625,0.4,0.352113,scMMGPT,scMMGPT,Cross-modal discriminative pre-training (text input),scMMGPT text-to-text discrimination,2,1,True,2,2
full_2026-07-06__rec_001381,route_e7cb9c0bdbbb,route_82d0d8cf6fc5,0.74023,True,True,True,fusion_topology;text_role,1.0,1.0,1.0,1.0,1.0,0.0,0.0,1.0,0.45,0.556291,0.275862,0.655172,0.158537,scMMGPT,scMMGPT,Cell-to-text generation,scMMGPT cell-to-text discrimination,2,2,False,2,2
full_2026-07-06__rec_001381,route_e7cb9c0bdbbb,route_d9d1fbe0e6f2,0.857245,True,True,True,fusion_topology,1.0,1.0,1.0,1.0,1.0,0.0,1.0,1.0,0.8125,0.539683,1.0,0.851852,0.175926,scMMGPT,scMMGPT,Cell-to-text generation,scMMGPT cell-to-text generation,1,1,True,2,2
full_2026-07-06__rec_001519,route_0949c7c7cd1e,route_424e87dd1e00,0.823898,True,False,True,lifecycle_phase,1.0,1.0,1.0,1.0,0.0,1.0,1.0,1.0,1.0,0.504505,0.306818,0.71875,0.291971,BioGPT,BioGPT,Clinical narrative path for pretraining,clinical narrative stream,1,1,True,1,2
full_2026-07-06__rec_001519,route_ad2092686a0d,route_424e87dd1e00,0.816467,True,False,True,lifecycle_phase,1.0,1.0,1.0,1.0,0.0,1.0,1.0,1.0,1.0,0.504505,0.285714,0.625,0.202899,BioGPT,BioGPT,Clinical narrative path for fine-tuning,clinical narrative stream,1,2,False,1,2
full_2026-07-06__rec_001519,route_c4ca8e18074d,route_88e8d2744e24,0.818848,True,False,True,lifecycle_phase,1.0,1.0,1.0,1.0,0.0,1.0,1.0,1.0,1.0,0.5,0.325203,0.7,0.164706,BioGPT,BioGPT,Genomic sequence path for pretraining,genomic sequence stream,1,2,False,1,2
full_2026-07-06__rec_001519,route_cb9b27656fc1,route_88e8d2744e24,0.8214,True,False,True,lifecycle_phase,1.0,1.0,1.0,1.0,0.0,1.0,1.0,1.0,1.0,0.5,0.297872,0.6,0.337662,BioGPT,BioGPT,Genomic sequence path for fine-tuning,genomic sequence stream,1,1,True,1,2
full_2026-07-06__rec_001617,route_3ca73de9ea48,route_1abad50b2c88,0.666533,True,False,True,source_modality,1.0,1.0,1.0,0.0,1.0,1.0,1.0,0.482759,0.287356,0.40708,0.218182,0.41791,0.163636,Cell-o1,Cell-o1,single-cell decomposed reasoning prompt,open-ended QA prompt (Cell-o1),5,2,False,2,2
full_2026-07-06__rec_001617,route_3ca73de9ea48,route_1f9a26bc7035,0.573015,False,False,False,source_modality,0.296296,1.0,1.0,0.0,1.0,1.0,1.0,0.482759,0.287356,0.40708,0.218182,0.35,0.163636,Cell-o1,Llama3.1-8B-Instruct,single-cell decomposed reasoning prompt,open-ended QA prompt (Llama3.1-8B-Instruct),22,2,False,2,0
full_2026-07-06__rec_001617,route_3ca73de9ea48,route_22c5b93e6465,0.590915,False,False,False,source_modality,0.222222,1.0,1.0,0.0,1.0,1.0,1.0,0.482759,0.571429,0.451389,0.285714,0.388889,0.163636,Cell-o1,GPT-4o-mini,single-cell decomposed reasoning prompt,constrained QA prompt (GPT-4o-mini),19,2,False,2,0
full_2026-07-06__rec_001617,route_3ca73de9ea48,route_28b3534a8da1,0.617584,False,False,False,source_modality,0.296296,1.0,1.0,0.0,1.0,1.0,1.0,0.713514,0.266667,0.497992,0.4375,0.382022,0.164557,Cell-o1,Llama3.1-8B-Instruct,single-cell decomposed reasoning prompt,batch-level prediction prompt (Llama3.1-8B-Instruct),13,1,False,2,0
full_2026-07-06__rec_001617,route_3ca73de9ea48,route_3346bafbaa10,0.680331,False,False,False,source_modality,0.307692,1.0,1.0,0.0,1.0,1.0,1.0,0.811429,0.727273,0.378151,0.709677,0.657534,0.259259,Cell-o1,GPT-4o,single-cell decomposed reasoning prompt,cell-level reasoning prompt (GPT-4o),3,1,False,2,0
full_2026-07-06__rec_001617,route_3ca73de9ea48,route_3bdf37b783eb,0.628693,False,False,False,source_modality,0.5,1.0,1.0,0.0,1.0,1.0,1.0,0.482759,0.571429,0.451389,0.285714,0.444444,0.163636,Cell-o1,o1,single-cell decomposed reasoning prompt,constrained QA prompt (o1),10,2,False,2,0
full_2026-07-06__rec_001617,route_3ca73de9ea48,route_69221bb4cbfb,0.564716,False,False,False,source_modality,0.222222,1.0,1.0,0.0,1.0,1.0,1.0,0.482759,0.287356,0.40708,0.218182,0.394366,0.163636,Cell-o1,GPT-4o-mini,single-cell decomposed reasoning prompt,open-ended QA prompt (GPT-4o-mini),24,2,False,2,0
full_2026-07-06__rec_001617,route_3ca73de9ea48,route_6c9a758213b0,0.770065,True,False,True,source_modality,1.0,1.0,1.0,0.0,1.0,1.0,1.0,0.811429,0.727273,0.378151,0.709677,0.648649,0.259259,Cell-o1,Cell-o1,single-cell decomposed reasoning prompt,cell-level reasoning prompt (Cell-o1),1,1,True,2,2
full_2026-07-06__rec_001617,route_3ca73de9ea48,route_768e5f339019,0.555105,False,False,False,source_modality,0.142857,1.0,1.0,0.0,1.0,1.0,1.0,0.482759,0.287356,0.40708,0.218182,0.41791,0.163636,Cell-o1,o3-mini,single-cell decomposed reasoning prompt,open-ended QA prompt (o3-mini),25,2,False,2,0
full_2026-07-06__rec_001617,route_3ca73de9ea48,route_781af690075d,0.658636,False,False,False,source_modality,0.142857,1.0,1.0,0.0,1.0,1.0,1.0,0.811429,0.727273,0.378151,0.709677,0.648649,0.259259,Cell-o1,o3-mini,single-cell decomposed reasoning prompt,cell-level reasoning prompt (o3-mini),7,1,False,2,0
full_2026-07-06__rec_001617,route_3ca73de9ea48,route_795c27e38c2b,0.667956,False,False,False,source_modality,0.222222,1.0,1.0,0.0,1.0,1.0,1.0,0.811429,0.727273,0.378151,0.709677,0.615385,0.259259,Cell-o1,GPT-4o-mini,single-cell decomposed reasoning prompt,cell-level reasoning prompt (GPT-4o-mini),4,1,False,2,0
full_2026-07-06__rec_001617,route_3ca73de9ea48,route_8db6326aa3e2,0.600401,False,False,False,source_modality;lifecycle_phase,0.444444,1.0,1.0,0.0,0.0,1.0,1.0,0.601852,0.672811,0.485294,0.675676,0.531646,0.24,Cell-o1,OpenAI's o1,single-cell decomposed reasoning prompt,batch-level reasoning prompt (OpenAI's o1),17,2,False,2,1
full_2026-07-06__rec_001617,route_3ca73de9ea48,route_a03dbfe863f0,0.602897,False,False,False,source_modality,0.307692,1.0,1.0,0.0,1.0,1.0,1.0,0.482759,0.571429,0.451389,0.285714,0.41791,0.163636,Cell-o1,GPT-4o,single-cell decomposed reasoning prompt,constrained QA prompt (GPT-4o),15,2,False,2,0
full_2026-07-06__rec_001617,route_3ca73de9ea48,route_ae1471c9185d,0.657444,False,False,False,source_modality,0.296296,1.0,1.0,0.0,1.0,1.0,1.0,0.811429,0.639594,0.377953,0.539683,0.409091,0.27673,Cell-o1,Llama3.1-8B-Instruct,single-cell decomposed reasoning prompt,cell-level prediction prompt (Llama3.1-8B-Instruct),8,1,False,2,0
full_2026-07-06__rec_001617,route_3ca73de9ea48,route_b001b0667306,0.599248,False,False,False,source_modality,0.296296,1.0,1.0,0.0,1.0,1.0,1.0,0.482759,0.571429,0.451389,0.285714,0.345679,0.163636,Cell-o1,Llama3.1-8B-Instruct,single-cell decomposed reasoning prompt,constrained QA prompt (Llama3.1-8B-Instruct),18,2,False,2,0
full_2026-07-06__rec_001617,route_3ca73de9ea48,route_b3ec9d44728a,0.61126,False,False,False,source_modality,0.142857,1.0,1.0,0.0,1.0,1.0,1.0,0.713514,0.266667,0.497992,0.603175,0.56,0.164557,Cell-o1,o3-mini,single-cell decomposed reasoning prompt,batch-level reasoning prompt (o3-mini),14,1,False,2,0
full_2026-07-06__rec_001617,route_3ca73de9ea48,route_b74ebbc6e38c,0.581284,False,False,False,source_modality,0.142857,1.0,1.0,0.0,1.0,1.0,1.0,0.482759,0.571429,0.451389,0.285714,0.411765,0.163636,Cell-o1,o3-mini,single-cell decomposed reasoning prompt,constrained QA prompt (o3-mini),20,2,False,2,0
full_2026-07-06__rec_001617,route_3ca73de9ea48,route_c7edfd5df171,0.576723,False,False,False,source_modality,0.307692,1.0,1.0,0.0,1.0,1.0,1.0,0.482759,0.287356,0.40708,0.218182,0.424242,0.163636,Cell-o1,GPT-4o,single-cell decomposed reasoning prompt,open-ended QA prompt (GPT-4o),21,2,False,2,1
full_2026-07-06__rec_001617,route_3ca73de9ea48,route_c9cb216e6226,0.706475,False,False,False,source_modality,0.5,1.0,1.0,0.0,1.0,1.0,1.0,0.811429,0.727273,0.378151,0.709677,0.695652,0.259259,Cell-o1,o1,single-cell decomposed reasoning prompt,cell-level reasoning prompt (o1),2,1,False,2,0
full_2026-07-06__rec_001617,route_3ca73de9ea48,route_d1359ce2ae2e,0.544629,False,False,False,source_modality,0.076923,1.0,1.0,0.0,1.0,1.0,1.0,0.482759,0.287356,0.40708,0.218182,0.35443,0.163636,Cell-o1,Qwen2.5-7B-Instruct,single-cell decomposed reasoning prompt,open-ended QA prompt (Qwen2.5-7B-Instruct),26,2,False,2,0
full_2026-07-06__rec_001617,route_3ca73de9ea48,route_d52f38caf9ac,0.632916,False,False,False,source_modality,0.307692,1.0,1.0,0.0,1.0,1.0,1.0,0.713514,0.266667,0.497992,0.603175,0.567568,0.164557,Cell-o1,GPT-4o,single-cell decomposed reasoning prompt,batch-level reasoning prompt (GPT-4o),9,1,False,2,0
full_2026-07-06__rec_001617,route_3ca73de9ea48,route_dcf75e6ddb0d,0.620727,False,False,False,source_modality,0.222222,1.0,1.0,0.0,1.0,1.0,1.0,0.713514,0.266667,0.497992,0.603175,0.531646,0.164557,Cell-o1,GPT-4o-mini,single-cell decomposed reasoning prompt,batch-level reasoning prompt (GPT-4o-mini),11,1,False,2,0
full_2026-07-06__rec_001617,route_3ca73de9ea48,route_e8e195e0b315,0.570859,False,False,False,source_modality,0.076923,1.0,1.0,0.0,1.0,1.0,1.0,0.482759,0.571429,0.451389,0.285714,0.35,0.163636,Cell-o1,Qwen2.5-7B-Instruct,single-cell decomposed reasoning prompt,constrained QA prompt (Qwen2.5-7B-Instruct),23,2,False,2,0
full_2026-07-06__rec_001617,route_3ca73de9ea48,route_ef7e448e3f6c,0.658889,False,False,False,source_modality,0.5,1.0,1.0,0.0,1.0,1.0,1.0,0.713514,0.266667,0.497992,0.603175,0.6,0.164557,Cell-o1,o1,single-cell decomposed reasoning prompt,batch-level reasoning prompt (o1),6,1,False,2,0
full_2026-07-06__rec_001617,route_3ca73de9ea48,route_f021d74d7c8a,0.602544,False,False,False,source_modality,0.5,1.0,1.0,0.0,1.0,1.0,1.0,0.482759,0.287356,0.40708,0.218182,0.451613,0.163636,Cell-o1,o1,single-cell decomposed reasoning prompt,open-ended QA prompt (o1),16,2,False,2,1
full_2026-07-06__rec_001617,route_3ca73de9ea48,route_f6a3945350e8,0.620664,False,False,False,source_modality,0.076923,1.0,1.0,0.0,1.0,1.0,1.0,0.811429,0.639594,0.377953,0.539683,0.413793,0.066667,Cell-o1,Qwen2.5-7B-Instruct,single-cell decomposed reasoning prompt,cell-level prediction prompt (Qwen2.5-7B-Instruct),12,1,False,2,0
full_2026-07-06__rec_001617,route_b1f0beef096d,route_1abad50b2c88,0.815676,True,False,True,source_modality,1.0,1.0,1.0,0.0,1.0,1.0,1.0,1.0,0.784615,0.458101,0.8125,0.833333,0.326531,Cell-o1,Cell-o1,open-ended QA prompt,open-ended QA prompt (Cell-o1),1,1,True,4,2
full_2026-07-06__rec_001617,route_b1f0beef096d,route_1f9a26bc7035,0.718867,False,False,False,source_modality,0.296296,1.0,1.0,0.0,1.0,1.0,1.0,1.0,0.784615,0.458101,0.8125,0.655738,0.326531,Cell-o1,Llama3.1-8B-Instruct,open-ended QA prompt,open-ended QA prompt (Llama3.1-8B-Instruct),4,1,False,4,0
full_2026-07-06__rec_001617,route_b1f0beef096d,route_22c5b93e6465,0.641246,False,False,False,source_modality,0.222222,1.0,1.0,0.0,1.0,1.0,1.0,1.0,0.236842,0.307054,0.484848,0.566038,0.326531,Cell-o1,GPT-4o-mini,open-ended QA prompt,constrained QA prompt (GPT-4o-mini),12,1,False,4,0
full_2026-07-06__rec_001617,route_b1f0beef096d,route_28b3534a8da1,0.560075,False,False,False,source_modality,0.296296,1.0,1.0,0.0,1.0,1.0,1.0,0.554217,0.198347,0.257426,0.195122,0.285714,0.120482,Cell-o1,Llama3.1-8B-Instruct,open-ended QA prompt,batch-level prediction prompt (Llama3.1-8B-Instruct),18,2,False,4,0
full_2026-07-06__rec_001617,route_b1f0beef096d,route_3346bafbaa10,0.562603,False,False,False,source_modality,0.307692,1.0,1.0,0.0,1.0,1.0,1.0,0.474359,0.230303,0.418848,0.102564,0.37037,0.1,Cell-o1,GPT-4o,open-ended QA prompt,cell-level reasoning prompt (GPT-4o),17,2,False,4,0
full_2026-07-06__rec_001617,route_b1f0beef096d,route_3bdf37b783eb,0.680831,False,False,False,source_modality,0.5,1.0,1.0,0.0,1.0,1.0,1.0,1.0,0.236842,0.307054,0.484848,0.681818,0.326531,Cell-o1,o1,open-ended QA prompt,constrained QA prompt (o1),8,1,False,4,0
full_2026-07-06__rec_001617,route_b1f0beef096d,route_69221bb4cbfb,0.712642,False,False,False,source_modality,0.222222,1.0,1.0,0.0,1.0,1.0,1.0,1.0,0.784615,0.458101,0.8125,0.769231,0.326531,Cell-o1,GPT-4o-mini,open-ended QA prompt,open-ended QA prompt (GPT-4o-mini),5,1,False,4,0
full_2026-07-06__rec_001617,route_b1f0beef096d,route_6c9a758213b0,0.652401,True,False,True,source_modality,1.0,1.0,1.0,0.0,1.0,1.0,1.0,0.474359,0.230303,0.418848,0.102564,0.363636,0.1,Cell-o1,Cell-o1,open-ended QA prompt,cell-level reasoning prompt (Cell-o1),10,2,False,4,2
full_2026-07-06__rec_001617,route_b1f0beef096d,route_768e5f339019,0.704248,False,False,False,source_modality,0.142857,1.0,1.0,0.0,1.0,1.0,1.0,1.0,0.784615,0.458101,0.8125,0.833333,0.326531,Cell-o1,o3-mini,open-ended QA prompt,open-ended QA prompt (o3-mini),6,1,False,4,0
full_2026-07-06__rec_001617,route_b1f0beef096d,route_781af690075d,0.540972,False,False,False,source_modality,0.142857,1.0,1.0,0.0,1.0,1.0,1.0,0.474359,0.230303,0.418848,0.102564,0.363636,0.1,Cell-o1,o3-mini,open-ended QA prompt,cell-level reasoning prompt (o3-mini),23,3,False,4,0
full_2026-07-06__rec_001617,route_b1f0beef096d,route_795c27e38c2b,0.55055,False,False,False,source_modality,0.222222,1.0,1.0,0.0,1.0,1.0,1.0,0.474359,0.230303,0.418848,0.102564,0.338983,0.1,Cell-o1,GPT-4o-mini,open-ended QA prompt,cell-level reasoning prompt (GPT-4o-mini),21,3,False,4,0
full_2026-07-06__rec_001617,route_b1f0beef096d,route_8db6326aa3e2,0.516134,False,False,False,source_modality;lifecycle_phase,0.444444,1.0,1.0,0.0,0.0,1.0,1.0,0.477157,0.393064,0.204444,0.156863,0.333333,0.285714,Cell-o1,OpenAI's o1,open-ended QA prompt,batch-level reasoning prompt (OpenAI's o1),26,3,False,4,1
full_2026-07-06__rec_001617,route_b1f0beef096d,route_a03dbfe863f0,0.654126,False,False,False,source_modality,0.307692,1.0,1.0,0.0,1.0,1.0,1.0,1.0,0.236842,0.307054,0.484848,0.625,0.326531,Cell-o1,GPT-4o,open-ended QA prompt,constrained QA prompt (GPT-4o),9,1,False,4,0
full_2026-07-06__rec_001617,route_b1f0beef096d,route_ae1471c9185d,0.558194,False,False,False,source_modality,0.296296,1.0,1.0,0.0,1.0,1.0,1.0,0.474359,0.235294,0.26087,0.2,0.289855,0.233129,Cell-o1,Llama3.1-8B-Instruct,open-ended QA prompt,cell-level prediction prompt (Llama3.1-8B-Instruct),20,2,False,4,0
full_2026-07-06__rec_001617,route_b1f0beef096d,route_b001b0667306,0.648411,False,False,False,source_modality,0.296296,1.0,1.0,0.0,1.0,1.0,1.0,1.0,0.236842,0.307054,0.484848,0.483871,0.326531,Cell-o1,Llama3.1-8B-Instruct,open-ended QA prompt,constrained QA prompt (Llama3.1-8B-Instruct),11,1,False,4,0
full_2026-07-06__rec_001617,route_b1f0beef096d,route_b3ec9d44728a,0.537515,False,False,False,source_modality,0.142857,1.0,1.0,0.0,1.0,1.0,1.0,0.554217,0.198347,0.257426,0.1,0.357143,0.120482,Cell-o1,o3-mini,open-ended QA prompt,batch-level reasoning prompt (o3-mini),24,3,False,4,0
full_2026-07-06__rec_001617,route_b1f0beef096d,route_b74ebbc6e38c,0.632315,False,False,False,source_modality,0.142857,1.0,1.0,0.0,1.0,1.0,1.0,1.0,0.236842,0.307054,0.484848,0.612245,0.326531,Cell-o1,o3-mini,open-ended QA prompt,constrained QA prompt (o3-mini),13,1,False,4,0
full_2026-07-06__rec_001617,route_b1f0beef096d,route_c7edfd5df171,0.726208,True,False,False,source_modality,0.307692,1.0,1.0,0.0,1.0,1.0,1.0,1.0,0.784615,0.458101,0.8125,0.851064,0.326531,Cell-o1,GPT-4o,open-ended QA prompt,open-ended QA prompt (GPT-4o),3,1,False,4,1
full_2026-07-06__rec_001617,route_b1f0beef096d,route_c9cb216e6226,0.588492,False,False,False,source_modality,0.5,1.0,1.0,0.0,1.0,1.0,1.0,0.474359,0.230303,0.418848,0.102564,0.4,0.1,Cell-o1,o1,open-ended QA prompt,cell-level reasoning prompt (o1),15,2,False,4,0
full_2026-07-06__rec_001617,route_b1f0beef096d,route_d1359ce2ae2e,0.690676,False,False,False,source_modality,0.076923,1.0,1.0,0.0,1.0,1.0,1.0,1.0,0.784615,0.458101,0.8125,0.666667,0.326531,Cell-o1,Qwen2.5-7B-Instruct,open-ended QA prompt,open-ended QA prompt (Qwen2.5-7B-Instruct),7,1,False,4,0
full_2026-07-06__rec_001617,route_b1f0beef096d,route_d52f38caf9ac,0.559138,False,False,False,source_modality,0.307692,1.0,1.0,0.0,1.0,1.0,1.0,0.554217,0.198347,0.257426,0.1,0.363636,0.120482,Cell-o1,GPT-4o,open-ended QA prompt,batch-level reasoning prompt (GPT-4o),19,2,False,4,0
full_2026-07-06__rec_001617,route_b1f0beef096d,route_dcf75e6ddb0d,0.547118,False,False,False,source_modality,0.222222,1.0,1.0,0.0,1.0,1.0,1.0,0.554217,0.198347,0.257426,0.1,0.333333,0.120482,Cell-o1,GPT-4o-mini,open-ended QA prompt,batch-level reasoning prompt (GPT-4o-mini),22,3,False,4,0
full_2026-07-06__rec_001617,route_b1f0beef096d,route_e8e195e0b315,0.62013,False,False,False,source_modality,0.076923,1.0,1.0,0.0,1.0,1.0,1.0,1.0,0.236842,0.307054,0.484848,0.491803,0.326531,Cell-o1,Qwen2.5-7B-Instruct,open-ended QA prompt,constrained QA prompt (Qwen2.5-7B-Instruct),14,1,False,4,0
full_2026-07-06__rec_001617,route_b1f0beef096d,route_ef7e448e3f6c,0.584994,False,False,False,source_modality,0.5,1.0,1.0,0.0,1.0,1.0,1.0,0.554217,0.198347,0.257426,0.1,0.392157,0.120482,Cell-o1,o1,open-ended QA prompt,batch-level reasoning prompt (o1),16,3,False,4,0
full_2026-07-06__rec_001617,route_b1f0beef096d,route_f021d74d7c8a,0.753583,True,False,False,source_modality,0.5,1.0,1.0,0.0,1.0,1.0,1.0,1.0,0.784615,0.458101,0.8125,0.930233,0.326531,Cell-o1,o1,open-ended QA prompt,open-ended QA prompt (o1),2,1,False,4,1
full_2026-07-06__rec_001617,route_b1f0beef096d,route_f6a3945350e8,0.523101,False,False,False,source_modality,0.076923,1.0,1.0,0.0,1.0,1.0,1.0,0.474359,0.235294,0.26087,0.2,0.294118,0.065574,Cell-o1,Qwen2.5-7B-Instruct,open-ended QA prompt,cell-level prediction prompt (Qwen2.5-7B-Instruct),25,3,False,4,0
full_2026-07-06__rec_001617,route_b408ebb2f12d,route_1abad50b2c88,0.513605,False,False,False,source_modality;lifecycle_phase,0.444444,1.0,1.0,0.0,0.0,1.0,1.0,0.492308,0.287425,0.377049,0.070175,0.411765,0.109375,OpenAI's o1,Cell-o1,batch-level constrained reasoning prompt,open-ended QA prompt (Cell-o1),18,3,False,1,2
full_2026-07-06__rec_001617,route_b408ebb2f12d,route_1f9a26bc7035,0.470618,False,False,False,source_modality;lifecycle_phase,0.129032,1.0,1.0,0.0,0.0,1.0,1.0,0.492308,0.287425,0.377049,0.070175,0.345679,0.109375,OpenAI's o1,Llama3.1-8B-Instruct,batch-level constrained reasoning prompt,open-ended QA prompt (Llama3.1-8B-Instruct),26,3,False,1,0
full_2026-07-06__rec_001617,route_b408ebb2f12d,route_22c5b93e6465,0.522229,False,False,False,source_modality;lifecycle_phase,0.272727,1.0,1.0,0.0,0.0,1.0,1.0,0.492308,0.592593,0.333333,0.241379,0.547945,0.109375,OpenAI's o1,GPT-4o-mini,batch-level constrained reasoning prompt,constrained QA prompt (GPT-4o-mini),16,3,False,1,0
full_2026-07-06__rec_001617,route_b408ebb2f12d,route_28b3534a8da1,0.542491,False,False,False,source_modality;lifecycle_phase,0.129032,1.0,1.0,0.0,0.0,1.0,1.0,0.834043,0.291139,0.389513,0.545455,0.488889,0.151163,OpenAI's o1,Llama3.1-8B-Instruct,batch-level constrained reasoning prompt,batch-level prediction prompt (Llama3.1-8B-Instruct),12,3,False,1,0
full_2026-07-06__rec_001617,route_b408ebb2f12d,route_3346bafbaa10,0.55875,False,False,False,source_modality;lifecycle_phase,0.117647,1.0,1.0,0.0,0.0,1.0,1.0,0.684444,0.633663,0.367188,0.6875,0.648649,0.185714,OpenAI's o1,GPT-4o,batch-level constrained reasoning prompt,cell-level reasoning prompt (GPT-4o),9,3,False,1,0
full_2026-07-06__rec_001617,route_b408ebb2f12d,route_3bdf37b783eb,0.532419,False,False,False,source_modality;lifecycle_phase,0.333333,1.0,1.0,0.0,0.0,1.0,1.0,0.492308,0.592593,0.333333,0.241379,0.625,0.109375,OpenAI's o1,o1,batch-level constrained reasoning prompt,constrained QA prompt (o1),14,3,False,1,0
full_2026-07-06__rec_001617,route_b408ebb2f12d,route_69221bb4cbfb,0.490595,False,False,False,source_modality;lifecycle_phase,0.272727,1.0,1.0,0.0,0.0,1.0,1.0,0.492308,0.287425,0.377049,0.070175,0.388889,0.109375,OpenAI's o1,GPT-4o-mini,batch-level constrained reasoning prompt,open-ended QA prompt (GPT-4o-mini),23,3,False,1,0
full_2026-07-06__rec_001617,route_b408ebb2f12d,route_6c9a758213b0,0.600974,False,False,False,source_modality;lifecycle_phase,0.444444,1.0,1.0,0.0,0.0,1.0,1.0,0.684444,0.633663,0.367188,0.6875,0.64,0.185714,OpenAI's o1,Cell-o1,batch-level constrained reasoning prompt,cell-level reasoning prompt (Cell-o1),2,3,False,1,2
full_2026-07-06__rec_001617,route_b408ebb2f12d,route_768e5f339019,0.49916,False,False,False,source_modality;lifecycle_phase,0.333333,1.0,1.0,0.0,0.0,1.0,1.0,0.492308,0.287425,0.377049,0.070175,0.411765,0.109375,OpenAI's o1,o3-mini,batch-level constrained reasoning prompt,open-ended QA prompt (o3-mini),22,3,False,1,0
full_2026-07-06__rec_001617,route_b408ebb2f12d,route_781af690075d,0.58653,False,False,False,source_modality;lifecycle_phase,0.333333,1.0,1.0,0.0,0.0,1.0,1.0,0.684444,0.633663,0.367188,0.6875,0.64,0.185714,OpenAI's o1,o3-mini,batch-level constrained reasoning prompt,cell-level reasoning prompt (o3-mini),4,2,False,1,0
full_2026-07-06__rec_001617,route_b408ebb2f12d,route_795c27e38c2b,0.577679,False,False,False,source_modality;lifecycle_phase,0.272727,1.0,1.0,0.0,0.0,1.0,1.0,0.684444,0.633663,0.367188,0.6875,0.607595,0.185714,OpenAI's o1,GPT-4o-mini,batch-level constrained reasoning prompt,cell-level reasoning prompt (GPT-4o-mini),7,2,False,1,0
full_2026-07-06__rec_001617,route_b408ebb2f12d,route_8db6326aa3e2,0.871526,True,False,True,source_modality,1.0,1.0,1.0,0.0,1.0,1.0,1.0,0.992481,1.0,1.0,1.0,0.7,0.285714,OpenAI's o1,OpenAI's o1,batch-level constrained reasoning prompt,batch-level reasoning prompt (OpenAI's o1),1,1,True,1,1
full_2026-07-06__rec_001617,route_b408ebb2f12d,route_a03dbfe863f0,0.503277,False,False,False,source_modality;lifecycle_phase,0.117647,1.0,1.0,0.0,0.0,1.0,1.0,0.492308,0.592593,0.333333,0.241379,0.588235,0.109375,OpenAI's o1,GPT-4o,batch-level constrained reasoning prompt,constrained QA prompt (GPT-4o),19,3,False,1,0
full_2026-07-06__rec_001617,route_b408ebb2f12d,route_ae1471c9185d,0.541727,False,False,False,source_modality;lifecycle_phase,0.129032,1.0,1.0,0.0,0.0,1.0,1.0,0.684444,0.557895,0.404412,0.523077,0.404494,0.179245,OpenAI's o1,Llama3.1-8B-Instruct,batch-level constrained reasoning prompt,cell-level prediction prompt (Llama3.1-8B-Instruct),13,3,False,1,0
full_2026-07-06__rec_001617,route_b408ebb2f12d,route_b001b0667306,0.501744,False,False,False,source_modality;lifecycle_phase,0.129032,1.0,1.0,0.0,0.0,1.0,1.0,0.492308,0.592593,0.333333,0.241379,0.487805,0.109375,OpenAI's o1,Llama3.1-8B-Instruct,batch-level constrained reasoning prompt,constrained QA prompt (Llama3.1-8B-Instruct),20,3,False,1,0
full_2026-07-06__rec_001617,route_b408ebb2f12d,route_b3ec9d44728a,0.5846,False,False,False,source_modality;lifecycle_phase,0.333333,1.0,1.0,0.0,0.0,1.0,1.0,0.834043,0.291139,0.389513,0.707692,0.736842,0.151163,OpenAI's o1,o3-mini,batch-level constrained reasoning prompt,batch-level reasoning prompt (o3-mini),6,2,False,1,0
full_2026-07-06__rec_001617,route_b408ebb2f12d,route_b74ebbc6e38c,0.53106,False,False,False,source_modality;lifecycle_phase,0.333333,1.0,1.0,0.0,0.0,1.0,1.0,0.492308,0.592593,0.333333,0.241379,0.57971,0.109375,OpenAI's o1,o3-mini,batch-level constrained reasoning prompt,constrained QA prompt (o3-mini),15,3,False,1,0
full_2026-07-06__rec_001617,route_b408ebb2f12d,route_c7edfd5df171,0.471305,False,False,False,source_modality;lifecycle_phase,0.117647,1.0,1.0,0.0,0.0,1.0,1.0,0.492308,0.287425,0.377049,0.070175,0.41791,0.109375,OpenAI's o1,GPT-4o,batch-level constrained reasoning prompt,open-ended QA prompt (GPT-4o),25,3,False,1,1
full_2026-07-06__rec_001617,route_b408ebb2f12d,route_c9cb216e6226,0.587901,False,False,False,source_modality;lifecycle_phase,0.333333,1.0,1.0,0.0,0.0,1.0,1.0,0.684444,0.633663,0.367188,0.6875,0.685714,0.185714,OpenAI's o1,o1,batch-level constrained reasoning prompt,cell-level reasoning prompt (o1),3,3,False,1,0
full_2026-07-06__rec_001617,route_b408ebb2f12d,route_d1359ce2ae2e,0.488641,False,False,False,source_modality;lifecycle_phase,0.266667,1.0,1.0,0.0,0.0,1.0,1.0,0.492308,0.287425,0.377049,0.070175,0.35,0.109375,OpenAI's o1,Qwen2.5-7B-Instruct,batch-level constrained reasoning prompt,open-ended QA prompt (Qwen2.5-7B-Instruct),24,3,False,1,0
full_2026-07-06__rec_001617,route_b408ebb2f12d,route_d52f38caf9ac,0.556856,False,False,False,source_modality;lifecycle_phase,0.117647,1.0,1.0,0.0,0.0,1.0,1.0,0.834043,0.291139,0.389513,0.707692,0.746667,0.151163,OpenAI's o1,GPT-4o,batch-level constrained reasoning prompt,batch-level reasoning prompt (GPT-4o),10,3,False,1,0
full_2026-07-06__rec_001617,route_b408ebb2f12d,route_dcf75e6ddb0d,0.575616,False,False,False,source_modality;lifecycle_phase,0.272727,1.0,1.0,0.0,0.0,1.0,1.0,0.834043,0.291139,0.389513,0.707692,0.7,0.151163,OpenAI's o1,GPT-4o-mini,batch-level constrained reasoning prompt,batch-level reasoning prompt (GPT-4o-mini),8,2,False,1,0
full_2026-07-06__rec_001617,route_b408ebb2f12d,route_e8e195e0b315,0.519817,False,False,False,source_modality;lifecycle_phase,0.266667,1.0,1.0,0.0,0.0,1.0,1.0,0.492308,0.592593,0.333333,0.241379,0.493827,0.109375,OpenAI's o1,Qwen2.5-7B-Instruct,batch-level constrained reasoning prompt,constrained QA prompt (Qwen2.5-7B-Instruct),17,3,False,1,0
full_2026-07-06__rec_001617,route_b408ebb2f12d,route_ef7e448e3f6c,0.586157,False,False,False,source_modality;lifecycle_phase,0.333333,1.0,1.0,0.0,0.0,1.0,1.0,0.834043,0.291139,0.389513,0.707692,0.788732,0.151163,OpenAI's o1,o1,batch-level constrained reasoning prompt,batch-level reasoning prompt (o1),5,2,False,1,0
full_2026-07-06__rec_001617,route_b408ebb2f12d,route_f021d74d7c8a,0.500141,False,False,False,source_modality;lifecycle_phase,0.333333,1.0,1.0,0.0,0.0,1.0,1.0,0.492308,0.287425,0.377049,0.070175,0.444444,0.109375,OpenAI's o1,o1,batch-level constrained reasoning prompt,open-ended QA prompt (o1),21,3,False,1,1
full_2026-07-06__rec_001617,route_b408ebb2f12d,route_f6a3945350e8,0.555618,False,False,False,source_modality;lifecycle_phase,0.266667,1.0,1.0,0.0,0.0,1.0,1.0,0.684444,0.557895,0.404412,0.523077,0.409091,0.075758,OpenAI's o1,Qwen2.5-7B-Instruct,batch-level constrained reasoning prompt,cell-level prediction prompt (Qwen2.5-7B-Instruct),11,2,False,1,0
full_2026-07-06__rec_001617,route_cad2ce12f8fc,route_1abad50b2c88,0.483354,False,False,True,source_modality;lifecycle_phase;text_role,1.0,1.0,1.0,0.0,0.0,1.0,0.0,0.266667,0.145833,0.088889,0.242424,0.307692,0.089286,Cell-o1,Cell-o1,distilled reasoning-trace SFT dataset,open-ended QA prompt (Cell-o1),2,4,False,0,2
full_2026-07-06__rec_001617,route_cad2ce12f8fc,route_6c9a758213b0,0.515587,False,False,True,source_modality;lifecycle_phase;text_role,1.0,1.0,1.0,0.0,0.0,1.0,0.0,0.325926,0.259542,0.185654,0.383562,0.5,0.028346,Cell-o1,Cell-o1,distilled reasoning-trace SFT dataset,cell-level reasoning prompt (Cell-o1),1,4,False,0,2
full_2026-07-06__rec_001617,route_cad2ce12f8fc,route_8db6326aa3e2,0.465039,False,False,False,source_modality;lifecycle_phase;text_role,0.444444,1.0,1.0,0.0,0.0,1.0,0.0,0.284091,0.402878,0.214022,0.4,0.493506,0.379562,Cell-o1,OpenAI's o1,distilled reasoning-trace SFT dataset,batch-level reasoning prompt (OpenAI's o1),3,4,False,0,1
full_2026-07-06__rec_001687,route_20594d216110,route_1562a2c1b3ef,0.582982,False,False,True,source_modality;lifecycle_phase,1.0,1.0,1.0,0.0,0.0,1.0,1.0,0.25,0.56,0.351852,0.177778,0.425,0.187845,CaLMFlow,CaLMFlow,gene expression features as spatial tokens,Multi-trajectory spatiotemporal tokens,1,3,False,0,2
full_2026-07-06__rec_001687,route_20594d216110,route_1f5299997eba,0.506111,False,False,True,source_modality;lifecycle_phase;fusion_topology,1.0,1.0,1.0,0.0,0.0,0.0,1.0,0.115942,0.327869,0.43956,0.466667,0.358974,0.109375,CaLMFlow,CaLMFlow,gene expression features as spatial tokens,Single-cell conditional trajectories,2,3,False,0,1
full_2026-07-06__rec_001687,route_27cba476f16c,route_a05532f42152,0.913866,True,True,True,,1.0,1.0,1.0,1.0,1.0,1.0,1.0,1.0,1.0,0.686567,0.708861,0.387097,0.21875,CaLMFlow,CaLMFlow,Gaussian noise initial conditions for unconditional generation,Unconditional single-cell noise,1,1,True,1,2
full_2026-07-06__rec_001687,route_27cba476f16c,route_f8ebcb685ef1,0.498774,False,False,True,carrier_subtype;lifecycle_phase;fusion_topology,1.0,1.0,0.0,1.0,0.0,0.0,1.0,0.292683,0.173913,0.30303,0.290323,0.458333,0.05,CaLMFlow,CaLMFlow,Gaussian noise initial conditions for unconditional generation,Synthetic conditional trajectories,2,1,False,1,0
full_2026-07-06__rec_001687,route_3e686a629279,route_a05532f42152,0.84153,True,True,True,,1.0,1.0,1.0,1.0,1.0,1.0,1.0,1.0,0.217391,0.575,0.405063,0.597403,0.197183,CaLMFlow,CaLMFlow,conditional inference noise initial conditions,Unconditional single-cell noise,1,2,False,1,2
full_2026-07-06__rec_001687,route_3e686a629279,route_f8ebcb685ef1,0.492525,False,False,True,carrier_subtype;lifecycle_phase;fusion_topology,1.0,1.0,0.0,1.0,0.0,0.0,1.0,0.292683,0.178571,0.267857,0.258065,0.375,0.05,CaLMFlow,CaLMFlow,conditional inference noise initial conditions,Synthetic conditional trajectories,2,2,False,1,0
full_2026-07-06__rec_001687,route_b59090f80cf6,route_1562a2c1b3ef,0.76486,True,False,True,lifecycle_phase,1.0,1.0,1.0,1.0,0.0,1.0,1.0,0.736842,0.677966,0.422018,0.436782,0.625,0.221277,CaLMFlow,CaLMFlow,conditional flows as spatiotemporal tokens,Multi-trajectory spatiotemporal tokens,1,1,True,2,2
full_2026-07-06__rec_001687,route_b59090f80cf6,route_1f5299997eba,0.667618,True,False,True,lifecycle_phase;fusion_topology,1.0,1.0,1.0,1.0,0.0,0.0,1.0,0.741935,0.342857,0.478261,0.254902,0.461538,0.112903,CaLMFlow,CaLMFlow,conditional flows as spatiotemporal tokens,Single-cell conditional trajectories,2,1,False,2,1
full_2026-07-06__rec_001687,route_dc6076cce05f,route_45715fc3d13b,0.643235,False,False,True,carrier_subtype;lifecycle_phase,1.0,1.0,0.0,1.0,0.0,1.0,1.0,0.465753,0.368421,0.475248,1.0,0.488372,0.090909,CaLMFlow,CaLMFlow,conditional inference prompts for perturbation response,Single-cell perturbation prompt,1,2,False,0,0
full_2026-07-06__rec_001687,route_dc6076cce05f,route_cd801d11023c,0.571537,False,False,True,lifecycle_phase;fusion_topology;text_role,1.0,1.0,1.0,1.0,0.0,0.0,0.0,0.393443,0.368421,0.383562,0.444444,0.219512,0.071942,CaLMFlow,CaLMFlow,conditional inference prompts for perturbation response,MNIST image-label condition,2,2,False,0,0
full_2026-07-06__rec_001687,route_eeaf896f5cc6,route_45715fc3d13b,0.650915,False,False,True,carrier_subtype;lifecycle_phase,1.0,1.0,0.0,1.0,0.0,1.0,1.0,0.490566,0.368421,0.411765,1.0,0.62069,0.220339,CaLMFlow,CaLMFlow,training prompts for single-cell perturbation conditions,Single-cell perturbation prompt,1,1,False,0,0
full_2026-07-06__rec_001687,route_eeaf896f5cc6,route_cd801d11023c,0.580387,False,False,True,lifecycle_phase;fusion_topology;text_role,1.0,1.0,1.0,1.0,0.0,0.0,0.0,0.243902,0.368421,0.7,0.444444,0.409639,0.045455,CaLMFlow,CaLMFlow,training prompts for single-cell perturbation conditions,MNIST image-label condition,2,1,False,0,0
full_2026-07-06__rec_001687,route_fa465fc95bed,route_1562a2c1b3ef,0.689849,True,False,True,lifecycle_phase;fusion_topology,1.0,1.0,1.0,1.0,0.0,0.0,1.0,0.533333,0.5,0.220339,1.0,0.588235,0.444444,CaLMFlow,CaLMFlow,multiple spatiotemporal trajectories as context,Multi-trajectory spatiotemporal tokens,1,2,False,1,2
full_2026-07-06__rec_001687,route_fa465fc95bed,route_1f5299997eba,0.608196,False,False,True,lifecycle_phase;fusion_topology,1.0,1.0,1.0,1.0,0.0,0.0,1.0,0.523077,0.140845,0.217822,0.191781,0.53012,0.12069,CaLMFlow,CaLMFlow,multiple spatiotemporal trajectories as context,Single-cell conditional trajectories,2,2,False,1,1
full_2026-07-06__rec_001773,route_1a94bbc24aa4,route_5a870e25295a,0.507508,False,False,False,carrier_family;carrier_subtype;source_modality,0.842105,0.0,0.0,0.0,1.0,1.0,1.0,1.0,0.396226,0.473214,0.285714,0.347826,0.311321,Omni-DNA@ft,Omni-DNA,DNA-to-function text generation,Task-unified DNA classification with prompts and label tokens,4,1,False,0,0
full_2026-07-06__rec_001773,route_1a94bbc24aa4,route_6610039a3b9e,0.579031,False,False,False,carrier_family;carrier_subtype;source_modality,0.842105,0.0,0.0,0.0,1.0,1.0,1.0,1.0,0.407767,0.384236,0.901099,0.96875,1.0,Omni-DNA@ft,Omni-DNA,DNA-to-function text generation,DNA-to-functional-text generation,2,1,False,0,0
full_2026-07-06__rec_001773,route_1a94bbc24aa4,route_96f0223e6ea1,0.607869,False,False,False,source_modality;fusion_topology;text_role,0.842105,1.0,1.0,0.0,1.0,0.0,0.0,1.0,0.419355,0.291892,0.297297,0.5,0.218579,Omni-DNA@ft,Omni-DNA,DNA-to-function text generation,DNA classification with a linear head,1,2,False,0,1
full_2026-07-06__rec_001773,route_1a94bbc24aa4,route_c4ad04e86ac4,0.465984,False,False,False,carrier_family;carrier_subtype;source_modality,0.842105,0.0,0.0,0.0,1.0,1.0,1.0,0.685714,0.407407,0.313725,0.231884,0.7,0.278788,Omni-DNA@ft,Omni-DNA,DNA-to-function text generation,DNA-to-digit-image generation,5,2,False,0,0
full_2026-07-06__rec_001773,route_1a94bbc24aa4,route_ff58ef3678d5,0.536741,False,False,False,source_modality;lifecycle_phase;fusion_topology;text_role,0.842105,1.0,1.0,0.0,0.0,0.0,0.0,0.96,0.419355,0.282723,0.339623,0.470588,0.295567,Omni-DNA@ft,Omni-DNA,DNA-to-function text generation,DNA-only pretraining,3,3,False,0,1
full_2026-07-06__rec_001773,route_202f5c0ef7ac,route_96f0223e6ea1,0.513294,False,False,False,source_modality;fusion_topology;text_role,0.842105,1.0,1.0,0.0,1.0,0.0,0.0,0.337662,0.208,0.331606,0.224,0.333333,0.358209,Omni-DNA (1B),Omni-DNA,DNA-to-image generation,DNA classification with a linear head,1,5,False,0,1
full_2026-07-06__rec_001773,route_202f5c0ef7ac,route_c4ad04e86ac4,0.494158,False,False,False,carrier_family;carrier_subtype;source_modality,0.842105,0.0,0.0,0.0,1.0,1.0,1.0,0.511628,0.491228,0.349057,0.8,0.884615,0.448276,Omni-DNA (1B),Omni-DNA,DNA-to-image generation,DNA-to-digit-image generation,2,1,False,0,0
full_2026-07-06__rec_001773,route_4c03386d3b2b,route_96f0223e6ea1,0.550314,False,False,False,source_modality;fusion_topology;text_role,0.761905,1.0,1.0,0.0,1.0,0.0,0.0,0.65,0.282609,0.259259,0.378378,0.525,0.266667,Omni-DNA@mult,Omni-DNA,Unified multitask classification finetuning,DNA classification with a linear head,1,4,False,0,1
full_2026-07-06__rec_001773,route_4c03386d3b2b,route_ff58ef3678d5,0.465594,False,False,False,source_modality;lifecycle_phase;fusion_topology;text_role,0.761905,1.0,1.0,0.0,0.0,0.0,0.0,0.615385,0.282609,0.225225,0.3,0.349206,0.291892,Omni-DNA@mult,Omni-DNA,Unified multitask classification finetuning,DNA-only pretraining,2,4,False,0,1
full_2026-07-06__rec_001773,route_555f8723ad5c,route_96f0223e6ea1,0.779355,True,False,False,source_modality,0.8,1.0,1.0,0.0,1.0,1.0,1.0,1.0,0.684211,0.509554,0.61674,0.505747,0.64455,Omni-DNA@sgl.,Omni-DNA,Single-task DNA sequence classification finetuning,DNA classification with a linear head,1,1,True,1,1
full_2026-07-06__rec_001773,route_555f8723ad5c,route_ff58ef3678d5,0.543353,False,False,False,source_modality;lifecycle_phase;fusion_topology;text_role,0.8,1.0,1.0,0.0,0.0,0.0,0.0,0.96,0.684211,0.257669,0.389189,0.371429,0.190476,Omni-DNA@sgl.,Omni-DNA,Single-task DNA sequence classification finetuning,DNA-only pretraining,2,2,False,1,1
full_2026-07-06__rec_001773,route_55fb3f7a29a6,route_96f0223e6ea1,0.596173,False,False,True,source_modality;lifecycle_phase;fusion_topology,1.0,1.0,1.0,0.0,0.0,0.0,1.0,0.722222,0.6875,0.376068,0.313953,0.388889,0.192308,Omni-DNA,Omni-DNA,DNA-only autoregressive pretraining,DNA classification with a linear head,2,3,False,1,1
full_2026-07-06__rec_001773,route_55fb3f7a29a6,route_ff58ef3678d5,0.757057,True,False,True,source_modality;text_role,1.0,1.0,1.0,0.0,1.0,1.0,0.0,0.685714,0.6875,0.487805,1.0,0.75,1.0,Omni-DNA,Omni-DNA,DNA-only autoregressive pretraining,DNA-only pretraining,1,1,True,1,1
full_2026-07-06__rec_001830,route_15080dce5919,route_167e8d61aaec,0.715706,True,True,True,fusion_topology,1.0,1.0,1.0,1.0,1.0,0.0,1.0,0.507937,0.388889,0.203704,0.62963,0.52,0.154762,OpticalDNA,OpticalDNA,Rice T4 masked DNA completion,ROI DNA transcription,2,10,False,3,12
full_2026-07-06__rec_001830,route_15080dce5919,route_4c3ebc517d6c,0.754417,True,True,True,fusion_topology,1.0,1.0,1.0,1.0,1.0,0.0,1.0,0.507937,0.473684,0.203704,1.0,0.84,0.271186,OpticalDNA,OpticalDNA,Rice T4 masked DNA completion,masked DNA completion,1,2,False,3,3
full_2026-07-06__rec_001830,route_15080dce5919,route_fdd5a06de00b,0.710981,True,True,True,fusion_topology,1.0,1.0,1.0,1.0,1.0,0.0,1.0,0.507937,0.388889,0.203704,0.518519,0.535714,0.163743,OpticalDNA,OpticalDNA,Rice T4 masked DNA completion,free-form DNA transcription,3,11,False,3,10
full_2026-07-06__rec_001830,route_23e5d2b62d70,route_167e8d61aaec,0.712714,True,True,True,fusion_topology,1.0,1.0,1.0,1.0,1.0,0.0,1.0,0.507937,0.411765,0.288462,0.42623,0.491228,0.167442,OpticalDNA,OpticalDNA,Rice T5 DNA subsequence localization,ROI DNA transcription,2,11,False,3,12
full_2026-07-06__rec_001830,route_23e5d2b62d70,route_f7dea95d8f42,0.765797,True,True,True,fusion_topology,1.0,1.0,1.0,1.0,1.0,0.0,1.0,0.507937,0.5,0.288462,1.0,0.8,0.391304,OpticalDNA,OpticalDNA,Rice T5 DNA subsequence localization,subsequence localization,1,2,False,3,4
full_2026-07-06__rec_001830,route_23e5d2b62d70,route_fdd5a06de00b,0.712538,True,True,True,fusion_topology,1.0,1.0,1.0,1.0,1.0,0.0,1.0,0.507937,0.411765,0.288462,0.42623,0.47619,0.174312,OpticalDNA,OpticalDNA,Rice T5 DNA subsequence localization,free-form DNA transcription,3,10,False,3,10
full_2026-07-06__rec_001830,route_2a7925150b84,route_167e8d61aaec,0.70919,True,True,True,fusion_topology,1.0,1.0,1.0,1.0,1.0,0.0,1.0,0.507937,0.411765,0.3,0.448276,0.222222,0.233333,OpticalDNA,OpticalDNA,Rice T6 chromosome classification,ROI DNA transcription,3,12,False,3,12
full_2026-07-06__rec_001830,route_2a7925150b84,route_990b08560f17,0.770592,True,True,True,fusion_topology,1.0,1.0,1.0,1.0,1.0,0.0,1.0,0.507937,0.5,0.3,1.0,0.862069,0.444444,OpticalDNA,OpticalDNA,Rice T6 chromosome classification,chromosome classification,1,2,False,3,3
full_2026-07-06__rec_001830,route_2a7925150b84,route_f7dea95d8f42,0.716241,True,True,True,fusion_topology,1.0,1.0,1.0,1.0,1.0,0.0,1.0,0.507937,0.411765,0.3,0.440678,0.385965,0.296296,OpticalDNA,OpticalDNA,Rice T6 chromosome classification,subsequence localization,2,8,False,3,4
full_2026-07-06__rec_001830,route_413af73bd7df,route_167e8d61aaec,0.780833,True,True,True,fusion_topology,1.0,1.0,1.0,1.0,1.0,0.0,1.0,0.653061,0.5,0.269231,1.0,0.75,0.402985,OpticalDNA,OpticalDNA,HG38 T3 ROI-based DNA transcription,ROI DNA transcription,1,1,True,4,12
full_2026-07-06__rec_001830,route_413af73bd7df,route_4c3ebc517d6c,0.738217,True,True,True,fusion_topology,1.0,1.0,1.0,1.0,1.0,0.0,1.0,0.653061,0.35,0.269231,0.62963,0.535714,0.223776,OpticalDNA,OpticalDNA,HG38 T3 ROI-based DNA transcription,masked DNA completion,4,3,False,4,3
full_2026-07-06__rec_001830,route_413af73bd7df,route_ce89ed8fc2f8,0.749584,True,True,True,fusion_topology,1.0,1.0,1.0,1.0,1.0,0.0,1.0,0.653061,0.411765,0.269231,0.520548,0.754098,0.372414,OpticalDNA,OpticalDNA,HG38 T3 ROI-based DNA transcription,grounded DNA transcription,3,3,False,4,6
full_2026-07-06__rec_001830,route_413af73bd7df,route_fdd5a06de00b,0.752569,True,True,True,fusion_topology,1.0,1.0,1.0,1.0,1.0,0.0,1.0,0.653061,0.411765,0.269231,0.733333,0.645161,0.262774,OpticalDNA,OpticalDNA,HG38 T3 ROI-based DNA transcription,free-form DNA transcription,2,3,False,4,10
full_2026-07-06__rec_001830,route_4d5ccc2afdb2,route_167e8d61aaec,0.72842,True,True,True,fusion_topology,1.0,1.0,1.0,1.0,1.0,0.0,1.0,0.653061,0.411765,0.294118,0.42623,0.421053,0.167442,OpticalDNA,OpticalDNA,HG38 T5 DNA subsequence localization,ROI DNA transcription,3,8,False,4,12
full_2026-07-06__rec_001830,route_4d5ccc2afdb2,route_990b08560f17,0.725816,True,True,True,fusion_topology,1.0,1.0,1.0,1.0,1.0,0.0,1.0,0.653061,0.411765,0.294118,0.40678,0.360656,0.171946,OpticalDNA,OpticalDNA,HG38 T5 DNA subsequence localization,chromosome classification,4,3,False,4,3
full_2026-07-06__rec_001830,route_4d5ccc2afdb2,route_f7dea95d8f42,0.783608,True,True,True,fusion_topology,1.0,1.0,1.0,1.0,1.0,0.0,1.0,0.653061,0.5,0.294118,1.0,0.8,0.391304,OpticalDNA,OpticalDNA,HG38 T5 DNA subsequence localization,subsequence localization,1,1,True,4,4
full_2026-07-06__rec_001830,route_4d5ccc2afdb2,route_fdd5a06de00b,0.728444,True,True,True,fusion_topology,1.0,1.0,1.0,1.0,1.0,0.0,1.0,0.653061,0.411765,0.294118,0.42623,0.412698,0.174312,OpticalDNA,OpticalDNA,HG38 T5 DNA subsequence localization,free-form DNA transcription,2,6,False,4,10
full_2026-07-06__rec_001830,route_7c47e8a83352,route_167e8d61aaec,0.737418,True,True,True,fusion_topology,1.0,1.0,1.0,1.0,1.0,0.0,1.0,0.653061,0.4375,0.3125,0.520548,0.363636,0.240343,OpticalDNA,OpticalDNA,HG38 T2 grounding plus recognition,ROI DNA transcription,2,5,False,3,12
full_2026-07-06__rec_001830,route_7c47e8a83352,route_ce89ed8fc2f8,0.771379,True,True,True,fusion_topology,1.0,1.0,1.0,1.0,1.0,0.0,1.0,0.653061,0.533333,0.3125,1.0,0.4,0.295082,OpticalDNA,OpticalDNA,HG38 T2 grounding plus recognition,grounded DNA transcription,1,1,True,3,6
full_2026-07-06__rec_001830,route_7c47e8a83352,route_fdd5a06de00b,0.734866,True,True,True,fusion_topology,1.0,1.0,1.0,1.0,1.0,0.0,1.0,0.653061,0.4375,0.3125,0.520548,0.327869,0.20339,OpticalDNA,OpticalDNA,HG38 T2 grounding plus recognition,free-form DNA transcription,3,5,False,3,10
full_2026-07-06__rec_001830,route_9e1ebf5125b2,route_167e8d61aaec,0.73099,True,True,True,fusion_topology,1.0,1.0,1.0,1.0,1.0,0.0,1.0,0.653061,0.388889,0.207547,0.62963,0.44,0.154762,OpticalDNA,OpticalDNA,HG38 T4 masked DNA completion,ROI DNA transcription,2,6,False,3,12
full_2026-07-06__rec_001830,route_9e1ebf5125b2,route_4c3ebc517d6c,0.772101,True,True,True,fusion_topology,1.0,1.0,1.0,1.0,1.0,0.0,1.0,0.653061,0.473684,0.207547,1.0,0.84,0.271186,OpticalDNA,OpticalDNA,HG38 T4 masked DNA completion,masked DNA completion,1,1,True,3,3
full_2026-07-06__rec_001830,route_9e1ebf5125b2,route_fdd5a06de00b,0.726522,True,True,True,fusion_topology,1.0,1.0,1.0,1.0,1.0,0.0,1.0,0.653061,0.388889,0.207547,0.518519,0.464286,0.163743,OpticalDNA,OpticalDNA,HG38 T4 masked DNA completion,free-form DNA transcription,3,7,False,3,10
full_2026-07-06__rec_001830,route_a5d9517ed155,route_167e8d61aaec,0.730367,True,True,True,fusion_topology,1.0,1.0,1.0,1.0,1.0,0.0,1.0,0.653061,0.411765,0.306122,0.448276,0.333333,0.233333,OpticalDNA,OpticalDNA,HG38 T6 chromosome classification,ROI DNA transcription,3,7,False,3,12
full_2026-07-06__rec_001830,route_a5d9517ed155,route_990b08560f17,0.788436,True,True,True,fusion_topology,1.0,1.0,1.0,1.0,1.0,0.0,1.0,0.653061,0.5,0.306122,1.0,0.862069,0.444444,OpticalDNA,OpticalDNA,HG38 T6 chromosome classification,chromosome classification,1,1,True,3,3
full_2026-07-06__rec_001830,route_a5d9517ed155,route_f7dea95d8f42,0.734084,True,True,True,fusion_topology,1.0,1.0,1.0,1.0,1.0,0.0,1.0,0.653061,0.411765,0.306122,0.440678,0.385965,0.296296,OpticalDNA,OpticalDNA,HG38 T6 chromosome classification,subsequence localization,2,3,False,3,4
full_2026-07-06__rec_001830,route_b4db0799c2c2,route_167e8d61aaec,0.763062,True,True,True,fusion_topology,1.0,1.0,1.0,1.0,1.0,0.0,1.0,0.507937,0.5,0.264151,1.0,0.75,0.402985,OpticalDNA,OpticalDNA,Rice T3 ROI-based DNA transcription,ROI DNA transcription,1,2,False,3,12
full_2026-07-06__rec_001830,route_b4db0799c2c2,route_ce89ed8fc2f8,0.73083,True,True,True,fusion_topology,1.0,1.0,1.0,1.0,1.0,0.0,1.0,0.507937,0.411765,0.264151,0.520548,0.721311,0.372414,OpticalDNA,OpticalDNA,Rice T3 ROI-based DNA transcription,grounded DNA transcription,3,5,False,3,6
full_2026-07-06__rec_001830,route_b4db0799c2c2,route_fdd5a06de00b,0.736734,True,True,True,fusion_topology,1.0,1.0,1.0,1.0,1.0,0.0,1.0,0.507937,0.411765,0.264151,0.733333,0.709677,0.262774,OpticalDNA,OpticalDNA,Rice T3 ROI-based DNA transcription,free-form DNA transcription,2,4,False,3,10
full_2026-07-06__rec_001830,route_b630d5ae8d79,route_167e8d61aaec,0.741742,True,True,True,fusion_topology,1.0,1.0,1.0,1.0,1.0,0.0,1.0,0.507937,0.388889,0.294118,0.733333,0.714286,0.372093,OpticalDNA,OpticalDNA,Rice T1 free-form DNA transcription,ROI DNA transcription,2,4,False,3,12
full_2026-07-06__rec_001830,route_b630d5ae8d79,route_ce89ed8fc2f8,0.729891,True,True,True,fusion_topology,1.0,1.0,1.0,1.0,1.0,0.0,1.0,0.507937,0.388889,0.294118,0.520548,0.655738,0.385714,OpticalDNA,OpticalDNA,Rice T1 free-form DNA transcription,grounded DNA transcription,3,6,False,3,6
full_2026-07-06__rec_001830,route_b630d5ae8d79,route_fdd5a06de00b,0.757619,True,True,True,fusion_topology,1.0,1.0,1.0,1.0,1.0,0.0,1.0,0.507937,0.388889,0.294118,1.0,0.870968,0.318182,OpticalDNA,OpticalDNA,Rice T1 free-form DNA transcription,free-form DNA transcription,1,2,False,3,10
full_2026-07-06__rec_001830,route_eb2832850d82,route_167e8d61aaec,0.716283,True,True,True,fusion_topology,1.0,1.0,1.0,1.0,1.0,0.0,1.0,0.507937,0.4375,0.306122,0.520548,0.254545,0.240343,OpticalDNA,OpticalDNA,Rice T2 grounding plus recognition,ROI DNA transcription,2,9,False,3,12
full_2026-07-06__rec_001830,route_eb2832850d82,route_ce89ed8fc2f8,0.753518,True,True,True,fusion_topology,1.0,1.0,1.0,1.0,1.0,0.0,1.0,0.507937,0.533333,0.306122,1.0,0.4,0.295082,OpticalDNA,OpticalDNA,Rice T2 grounding plus recognition,grounded DNA transcription,1,2,False,3,6
full_2026-07-06__rec_001830,route_eb2832850d82,route_fdd5a06de00b,0.714054,True,True,True,fusion_topology,1.0,1.0,1.0,1.0,1.0,0.0,1.0,0.507937,0.4375,0.306122,0.520548,0.229508,0.20339,OpticalDNA,OpticalDNA,Rice T2 grounding plus recognition,free-form DNA transcription,3,9,False,3,10
full_2026-07-06__rec_001830,route_fdfea8de58bd,route_167e8d61aaec,0.759569,True,True,True,fusion_topology,1.0,1.0,1.0,1.0,1.0,0.0,1.0,0.653061,0.388889,0.3,0.733333,0.714286,0.372093,OpticalDNA,OpticalDNA,HG38 T1 free-form DNA transcription,ROI DNA transcription,2,3,False,3,12
full_2026-07-06__rec_001830,route_fdfea8de58bd,route_ce89ed8fc2f8,0.748701,True,True,True,fusion_topology,1.0,1.0,1.0,1.0,1.0,0.0,1.0,0.653061,0.388889,0.3,0.520548,0.688525,0.385714,OpticalDNA,OpticalDNA,HG38 T1 free-form DNA transcription,grounded DNA transcription,3,4,False,3,6
full_2026-07-06__rec_001830,route_fdfea8de58bd,route_fdd5a06de00b,0.775446,True,True,True,fusion_topology,1.0,1.0,1.0,1.0,1.0,0.0,1.0,0.653061,0.388889,0.3,1.0,0.870968,0.318182,OpticalDNA,OpticalDNA,HG38 T1 free-form DNA transcription,free-form DNA transcription,1,1,True,3,10
full_2026-07-06__rec_001838,route_6ca74890a755,route_22e9c9cfdc9b,0.656296,False,False,False,source_modality;text_role,0.666667,1.0,1.0,0.0,1.0,1.0,0.0,0.835821,0.775,0.47191,0.381679,0.325,0.080321,Cell2Text,Cell2Text-Llama-1B,scRNA-seq profiles to Cell2Text decoder,Cell2Text-Llama-1B full fine-tuning route,2,1,False,0,0
full_2026-07-06__rec_001838,route_6ca74890a755,route_89003c6e8325,0.658746,False,False,False,source_modality;text_role,0.666667,1.0,1.0,0.0,1.0,1.0,0.0,0.835821,0.775,0.498024,0.381679,0.325,0.09589,Cell2Text,Cell2Text-Gemma-4B,scRNA-seq profiles to Cell2Text decoder,Cell2Text-Gemma-4B full fine-tuning route,1,1,False,0,0
full_2026-07-06__rec_001838,route_6ca74890a755,route_d52d8c7a5bcf,0.635239,False,False,False,source_modality;text_role,0.5625,1.0,1.0,0.0,1.0,1.0,0.0,0.835821,0.775,0.454874,0.316384,0.26,0.052632,Cell2Text,Cell2Text-Llama-1B-LoRA,scRNA-seq profiles to Cell2Text decoder,Cell2Text-Llama-1B-LoRA parameter-efficient fine-tuning route,3,1,False,0,0
full_2026-07-06__rec_001889,route_072c223f12e5,route_12d12f1ba884,0.596651,False,False,True,source_modality;fusion_topology;text_role,1.0,1.0,1.0,0.0,1.0,0.0,0.0,0.779661,0.258065,0.490196,0.245614,0.271186,0.257426,scMOBA,scMOBA,snRNA-seq gene expression to scMOBA,disease status inference,4,1,False,0,0
full_2026-07-06__rec_001889,route_072c223f12e5,route_2837ee1774c1,0.516762,False,False,True,source_modality;lifecycle_phase;fusion_topology;text_role,1.0,1.0,1.0,0.0,0.0,0.0,0.0,0.586207,0.258065,0.490196,0.253968,0.492308,0.414286,scMOBA,scMOBA,snRNA-seq gene expression to scMOBA,snRNA-seq cell type annotation,8,1,False,0,0
full_2026-07-06__rec_001889,route_072c223f12e5,route_3cfe128dfd30,0.636146,False,False,True,source_modality;fusion_topology;text_role,1.0,1.0,1.0,0.0,1.0,0.0,0.0,0.8,0.258065,0.518182,0.764706,0.698413,0.165517,scMOBA,scMOBA,snRNA-seq gene expression to scMOBA,snRNA-seq expression profile,1,1,False,0,0
full_2026-07-06__rec_001889,route_072c223f12e5,route_6c33fca90b79,0.597383,False,False,True,source_modality;fusion_topology;text_role,1.0,1.0,1.0,0.0,1.0,0.0,0.0,0.779661,0.258065,0.490196,0.254545,0.280702,0.257426,scMOBA,scMOBA,snRNA-seq gene expression to scMOBA,cell origin prediction,3,1,False,0,0
full_2026-07-06__rec_001889,route_072c223f12e5,route_926edf3c6519,0.589061,False,False,True,source_modality;fusion_topology;text_role,1.0,1.0,1.0,0.0,1.0,0.0,0.0,0.30303,0.552632,0.519149,0.764706,0.212121,0.326848,scMOBA,scMOBA,snRNA-seq gene expression to scMOBA,spatial transcriptomics profile,5,2,False,0,1
full_2026-07-06__rec_001889,route_072c223f12e5,route_a4c774fd1b5b,0.473849,False,False,True,source_modality;lifecycle_phase;fusion_topology;text_role,1.0,1.0,1.0,0.0,0.0,0.0,0.0,0.245614,0.258065,0.490196,0.253968,0.424242,0.414286,scMOBA,scMOBA,snRNA-seq gene expression to scMOBA,snATAC-seq cell type annotation,12,2,False,0,0
full_2026-07-06__rec_001889,route_072c223f12e5,route_b41e139a6df2,0.500802,False,False,True,source_modality;lifecycle_phase;fusion_topology;text_role,1.0,1.0,1.0,0.0,0.0,0.0,0.0,0.377358,0.552632,0.467532,0.245614,0.294118,0.325088,scMOBA,scMOBA,snRNA-seq gene expression to scMOBA,mouse spatial MERFISH aging clock,10,2,False,0,0
full_2026-07-06__rec_001889,route_072c223f12e5,route_d741b667bdc9,0.557669,False,False,True,source_modality;fusion_topology;text_role,1.0,1.0,1.0,0.0,1.0,0.0,0.0,0.285714,0.47191,0.436893,0.271186,0.459016,0.310924,scMOBA,scMOBA,snRNA-seq gene expression to scMOBA,masked gene reconstruction,7,2,False,0,0
full_2026-07-06__rec_001889,route_072c223f12e5,route_d9808b3f41b5,0.503204,False,False,True,source_modality;lifecycle_phase;fusion_topology;text_role,1.0,1.0,1.0,0.0,0.0,0.0,0.0,0.339623,0.552632,0.521368,0.253968,0.285714,0.4,scMOBA,scMOBA,snRNA-seq gene expression to scMOBA,spatial transcriptome cell type annotation,9,3,False,0,0
full_2026-07-06__rec_001889,route_072c223f12e5,route_db10859c8abb,0.479756,False,False,True,source_modality;lifecycle_phase;fusion_topology;text_role,1.0,1.0,1.0,0.0,0.0,0.0,0.0,0.328358,0.258065,0.420168,0.245614,0.483871,0.40201,scMOBA,scMOBA,snRNA-seq gene expression to scMOBA,human snRNA-seq aging clock,11,1,False,0,0
full_2026-07-06__rec_001889,route_072c223f12e5,route_f1a7508064a3,0.567208,False,False,True,source_modality;fusion_topology;text_role,1.0,1.0,1.0,0.0,1.0,0.0,0.0,0.253968,0.258065,0.518182,0.764706,0.584615,0.165517,scMOBA,scMOBA,snRNA-seq gene expression to scMOBA,snATAC-seq gene activity score,6,2,False,0,1
full_2026-07-06__rec_001889,route_072c223f12e5,route_fcd011353b68,0.618558,False,False,True,source_modality;fusion_topology;text_role,1.0,1.0,1.0,0.0,1.0,0.0,0.0,0.698413,0.552632,0.441441,0.428571,0.37931,0.30888,scMOBA,scMOBA,snRNA-seq gene expression to scMOBA,spatial mask prediction,2,2,False,0,1
full_2026-07-06__rec_001889,route_538d12648bb2,route_09b4e223ce85,0.915642,True,True,True,,1.0,1.0,1.0,1.0,1.0,1.0,1.0,0.903226,1.0,0.727273,0.6,0.517241,0.52071,scMOBA,scMOBA,natural-language question to scMOBA,textual question prompt,1,1,True,1,1
full_2026-07-06__rec_001889,route_58f30141089e,route_12d12f1ba884,0.542351,False,False,True,source_modality;fusion_topology;text_role,1.0,1.0,1.0,0.0,1.0,0.0,0.0,0.328767,0.258065,0.485437,0.245614,0.275862,0.257426,scMOBA,scMOBA,snATAC-seq gene-activity to scMOBA,disease status inference,7,3,False,1,0
full_2026-07-06__rec_001889,route_58f30141089e,route_2837ee1774c1,0.492044,False,False,True,source_modality;lifecycle_phase;fusion_topology;text_role,1.0,1.0,1.0,0.0,0.0,0.0,0.0,0.388889,0.258065,0.485437,0.253968,0.46875,0.414286,scMOBA,scMOBA,snATAC-seq gene-activity to scMOBA,snRNA-seq cell type annotation,10,2,False,1,0
full_2026-07-06__rec_001889,route_58f30141089e,route_3cfe128dfd30,0.562755,False,False,True,source_modality;fusion_topology;text_role,1.0,1.0,1.0,0.0,1.0,0.0,0.0,0.324324,0.258065,0.432432,0.764706,0.354839,0.165517,scMOBA,scMOBA,snATAC-seq gene-activity to scMOBA,snRNA-seq expression profile,4,3,False,1,0
full_2026-07-06__rec_001889,route_58f30141089e,route_6c33fca90b79,0.542021,False,False,True,source_modality;fusion_topology;text_role,1.0,1.0,1.0,0.0,1.0,0.0,0.0,0.328767,0.258065,0.485437,0.254545,0.25,0.257426,scMOBA,scMOBA,snATAC-seq gene-activity to scMOBA,cell origin prediction,8,3,False,1,0
full_2026-07-06__rec_001889,route_58f30141089e,route_926edf3c6519,0.583439,False,False,True,source_modality;fusion_topology;text_role,1.0,1.0,1.0,0.0,1.0,0.0,0.0,0.225,0.552632,0.531646,0.764706,0.307692,0.326848,scMOBA,scMOBA,snATAC-seq gene-activity to scMOBA,spatial transcriptomics profile,2,3,False,1,1
full_2026-07-06__rec_001889,route_58f30141089e,route_a4c774fd1b5b,0.549339,False,False,True,source_modality;lifecycle_phase;fusion_topology;text_role,1.0,1.0,1.0,0.0,0.0,0.0,0.0,0.84507,0.258065,0.485437,0.253968,0.553846,0.414286,scMOBA,scMOBA,snATAC-seq gene-activity to scMOBA,snATAC-seq cell type annotation,6,1,False,1,0
full_2026-07-06__rec_001889,route_58f30141089e,route_b41e139a6df2,0.486124,False,False,True,source_modality;lifecycle_phase;fusion_topology;text_role,1.0,1.0,1.0,0.0,0.0,0.0,0.0,0.238806,0.552632,0.480687,0.245614,0.328358,0.325088,scMOBA,scMOBA,snATAC-seq gene-activity to scMOBA,mouse spatial MERFISH aging clock,11,3,False,1,0
full_2026-07-06__rec_001889,route_58f30141089e,route_d741b667bdc9,0.572747,False,False,True,source_modality;fusion_topology;text_role,1.0,1.0,1.0,0.0,1.0,0.0,0.0,0.428571,0.47191,0.432692,0.271186,0.4,0.310924,scMOBA,scMOBA,snATAC-seq gene-activity to scMOBA,masked gene reconstruction,3,1,False,1,0
full_2026-07-06__rec_001889,route_58f30141089e,route_d9808b3f41b5,0.505211,False,False,True,source_modality;lifecycle_phase;fusion_topology;text_role,1.0,1.0,1.0,0.0,0.0,0.0,0.0,0.328358,0.552632,0.533898,0.253968,0.368421,0.4,scMOBA,scMOBA,snATAC-seq gene-activity to scMOBA,spatial transcriptome cell type annotation,9,2,False,1,0
full_2026-07-06__rec_001889,route_58f30141089e,route_db10859c8abb,0.471955,False,False,True,source_modality;lifecycle_phase;fusion_topology;text_role,1.0,1.0,1.0,0.0,0.0,0.0,0.0,0.271605,0.258065,0.416667,0.245614,0.459016,0.40201,scMOBA,scMOBA,snATAC-seq gene-activity to scMOBA,human snRNA-seq aging clock,12,2,False,1,0
full_2026-07-06__rec_001889,route_58f30141089e,route_f1a7508064a3,0.657882,True,False,True,source_modality;fusion_topology;text_role,1.0,1.0,1.0,0.0,1.0,0.0,0.0,0.987013,0.258065,0.432432,0.764706,0.875,0.165517,scMOBA,scMOBA,snATAC-seq gene-activity to scMOBA,snATAC-seq gene activity score,1,1,True,1,1
full_2026-07-06__rec_001889,route_58f30141089e,route_fcd011353b68,0.560232,False,False,True,source_modality;fusion_topology;text_role,1.0,1.0,1.0,0.0,1.0,0.0,0.0,0.207792,0.552632,0.446429,0.428571,0.385965,0.30888,scMOBA,scMOBA,snATAC-seq gene-activity to scMOBA,spatial mask prediction,5,3,False,1,1
full_2026-07-06__rec_001889,route_90ded7207776,route_12d12f1ba884,0.576472,False,False,True,source_modality;fusion_topology;text_role,1.0,1.0,1.0,0.0,1.0,0.0,0.0,0.647887,0.26087,0.398148,0.297872,0.253968,0.252033,scMOBA,scMOBA,spatial transcriptome context to scMOBA,disease status inference,7,2,False,2,0
full_2026-07-06__rec_001889,route_90ded7207776,route_2837ee1774c1,0.489775,False,False,True,source_modality;lifecycle_phase;fusion_topology;text_role,1.0,1.0,1.0,0.0,0.0,0.0,0.0,0.485714,0.26087,0.398148,0.377358,0.202899,0.26009,scMOBA,scMOBA,spatial transcriptome context to scMOBA,snRNA-seq cell type annotation,10,3,False,2,0
full_2026-07-06__rec_001889,route_90ded7207776,route_3cfe128dfd30,0.583749,False,False,True,source_modality;fusion_topology;text_role,1.0,1.0,1.0,0.0,1.0,0.0,0.0,0.666667,0.26087,0.396552,0.37931,0.179104,0.334764,scMOBA,scMOBA,spatial transcriptome context to scMOBA,snRNA-seq expression profile,6,2,False,2,0
full_2026-07-06__rec_001889,route_90ded7207776,route_6c33fca90b79,0.585544,False,False,True,source_modality;fusion_topology;text_role,1.0,1.0,1.0,0.0,1.0,0.0,0.0,0.647887,0.26087,0.398148,0.533333,0.163934,0.252033,scMOBA,scMOBA,spatial transcriptome context to scMOBA,cell origin prediction,5,2,False,2,0
full_2026-07-06__rec_001889,route_90ded7207776,route_926edf3c6519,0.653289,True,True,True,fusion_topology;text_role,1.0,1.0,1.0,1.0,1.0,0.0,0.0,0.205128,0.56,0.510121,0.37931,0.6,0.17,scMOBA,scMOBA,spatial transcriptome context to scMOBA,spatial transcriptomics profile,2,1,False,2,1
full_2026-07-06__rec_001889,route_90ded7207776,route_b41e139a6df2,0.592789,False,False,True,lifecycle_phase;fusion_topology;text_role,1.0,1.0,1.0,1.0,0.0,0.0,0.0,0.307692,0.56,0.518519,0.340426,0.388889,0.292035,scMOBA,scMOBA,spatial transcriptome context to scMOBA,mouse spatial MERFISH aging clock,4,1,False,2,0
full_2026-07-06__rec_001889,route_90ded7207776,route_d741b667bdc9,0.551233,False,False,True,source_modality;fusion_topology;text_role,1.0,1.0,1.0,0.0,1.0,0.0,0.0,0.294118,0.409091,0.440367,0.367347,0.338462,0.198895,scMOBA,scMOBA,spatial transcriptome context to scMOBA,masked gene reconstruction,8,3,False,2,0
full_2026-07-06__rec_001889,route_90ded7207776,route_d9808b3f41b5,0.611825,False,False,True,lifecycle_phase;fusion_topology;text_role,1.0,1.0,1.0,1.0,0.0,0.0,0.0,0.430769,0.56,0.512195,0.377358,0.617284,0.192308,scMOBA,scMOBA,spatial transcriptome context to scMOBA,spatial transcriptome cell type annotation,3,1,False,2,0
full_2026-07-06__rec_001889,route_90ded7207776,route_db10859c8abb,0.468148,False,False,True,source_modality;lifecycle_phase;fusion_topology;text_role,1.0,1.0,1.0,0.0,0.0,0.0,0.0,0.253165,0.26087,0.48,0.340426,0.272727,0.267606,scMOBA,scMOBA,spatial transcriptome context to scMOBA,human snRNA-seq aging clock,11,3,False,2,0
full_2026-07-06__rec_001889,route_90ded7207776,route_f1a7508064a3,0.543419,False,False,True,source_modality;fusion_topology;text_role,1.0,1.0,1.0,0.0,1.0,0.0,0.0,0.266667,0.26087,0.396552,0.37931,0.434783,0.334764,scMOBA,scMOBA,spatial transcriptome context to scMOBA,snATAC-seq gene activity score,9,3,False,2,1
full_2026-07-06__rec_001889,route_90ded7207776,route_fcd011353b68,0.786239,True,True,True,fusion_topology;text_role,1.0,1.0,1.0,1.0,1.0,0.0,0.0,0.933333,0.56,0.521368,1.0,0.387097,0.673267,scMOBA,scMOBA,spatial transcriptome context to scMOBA,spatial mask prediction,1,1,True,2,1
full_2026-07-06__rec_002049,route_4a2958b5f9d4,route_9d7c941595fc,0.591852,False,False,True,source_modality;lifecycle_phase;text_role,1.0,1.0,1.0,0.0,0.0,1.0,0.0,0.424242,0.696429,0.669951,0.457143,0.333333,0.060976,BIOVERSE,BIOVERSE,scRNA-seq profile to BIOVERSE,protein sequence to free-text protein description,3,4,False,1,3
full_2026-07-06__rec_002049,route_4a2958b5f9d4,route_b7fbc161d721,0.65263,True,False,True,source_modality;lifecycle_phase;text_role,1.0,1.0,1.0,0.0,0.0,1.0,0.0,0.772727,0.545455,0.626609,1.0,0.516854,0.058824,BIOVERSE,BIOVERSE,scRNA-seq profile to BIOVERSE,PBMC10K scRNA-seq profile to generative cell-type annotation,1,1,True,1,1
full_2026-07-06__rec_002049,route_4a2958b5f9d4,route_d58aa4c7d1dd,0.630458,False,False,True,source_modality;lifecycle_phase;text_role,1.0,1.0,1.0,0.0,0.0,1.0,0.0,0.772727,0.742857,0.726257,0.046512,0.641975,0.082707,BIOVERSE,BIOVERSE,scRNA-seq profile to BIOVERSE,scRNA-seq profile to projected BIO soft-token prompt,2,3,False,1,1
full_2026-07-06__rec_002049,route_6ab03339ce54,route_595dcf1b86f3,0.659059,True,False,True,lifecycle_phase;fusion_topology;text_role,1.0,1.0,1.0,1.0,0.0,0.0,0.0,1.0,0.576923,0.504348,0.096774,0.609756,0.00597,BIOVERSE,BIOVERSE,SMILES string to BIOVERSE via ChemBERTa,SMILES string to contrastive text alignment,3,3,False,3,4
full_2026-07-06__rec_002049,route_6ab03339ce54,route_c4cd401ae46b,0.737078,True,False,True,lifecycle_phase;text_role,1.0,1.0,1.0,1.0,0.0,1.0,0.0,1.0,0.654545,0.708134,0.096774,0.551724,0.007495,BIOVERSE,BIOVERSE,SMILES string to BIOVERSE via ChemBERTa,SMILES string to projected BIO soft-token prompt,2,3,False,3,4
full_2026-07-06__rec_002049,route_6ab03339ce54,route_fad8a3478784,0.776461,True,False,True,lifecycle_phase;text_role,1.0,1.0,1.0,1.0,0.0,1.0,0.0,1.0,0.598291,0.663462,1.0,0.493506,0.083333,BIOVERSE,BIOVERSE,SMILES string to BIOVERSE via ChemBERTa,SMILES string to molecular description,1,2,False,3,4
full_2026-07-06__rec_002049,route_71d2f5a9a1d0,route_8b4b2de14039,0.596311,False,False,True,source_modality;lifecycle_phase;fusion_topology;text_role,1.0,1.0,1.0,0.0,0.0,0.0,0.0,1.0,0.582524,0.50655,0.571429,0.627907,0.066667,BIOVERSE,BIOVERSE,protein sequence to BIOVERSE via ESM2-8M,protein sequence to contrastive text alignment,3,6,False,2,1
full_2026-07-06__rec_002049,route_71d2f5a9a1d0,route_9d7c941595fc,0.692252,True,False,True,source_modality;lifecycle_phase;text_role,1.0,1.0,1.0,0.0,0.0,1.0,0.0,1.0,0.603448,0.666667,0.884615,0.494382,0.357043,BIOVERSE,BIOVERSE,protein sequence to BIOVERSE via ESM2-8M,protein sequence to free-text protein description,1,2,True,2,3
full_2026-07-06__rec_002049,route_71d2f5a9a1d0,route_c61f8f6a5c1e,0.674375,True,False,True,source_modality;lifecycle_phase;text_role,1.0,1.0,1.0,0.0,0.0,1.0,0.0,1.0,0.66055,0.711538,0.571429,0.571429,0.065359,BIOVERSE,BIOVERSE,protein sequence to BIOVERSE via ESM2-8M,protein sequence to projected BIO soft-token prompt,2,3,False,2,3
full_2026-07-06__rec_002049,route_7af06ab500ec,route_4224ba560f81,0.628468,False,False,True,source_modality;fusion_topology,1.0,1.0,1.0,0.0,1.0,0.0,1.0,0.530612,0.666667,0.476596,0.057143,0.366667,0.022727,BIOVERSE,BIOVERSE,CellxGene pseudo-bulk RNA to BIOVERSE alignment with cell/tissue metadata,scRNA-seq profile to contrastive text alignment,4,1,False,1,0
full_2026-07-06__rec_002049,route_7af06ab500ec,route_8b4b2de14039,0.609465,False,False,True,source_modality;fusion_topology,1.0,1.0,1.0,0.0,1.0,0.0,1.0,0.315789,0.666667,0.5,0.178218,0.336134,0.022727,BIOVERSE,BIOVERSE,CellxGene pseudo-bulk RNA to BIOVERSE alignment with cell/tissue metadata,protein sequence to contrastive text alignment,5,2,False,1,1
full_2026-07-06__rec_002049,route_7af06ab500ec,route_b7fbc161d721,0.584434,False,False,True,source_modality;lifecycle_phase;text_role,1.0,1.0,1.0,0.0,0.0,1.0,0.0,0.530612,0.545455,0.553846,0.440367,0.37594,0.012821,BIOVERSE,BIOVERSE,CellxGene pseudo-bulk RNA to BIOVERSE alignment with cell/tissue metadata,PBMC10K scRNA-seq profile to generative cell-type annotation,7,2,False,1,1
full_2026-07-06__rec_002049,route_7af06ab500ec,route_c4cd401ae46b,0.628927,False,False,True,source_modality;text_role,1.0,1.0,1.0,0.0,1.0,1.0,0.0,0.228571,0.742857,0.683983,0.244898,0.231405,0.060811,BIOVERSE,BIOVERSE,CellxGene pseudo-bulk RNA to BIOVERSE alignment with cell/tissue metadata,SMILES string to projected BIO soft-token prompt,3,6,False,1,4
full_2026-07-06__rec_002049,route_7af06ab500ec,route_c61f8f6a5c1e,0.635891,False,False,True,source_modality;text_role,1.0,1.0,1.0,0.0,1.0,1.0,0.0,0.315789,0.742857,0.683983,0.178218,0.225806,0.060811,BIOVERSE,BIOVERSE,CellxGene pseudo-bulk RNA to BIOVERSE alignment with cell/tissue metadata,protein sequence to projected BIO soft-token prompt,2,4,False,1,3
full_2026-07-06__rec_002049,route_7af06ab500ec,route_d58aa4c7d1dd,0.650701,True,False,True,source_modality;text_role,1.0,1.0,1.0,0.0,1.0,1.0,0.0,0.530612,0.742857,0.621359,0.028571,0.256,0.060606,BIOVERSE,BIOVERSE,CellxGene pseudo-bulk RNA to BIOVERSE alignment with cell/tissue metadata,scRNA-seq profile to projected BIO soft-token prompt,1,1,False,1,1
full_2026-07-06__rec_002049,route_af9799d5cf64,route_595dcf1b86f3,0.800153,True,True,True,fusion_topology,1.0,1.0,1.0,1.0,1.0,0.0,1.0,1.0,0.576923,0.497817,0.5,0.568807,0.071429,BIOVERSE,BIOVERSE,SMILES string to BIOVERSE alignment for SMILES-to-IUPAC conversion,SMILES string to contrastive text alignment,2,1,False,3,4
full_2026-07-06__rec_002049,route_af9799d5cf64,route_8b4b2de14039,0.601453,False,False,True,source_modality;fusion_topology,1.0,1.0,1.0,0.0,1.0,0.0,1.0,0.275862,0.576923,0.497817,0.169492,0.392857,0.071429,BIOVERSE,BIOVERSE,SMILES string to BIOVERSE alignment for SMILES-to-IUPAC conversion,protein sequence to contrastive text alignment,6,3,False,3,1
full_2026-07-06__rec_002049,route_af9799d5cf64,route_c4cd401ae46b,0.828915,True,True,True,text_role,1.0,1.0,1.0,1.0,1.0,1.0,0.0,1.0,0.654545,0.701923,0.5,0.491228,0.105634,BIOVERSE,BIOVERSE,SMILES string to BIOVERSE alignment for SMILES-to-IUPAC conversion,SMILES string to projected BIO soft-token prompt,1,1,True,3,4
full_2026-07-06__rec_002049,route_af9799d5cf64,route_fad8a3478784,0.745953,True,False,True,lifecycle_phase;text_role,1.0,1.0,1.0,1.0,0.0,1.0,0.0,1.0,0.598291,0.657005,0.275862,0.538462,0.20339,BIOVERSE,BIOVERSE,SMILES string to BIOVERSE alignment for SMILES-to-IUPAC conversion,SMILES string to molecular description,3,4,False,3,4
full_2026-07-06__rec_002049,route_b7e0652374fc,route_595dcf1b86f3,0.658876,True,False,True,lifecycle_phase;fusion_topology;text_role,1.0,1.0,1.0,1.0,0.0,0.0,0.0,1.0,0.576923,0.504348,0.096774,0.607595,0.003003,BIOVERSE,BIOVERSE,SMILES string to BIOVERSE via MAMMAL,SMILES string to contrastive text alignment,3,4,False,3,4
full_2026-07-06__rec_002049,route_b7e0652374fc,route_c4cd401ae46b,0.736955,True,False,True,lifecycle_phase;text_role,1.0,1.0,1.0,1.0,0.0,1.0,0.0,1.0,0.654545,0.708134,0.096774,0.547619,0.007514,BIOVERSE,BIOVERSE,SMILES string to BIOVERSE via MAMMAL,SMILES string to projected BIO soft-token prompt,2,4,False,3,4
full_2026-07-06__rec_002049,route_b7e0652374fc,route_fad8a3478784,0.777364,True,False,True,lifecycle_phase;text_role,1.0,1.0,1.0,1.0,0.0,1.0,0.0,1.0,0.598291,0.663462,1.0,0.513514,0.090909,BIOVERSE,BIOVERSE,SMILES string to BIOVERSE via MAMMAL,SMILES string to molecular description,1,1,True,3,4
full_2026-07-06__rec_002049,route_c2d2c8175ce3,route_4224ba560f81,0.592803,False,False,True,source_modality;fusion_topology,1.0,1.0,1.0,0.0,1.0,0.0,1.0,0.2,0.576923,0.518868,0.190476,0.415094,0.003021,BIOVERSE,BIOVERSE,SMILES string to BIOVERSE alignment for molecule captioning,scRNA-seq profile to contrastive text alignment,7,3,False,3,0
full_2026-07-06__rec_002049,route_c2d2c8175ce3,route_595dcf1b86f3,0.77971,True,True,True,fusion_topology,1.0,1.0,1.0,1.0,1.0,0.0,1.0,1.0,0.576923,0.497817,0.122449,0.607843,0.003021,BIOVERSE,BIOVERSE,SMILES string to BIOVERSE alignment for molecule captioning,SMILES string to contrastive text alignment,2,2,True,3,4
full_2026-07-06__rec_002049,route_c2d2c8175ce3,route_c4cd401ae46b,0.8079,True,True,True,text_role,1.0,1.0,1.0,1.0,1.0,1.0,0.0,1.0,0.654545,0.701923,0.122449,0.542056,0.014085,BIOVERSE,BIOVERSE,SMILES string to BIOVERSE alignment for molecule captioning,SMILES string to projected BIO soft-token prompt,1,2,False,3,4
full_2026-07-06__rec_002049,route_c2d2c8175ce3,route_fad8a3478784,0.776418,True,False,True,lifecycle_phase;text_role,1.0,1.0,1.0,1.0,0.0,1.0,0.0,1.0,0.598291,0.657005,0.627451,0.639175,0.45,BIOVERSE,BIOVERSE,SMILES string to BIOVERSE alignment for molecule captioning,SMILES string to molecular description,3,3,False,3,4
full_2026-07-06__rec_002049,route_ccd88e070652,route_8b4b2de14039,0.596532,False,False,True,source_modality;lifecycle_phase;fusion_topology;text_role,1.0,1.0,1.0,0.0,0.0,0.0,0.0,1.0,0.582524,0.50655,0.571429,0.635294,0.066667,BIOVERSE,BIOVERSE,protein sequence to BIOVERSE via MAMMAL,protein sequence to contrastive text alignment,3,5,False,2,1
full_2026-07-06__rec_002049,route_ccd88e070652,route_9d7c941595fc,0.692421,True,False,True,source_modality;lifecycle_phase;text_role,1.0,1.0,1.0,0.0,0.0,1.0,0.0,1.0,0.603448,0.666667,0.884615,0.5,0.357043,BIOVERSE,BIOVERSE,protein sequence to BIOVERSE via MAMMAL,protein sequence to free-text protein description,1,1,False,2,3
full_2026-07-06__rec_002049,route_ccd88e070652,route_b7fbc161d721,0.560184,False,False,True,source_modality;lifecycle_phase;text_role,1.0,1.0,1.0,0.0,0.0,1.0,0.0,0.325581,0.489796,0.616034,0.46875,0.282828,0.044586,BIOVERSE,BIOVERSE,protein sequence to BIOVERSE via MAMMAL,PBMC10K scRNA-seq profile to generative cell-type annotation,7,3,False,2,1
full_2026-07-06__rec_002049,route_ccd88e070652,route_c61f8f6a5c1e,0.674565,True,False,True,source_modality;lifecycle_phase;text_role,1.0,1.0,1.0,0.0,0.0,1.0,0.0,1.0,0.66055,0.711538,0.571429,0.577778,0.065359,BIOVERSE,BIOVERSE,protein sequence to BIOVERSE via MAMMAL,protein sequence to projected BIO soft-token prompt,2,2,True,2,3
full_2026-07-06__rec_002049,route_e229132b7ebc,route_4224ba560f81,0.605753,False,False,True,source_modality;fusion_topology,1.0,1.0,1.0,0.0,1.0,0.0,1.0,0.325581,0.582524,0.537736,0.057143,0.462963,0.037975,BIOVERSE,BIOVERSE,protein sequence to BIOVERSE alignment via UniProtKB GO terms,scRNA-seq profile to contrastive text alignment,7,2,False,3,0
full_2026-07-06__rec_002049,route_e229132b7ebc,route_8b4b2de14039,0.73682,True,False,True,source_modality;fusion_topology,1.0,1.0,1.0,0.0,1.0,0.0,1.0,1.0,0.582524,0.50655,1.0,0.635514,0.037975,BIOVERSE,BIOVERSE,protein sequence to BIOVERSE alignment via UniProtKB GO terms,protein sequence to contrastive text alignment,2,1,True,3,1
full_2026-07-06__rec_002049,route_e229132b7ebc,route_9d7c941595fc,0.666035,True,False,True,source_modality;lifecycle_phase;text_role,1.0,1.0,1.0,0.0,0.0,1.0,0.0,1.0,0.603448,0.666667,0.548387,0.581818,0.056338,BIOVERSE,BIOVERSE,protein sequence to BIOVERSE alignment via UniProtKB GO terms,protein sequence to free-text protein description,3,3,False,3,3
full_2026-07-06__rec_002049,route_e229132b7ebc,route_c61f8f6a5c1e,0.765161,True,False,True,source_modality;text_role,1.0,1.0,1.0,0.0,1.0,1.0,0.0,1.0,0.66055,0.711538,1.0,0.571429,0.049296,BIOVERSE,BIOVERSE,protein sequence to BIOVERSE alignment via UniProtKB GO terms,protein sequence to projected BIO soft-token prompt,1,1,False,3,3
full_2026-07-06__rec_002049,route_e229132b7ebc,route_d58aa4c7d1dd,0.630544,False,False,True,source_modality;text_role,1.0,1.0,1.0,0.0,1.0,1.0,0.0,0.325581,0.66055,0.710383,0.057143,0.40708,0.010989,BIOVERSE,BIOVERSE,protein sequence to BIOVERSE alignment via UniProtKB GO terms,scRNA-seq profile to projected BIO soft-token prompt,5,2,False,3,1
full_2026-07-06__rec_002105,route_2e545dd2dede,route_4046842f6227,0.507433,False,False,True,source_modality;lifecycle_phase;text_role,1.0,1.0,1.0,0.0,0.0,1.0,0.0,0.242424,0.255319,0.285714,0.301887,0.391304,0.090909,Mixtral 8x7b,Mixtral 8x7b,Transcriptome features to Mixtral conversational chats,GEO metadata summary with Mixtral 8x7b,1,3,False,0,2
full_2026-07-06__rec_002105,route_2e545dd2dede,route_42e3497047e3,0.499376,False,False,True,source_modality;lifecycle_phase;text_role,1.0,1.0,1.0,0.0,0.0,1.0,0.0,0.205128,0.255319,0.28169,0.253521,0.361905,0.090909,Mixtral 8x7b,Mixtral 8x7b,Transcriptome features to Mixtral conversational chats,CELLxGENE Census metadata summary with Mixtral 8x7b,2,3,False,0,2
full_2026-07-06__rec_002105,route_3d7c87fdb435,route_110ecfea952d,0.581096,False,False,True,source_modality;lifecycle_phase;text_role,1.0,1.0,1.0,0.0,0.0,1.0,0.0,0.785714,0.448598,0.222222,0.30303,0.376238,0.085366,Mistral 7B,Mistral 7B,Transcriptome embeddings to Mistral answers,Tabula Sapiens cell-type answer perplexity with Mistral 7B,3,1,False,1,0
full_2026-07-06__rec_002105,route_3d7c87fdb435,route_2951164b5686,0.526623,False,False,True,source_modality;lifecycle_phase;text_role,1.0,1.0,1.0,0.0,0.0,1.0,0.0,0.268657,0.352941,0.34188,0.416,0.372093,0.094595,Mistral 7B,Mistral 7B,Transcriptome embeddings to Mistral answers,Conversation evaluation perplexity with matched or mismatched transcriptome embeddings,4,1,False,1,0
full_2026-07-06__rec_002105,route_3d7c87fdb435,route_5e86ef1efcaa,0.712763,True,False,True,source_modality;text_role,1.0,1.0,1.0,0.0,1.0,1.0,0.0,1.0,0.622951,0.333333,0.48,0.619048,0.081301,Mistral 7B,Mistral 7B,Transcriptome embeddings to Mistral answers,Transcriptome embeddings plus questions to Mistral 7B for CellWhisperer fine-tuning,1,1,True,1,1
full_2026-07-06__rec_002105,route_3d7c87fdb435,route_bb452f4c33e5,0.643854,False,False,True,source_modality;lifecycle_phase;text_role,1.0,1.0,1.0,0.0,0.0,1.0,0.0,1.0,0.690909,0.333333,0.40367,0.58209,0.112782,Mistral 7B,Mistral 7B,Transcriptome embeddings to Mistral answers,Transcriptome embeddings plus free-text questions to Mistral 7B for CellWhisperer inference,2,1,False,1,0
full_2026-07-06__rec_002105,route_7c149cb8a26d,route_4046842f6227,0.76655,True,False,True,lifecycle_phase,1.0,1.0,1.0,1.0,0.0,1.0,1.0,0.77551,0.535714,0.589744,0.263158,0.472222,0.434555,Mixtral 8x7b,Mixtral 8x7b,GEO metadata to concise annotation,GEO metadata summary with Mixtral 8x7b,1,1,True,2,2
full_2026-07-06__rec_002105,route_7c149cb8a26d,route_42e3497047e3,0.729185,True,False,True,lifecycle_phase,1.0,1.0,1.0,1.0,0.0,1.0,1.0,0.545455,0.535714,0.49697,0.255319,0.376471,0.434555,Mixtral 8x7b,Mixtral 8x7b,GEO metadata to concise annotation,CELLxGENE Census metadata summary with Mixtral 8x7b,2,2,False,2,2
full_2026-07-06__rec_002105,route_7c149cb8a26d,route_50dfc1a52d64,0.611035,False,False,False,lifecycle_phase,0.235294,1.0,1.0,1.0,0.0,1.0,1.0,0.571429,0.421053,0.43871,0.247191,0.53012,0.085714,Mixtral 8x7b,GPT-4,GEO metadata to concise annotation,Disease validation metadata annotation with GPT-4,3,1,False,2,0
full_2026-07-06__rec_002105,route_9921b73712b4,route_50dfc1a52d64,0.524718,False,False,True,source_modality;lifecycle_phase;text_role,1.0,1.0,1.0,0.0,0.0,1.0,0.0,0.255319,0.428571,0.402985,0.237288,0.297872,0.126761,GPT-4,GPT-4,Transcriptome features to GPT-4 complex chats,Disease validation metadata annotation with GPT-4,1,3,False,0,0
full_2026-07-06__rec_002105,route_9f682ed30d66,route_50dfc1a52d64,0.511656,False,False,True,source_modality;lifecycle_phase;text_role,1.0,1.0,1.0,0.0,0.0,1.0,0.0,0.255319,0.392157,0.352201,0.1,0.294737,0.126761,GPT-4,GPT-4,Transcriptome features to GPT-4 detailed chats,Disease validation metadata annotation with GPT-4,1,4,False,0,0
full_2026-07-06__rec_002105,route_a63f9c17e099,route_4046842f6227,0.475037,False,False,False,carrier_subtype;lifecycle_phase;text_role,0.818182,1.0,0.0,1.0,0.0,1.0,0.0,0.27027,0.268657,0.264151,0.204082,0.266667,0.018519,Mistral 7B,Mixtral 8x7b,Prepared questions to Mistral answers,GEO metadata summary with Mixtral 8x7b,2,4,False,0,2
full_2026-07-06__rec_002105,route_a63f9c17e099,route_42e3497047e3,0.475499,False,False,False,carrier_subtype;lifecycle_phase;text_role,0.818182,1.0,0.0,1.0,0.0,1.0,0.0,0.27907,0.268657,0.278261,0.155172,0.295455,0.018519,Mistral 7B,Mixtral 8x7b,Prepared questions to Mistral answers,CELLxGENE Census metadata summary with Mixtral 8x7b,1,4,False,0,2
full_2026-07-06__rec_002105,route_b952c171b54f,route_4046842f6227,0.698475,True,False,True,lifecycle_phase,1.0,1.0,1.0,1.0,0.0,1.0,1.0,0.545455,0.53125,0.29703,0.19802,0.376471,0.096154,Mixtral 8x7b,Mixtral 8x7b,CELLxGENE Census metadata to concise annotation,GEO metadata summary with Mixtral 8x7b,2,2,False,2,2
full_2026-07-06__rec_002105,route_b952c171b54f,route_42e3497047e3,0.769199,True,False,True,lifecycle_phase,1.0,1.0,1.0,1.0,0.0,1.0,1.0,0.819672,0.53125,0.445498,0.605042,0.612245,0.096154,Mixtral 8x7b,Mixtral 8x7b,CELLxGENE Census metadata to concise annotation,CELLxGENE Census metadata summary with Mixtral 8x7b,1,1,True,2,2
full_2026-07-06__rec_002105,route_b952c171b54f,route_50dfc1a52d64,0.585988,False,False,False,lifecycle_phase,0.235294,1.0,1.0,1.0,0.0,1.0,1.0,0.463768,0.461538,0.288557,0.210526,0.5,0.042857,Mixtral 8x7b,GPT-4,CELLxGENE Census metadata to concise annotation,Disease validation metadata annotation with GPT-4,3,2,False,2,0
full_2026-07-06__rec_002105,route_f9ee7008733e,route_bb452f4c33e5,0.488827,False,False,True,carrier_subtype;source_modality;fusion_topology;text_role,1.0,1.0,0.0,0.0,1.0,0.0,0.0,0.528302,0.433962,0.531469,0.245614,0.423077,0.071942,Mistral 7B,Mistral 7B,Cluster-averaged transcriptome embedding to detailed descriptions,Transcriptome embeddings plus free-text questions to Mistral 7B for CellWhisperer inference,1,2,False,0,0
full_2026-07-06__rec_002243,route_1a7ab85ef051,route_37a7cca91a29,0.946467,True,True,True,,1.0,1.0,1.0,1.0,1.0,1.0,1.0,0.987952,1.0,0.471698,1.0,0.509804,0.99,gpt2-gene-eng-ft,gpt2-gene-eng-ft,pawsx_finetune,PAWSX semantic similarity fine-tuning,1,1,True,1,1
full_2026-07-06__rec_002243,route_1a7ab85ef051,route_61ca2ca26bf3,0.62387,False,True,False,fusion_topology,0.6,1.0,1.0,1.0,1.0,0.0,1.0,0.470588,0.273973,0.118644,0.235294,0.28,0.293785,gpt2-gene-eng-ft,gene_eng_gpt2_summary,pawsx_finetune,Amazon review summarization training,2,2,False,1,1
full_2026-07-06__rec_002243,route_1a7ab85ef051,route_ee89475f41a7,0.471309,False,False,True,carrier_subtype;lifecycle_phase;fusion_topology;text_role,1.0,1.0,0.0,1.0,0.0,0.0,0.0,0.225806,0.47619,0.4,0.263158,0.179104,0.358696,gpt2-gene-eng-ft,gpt2-gene-eng-ft,pawsx_finetune,Sentence boundary prediction on natural language text,3,3,False,1,0
full_2026-07-06__rec_002243,route_326172680970,route_37a7cca91a29,0.646104,False,True,False,fusion_topology,0.6,1.0,1.0,1.0,1.0,0.0,1.0,0.465116,0.246575,0.235294,0.333333,0.547945,0.386364,gene_eng_gpt2_summary,gpt2-gene-eng-ft,amazon_review_summarization_training,PAWSX semantic similarity fine-tuning,2,2,False,1,1
full_2026-07-06__rec_002243,route_326172680970,route_61ca2ca26bf3,0.874788,True,True,True,,1.0,1.0,1.0,1.0,1.0,1.0,1.0,1.0,0.5,0.5,0.361111,1.0,0.418301,gene_eng_gpt2_summary,gene_eng_gpt2_summary,amazon_review_summarization_training,Amazon review summarization training,1,1,True,1,1
full_2026-07-06__rec_002243,route_326172680970,route_6aa93231ea9d,0.512881,False,False,True,source_modality;lifecycle_phase;fusion_topology;text_role,1.0,1.0,1.0,0.0,0.0,0.0,0.0,0.175439,0.833333,0.573643,0.285714,0.603175,0.273973,gene_eng_gpt2_summary,gene_eng_gpt2_summary,amazon_review_summarization_training,DNA summarization inference,3,2,False,1,1
full_2026-07-06__rec_002243,route_326172680970,route_6ba807e0d8ae,0.459261,False,False,False,carrier_subtype;lifecycle_phase;text_role,0.744186,1.0,0.0,1.0,0.0,1.0,0.0,0.172414,0.297297,0.144928,0.246914,0.519481,0.073529,gene_eng_gpt2_summary,gene_eng_gpt2_para_seg,amazon_review_summarization_training,Wikipedia paragraph segmentation training,6,3,False,1,1
full_2026-07-06__rec_002243,route_326172680970,route_a70369fbdf43,0.496936,False,False,False,carrier_subtype;lifecycle_phase;text_role,0.75,1.0,0.0,1.0,0.0,1.0,0.0,0.412698,0.253968,0.308943,0.348837,0.4,0.026667,gene_eng_gpt2_summary,gpt2-gene-eng,amazon_review_summarization_training,English text pretraining,4,3,False,1,1
full_2026-07-06__rec_002243,route_326172680970,route_da112bfb76ee,0.451795,False,False,True,carrier_subtype;lifecycle_phase;fusion_topology;text_role,1.0,1.0,0.0,1.0,0.0,0.0,0.0,0.193548,0.352941,0.222222,0.263736,0.31746,0.389937,gene_eng_gpt2_summary,gene_eng_gpt2_summary,amazon_review_summarization_training,DNA volume title generation,7,2,False,1,0
full_2026-07-06__rec_002243,route_93bd114730a5,route_61ca2ca26bf3,0.554301,False,False,False,carrier_subtype;text_role,0.744186,1.0,0.0,1.0,1.0,1.0,0.0,0.241379,0.404762,0.272189,0.27451,0.467532,0.086331,gene_eng_gpt2_para_seg,gene_eng_gpt2_summary,wikipedia_paragraph_segmentation_training,Amazon review summarization training,4,3,False,1,1
full_2026-07-06__rec_002243,route_93bd114730a5,route_6ba807e0d8ae,0.78334,True,False,True,lifecycle_phase;text_role,1.0,1.0,1.0,1.0,0.0,1.0,0.0,1.0,0.868421,0.654088,0.5,1.0,0.044118,gene_eng_gpt2_para_seg,gene_eng_gpt2_para_seg,wikipedia_paragraph_segmentation_training,Wikipedia paragraph segmentation training,1,1,True,1,1
full_2026-07-06__rec_002243,route_93bd114730a5,route_a70369fbdf43,0.5766,False,False,False,lifecycle_phase;text_role,0.6,1.0,1.0,1.0,0.0,1.0,0.0,0.363636,0.492308,0.291667,0.304636,0.430769,0.048276,gene_eng_gpt2_para_seg,gpt2-gene-eng,wikipedia_paragraph_segmentation_training,English text pretraining,2,2,False,1,1
full_2026-07-06__rec_002243,route_93bd114730a5,route_ee89475f41a7,0.557481,False,False,False,lifecycle_phase;text_role,0.526316,1.0,1.0,1.0,0.0,1.0,0.0,0.342857,0.432432,0.212766,0.169492,0.297872,0.383562,gene_eng_gpt2_para_seg,gpt2-gene-eng-ft,wikipedia_paragraph_segmentation_training,Sentence boundary prediction on natural language text,3,2,False,1,0
full_2026-07-06__rec_002243,route_9dc2938dfe33,route_66ca1cdc7b10,0.604063,False,True,False,fusion_topology,0.526316,1.0,1.0,1.0,1.0,0.0,1.0,0.114286,0.481481,0.245161,0.318841,0.5,0.253012,gene_eng_gpt2_para_seg,gpt2-gene-eng-ft,chromosome1_paragraph_segmentation_inference,DNA paragraph translation to English,4,3,False,1,2
full_2026-07-06__rec_002243,route_9dc2938dfe33,route_bf01b711c418,0.632298,False,False,False,lifecycle_phase,0.6,1.0,1.0,1.0,0.0,1.0,1.0,0.235294,0.716981,0.362069,0.235294,0.237288,0.291139,gene_eng_gpt2_para_seg,gpt2-gene-eng,chromosome1_paragraph_segmentation_inference,DNA pretraining,3,4,False,1,3
full_2026-07-06__rec_002243,route_9dc2938dfe33,route_e3205dec51da,0.845279,True,True,True,,1.0,1.0,1.0,1.0,1.0,1.0,1.0,0.521739,0.763636,0.829932,0.189474,0.860759,0.395604,gene_eng_gpt2_para_seg,gene_eng_gpt2_para_seg,chromosome1_paragraph_segmentation_inference,Chromosome 1 paragraph segmentation,1,1,True,1,1
full_2026-07-06__rec_002243,route_9dc2938dfe33,route_e8cc2811eb6b,0.664588,False,True,False,,0.526316,1.0,1.0,1.0,1.0,1.0,1.0,0.153846,0.307692,0.352941,0.295082,0.5,0.292683,gene_eng_gpt2_para_seg,gpt2-gene-eng-ft,chromosome1_paragraph_segmentation_inference,DNA paragraph sentence splitting,2,2,False,1,2
full_2026-07-06__rec_002243,route_b4b757e44873,route_66ca1cdc7b10,0.652089,True,False,False,lifecycle_phase;fusion_topology,0.896552,1.0,1.0,1.0,0.0,0.0,1.0,0.722222,0.347826,0.330827,0.231884,0.509804,0.361905,gpt2-gene-eng,gpt2-gene-eng-ft,dna_pretraining,DNA paragraph translation to English,4,2,False,4,2
full_2026-07-06__rec_002243,route_b4b757e44873,route_9fcc57f4af69,0.7151,True,False,True,source_modality,1.0,1.0,1.0,0.0,1.0,1.0,1.0,0.564103,0.4,0.431373,0.522876,0.764706,0.253165,gpt2-gene-eng,gpt2-gene-eng,dna_pretraining,Protein pretraining,2,2,False,4,2
full_2026-07-06__rec_002243,route_b4b757e44873,route_bf01b711c418,0.830862,True,True,True,,1.0,1.0,1.0,1.0,1.0,1.0,1.0,0.742857,0.355556,0.468085,0.522876,1.0,0.19802,gpt2-gene-eng,gpt2-gene-eng,dna_pretraining,DNA pretraining,1,1,True,4,3
full_2026-07-06__rec_002243,route_b4b757e44873,route_e3205dec51da,0.623758,False,False,False,lifecycle_phase,0.6,1.0,1.0,1.0,0.0,1.0,1.0,0.553191,0.255319,0.208,0.252632,0.24,0.177778,gpt2-gene-eng,gene_eng_gpt2_para_seg,dna_pretraining,Chromosome 1 paragraph segmentation,5,3,False,4,1
full_2026-07-06__rec_002243,route_b4b757e44873,route_e8cc2811eb6b,0.657591,True,False,False,lifecycle_phase,0.896552,1.0,1.0,1.0,0.0,1.0,1.0,0.37037,0.258065,0.2,0.360656,0.468085,0.311377,gpt2-gene-eng,gpt2-gene-eng-ft,dna_pretraining,DNA paragraph sentence splitting,3,3,False,4,2
full_2026-07-06__rec_002243,route_c27d22c285d6,route_66ca1cdc7b10,0.776145,True,True,True,fusion_topology,1.0,1.0,1.0,1.0,1.0,0.0,1.0,0.756757,0.842105,0.303448,0.29703,0.487179,0.39196,gpt2-gene-eng-ft,gpt2-gene-eng-ft,dna_paragraph_sentence_splitting_inference,DNA paragraph translation to English,2,1,False,3,2
full_2026-07-06__rec_002243,route_c27d22c285d6,route_9fcc57f4af69,0.566651,False,False,False,source_modality;lifecycle_phase,0.896552,1.0,1.0,0.0,0.0,1.0,1.0,0.3,0.509804,0.263158,0.248649,0.295082,0.217687,gpt2-gene-eng-ft,gpt2-gene-eng,dna_paragraph_sentence_splitting_inference,Protein pretraining,5,3,False,3,2
full_2026-07-06__rec_002243,route_c27d22c285d6,route_bf01b711c418,0.692658,True,False,False,lifecycle_phase,0.896552,1.0,1.0,1.0,0.0,1.0,1.0,0.444444,0.642857,0.320755,0.248649,0.385965,0.282723,gpt2-gene-eng-ft,gpt2-gene-eng,dna_paragraph_sentence_splitting_inference,DNA pretraining,3,3,False,3,3
full_2026-07-06__rec_002243,route_c27d22c285d6,route_e3205dec51da,0.682281,False,True,False,,0.526316,1.0,1.0,1.0,1.0,1.0,1.0,0.25,0.310345,0.452555,0.283465,0.467532,0.306452,gpt2-gene-eng-ft,gene_eng_gpt2_para_seg,dna_paragraph_sentence_splitting_inference,Chromosome 1 paragraph segmentation,4,2,False,3,1
full_2026-07-06__rec_002243,route_c27d22c285d6,route_e8cc2811eb6b,0.878029,True,True,True,,1.0,1.0,1.0,1.0,1.0,1.0,1.0,1.0,0.619048,0.195652,0.301075,0.864865,1.0,gpt2-gene-eng-ft,gpt2-gene-eng-ft,dna_paragraph_sentence_splitting_inference,DNA paragraph sentence splitting,1,1,True,3,2
full_2026-07-06__rec_002243,route_d24c58169ee5,route_61ca2ca26bf3,0.477935,False,False,True,source_modality;lifecycle_phase;fusion_topology;text_role,1.0,1.0,1.0,0.0,0.0,0.0,0.0,0.210526,0.25,0.528,0.314286,0.421053,0.496644,gene_eng_gpt2_summary,gene_eng_gpt2_summary,dna_summary_inference,Amazon review summarization training,3,5,False,1,1
full_2026-07-06__rec_002243,route_d24c58169ee5,route_6aa93231ea9d,0.918588,True,True,True,,1.0,1.0,1.0,1.0,1.0,1.0,1.0,1.0,0.430769,0.849057,0.48,0.833333,1.0,gene_eng_gpt2_summary,gene_eng_gpt2_summary,dna_summary_inference,DNA summarization inference,1,1,True,1,1
full_2026-07-06__rec_002243,route_d24c58169ee5,route_d2a0d71b1a7b,0.475358,False,False,True,carrier_subtype;source_modality;fusion_topology;text_role,1.0,1.0,0.0,0.0,1.0,0.0,0.0,0.444444,0.352941,0.213836,0.533333,0.44898,0.305344,gene_eng_gpt2_summary,gene_eng_gpt2_summary,dna_summary_inference,DNA section title generation,4,1,False,1,0
full_2026-07-06__rec_002243,route_d24c58169ee5,route_da112bfb76ee,0.497242,False,False,True,carrier_subtype;source_modality;fusion_topology;text_role,1.0,1.0,0.0,0.0,1.0,0.0,0.0,0.580645,0.393939,0.261538,0.516854,0.5,0.270968,gene_eng_gpt2_summary,gene_eng_gpt2_summary,dna_summary_inference,DNA volume title generation,2,1,False,1,0
full_2026-07-06__rec_002243,route_e3486ca16be9,route_66ca1cdc7b10,0.60155,False,False,True,lifecycle_phase;fusion_topology;text_role,1.0,1.0,1.0,1.0,0.0,0.0,0.0,0.40625,0.754098,0.295775,0.289855,0.459016,0.276151,gpt2-gene-eng-ft,gpt2-gene-eng-ft,dna_similarity_evaluation,DNA paragraph translation to English,2,4,False,0,2
full_2026-07-06__rec_002243,route_e3486ca16be9,route_bf01b711c418,0.624312,False,False,False,lifecycle_phase;fusion_topology;text_role,0.896552,1.0,1.0,1.0,0.0,0.0,0.0,0.634921,0.833333,0.349515,0.27451,0.35,0.363636,gpt2-gene-eng-ft,gpt2-gene-eng,dna_similarity_evaluation,DNA pretraining,1,5,False,0,3
full_2026-07-06__rec_002243,route_e3486ca16be9,route_e8cc2811eb6b,0.570539,False,False,True,lifecycle_phase;fusion_topology;text_role,1.0,1.0,1.0,1.0,0.0,0.0,0.0,0.327273,0.304348,0.337079,0.459016,0.385965,0.295918,gpt2-gene-eng-ft,gpt2-gene-eng-ft,dna_similarity_evaluation,DNA paragraph sentence splitting,3,4,False,0,2
full_2026-07-06__rec_002243,route_e973894ead36,route_9fcc57f4af69,0.767247,True,False,True,source_modality,1.0,1.0,1.0,0.0,1.0,1.0,1.0,0.808511,0.4,0.431373,0.534161,1.0,0.633028,gpt2-gene-eng,gpt2-gene-eng,protein_pretraining,Protein pretraining,1,1,True,2,2
full_2026-07-06__rec_002243,route_e973894ead36,route_bf01b711c418,0.724519,True,False,True,source_modality,1.0,1.0,1.0,0.0,1.0,1.0,1.0,0.604651,0.355556,0.468085,0.534161,0.764706,0.366412,gpt2-gene-eng,gpt2-gene-eng,protein_pretraining,DNA pretraining,2,2,False,2,3
full_2026-07-06__rec_002243,route_e973894ead36,route_e8cc2811eb6b,0.54052,False,False,False,source_modality;lifecycle_phase,0.896552,1.0,1.0,0.0,0.0,1.0,1.0,0.171429,0.258065,0.2,0.318841,0.352941,0.370044,gpt2-gene-eng,gpt2-gene-eng-ft,protein_pretraining,DNA paragraph sentence splitting,3,5,False,2,2
full_2026-07-06__rec_002243,route_fd63c46ed806,route_37a7cca91a29,0.471456,False,False,False,carrier_subtype;lifecycle_phase;fusion_topology;text_role,0.896552,1.0,0.0,1.0,0.0,0.0,0.0,0.444444,0.355556,0.226804,0.276596,0.392857,0.379747,gpt2-gene-eng,gpt2-gene-eng-ft,english_pretraining,PAWSX semantic similarity fine-tuning,5,3,False,1,1
full_2026-07-06__rec_002243,route_fd63c46ed806,route_6ba807e0d8ae,0.630853,False,True,False,text_role,0.6,1.0,1.0,1.0,1.0,1.0,0.0,0.307692,0.304348,0.40404,0.196721,0.4,0.112676,gpt2-gene-eng,gene_eng_gpt2_para_seg,english_pretraining,Wikipedia paragraph segmentation training,2,2,False,1,1
full_2026-07-06__rec_002243,route_fd63c46ed806,route_a70369fbdf43,0.762898,True,True,True,text_role,1.0,1.0,1.0,1.0,1.0,1.0,0.0,0.580645,0.457143,0.52381,0.513158,0.883721,0.059603,gpt2-gene-eng,gpt2-gene-eng,english_pretraining,English text pretraining,1,1,True,1,1
full_2026-07-06__rec_002243,route_fd63c46ed806,route_ee89475f41a7,0.593357,False,False,False,lifecycle_phase;text_role,0.896552,1.0,1.0,1.0,0.0,1.0,0.0,0.242424,0.272727,0.395062,0.233333,0.305556,0.253394,gpt2-gene-eng,gpt2-gene-eng-ft,english_pretraining,Sentence boundary prediction on natural language text,3,1,False,1,0
full_2026-07-06__rec_002304,route_495b69e5c877,route_a2c45897af77,0.699017,True,False,True,source_modality;lifecycle_phase;fusion_topology,1.0,1.0,1.0,0.0,0.0,0.0,1.0,0.851064,1.0,1.0,0.496454,0.926829,0.10655,Genolator,Genolator,Genolator natural-language question route,Genolator natural-language-question input,1,1,True,1,1
full_2026-07-06__rec_002304,route_950103f10fbf,route_73685d611122,0.510085,False,False,True,carrier_subtype;source_modality;lifecycle_phase,1.0,1.0,0.0,0.0,0.0,1.0,1.0,0.275862,0.482759,0.394089,0.496454,0.548387,0.108202,Genolator,Genolator,Genolator DNA embedding route,Genolator protein-structure input,3,2,False,0,0
full_2026-07-06__rec_002304,route_950103f10fbf,route_958373e19abf,0.692779,False,False,True,carrier_subtype;lifecycle_phase,1.0,1.0,0.0,1.0,0.0,1.0,1.0,1.0,0.477273,0.416667,0.496454,0.701754,0.108202,Genolator,Genolator,Genolator DNA embedding route,Genolator DNA-sequence input,1,1,False,0,0
full_2026-07-06__rec_002304,route_950103f10fbf,route_b11ae6a91236,0.552153,False,False,True,carrier_subtype;source_modality;lifecycle_phase,1.0,1.0,0.0,0.0,0.0,1.0,1.0,0.645161,0.47191,0.380165,0.496454,0.53125,0.108202,Genolator,Genolator,Genolator DNA embedding route,Genolator amino-acid-sequence input,2,2,False,0,0
full_2026-07-06__rec_002304,route_97b271329639,route_73685d611122,0.70197,False,False,True,carrier_subtype;lifecycle_phase,1.0,1.0,0.0,1.0,0.0,1.0,1.0,1.0,0.39604,0.565401,0.496454,0.842105,0.114583,Genolator,Genolator,Genolator protein-structure embedding route,Genolator protein-structure input,1,1,False,0,0
full_2026-07-06__rec_002304,route_97b271329639,route_958373e19abf,0.50737,False,False,True,carrier_subtype;source_modality;lifecycle_phase,1.0,1.0,0.0,0.0,0.0,1.0,1.0,0.413793,0.392157,0.25974,0.496454,0.422535,0.114583,Genolator,Genolator,Genolator protein-structure embedding route,Genolator DNA-sequence input,3,3,False,0,0
full_2026-07-06__rec_002304,route_97b271329639,route_b11ae6a91236,0.510051,False,False,True,carrier_subtype;source_modality;lifecycle_phase,1.0,1.0,0.0,0.0,0.0,1.0,1.0,0.388889,0.38835,0.283871,0.496454,0.564103,0.114583,Genolator,Genolator,Genolator protein-structure embedding route,Genolator amino-acid-sequence input,2,3,False,0,0
full_2026-07-06__rec_002304,route_fd060c5f59c1,route_73685d611122,0.500882,False,False,True,carrier_subtype;source_modality;lifecycle_phase,1.0,1.0,0.0,0.0,0.0,1.0,1.0,0.277778,0.425532,0.32381,0.496454,0.550725,0.09375,Genolator,Genolator,Genolator amino-acid embedding route,Genolator protein-structure input,3,3,False,0,0
full_2026-07-06__rec_002304,route_fd060c5f59c1,route_958373e19abf,0.54378,False,False,True,carrier_subtype;source_modality;lifecycle_phase,1.0,1.0,0.0,0.0,0.0,1.0,1.0,0.645161,0.421053,0.346457,0.496454,0.46875,0.09375,Genolator,Genolator,Genolator amino-acid embedding route,Genolator DNA-sequence input,2,2,False,0,0
full_2026-07-06__rec_002304,route_fd060c5f59c1,route_b11ae6a91236,0.6879,False,False,True,carrier_subtype;lifecycle_phase,1.0,1.0,0.0,1.0,0.0,1.0,1.0,1.0,0.416667,0.390625,0.496454,0.760563,0.09375,Genolator,Genolator,Genolator amino-acid embedding route,Genolator amino-acid-sequence input,1,1,False,0,0
full_2026-07-06__rec_002327,route_2e6095ce06b0,route_02ce74ec15e8,0.5869,False,False,True,carrier_subtype;source_modality;text_role,1.0,1.0,0.0,0.0,1.0,1.0,0.0,0.4375,0.307692,0.730435,0.25,0.641026,1.0,OmniNA,OmniNA,fine-tuning nucleotide sequence QA input,OmniNA fine-tuning test-question input,3,2,False,1,1
full_2026-07-06__rec_002327,route_2e6095ce06b0,route_846f86009834,0.778059,True,False,True,carrier_subtype;text_role,1.0,1.0,0.0,1.0,1.0,1.0,0.0,1.0,0.685714,0.730435,0.25,0.880952,1.0,OmniNA,OmniNA,fine-tuning nucleotide sequence QA input,OmniNA fine-tuning nucleotide-sequence input,1,1,True,1,2
full_2026-07-06__rec_002327,route_2e6095ce06b0,route_c9f58cc549fc,0.475658,False,False,True,carrier_subtype;source_modality;lifecycle_phase,1.0,1.0,0.0,0.0,0.0,1.0,1.0,0.285714,0.178218,0.090909,0.402516,0.552632,0.395722,OmniNA,OmniNA,fine-tuning nucleotide sequence QA input,OmniNA pre-training annotation input,6,3,False,1,1
full_2026-07-06__rec_002327,route_2e6095ce06b0,route_f25f4eadc58f,0.61563,False,False,True,carrier_subtype;lifecycle_phase;text_role,1.0,1.0,0.0,1.0,0.0,1.0,0.0,1.0,0.460177,0.090909,0.402516,0.823529,0.055556,OmniNA,OmniNA,fine-tuning nucleotide sequence QA input,OmniNA pre-training nucleotide-sequence input,2,4,False,1,1
full_2026-07-06__rec_002327,route_6e2dd5c9d063,route_9c4898db67f0,0.725136,True,False,False,lifecycle_phase,0.705882,1.0,1.0,1.0,0.0,1.0,1.0,0.74359,0.560976,0.297872,0.25974,0.367816,1.0,OmniNA-1.7B,OmniNA,mutation effect scoring wild-type nucleotide sequence,OmniNA saturation mutation scoring,2,1,False,2,3
full_2026-07-06__rec_002327,route_6e2dd5c9d063,route_b382ae08863d,0.808077,True,True,False,,0.705882,1.0,1.0,1.0,1.0,1.0,1.0,0.74359,0.647887,0.513761,0.372093,0.417391,0.616,OmniNA-1.7B,OmniNA,mutation effect scoring wild-type nucleotide sequence,OmniNA mutation-effect prediction in distinct genomic contexts,1,1,True,2,3
full_2026-07-06__rec_002327,route_6e2dd5c9d063,route_f25f4eadc58f,0.714435,False,False,False,lifecycle_phase,0.705882,1.0,1.0,1.0,0.0,1.0,1.0,0.791667,1.0,0.102564,0.238095,0.571429,0.03607,OmniNA-1.7B,OmniNA,mutation effect scoring wild-type nucleotide sequence,OmniNA pre-training nucleotide-sequence input,3,3,False,2,1
full_2026-07-06__rec_002327,route_9519aff505cf,route_846f86009834,0.762417,True,False,True,lifecycle_phase,1.0,1.0,1.0,1.0,0.0,1.0,1.0,0.974359,0.411215,0.268132,0.159292,0.804878,0.395722,OmniNA,OmniNA,pre-training nucleotide sequence input,OmniNA fine-tuning nucleotide-sequence input,2,2,False,4,2
full_2026-07-06__rec_002327,route_9519aff505cf,route_9c4898db67f0,0.670167,True,False,True,lifecycle_phase,1.0,1.0,1.0,1.0,0.0,1.0,1.0,0.57971,0.134615,0.170799,0.125,0.333333,0.324324,OmniNA,OmniNA,pre-training nucleotide sequence input,OmniNA saturation mutation scoring,4,3,False,4,3
full_2026-07-06__rec_002327,route_9519aff505cf,route_b382ae08863d,0.688555,True,False,True,lifecycle_phase,1.0,1.0,1.0,1.0,0.0,1.0,1.0,0.57971,0.150538,0.310433,0.263158,0.24,0.409091,OmniNA,OmniNA,pre-training nucleotide sequence input,OmniNA mutation-effect prediction in distinct genomic contexts,3,3,False,4,3
full_2026-07-06__rec_002327,route_9519aff505cf,route_c9f58cc549fc,0.635148,False,False,True,source_modality;text_role,1.0,1.0,1.0,0.0,1.0,1.0,0.0,0.277778,0.294118,0.375,0.310345,0.648649,1.0,OmniNA,OmniNA,pre-training nucleotide sequence input,OmniNA pre-training annotation input,5,2,False,4,1
full_2026-07-06__rec_002327,route_9519aff505cf,route_f25f4eadc58f,0.831707,True,True,True,,1.0,1.0,1.0,1.0,1.0,1.0,1.0,0.974359,0.325,0.375,0.310345,0.915663,0.06993,OmniNA,OmniNA,pre-training nucleotide sequence input,OmniNA pre-training nucleotide-sequence input,1,1,True,4,1
full_2026-07-06__rec_002327,route_ba27eb33bf06,route_846f86009834,0.713219,False,False,False,lifecycle_phase,0.705882,1.0,1.0,1.0,0.0,1.0,1.0,0.826087,0.541176,0.326241,0.341463,0.547368,0.202765,OmniNA-1.7B,OmniNA,mutation effect scoring mutated nucleotide sequence,OmniNA fine-tuning nucleotide-sequence input,4,3,False,2,2
full_2026-07-06__rec_002327,route_ba27eb33bf06,route_9c4898db67f0,0.724156,True,False,False,lifecycle_phase,0.705882,1.0,1.0,1.0,0.0,1.0,1.0,0.710526,0.560976,0.336842,0.25974,0.376471,1.0,OmniNA-1.7B,OmniNA,mutation effect scoring mutated nucleotide sequence,OmniNA saturation mutation scoring,2,2,True,2,3
full_2026-07-06__rec_002327,route_ba27eb33bf06,route_b382ae08863d,0.800186,True,True,False,,0.705882,1.0,1.0,1.0,1.0,1.0,1.0,0.710526,0.647887,0.454545,0.372093,0.424779,0.616,OmniNA-1.7B,OmniNA,mutation effect scoring mutated nucleotide sequence,OmniNA mutation-effect prediction in distinct genomic contexts,1,2,False,2,3
full_2026-07-06__rec_002327,route_ba27eb33bf06,route_f25f4eadc58f,0.718743,False,False,False,lifecycle_phase,0.705882,1.0,1.0,1.0,0.0,1.0,1.0,0.826087,1.0,0.1,0.238095,0.583333,0.03607,OmniNA-1.7B,OmniNA,mutation effect scoring mutated nucleotide sequence,OmniNA pre-training nucleotide-sequence input,3,2,False,2,1
full_2026-07-06__rec_002327,route_e26094d4c2d4,route_02ce74ec15e8,0.650733,True,False,True,lifecycle_phase;text_role,1.0,1.0,1.0,1.0,0.0,1.0,0.0,0.5,0.324324,0.388889,0.159292,0.567164,0.395722,OmniNA,OmniNA,pre-training annotation input,OmniNA fine-tuning test-question input,2,1,False,2,1
full_2026-07-06__rec_002327,route_e26094d4c2d4,route_c9f58cc549fc,0.73976,True,False,True,carrier_subtype;text_role,1.0,1.0,0.0,1.0,1.0,1.0,0.0,0.914286,0.422535,0.545455,0.310345,0.892308,1.0,OmniNA,OmniNA,pre-training annotation input,OmniNA pre-training annotation input,1,1,True,2,1
full_2026-07-06__rec_002327,route_e26094d4c2d4,route_f25f4eadc58f,0.534643,False,False,True,carrier_subtype;source_modality;text_role,1.0,1.0,0.0,0.0,1.0,1.0,0.0,0.263158,0.53012,0.545455,0.310345,0.648649,0.06993,OmniNA,OmniNA,pre-training annotation input,OmniNA pre-training nucleotide-sequence input,3,5,False,2,1
full_2026-07-06__rec_002517,route_01c86888e969,route_b34f6289051f,0.726096,True,False,True,source_modality;fusion_topology,1.0,1.0,1.0,0.0,1.0,0.0,1.0,0.7,0.55,1.0,0.469565,0.982143,0.266344,CHATCELL,CHATCELL,drug sensitivity prediction with unseen task descriptions,drug sensitivity prediction with seen task descriptions,2,1,False,3,3
full_2026-07-06__rec_002517,route_01c86888e969,route_ba946f8587c7,0.697723,True,False,True,source_modality;fusion_topology,1.0,1.0,1.0,0.0,1.0,0.0,1.0,0.556701,0.55,1.0,0.469565,0.642857,0.241379,CHATCELL,CHATCELL,drug sensitivity prediction with unseen task descriptions,drug sensitivity prediction,3,4,False,3,3
full_2026-07-06__rec_002517,route_01c86888e969,route_e96a31addae7,0.729905,True,False,True,source_modality;fusion_topology,1.0,1.0,1.0,0.0,1.0,0.0,1.0,0.727273,0.55,1.0,0.469565,1.0,0.266344,CHATCELL,CHATCELL,drug sensitivity prediction with unseen task descriptions,drug sensitivity prediction with unseen task descriptions,1,1,True,3,3
full_2026-07-06__rec_002517,route_09097e9e1564,route_218bfcdb85c8,0.557004,False,False,True,lifecycle_phase;fusion_topology;text_role,1.0,1.0,1.0,1.0,0.0,0.0,0.0,0.273684,0.55,0.0,0.28,0.608696,0.335025,CHATCELL,CHATCELL,single-cell instructions,pseudo-cell generation,1,6,False,0,3
full_2026-07-06__rec_002517,route_09097e9e1564,route_b34f6289051f,0.555867,False,False,True,lifecycle_phase;fusion_topology;text_role,1.0,1.0,1.0,1.0,0.0,0.0,0.0,0.43299,0.55,0.0,0.247619,0.253165,0.135802,CHATCELL,CHATCELL,single-cell instructions,drug sensitivity prediction with seen task descriptions,2,6,False,0,3
full_2026-07-06__rec_002517,route_09097e9e1564,route_e96a31addae7,0.54872,False,False,True,lifecycle_phase;fusion_topology;text_role,1.0,1.0,1.0,1.0,0.0,0.0,0.0,0.375,0.55,0.0,0.247619,0.246914,0.135802,CHATCELL,CHATCELL,single-cell instructions,drug sensitivity prediction with unseen task descriptions,3,6,False,0,3
full_2026-07-06__rec_002517,route_19dc2eb39997,route_b4eb31a00390,0.479948,False,False,True,source_modality;lifecycle_phase;text_role,1.0,1.0,1.0,0.0,0.0,1.0,0.0,0.307692,0.1,0.0,0.222222,0.391304,0.079365,CHATCELL,CHATCELL,scRNA-seq to cell sentence,cell type annotation,1,7,False,0,1
full_2026-07-06__rec_002517,route_1c3251c8de67,route_b34f6289051f,0.494082,False,False,False,carrier_subtype;lifecycle_phase,0.1,1.0,0.0,1.0,0.0,1.0,1.0,0.380952,0.163934,1.0,0.246575,0.352941,0.02439,GPT-3.5turbo,CHATCELL,human-description paraphrasing,drug sensitivity prediction with seen task descriptions,2,7,False,0,3
full_2026-07-06__rec_002517,route_1c3251c8de67,route_b4eb31a00390,0.490673,False,False,False,carrier_subtype;lifecycle_phase,0.1,1.0,0.0,1.0,0.0,1.0,1.0,0.35,0.163934,1.0,0.30303,0.24,0.046154,GPT-3.5turbo,CHATCELL,human-description paraphrasing,cell type annotation,3,6,False,0,1
full_2026-07-06__rec_002517,route_1c3251c8de67,route_e06d358227d9,0.59734,False,False,False,lifecycle_phase,0.1,1.0,1.0,1.0,0.0,1.0,1.0,0.368421,0.163934,1.0,0.285714,0.360656,0.33871,GPT-3.5turbo,CHATCELL,human-description paraphrasing,random cell sentence generation,1,4,False,0,1
full_2026-07-06__rec_002517,route_50f264a3f1a7,route_218bfcdb85c8,0.806257,True,True,True,fusion_topology,1.0,1.0,1.0,1.0,1.0,0.0,1.0,0.272727,0.55,1.0,1.0,0.862745,0.728682,CHATCELL,CHATCELL,pseudo-cell generation prompt,pseudo-cell generation,1,1,True,4,3
full_2026-07-06__rec_002517,route_50f264a3f1a7,route_b34f6289051f,0.723685,True,True,True,fusion_topology,1.0,1.0,1.0,1.0,1.0,0.0,1.0,0.235294,0.55,1.0,0.326531,0.285714,0.051282,CHATCELL,CHATCELL,pseudo-cell generation prompt,drug sensitivity prediction with seen task descriptions,3,2,False,4,3
full_2026-07-06__rec_002517,route_50f264a3f1a7,route_b4eb31a00390,0.644346,False,False,True,carrier_subtype;fusion_topology,1.0,1.0,0.0,1.0,1.0,0.0,1.0,0.166667,0.55,1.0,0.571429,0.489796,0.064516,CHATCELL,CHATCELL,pseudo-cell generation prompt,cell type annotation,6,3,False,4,1
full_2026-07-06__rec_002517,route_50f264a3f1a7,route_ba946f8587c7,0.749784,True,True,True,fusion_topology,1.0,1.0,1.0,1.0,1.0,0.0,1.0,0.313725,0.55,1.0,0.326531,0.285714,0.468468,CHATCELL,CHATCELL,pseudo-cell generation prompt,drug sensitivity prediction,2,2,False,4,3
full_2026-07-06__rec_002517,route_50f264a3f1a7,route_e06d358227d9,0.675102,False,False,True,carrier_subtype;fusion_topology,1.0,1.0,0.0,1.0,1.0,0.0,1.0,0.233333,0.55,1.0,0.679245,0.6,0.416,CHATCELL,CHATCELL,pseudo-cell generation prompt,random cell sentence generation,5,2,False,4,1
full_2026-07-06__rec_002517,route_50f264a3f1a7,route_e96a31addae7,0.718382,True,True,True,fusion_topology,1.0,1.0,1.0,1.0,1.0,0.0,1.0,0.192771,0.55,1.0,0.326531,0.27907,0.051282,CHATCELL,CHATCELL,pseudo-cell generation prompt,drug sensitivity prediction with unseen task descriptions,4,2,False,4,3
full_2026-07-06__rec_002517,route_e4473869bb78,route_218bfcdb85c8,0.670435,True,False,True,source_modality;fusion_topology,1.0,1.0,1.0,0.0,1.0,0.0,1.0,0.371429,0.55,1.0,0.326531,0.285714,0.561644,CHATCELL,CHATCELL,drug sensitivity prediction prompt,pseudo-cell generation,4,3,False,4,3
full_2026-07-06__rec_002517,route_e4473869bb78,route_b34f6289051f,0.695201,True,False,True,source_modality;fusion_topology,1.0,1.0,1.0,0.0,1.0,0.0,1.0,0.361111,0.55,1.0,1.0,0.696629,0.061728,CHATCELL,CHATCELL,drug sensitivity prediction prompt,drug sensitivity prediction with seen task descriptions,2,3,False,4,3
full_2026-07-06__rec_002517,route_e4473869bb78,route_ba946f8587c7,0.751785,True,False,True,source_modality;fusion_topology,1.0,1.0,1.0,0.0,1.0,0.0,1.0,0.472727,0.55,1.0,1.0,0.885246,1.0,CHATCELL,CHATCELL,drug sensitivity prediction prompt,drug sensitivity prediction,1,1,True,4,3
full_2026-07-06__rec_002517,route_e4473869bb78,route_e96a31addae7,0.687271,True,False,True,source_modality;fusion_topology,1.0,1.0,1.0,0.0,1.0,0.0,1.0,0.298851,0.55,1.0,1.0,0.681319,0.061728,CHATCELL,CHATCELL,drug sensitivity prediction prompt,drug sensitivity prediction with unseen task descriptions,3,3,False,4,3
full_2026-07-06__rec_002517,route_ebb05a92bfb4,route_218bfcdb85c8,0.740496,True,False,True,carrier_subtype,1.0,1.0,0.0,1.0,1.0,1.0,1.0,0.190476,0.55,1.0,0.679245,0.705882,0.6,CHATCELL,CHATCELL,random cell generation prompt,pseudo-cell generation,2,2,False,2,3
full_2026-07-06__rec_002517,route_ebb05a92bfb4,route_b4eb31a00390,0.685568,False,False,True,carrier_subtype,1.0,1.0,0.0,1.0,1.0,1.0,1.0,0.0,0.55,1.0,0.54902,0.489796,0.123077,CHATCELL,CHATCELL,random cell generation prompt,cell type annotation,4,2,False,2,1
full_2026-07-06__rec_002517,route_ebb05a92bfb4,route_ba946f8587c7,0.699678,False,False,True,carrier_subtype,1.0,1.0,0.0,1.0,1.0,1.0,1.0,0.083333,0.55,1.0,0.413793,0.321429,0.521127,CHATCELL,CHATCELL,random cell generation prompt,drug sensitivity prediction,3,3,False,2,3
full_2026-07-06__rec_002517,route_ebb05a92bfb4,route_e06d358227d9,0.865763,True,True,True,,1.0,1.0,1.0,1.0,1.0,1.0,1.0,0.210526,0.55,1.0,1.0,0.733333,1.0,CHATCELL,CHATCELL,random cell generation prompt,random cell sentence generation,1,1,True,2,1
full_2026-07-06__rec_002517,route_ec68ae70d605,route_218bfcdb85c8,0.618676,False,False,True,carrier_subtype;source_modality,1.0,1.0,0.0,0.0,1.0,1.0,1.0,0.25,0.266667,1.0,0.571429,0.489796,0.418605,CHATCELL,CHATCELL,cell type annotation prompt,pseudo-cell generation,2,5,False,1,3
full_2026-07-06__rec_002517,route_ec68ae70d605,route_b4eb31a00390,0.756464,True,False,True,source_modality,1.0,1.0,1.0,0.0,1.0,1.0,1.0,0.473684,0.266667,1.0,1.0,0.851064,0.135593,CHATCELL,CHATCELL,cell type annotation prompt,cell type annotation,1,1,True,1,1
full_2026-07-06__rec_002517,route_ec68ae70d605,route_ba946f8587c7,0.614198,False,False,True,carrier_subtype;source_modality,1.0,1.0,0.0,0.0,1.0,1.0,1.0,0.307692,0.266667,1.0,0.382979,0.333333,0.486486,CHATCELL,CHATCELL,cell type annotation prompt,drug sensitivity prediction,3,5,False,1,3
full_2026-07-06__rec_002517,route_ec68ae70d605,route_e06d358227d9,0.613186,False,False,True,carrier_subtype;source_modality,1.0,1.0,0.0,0.0,1.0,1.0,1.0,0.216216,0.266667,1.0,0.54902,0.482759,0.416,CHATCELL,CHATCELL,cell type annotation prompt,random cell sentence generation,4,3,False,1,1
full_2026-07-06__rec_003008,route_20198b385b6c,route_9db368b35e63,0.485808,False,False,True,carrier_subtype;source_modality;fusion_topology,1.0,1.0,0.0,0.0,1.0,0.0,1.0,0.227848,0.580645,0.217054,0.122449,0.459459,0.068027,DeepSeek-R1-Distill 70B,DeepSeek-R1-Distill 70B,chemical perturbation reasoning,Biological process reasoning from gene sets,1,11,False,0,0
full_2026-07-06__rec_003008,route_348cb69661a4,route_1701512ab87c,0.727253,True,True,False,,0.764706,1.0,1.0,1.0,1.0,1.0,1.0,0.62963,0.153846,0.264706,0.307692,0.378947,0.155844,DeepSeek-R1-Distill series,"DeepSeek-R1-Distill series (14B, 32B, and 70B)",general capability evaluation on MMLU,CMMLU forgetting evaluation after Health Bench fine-tuning,2,3,False,2,3
full_2026-07-06__rec_003008,route_348cb69661a4,route_1efccd4707e6,0.729773,True,True,False,,0.764706,1.0,1.0,1.0,1.0,1.0,1.0,0.641509,0.153846,0.268657,0.32,0.382979,0.157895,DeepSeek-R1-Distill series,"DeepSeek-R1-Distill series (14B, 32B, and 70B)",general capability evaluation on MMLU,MMLU forgetting evaluation after Health Bench fine-tuning,1,1,True,2,2
full_2026-07-06__rec_003008,route_348cb69661a4,route_469c5890ae77,0.560511,False,False,False,lifecycle_phase;text_role,0.8,1.0,1.0,1.0,0.0,1.0,0.0,0.285714,0.268657,0.222222,0.166667,0.268293,0.037037,DeepSeek-R1-Distill series,DeepSeek-R1-Distill (1.5B),general capability evaluation on MMLU,NuminaMath mathematical reasoning fine-tuning,10,2,False,2,0
full_2026-07-06__rec_003008,route_348cb69661a4,route_4f0a7233781e,0.604353,False,False,False,carrier_subtype,0.764706,1.0,0.0,1.0,1.0,1.0,1.0,0.150943,0.578947,0.32967,0.163265,0.469136,0.024691,DeepSeek-R1-Distill series,"DeepSeek-R1-Distill series (14B, 32B, and 70B)",general capability evaluation on MMLU,NeST biological process reasoning evaluation,8,2,False,2,0
full_2026-07-06__rec_003008,route_348cb69661a4,route_9db368b35e63,0.614361,False,False,False,carrier_subtype,0.816327,1.0,0.0,1.0,1.0,1.0,1.0,0.229508,0.578947,0.349515,0.113208,0.15,0.138614,DeepSeek-R1-Distill series,DeepSeek-R1-Distill 70B,general capability evaluation on MMLU,Biological process reasoning from gene sets,7,2,False,2,0
full_2026-07-06__rec_003008,route_348cb69661a4,route_a11168101d2d,0.547025,False,False,False,lifecycle_phase;text_role,0.764706,1.0,1.0,1.0,0.0,1.0,0.0,0.225352,0.175439,0.142857,0.222222,0.333333,0.179487,DeepSeek-R1-Distill series,"DeepSeek-R1-Distill series (14B, 32B, and 70B)",general capability evaluation on MMLU,OpenAI Health Bench Consensus fine-tuning,11,2,False,2,0
full_2026-07-06__rec_003008,route_348cb69661a4,route_b4746361feed,0.617134,False,False,False,carrier_subtype,0.764706,1.0,0.0,1.0,1.0,1.0,1.0,0.258065,0.578947,0.32967,0.163265,0.466667,0.024691,DeepSeek-R1-Distill series,"DeepSeek-R1-Distill series (14B, 32B, and 70B)",general capability evaluation on MMLU,Gene Ontology biological process reasoning evaluation,5,1,False,2,0
full_2026-07-06__rec_003008,route_348cb69661a4,route_b9151c53252e,0.589126,False,False,False,lifecycle_phase,0.470588,1.0,1.0,1.0,0.0,1.0,1.0,0.305085,0.529412,0.247619,0.163934,0.268293,0.017544,DeepSeek-R1-Distill series,DeepSeek,general capability evaluation on MMLU,Gene prompt workflow for embedding extraction,9,3,False,2,0
full_2026-07-06__rec_003008,route_348cb69661a4,route_ccfe017e70f5,0.678353,False,True,False,,0.764706,1.0,1.0,1.0,1.0,1.0,1.0,0.272727,0.194444,0.125,0.272727,0.527778,0.109589,DeepSeek-R1-Distill series,"DeepSeek-R1-Distill series (14B, 32B, and 70B)",general capability evaluation on MMLU,OpenAI Health Bench Hard evaluation,3,2,False,2,0
full_2026-07-06__rec_003008,route_348cb69661a4,route_ce3413c5632f,0.615723,False,False,False,carrier_subtype,0.764706,1.0,0.0,1.0,1.0,1.0,1.0,0.254545,0.578947,0.32967,0.163265,0.433735,0.024691,DeepSeek-R1-Distill series,"DeepSeek-R1-Distill series (14B, 32B, and 70B)",general capability evaluation on MMLU,MSigDB biological process reasoning evaluation,6,1,False,2,0
full_2026-07-06__rec_003008,route_35e6b1119316,route_4f0a7233781e,0.572156,False,False,False,carrier_subtype,0.31746,1.0,0.0,1.0,1.0,1.0,1.0,0.241379,0.580645,0.307692,0.428571,0.593407,0.012658,SFT-aligned 70B model,"DeepSeek-R1-Distill series (14B, 32B, and 70B)",biomedical causal reasoning response generation,NeST biological process reasoning evaluation,2,5,False,0,0
full_2026-07-06__rec_003008,route_35e6b1119316,route_9db368b35e63,0.5849,False,False,False,carrier_subtype,0.318182,1.0,0.0,1.0,1.0,1.0,1.0,0.212121,0.580645,0.368932,0.413793,0.644444,0.28972,SFT-aligned 70B model,DeepSeek-R1-Distill 70B,biomedical causal reasoning response generation,Biological process reasoning from gene sets,1,5,False,0,0
full_2026-07-06__rec_003008,route_35e6b1119316,route_ce3413c5632f,0.570808,False,False,False,carrier_subtype,0.31746,1.0,0.0,1.0,1.0,1.0,1.0,0.233333,0.580645,0.307692,0.428571,0.580645,0.012658,SFT-aligned 70B model,"DeepSeek-R1-Distill series (14B, 32B, and 70B)",biomedical causal reasoning response generation,MSigDB biological process reasoning evaluation,3,5,False,0,0
full_2026-07-06__rec_003008,route_48753370114e,route_1701512ab87c,0.733258,True,True,False,,0.764706,1.0,1.0,1.0,1.0,1.0,1.0,0.654545,0.153846,0.264706,0.37037,0.375,0.155844,DeepSeek-R1-Distill series,"DeepSeek-R1-Distill series (14B, 32B, and 70B)",general capability evaluation on CMMLU,CMMLU forgetting evaluation after Health Bench fine-tuning,1,1,True,2,3
full_2026-07-06__rec_003008,route_48753370114e,route_1efccd4707e6,0.727611,True,True,False,,0.764706,1.0,1.0,1.0,1.0,1.0,1.0,0.62963,0.153846,0.268657,0.307692,0.378947,0.157895,DeepSeek-R1-Distill series,"DeepSeek-R1-Distill series (14B, 32B, and 70B)",general capability evaluation on CMMLU,MMLU forgetting evaluation after Health Bench fine-tuning,2,2,False,2,2
full_2026-07-06__rec_003008,route_48753370114e,route_469c5890ae77,0.559587,False,False,False,lifecycle_phase;text_role,0.8,1.0,1.0,1.0,0.0,1.0,0.0,0.280702,0.268657,0.222222,0.162162,0.26506,0.037037,DeepSeek-R1-Distill series,DeepSeek-R1-Distill (1.5B),general capability evaluation on CMMLU,NuminaMath mathematical reasoning fine-tuning,10,3,False,2,0
full_2026-07-06__rec_003008,route_48753370114e,route_4f0a7233781e,0.603683,False,False,False,carrier_subtype,0.764706,1.0,0.0,1.0,1.0,1.0,1.0,0.148148,0.578947,0.32967,0.16,0.463415,0.024691,DeepSeek-R1-Distill series,"DeepSeek-R1-Distill series (14B, 32B, and 70B)",general capability evaluation on CMMLU,NeST biological process reasoning evaluation,8,3,False,2,0
full_2026-07-06__rec_003008,route_48753370114e,route_9db368b35e63,0.613756,False,False,False,carrier_subtype,0.816327,1.0,0.0,1.0,1.0,1.0,1.0,0.225806,0.578947,0.349515,0.111111,0.148148,0.138614,DeepSeek-R1-Distill series,DeepSeek-R1-Distill 70B,general capability evaluation on CMMLU,Biological process reasoning from gene sets,7,3,False,2,0
full_2026-07-06__rec_003008,route_48753370114e,route_a11168101d2d,0.546126,False,False,False,lifecycle_phase;text_role,0.764706,1.0,1.0,1.0,0.0,1.0,0.0,0.222222,0.175439,0.142857,0.214286,0.329114,0.179487,DeepSeek-R1-Distill series,"DeepSeek-R1-Distill series (14B, 32B, and 70B)",general capability evaluation on CMMLU,OpenAI Health Bench Consensus fine-tuning,11,3,False,2,0
full_2026-07-06__rec_003008,route_48753370114e,route_b4746361feed,0.616325,False,False,False,carrier_subtype,0.764706,1.0,0.0,1.0,1.0,1.0,1.0,0.253968,0.578947,0.32967,0.16,0.461538,0.024691,DeepSeek-R1-Distill series,"DeepSeek-R1-Distill series (14B, 32B, and 70B)",general capability evaluation on CMMLU,Gene Ontology biological process reasoning evaluation,5,2,False,2,0
full_2026-07-06__rec_003008,route_48753370114e,route_ccfe017e70f5,0.677055,False,True,False,,0.764706,1.0,1.0,1.0,1.0,1.0,1.0,0.268657,0.194444,0.125,0.26087,0.520548,0.109589,DeepSeek-R1-Distill series,"DeepSeek-R1-Distill series (14B, 32B, and 70B)",general capability evaluation on CMMLU,OpenAI Health Bench Hard evaluation,3,3,False,2,0
full_2026-07-06__rec_003008,route_48753370114e,route_ce3413c5632f,0.61486,False,False,False,carrier_subtype,0.764706,1.0,0.0,1.0,1.0,1.0,1.0,0.25,0.578947,0.32967,0.16,0.428571,0.024691,DeepSeek-R1-Distill series,"DeepSeek-R1-Distill series (14B, 32B, and 70B)",general capability evaluation on CMMLU,MSigDB biological process reasoning evaluation,6,2,False,2,0
full_2026-07-06__rec_003008,route_5f279e54d80b,route_4f0a7233781e,0.544648,False,False,False,lifecycle_phase;text_role,0.309859,1.0,1.0,1.0,0.0,1.0,0.0,0.27907,0.615385,0.489796,0.23913,0.333333,0.038961,OpenAI TEXT-EMBEDDING-ADA-002,"DeepSeek-R1-Distill series (14B, 32B, and 70B)",TEXT-EMBEDDING-ADA-002,NeST biological process reasoning evaluation,2,6,False,0,0
full_2026-07-06__rec_003008,route_5f279e54d80b,route_b4746361feed,0.550698,False,False,False,lifecycle_phase;text_role,0.309859,1.0,1.0,1.0,0.0,1.0,0.0,0.346154,0.615385,0.489796,0.23913,0.266667,0.038961,OpenAI TEXT-EMBEDDING-ADA-002,"DeepSeek-R1-Distill series (14B, 32B, and 70B)",TEXT-EMBEDDING-ADA-002,Gene Ontology biological process reasoning evaluation,1,6,False,0,0
full_2026-07-06__rec_003008,route_5f279e54d80b,route_ce3413c5632f,0.5411,False,False,False,lifecycle_phase;text_role,0.309859,1.0,1.0,1.0,0.0,1.0,0.0,0.266667,0.615385,0.489796,0.23913,0.264706,0.038961,OpenAI TEXT-EMBEDDING-ADA-002,"DeepSeek-R1-Distill series (14B, 32B, and 70B)",TEXT-EMBEDDING-ADA-002,MSigDB biological process reasoning evaluation,3,6,False,0,0
full_2026-07-06__rec_003008,route_5f279e54d80b,route_e7ac8502029f,0.463095,False,False,False,carrier_subtype;fusion_topology,0.195122,1.0,0.0,1.0,1.0,0.0,1.0,0.297872,0.36,0.266667,0.25,0.117647,0.052219,OpenAI TEXT-EMBEDDING-ADA-002,GPT-OSS-120B,TEXT-EMBEDDING-ADA-002,Biology training data synthesis from NCBI text,7,3,False,0,0
full_2026-07-06__rec_003008,route_8be919720694,route_4f0a7233781e,0.597299,False,False,False,carrier_subtype;fusion_topology,0.707692,1.0,0.0,1.0,1.0,0.0,1.0,0.375,0.580645,0.427184,0.517241,0.777778,0.013889,DeepSeek-R1-Distill 70B,"DeepSeek-R1-Distill series (14B, 32B, and 70B)",biological process reasoning,NeST biological process reasoning evaluation,2,4,False,0,0
full_2026-07-06__rec_003008,route_8be919720694,route_9db368b35e63,0.613087,False,False,True,carrier_subtype;fusion_topology,1.0,1.0,0.0,1.0,1.0,0.0,1.0,0.428571,0.580645,0.173913,0.193548,0.788732,0.1375,DeepSeek-R1-Distill 70B,DeepSeek-R1-Distill 70B,biological process reasoning,Biological process reasoning from gene sets,1,4,False,0,0
full_2026-07-06__rec_003008,route_8be919720694,route_ce3413c5632f,0.594868,False,False,False,carrier_subtype;fusion_topology,0.707692,1.0,0.0,1.0,1.0,0.0,1.0,0.36,0.580645,0.427184,0.517241,0.756757,0.013889,DeepSeek-R1-Distill 70B,"DeepSeek-R1-Distill series (14B, 32B, and 70B)",biological process reasoning,MSigDB biological process reasoning evaluation,3,4,False,0,0
full_2026-07-06__rec_003008,route_aa60ab8d1bd8,route_4f0a7233781e,0.535562,False,False,False,lifecycle_phase;text_role,0.37037,1.0,1.0,1.0,0.0,1.0,0.0,0.259259,0.45614,0.333333,0.375,0.405405,0.00318,GPT-OSS-120B,"DeepSeek-R1-Distill series (14B, 32B, and 70B)",biological knowledge synthesis,NeST biological process reasoning evaluation,3,7,False,0,0
full_2026-07-06__rec_003008,route_aa60ab8d1bd8,route_9db368b35e63,0.539019,False,False,False,lifecycle_phase;text_role,0.285714,1.0,1.0,1.0,0.0,1.0,0.0,0.258065,0.45614,0.350877,0.441176,0.520548,0.168539,GPT-OSS-120B,DeepSeek-R1-Distill 70B,biological knowledge synthesis,Biological process reasoning from gene sets,2,6,False,0,0
full_2026-07-06__rec_003008,route_aa60ab8d1bd8,route_b4746361feed,0.541227,False,False,False,lifecycle_phase;text_role,0.37037,1.0,1.0,1.0,0.0,1.0,0.0,0.31746,0.45614,0.333333,0.375,0.361446,0.00318,GPT-OSS-120B,"DeepSeek-R1-Distill series (14B, 32B, and 70B)",biological knowledge synthesis,Gene Ontology biological process reasoning evaluation,1,7,False,0,0
full_2026-07-06__rec_003008,route_aa60ab8d1bd8,route_e7ac8502029f,0.517776,False,False,True,carrier_subtype;fusion_topology;text_role,1.0,1.0,0.0,1.0,1.0,0.0,0.0,0.413793,0.294118,0.145161,0.058824,0.473684,0.005479,GPT-OSS-120B,GPT-OSS-120B,biological knowledge synthesis,Biology training data synthesis from NCBI text,5,2,False,0,0
full_2026-07-06__rec_003008,route_ca63e42acc9e,route_1efccd4707e6,0.533337,False,False,False,lifecycle_phase,0.204082,1.0,1.0,1.0,0.0,1.0,1.0,0.228571,0.212766,0.282609,0.206897,0.25,0.171429,BFT 70B,"DeepSeek-R1-Distill series (14B, 32B, and 70B)",gene profile generation,MMLU forgetting evaluation after Health Bench fine-tuning,3,5,False,0,2
full_2026-07-06__rec_003008,route_ca63e42acc9e,route_aff9dbfc0d11,0.704461,False,True,False,,0.333333,1.0,1.0,1.0,1.0,1.0,1.0,0.536585,0.551724,0.343434,0.315789,0.625,0.238411,BFT 70B,DeepSeek-R1-Distill 70B,gene profile generation,Gene knowledge prompt response generation,1,1,False,0,1
full_2026-07-06__rec_003008,route_ca63e42acc9e,route_b9151c53252e,0.643668,False,True,False,,0.0,1.0,1.0,1.0,1.0,1.0,1.0,0.390244,0.551724,0.369231,0.430769,0.5,0.145833,BFT 70B,DeepSeek,gene profile generation,Gene prompt workflow for embedding extraction,2,1,False,0,0
full_2026-07-06__rec_003008,route_cc936f0f501c,route_aff9dbfc0d11,0.553481,False,False,False,carrier_subtype,0.2,1.0,0.0,1.0,1.0,1.0,1.0,0.225806,0.666667,0.328767,0.21875,0.26087,0.298507,GPT-5.1,DeepSeek-R1-Distill 70B,medical trajectory synthesis,Gene knowledge prompt response generation,2,7,False,0,1
full_2026-07-06__rec_003008,route_cc936f0f501c,route_b9151c53252e,0.541707,False,False,False,carrier_subtype,0.133333,1.0,0.0,1.0,1.0,1.0,1.0,0.193548,0.666667,0.442308,0.241758,0.328767,0.039216,GPT-5.1,DeepSeek,medical trajectory synthesis,Gene prompt workflow for embedding extraction,3,6,False,0,0
full_2026-07-06__rec_003008,route_cc936f0f501c,route_e7ac8502029f,0.567155,False,True,False,fusion_topology;text_role,0.631579,1.0,1.0,1.0,1.0,0.0,0.0,0.2,0.4,0.321429,0.289157,0.459459,0.057692,GPT-5.1,GPT-OSS-120B,medical trajectory synthesis,Biology training data synthesis from NCBI text,1,1,False,0,0
full_2026-07-06__rec_003008,route_daa4be6bdf74,route_aff9dbfc0d11,0.678946,False,True,False,,0.333333,1.0,1.0,1.0,1.0,1.0,1.0,0.454545,0.4,0.4,0.245614,0.537313,0.166667,BFT 70B,DeepSeek-R1-Distill 70B,protein profile generation,Gene knowledge prompt response generation,1,3,False,0,1
full_2026-07-06__rec_003008,route_daa4be6bdf74,route_b9151c53252e,0.617207,False,True,False,,0.0,1.0,1.0,1.0,1.0,1.0,1.0,0.363636,0.4,0.413793,0.261905,0.422535,0.020833,BFT 70B,DeepSeek,protein profile generation,Gene prompt workflow for embedding extraction,2,2,False,0,0
full_2026-07-06__rec_003008,route_daa4be6bdf74,route_ccfe017e70f5,0.525229,False,False,False,lifecycle_phase,0.204082,1.0,1.0,1.0,0.0,1.0,1.0,0.196078,0.222222,0.266667,0.133333,0.327869,0.111111,BFT 70B,"DeepSeek-R1-Distill series (14B, 32B, and 70B)",protein profile generation,OpenAI Health Bench Hard evaluation,3,6,False,0,0
full_2026-07-06__rec_003008,route_ed69dd6bd93e,route_1701512ab87c,0.729375,True,True,False,,0.707692,1.0,1.0,1.0,1.0,1.0,1.0,0.488889,0.28,0.30303,0.391304,0.395349,0.411765,DeepSeek-R1-Distill 70B,"DeepSeek-R1-Distill series (14B, 32B, and 70B)",medical competence answering,CMMLU forgetting evaluation after Health Bench fine-tuning,1,2,False,2,3
full_2026-07-06__rec_003008,route_ed69dd6bd93e,route_1efccd4707e6,0.715745,False,True,False,,0.707692,1.0,1.0,1.0,1.0,1.0,1.0,0.363636,0.28,0.307692,0.4,0.4,0.424242,DeepSeek-R1-Distill 70B,"DeepSeek-R1-Distill series (14B, 32B, and 70B)",medical competence answering,MMLU forgetting evaluation after Health Bench fine-tuning,2,3,False,2,2
full_2026-07-06__rec_003008,route_ed69dd6bd93e,route_469c5890ae77,0.591474,False,False,False,lifecycle_phase;text_role,0.893617,1.0,1.0,1.0,0.0,1.0,0.0,0.212766,0.4,0.285714,0.428571,0.328767,0.012012,DeepSeek-R1-Distill 70B,DeepSeek-R1-Distill (1.5B),medical competence answering,NuminaMath mathematical reasoning fine-tuning,9,1,False,2,0
full_2026-07-06__rec_003008,route_ed69dd6bd93e,route_4f0a7233781e,0.60723,False,False,False,carrier_subtype,0.707692,1.0,0.0,1.0,1.0,1.0,1.0,0.227273,0.555556,0.224719,0.405797,0.416667,0.013699,DeepSeek-R1-Distill 70B,"DeepSeek-R1-Distill series (14B, 32B, and 70B)",medical competence answering,NeST biological process reasoning evaluation,6,1,False,2,0
full_2026-07-06__rec_003008,route_ed69dd6bd93e,route_9db368b35e63,0.654138,False,False,True,carrier_subtype,1.0,1.0,0.0,1.0,1.0,1.0,1.0,0.230769,0.555556,0.39604,0.219178,0.394366,0.176101,DeepSeek-R1-Distill 70B,DeepSeek-R1-Distill 70B,medical competence answering,Biological process reasoning from gene sets,5,1,False,2,0
full_2026-07-06__rec_003008,route_ed69dd6bd93e,route_a11168101d2d,0.581954,False,False,False,lifecycle_phase;text_role,0.707692,1.0,1.0,1.0,0.0,1.0,0.0,0.258065,0.290909,0.294118,0.425532,0.434783,0.342857,DeepSeek-R1-Distill 70B,"DeepSeek-R1-Distill series (14B, 32B, and 70B)",medical competence answering,OpenAI Health Bench Consensus fine-tuning,10,1,False,2,0
full_2026-07-06__rec_003008,route_ed69dd6bd93e,route_aff9dbfc0d11,0.6828,True,False,True,lifecycle_phase,1.0,1.0,1.0,1.0,0.0,1.0,1.0,0.28,0.4375,0.555556,0.185185,0.376812,0.22807,DeepSeek-R1-Distill 70B,DeepSeek-R1-Distill 70B,medical competence answering,Gene knowledge prompt response generation,4,2,False,2,1
full_2026-07-06__rec_003008,route_ed69dd6bd93e,route_b4746361feed,0.596681,False,False,False,carrier_subtype,0.707692,1.0,0.0,1.0,1.0,1.0,1.0,0.150943,0.555556,0.224719,0.405797,0.37037,0.013699,DeepSeek-R1-Distill 70B,"DeepSeek-R1-Distill series (14B, 32B, and 70B)",medical competence answering,Gene Ontology biological process reasoning evaluation,8,3,False,2,0
full_2026-07-06__rec_003008,route_ed69dd6bd93e,route_ccfe017e70f5,0.694007,False,True,False,,0.707692,1.0,1.0,1.0,1.0,1.0,1.0,0.280702,0.228571,0.290323,0.52381,0.349206,0.133333,DeepSeek-R1-Distill 70B,"DeepSeek-R1-Distill series (14B, 32B, and 70B)",medical competence answering,OpenAI Health Bench Hard evaluation,3,1,False,2,0
full_2026-07-06__rec_003008,route_ed69dd6bd93e,route_ce3413c5632f,0.606517,False,False,False,carrier_subtype,0.707692,1.0,0.0,1.0,1.0,1.0,1.0,0.217391,0.555556,0.224719,0.405797,0.432432,0.013699,DeepSeek-R1-Distill 70B,"DeepSeek-R1-Distill series (14B, 32B, and 70B)",medical competence answering,MSigDB biological process reasoning evaluation,7,3,False,2,0
full_2026-07-06__rec_003043,route_002b7fcfc679,route_22d13b63dfa8,0.634565,False,True,False,fusion_topology,0.47619,1.0,1.0,1.0,1.0,0.0,1.0,0.074074,0.392857,0.341463,1.0,0.716049,0.272189,Gemma-7B (RAG),LLaMA2-7B,Gene Function Description prompt to Gemma-7B (RAG),gene-function prompt to LLaMA2-7B,2,12,False,1,7
full_2026-07-06__rec_003043,route_002b7fcfc679,route_95a5e9d8fe90,0.679179,True,True,False,fusion_topology,0.8,1.0,1.0,1.0,1.0,0.0,1.0,0.074074,0.392857,0.341463,1.0,0.8,0.272189,Gemma-7B (RAG),Gemma-7B,Gene Function Description prompt to Gemma-7B (RAG),gene-function prompt to Gemma-7B,1,8,False,1,4
full_2026-07-06__rec_003043,route_002b7fcfc679,route_a8fb3283b641,0.631489,False,True,False,fusion_topology,0.454545,1.0,1.0,1.0,1.0,0.0,1.0,0.074074,0.392857,0.341463,1.0,0.707317,0.272189,Gemma-7B (RAG),Mistral-7B,Gene Function Description prompt to Gemma-7B (RAG),gene-function prompt to Mistral-7B,3,9,False,1,2
full_2026-07-06__rec_003043,route_2f7179af9d9b,route_22d13b63dfa8,0.716254,False,True,False,,0.416667,1.0,1.0,1.0,1.0,1.0,1.0,0.074074,1.0,0.0,1.0,0.690476,0.562092,Mistral-7B (LoRA),LLaMA2-7B,Gene Function Description prompt to Mistral-7B (LoRA),gene-function prompt to LLaMA2-7B,3,7,False,1,7
full_2026-07-06__rec_003043,route_2f7179af9d9b,route_95a5e9d8fe90,0.718858,False,True,False,,0.434783,1.0,1.0,1.0,1.0,1.0,1.0,0.074074,1.0,0.0,1.0,0.698795,0.562092,Mistral-7B (LoRA),Gemma-7B,Gene Function Description prompt to Mistral-7B (LoRA),gene-function prompt to Gemma-7B,2,4,False,1,4
full_2026-07-06__rec_003043,route_2f7179af9d9b,route_a8fb3283b641,0.769373,True,True,False,,0.8,1.0,1.0,1.0,1.0,1.0,1.0,0.074074,1.0,0.0,1.0,0.8,0.562092,Mistral-7B (LoRA),Mistral-7B,Gene Function Description prompt to Mistral-7B (LoRA),gene-function prompt to Mistral-7B,1,1,True,1,2
full_2026-07-06__rec_003043,route_456123d5936e,route_22d13b63dfa8,0.656589,False,True,False,fusion_topology,0.636364,1.0,1.0,1.0,1.0,0.0,1.0,0.074074,0.392857,0.341463,1.0,0.756098,0.272189,LLaMA3-8B (RAG),LLaMA2-7B,Gene Function Description prompt to LLaMA3-8B (RAG),gene-function prompt to LLaMA2-7B,3,10,False,1,7
full_2026-07-06__rec_003043,route_456123d5936e,route_3af6eeab6bde,0.660703,False,True,False,fusion_topology,0.666667,1.0,1.0,1.0,1.0,0.0,1.0,0.074074,0.392857,0.341463,1.0,0.761905,0.272189,LLaMA3-8B (RAG),LLaMAPro-8B,Gene Function Description prompt to LLaMA3-8B (RAG),gene-function prompt to LLaMAPro-8B,2,9,False,1,4
full_2026-07-06__rec_003043,route_456123d5936e,route_e3e67790db59,0.681689,True,True,False,fusion_topology,0.818182,1.0,1.0,1.0,1.0,0.0,1.0,0.074074,0.392857,0.341463,1.0,0.804878,0.272189,LLaMA3-8B (RAG),LLaMA3-8B,Gene Function Description prompt to LLaMA3-8B (RAG),gene-function prompt to LLaMA3-8B,1,8,False,1,6
full_2026-07-06__rec_003043,route_49eae81cade5,route_22d13b63dfa8,0.750896,True,True,False,,0.666667,1.0,1.0,1.0,1.0,1.0,1.0,0.074074,1.0,0.0,1.0,0.761905,0.562092,LLaMA2-13B (LoRA),LLaMA2-7B,Gene Function Description prompt to LLaMA2-13B (LoRA),gene-function prompt to LLaMA2-7B,2,3,False,3,7
full_2026-07-06__rec_003043,route_49eae81cade5,route_9640f876d90e,0.769373,True,True,False,,0.8,1.0,1.0,1.0,1.0,1.0,1.0,0.074074,1.0,0.0,1.0,0.8,0.562092,LLaMA2-13B (LoRA),LLaMA2-13B,Gene Function Description prompt to LLaMA2-13B (LoRA),gene-function prompt to LLaMA2-13B,1,1,True,3,4
full_2026-07-06__rec_003043,route_49eae81cade5,route_e3e67790db59,0.739349,True,True,False,,0.583333,1.0,1.0,1.0,1.0,1.0,1.0,0.074074,1.0,0.0,1.0,0.738095,0.562092,LLaMA2-13B (LoRA),LLaMA3-8B,Gene Function Description prompt to LLaMA2-13B (LoRA),gene-function prompt to LLaMA3-8B,3,5,False,3,6
full_2026-07-06__rec_003043,route_4a7b18391af9,route_22d13b63dfa8,0.736055,True,True,False,,0.56,1.0,1.0,1.0,1.0,1.0,1.0,0.074074,1.0,0.0,1.0,0.729412,0.562092,LLaMAPro-8B (LoRA),LLaMA2-7B,Gene Function Description prompt to LLaMAPro-8B (LoRA),gene-function prompt to LLaMA2-7B,3,5,False,3,7
full_2026-07-06__rec_003043,route_4a7b18391af9,route_3af6eeab6bde,0.771436,True,True,False,,0.814815,1.0,1.0,1.0,1.0,1.0,1.0,0.074074,1.0,0.0,1.0,0.804598,0.562092,LLaMAPro-8B (LoRA),LLaMAPro-8B,Gene Function Description prompt to LLaMAPro-8B (LoRA),gene-function prompt to LLaMAPro-8B,1,1,True,3,4
full_2026-07-06__rec_003043,route_4a7b18391af9,route_e3e67790db59,0.747161,True,True,False,,0.64,1.0,1.0,1.0,1.0,1.0,1.0,0.074074,1.0,0.0,1.0,0.752941,0.562092,LLaMAPro-8B (LoRA),LLaMA3-8B,Gene Function Description prompt to LLaMAPro-8B (LoRA),gene-function prompt to LLaMA3-8B,2,2,False,3,6
full_2026-07-06__rec_003043,route_528a022d0e42,route_5496539f3e31,0.534184,False,False,True,source_modality;lifecycle_phase;fusion_topology;text_role,1.0,1.0,1.0,0.0,0.0,0.0,0.0,0.683544,0.666667,0.0,0.578947,0.494845,0.29249,LLaVA-7B (LoRA),LLaVA-7B (LoRA),Marker Genes image plus text prompt to LLaVA-7B (LoRA),spatial transcriptomic image to LLaVA-7B (LoRA),1,1,False,0,0
full_2026-07-06__rec_003043,route_528a022d0e42,route_f37dc335797b,0.459778,False,False,True,source_modality;lifecycle_phase;fusion_topology;text_role,1.0,1.0,1.0,0.0,0.0,0.0,0.0,0.208955,0.666667,0.0,0.117647,0.586957,0.363636,LLaVA-7B (LoRA),LLaVA-7B (LoRA),Marker Genes image plus text prompt to LLaVA-7B (LoRA),protein structure image to LLaVA-7B (LoRA),2,2,False,0,0
full_2026-07-06__rec_003043,route_5c39716431d5,route_22d13b63dfa8,0.742913,True,True,False,,0.608696,1.0,1.0,1.0,1.0,1.0,1.0,0.074074,1.0,0.0,1.0,0.746988,0.562092,LLaMA3-8B (LoRA),LLaMA2-7B,Gene Function Description prompt to LLaMA3-8B (LoRA),gene-function prompt to LLaMA2-7B,3,4,False,3,7
full_2026-07-06__rec_003043,route_5c39716431d5,route_3af6eeab6bde,0.747161,True,True,False,,0.64,1.0,1.0,1.0,1.0,1.0,1.0,0.074074,1.0,0.0,1.0,0.752941,0.562092,LLaMA3-8B (LoRA),LLaMAPro-8B,Gene Function Description prompt to LLaMA3-8B (LoRA),gene-function prompt to LLaMAPro-8B,2,2,False,3,4
full_2026-07-06__rec_003043,route_5c39716431d5,route_e3e67790db59,0.766967,True,True,False,,0.782609,1.0,1.0,1.0,1.0,1.0,1.0,0.074074,1.0,0.0,1.0,0.795181,0.562092,LLaMA3-8B (LoRA),LLaMA3-8B,Gene Function Description prompt to LLaMA3-8B (LoRA),gene-function prompt to LLaMA3-8B,1,1,True,3,6
full_2026-07-06__rec_003043,route_5dd041855f6f,route_5496539f3e31,0.487288,False,False,True,source_modality;lifecycle_phase;fusion_topology;text_role,1.0,1.0,1.0,0.0,0.0,0.0,0.0,0.236842,0.709677,0.0,0.458333,0.523364,0.514286,LLaVA-7B (LoRA),LLaVA-7B (LoRA),Protein Classification image plus text prompt to LLaVA-7B (LoRA),spatial transcriptomic image to LLaVA-7B (LoRA),2,2,False,0,0
full_2026-07-06__rec_003043,route_5dd041855f6f,route_f37dc335797b,0.599089,False,False,True,source_modality;lifecycle_phase;fusion_topology;text_role,1.0,1.0,1.0,0.0,0.0,0.0,0.0,0.75,0.709677,0.0,1.0,0.647059,1.0,LLaVA-7B (LoRA),LLaVA-7B (LoRA),Protein Classification image plus text prompt to LLaVA-7B (LoRA),protein structure image to LLaVA-7B (LoRA),1,1,False,0,0
full_2026-07-06__rec_003043,route_601f4c54c675,route_22d13b63dfa8,0.664746,False,True,False,fusion_topology,0.695652,1.0,1.0,1.0,1.0,0.0,1.0,0.074074,0.392857,0.341463,1.0,0.771084,0.272189,LLaMA2-13B (RAG),LLaMA2-7B,Gene Function Description prompt to LLaMA2-13B (RAG),gene-function prompt to LLaMA2-7B,2,9,False,1,7
full_2026-07-06__rec_003043,route_601f4c54c675,route_9640f876d90e,0.683798,True,True,False,fusion_topology,0.833333,1.0,1.0,1.0,1.0,0.0,1.0,0.074074,0.392857,0.341463,1.0,0.809524,0.272189,LLaMA2-13B (RAG),LLaMA2-13B,Gene Function Description prompt to LLaMA2-13B (RAG),gene-function prompt to LLaMA2-13B,1,8,False,1,4
full_2026-07-06__rec_003043,route_601f4c54c675,route_e3e67790db59,0.652719,False,True,False,fusion_topology,0.608696,1.0,1.0,1.0,1.0,0.0,1.0,0.074074,0.392857,0.341463,1.0,0.746988,0.272189,LLaMA2-13B (RAG),LLaMA3-8B,Gene Function Description prompt to LLaMA2-13B (RAG),gene-function prompt to LLaMA3-8B,3,11,False,1,6
full_2026-07-06__rec_003043,route_87c48e8aa371,route_22d13b63dfa8,0.628664,False,True,False,fusion_topology,0.434783,1.0,1.0,1.0,1.0,0.0,1.0,0.074074,0.392857,0.341463,1.0,0.698795,0.272189,Mistral-7B (RAG),LLaMA2-7B,Gene Function Description prompt to Mistral-7B (RAG),gene-function prompt to LLaMA2-7B,3,13,False,1,7
full_2026-07-06__rec_003043,route_87c48e8aa371,route_95a5e9d8fe90,0.631489,False,True,False,fusion_topology,0.454545,1.0,1.0,1.0,1.0,0.0,1.0,0.074074,0.392857,0.341463,1.0,0.707317,0.272189,Mistral-7B (RAG),Gemma-7B,Gene Function Description prompt to Mistral-7B (RAG),gene-function prompt to Gemma-7B,2,10,False,1,4
full_2026-07-06__rec_003043,route_87c48e8aa371,route_a8fb3283b641,0.683798,True,True,False,fusion_topology,0.833333,1.0,1.0,1.0,1.0,0.0,1.0,0.074074,0.392857,0.341463,1.0,0.809524,0.272189,Mistral-7B (RAG),Mistral-7B,Gene Function Description prompt to Mistral-7B (RAG),gene-function prompt to Mistral-7B,1,8,False,1,2
full_2026-07-06__rec_003043,route_93954e7855df,route_22d13b63dfa8,0.766967,True,True,False,,0.782609,1.0,1.0,1.0,1.0,1.0,1.0,0.074074,1.0,0.0,1.0,0.795181,0.562092,LLaMA2-7B (full),LLaMA2-7B,Gene Function Description prompt to LLaMA2-7B (full),gene-function prompt to LLaMA2-7B,1,1,True,5,7
full_2026-07-06__rec_003043,route_93954e7855df,route_3af6eeab6bde,0.736055,True,True,False,,0.56,1.0,1.0,1.0,1.0,1.0,1.0,0.074074,1.0,0.0,1.0,0.729412,0.562092,LLaMA2-7B (full),LLaMAPro-8B,Gene Function Description prompt to LLaMA2-7B (full),gene-function prompt to LLaMAPro-8B,4,3,False,5,4
full_2026-07-06__rec_003043,route_93954e7855df,route_95a5e9d8fe90,0.721683,True,True,False,,0.454545,1.0,1.0,1.0,1.0,1.0,1.0,0.074074,1.0,0.0,1.0,0.707317,0.562092,LLaMA2-7B (full),Gemma-7B,Gene Function Description prompt to LLaMA2-7B (full),gene-function prompt to Gemma-7B,5,2,False,5,4
full_2026-07-06__rec_003043,route_93954e7855df,route_9640f876d90e,0.750896,True,True,False,,0.666667,1.0,1.0,1.0,1.0,1.0,1.0,0.074074,1.0,0.0,1.0,0.761905,0.562092,LLaMA2-7B (full),LLaMA2-13B,Gene Function Description prompt to LLaMA2-7B (full),gene-function prompt to LLaMA2-13B,2,2,False,5,4
full_2026-07-06__rec_003043,route_93954e7855df,route_a8fb3283b641,0.704706,False,True,False,,0.333333,1.0,1.0,1.0,1.0,1.0,1.0,0.074074,1.0,0.0,1.0,0.666667,0.562092,LLaMA2-7B (full),Mistral-7B,Gene Function Description prompt to LLaMA2-7B (full),gene-function prompt to Mistral-7B,6,3,False,5,2
full_2026-07-06__rec_003043,route_93954e7855df,route_e3e67790db59,0.742913,True,True,False,,0.608696,1.0,1.0,1.0,1.0,1.0,1.0,0.074074,1.0,0.0,1.0,0.746988,0.562092,LLaMA2-7B (full),LLaMA3-8B,Gene Function Description prompt to LLaMA2-7B (full),gene-function prompt to LLaMA3-8B,3,3,False,5,6
full_2026-07-06__rec_003043,route_c9b244c66ecd,route_22d13b63dfa8,0.681689,True,True,False,fusion_topology,0.818182,1.0,1.0,1.0,1.0,0.0,1.0,0.074074,0.392857,0.341463,1.0,0.804878,0.272189,LLaMA2-7B (RAG),LLaMA2-7B,Gene Function Description prompt to LLaMA2-7B (RAG),gene-function prompt to LLaMA2-7B,1,8,False,1,7
full_2026-07-06__rec_003043,route_c9b244c66ecd,route_9640f876d90e,0.664746,False,True,False,fusion_topology,0.695652,1.0,1.0,1.0,1.0,0.0,1.0,0.074074,0.392857,0.341463,1.0,0.771084,0.272189,LLaMA2-7B (RAG),LLaMA2-13B,Gene Function Description prompt to LLaMA2-7B (RAG),gene-function prompt to LLaMA2-13B,2,9,False,1,4
full_2026-07-06__rec_003043,route_c9b244c66ecd,route_e3e67790db59,0.656589,False,True,False,fusion_topology,0.636364,1.0,1.0,1.0,1.0,0.0,1.0,0.074074,0.392857,0.341463,1.0,0.756098,0.272189,LLaMA2-7B (RAG),LLaMA3-8B,Gene Function Description prompt to LLaMA2-7B (RAG),gene-function prompt to LLaMA3-8B,3,10,False,1,6
full_2026-07-06__rec_003043,route_d1a93afdfc93,route_22d13b63dfa8,0.721683,True,True,False,,0.454545,1.0,1.0,1.0,1.0,1.0,1.0,0.074074,1.0,0.0,1.0,0.707317,0.562092,Gemma-7B (LoRA),LLaMA2-7B,Gene Function Description prompt to Gemma-7B (LoRA),gene-function prompt to LLaMA2-7B,2,6,False,2,7
full_2026-07-06__rec_003043,route_d1a93afdfc93,route_95a5e9d8fe90,0.764124,True,True,False,,0.761905,1.0,1.0,1.0,1.0,1.0,1.0,0.074074,1.0,0.0,1.0,0.790123,0.562092,Gemma-7B (LoRA),Gemma-7B,Gene Function Description prompt to Gemma-7B (LoRA),gene-function prompt to Gemma-7B,1,1,True,2,4
full_2026-07-06__rec_003043,route_d1a93afdfc93,route_a8fb3283b641,0.718858,False,True,False,,0.434783,1.0,1.0,1.0,1.0,1.0,1.0,0.074074,1.0,0.0,1.0,0.698795,0.562092,Gemma-7B (LoRA),Mistral-7B,Gene Function Description prompt to Gemma-7B (LoRA),gene-function prompt to Mistral-7B,3,2,False,2,2
full_2026-07-06__rec_003043,route_d1a93afdfc93,route_c450584a8acc,0.450916,False,False,False,carrier_subtype;lifecycle_phase;text_role,0.272727,1.0,0.0,1.0,0.0,1.0,0.0,0.530612,0.232558,0.0,0.4,0.698795,0.363636,Gemma-7B (LoRA),Geneverse,Gene Function Description prompt to Gemma-7B (LoRA),gene function description training,7,1,False,2,0
full_2026-07-06__rec_003043,route_edacbca860c3,route_22d13b63dfa8,0.649155,False,True,False,fusion_topology,0.583333,1.0,1.0,1.0,1.0,0.0,1.0,0.074074,0.392857,0.341463,1.0,0.738095,0.272189,LLaMAPro-8B (RAG),LLaMA2-7B,Gene Function Description prompt to LLaMAPro-8B (RAG),gene-function prompt to LLaMA2-7B,3,11,False,1,7
full_2026-07-06__rec_003043,route_edacbca860c3,route_3af6eeab6bde,0.685598,True,True,False,fusion_topology,0.846154,1.0,1.0,1.0,1.0,0.0,1.0,0.074074,0.392857,0.341463,1.0,0.813953,0.272189,LLaMAPro-8B (RAG),LLaMAPro-8B,Gene Function Description prompt to LLaMAPro-8B (RAG),gene-function prompt to LLaMAPro-8B,1,8,False,1,4
full_2026-07-06__rec_003043,route_edacbca860c3,route_e3e67790db59,0.660703,False,True,False,fusion_topology,0.666667,1.0,1.0,1.0,1.0,0.0,1.0,0.074074,0.392857,0.341463,1.0,0.761905,0.272189,LLaMAPro-8B (RAG),LLaMA3-8B,Gene Function Description prompt to LLaMAPro-8B (RAG),gene-function prompt to LLaMA3-8B,2,9,False,1,6
full_2026-07-06__rec_003043,route_f453d8aa93bb,route_22d13b63dfa8,0.766967,True,True,False,,0.782609,1.0,1.0,1.0,1.0,1.0,1.0,0.074074,1.0,0.0,1.0,0.795181,0.562092,LLaMA2-7B (LoRA),LLaMA2-7B,Gene Function Description prompt to LLaMA2-7B (LoRA),gene-function prompt to LLaMA2-7B,1,2,False,4,7
full_2026-07-06__rec_003043,route_f453d8aa93bb,route_95a5e9d8fe90,0.721683,True,True,False,,0.454545,1.0,1.0,1.0,1.0,1.0,1.0,0.074074,1.0,0.0,1.0,0.707317,0.562092,LLaMA2-7B (LoRA),Gemma-7B,Gene Function Description prompt to LLaMA2-7B (LoRA),gene-function prompt to Gemma-7B,5,3,False,4,4
full_2026-07-06__rec_003043,route_f453d8aa93bb,route_9640f876d90e,0.750896,True,True,False,,0.666667,1.0,1.0,1.0,1.0,1.0,1.0,0.074074,1.0,0.0,1.0,0.761905,0.562092,LLaMA2-7B (LoRA),LLaMA2-13B,Gene Function Description prompt to LLaMA2-7B (LoRA),gene-function prompt to LLaMA2-13B,2,3,False,4,4
full_2026-07-06__rec_003043,route_f453d8aa93bb,route_e3e67790db59,0.742913,True,True,False,,0.608696,1.0,1.0,1.0,1.0,1.0,1.0,0.074074,1.0,0.0,1.0,0.746988,0.562092,LLaMA2-7B (LoRA),LLaMA3-8B,Gene Function Description prompt to LLaMA2-7B (LoRA),gene-function prompt to LLaMA3-8B,3,4,False,4,6
full_2026-07-06__rec_003131,route_15808b7eb1e1,route_03df9dd1f40a,0.830314,True,True,True,,1.0,1.0,1.0,1.0,1.0,1.0,1.0,0.444444,1.0,0.376471,0.4,0.509091,0.63388,GP-GPT,GP-GPT,Protein-function inferring,Protein pathogenesis features,3,4,False,4,4
full_2026-07-06__rec_003131,route_15808b7eb1e1,route_9e462c7819b0,0.899468,True,True,True,,1.0,1.0,1.0,1.0,1.0,1.0,1.0,0.647059,1.0,0.437086,0.857143,0.857143,0.816327,GP-GPT,GP-GPT,Protein-function inferring,Gene-function inferring,2,2,False,4,3
full_2026-07-06__rec_003131,route_15808b7eb1e1,route_e0db3750e2c7,0.932177,True,True,True,,1.0,1.0,1.0,1.0,1.0,1.0,1.0,0.760563,1.0,0.441558,1.0,1.0,1.0,GP-GPT,GP-GPT,Protein-function inferring,Protein-function inferring,1,1,True,4,4
full_2026-07-06__rec_003131,route_15808b7eb1e1,route_e37e280eb801,0.819328,True,True,True,,1.0,1.0,1.0,1.0,1.0,1.0,1.0,0.347826,1.0,0.383234,0.4,0.5,0.644068,GP-GPT,GP-GPT,Protein-function inferring,Protein molecular features,4,3,False,4,3
full_2026-07-06__rec_003131,route_300114305b70,route_4449868be025,0.798831,True,True,True,fusion_topology,1.0,1.0,1.0,1.0,1.0,0.0,1.0,1.0,0.347826,0.391304,0.346154,0.644068,0.761566,GP-GPT,GP-GPT,QA gene-disease association,Gene-disease sentence completion,2,2,False,2,3
full_2026-07-06__rec_003131,route_300114305b70,route_504a9017e136,0.853843,True,True,True,fusion_topology,1.0,1.0,1.0,1.0,1.0,0.0,1.0,1.0,0.52381,0.560847,0.708333,0.75,1.0,GP-GPT,GP-GPT,QA gene-disease association,Gene-disease QA,1,1,True,2,3
full_2026-07-06__rec_003131,route_300114305b70,route_5c3299a14655,0.671217,False,False,True,carrier_subtype,1.0,1.0,0.0,1.0,1.0,1.0,1.0,0.514286,0.4,0.15493,0.518519,0.244898,0.184615,GP-GPT,GP-GPT,QA gene-disease association,Relation determination,3,3,False,2,1
full_2026-07-06__rec_003131,route_4fe0b75a59bf,route_9e462c7819b0,0.933499,True,True,True,,1.0,1.0,1.0,1.0,1.0,1.0,1.0,0.774194,1.0,0.437086,1.0,1.0,1.0,GP-GPT,GP-GPT,Gene-function inferring,Gene-function inferring,1,1,True,3,3
full_2026-07-06__rec_003131,route_4fe0b75a59bf,route_e0db3750e2c7,0.90282,True,True,True,,1.0,1.0,1.0,1.0,1.0,1.0,1.0,0.676923,1.0,0.441558,0.857143,0.857143,0.802721,GP-GPT,GP-GPT,Gene-function inferring,Protein-function inferring,2,2,False,3,4
full_2026-07-06__rec_003131,route_4fe0b75a59bf,route_eb37ae7bc053,0.836469,True,True,True,,1.0,1.0,1.0,1.0,1.0,1.0,1.0,0.548387,1.0,0.355263,0.322581,0.458333,0.647887,GP-GPT,GP-GPT,Gene-function inferring,Gene inheritance features,3,2,False,3,3
full_2026-07-06__rec_003131,route_745a44d4f9d6,route_84fcd76e9fd3,0.807777,True,False,True,source_modality,1.0,1.0,1.0,0.0,1.0,1.0,1.0,0.886076,0.653061,0.421053,0.71875,0.677419,1.0,GP-GPT,GP-GPT,Stage 1 masked phenotypes/diseases,Stage 1 masked genomics text,1,1,True,1,3
full_2026-07-06__rec_003131,route_745a44d4f9d6,route_9e462c7819b0,0.598607,False,False,True,source_modality;fusion_topology,1.0,1.0,1.0,0.0,1.0,0.0,1.0,0.41791,0.318182,0.2,0.541667,0.210526,0.219653,GP-GPT,GP-GPT,Stage 1 masked phenotypes/diseases,Gene-function inferring,3,8,False,1,3
full_2026-07-06__rec_003131,route_745a44d4f9d6,route_e0db3750e2c7,0.602179,False,False,True,source_modality;fusion_topology,1.0,1.0,1.0,0.0,1.0,0.0,1.0,0.428571,0.318182,0.194175,0.54902,0.233333,0.26087,GP-GPT,GP-GPT,Stage 1 masked phenotypes/diseases,Protein-function inferring,2,7,False,1,4
full_2026-07-06__rec_003131,route_8e8931c06a85,route_84fcd76e9fd3,0.784875,True,False,True,source_modality,1.0,1.0,1.0,0.0,1.0,1.0,1.0,0.666667,0.653061,0.421053,0.71875,0.791667,1.0,GP-GPT,GP-GPT,Stage 1 masked genes,Stage 1 masked genomics text,1,2,False,1,3
full_2026-07-06__rec_003131,route_8e8931c06a85,route_9e462c7819b0,0.609946,False,False,True,source_modality;fusion_topology,1.0,1.0,1.0,0.0,1.0,0.0,1.0,0.518519,0.318182,0.2,0.541667,0.186047,0.219653,GP-GPT,GP-GPT,Stage 1 masked genes,Gene-function inferring,2,7,False,1,3
full_2026-07-06__rec_003131,route_8e8931c06a85,route_e0db3750e2c7,0.601096,False,False,True,source_modality;fusion_topology,1.0,1.0,1.0,0.0,1.0,0.0,1.0,0.45614,0.318182,0.194175,0.54902,0.086957,0.26087,GP-GPT,GP-GPT,Stage 1 masked genes,Protein-function inferring,3,8,False,1,4
full_2026-07-06__rec_003131,route_a3006417da2b,route_4449868be025,0.880134,True,True,True,fusion_topology,1.0,1.0,1.0,1.0,1.0,0.0,1.0,1.0,0.77193,0.468085,1.0,0.777778,1.0,GP-GPT,GP-GPT,QA sentence completion,Gene-disease sentence completion,1,1,True,2,3
full_2026-07-06__rec_003131,route_a3006417da2b,route_504a9017e136,0.795049,True,True,True,fusion_topology,1.0,1.0,1.0,1.0,1.0,0.0,1.0,1.0,0.301887,0.479167,0.478261,0.2,0.761566,GP-GPT,GP-GPT,QA sentence completion,Gene-disease QA,2,2,False,2,3
full_2026-07-06__rec_003131,route_a3006417da2b,route_5c3299a14655,0.682251,False,False,True,carrier_subtype,1.0,1.0,0.0,1.0,1.0,1.0,1.0,0.514286,0.391304,0.317241,0.538462,0.227273,0.179931,GP-GPT,GP-GPT,QA sentence completion,Relation determination,3,2,False,2,1
full_2026-07-06__rec_003131,route_a4da7e67184c,route_03df9dd1f40a,0.850549,True,True,True,,1.0,1.0,1.0,1.0,1.0,1.0,1.0,0.4,1.0,0.484848,0.492308,0.690909,0.831683,GP-GPT,GP-GPT,Protein molecular features,Protein pathogenesis features,3,2,False,3,4
full_2026-07-06__rec_003131,route_a4da7e67184c,route_e0db3750e2c7,0.857363,True,True,True,,1.0,1.0,1.0,1.0,1.0,1.0,1.0,0.556962,1.0,0.496644,0.5,0.5,0.644068,GP-GPT,GP-GPT,Protein molecular features,Protein-function inferring,2,3,False,3,4
full_2026-07-06__rec_003131,route_a4da7e67184c,route_e37e280eb801,0.89294,True,True,True,,1.0,1.0,1.0,1.0,1.0,1.0,1.0,0.571429,1.0,0.567901,0.492308,1.0,1.0,GP-GPT,GP-GPT,Protein molecular features,Protein molecular features,1,1,True,3,3
full_2026-07-06__rec_003131,route_ab83856f1e31,route_03df9dd1f40a,0.901674,True,True,True,,1.0,1.0,1.0,1.0,1.0,1.0,1.0,0.595238,1.0,0.583333,0.588235,1.0,1.0,GP-GPT,GP-GPT,Protein pathogenesis features,Protein pathogenesis features,1,1,True,5,4
full_2026-07-06__rec_003131,route_ab83856f1e31,route_84fcd76e9fd3,0.699236,True,True,True,fusion_topology,1.0,1.0,1.0,1.0,1.0,0.0,1.0,0.543478,0.229508,0.288,0.235294,0.421053,0.334928,GP-GPT,GP-GPT,Protein pathogenesis features,Stage 1 masked genomics text,6,3,False,5,3
full_2026-07-06__rec_003131,route_ab83856f1e31,route_e0db3750e2c7,0.85226,True,True,True,,1.0,1.0,1.0,1.0,1.0,1.0,1.0,0.481928,1.0,0.5,0.545455,0.545455,0.644809,GP-GPT,GP-GPT,Protein pathogenesis features,Protein-function inferring,2,4,False,5,4
full_2026-07-06__rec_003131,route_ab83856f1e31,route_e37e280eb801,0.845247,True,True,True,,1.0,1.0,1.0,1.0,1.0,1.0,1.0,0.345679,1.0,0.460606,0.588235,0.654545,0.811881,GP-GPT,GP-GPT,Protein pathogenesis features,Protein molecular features,3,2,False,5,3
full_2026-07-06__rec_003131,route_ab83856f1e31,route_eb37ae7bc053,0.817306,True,True,True,,1.0,1.0,1.0,1.0,1.0,1.0,1.0,0.25,1.0,0.426667,0.588235,0.518519,0.561798,GP-GPT,GP-GPT,Protein pathogenesis features,Gene inheritance features,4,3,False,5,3
full_2026-07-06__rec_003131,route_eda01716862e,route_4449868be025,0.729818,True,True,True,fusion_topology,1.0,1.0,1.0,1.0,1.0,0.0,1.0,0.666667,0.347826,0.242857,0.346154,0.610169,0.321429,GP-GPT,GP-GPT,QA disease-gene association,Gene-disease sentence completion,2,3,False,2,3
full_2026-07-06__rec_003131,route_eda01716862e,route_504a9017e136,0.778596,True,True,True,fusion_topology,1.0,1.0,1.0,1.0,1.0,0.0,1.0,0.666667,0.52381,0.387435,0.708333,0.75,0.422311,GP-GPT,GP-GPT,QA disease-gene association,Gene-disease QA,1,3,False,2,3
full_2026-07-06__rec_003131,route_eda01716862e,route_5c3299a14655,0.668985,False,False,True,carrier_subtype,1.0,1.0,0.0,1.0,1.0,1.0,1.0,0.4375,0.4,0.152778,0.518519,0.244898,0.362934,GP-GPT,GP-GPT,QA disease-gene association,Relation determination,3,4,False,2,1
full_2026-07-06__rec_003131,route_f20266a76155,route_504a9017e136,0.641944,False,False,True,carrier_subtype;fusion_topology,1.0,1.0,0.0,1.0,1.0,0.0,1.0,0.6,0.468085,0.430493,0.36,0.378378,0.192308,GP-GPT,GP-GPT,Relation determination,Gene-disease QA,2,4,False,1,3
full_2026-07-06__rec_003131,route_f20266a76155,route_5c3299a14655,0.932882,True,True,True,,1.0,1.0,1.0,1.0,1.0,1.0,1.0,0.878049,1.0,0.352273,0.857143,1.0,1.0,GP-GPT,GP-GPT,Relation determination,Relation determination,1,1,True,1,1
full_2026-07-06__rec_003131,route_f20266a76155,route_9e462c7819b0,0.640291,False,False,True,lifecycle_phase;text_role,1.0,1.0,1.0,1.0,0.0,1.0,0.0,0.32,0.416667,0.409639,0.384615,0.444444,0.287129,GP-GPT,GP-GPT,Relation determination,Gene-function inferring,3,6,False,1,3
full_2026-07-06__rec_003131,route_f6dd39b3665e,route_03df9dd1f40a,0.8334,True,True,True,,1.0,1.0,1.0,1.0,1.0,1.0,1.0,0.37931,1.0,0.47561,0.53125,0.518519,0.561798,GP-GPT,GP-GPT,Gene inheritance features,Protein pathogenesis features,3,3,False,3,4
full_2026-07-06__rec_003131,route_f6dd39b3665e,route_9e462c7819b0,0.849322,True,True,True,,1.0,1.0,1.0,1.0,1.0,1.0,1.0,0.518519,1.0,0.468966,0.458333,0.458333,0.690141,GP-GPT,GP-GPT,Gene inheritance features,Gene-function inferring,2,3,False,3,3
full_2026-07-06__rec_003131,route_f6dd39b3665e,route_eb37ae7bc053,0.918252,True,True,True,,1.0,1.0,1.0,1.0,1.0,1.0,1.0,0.777778,1.0,0.547945,0.53125,1.0,1.0,GP-GPT,GP-GPT,Gene inheritance features,Gene inheritance features,1,1,True,3,3
full_2026-07-06__rec_003188,route_0bcde0e28e7a,route_6a62e21c93db,0.680421,True,False,True,source_modality;fusion_topology;text_role,1.0,1.0,1.0,0.0,1.0,0.0,0.0,1.0,0.774194,0.580645,0.428571,0.6,0.153846,LEONINE,LEONINE,Promoter sequence conditioning for LEONINE,LEONINE promoter conditioning,1,1,True,1,1
full_2026-07-06__rec_003188,route_0bcde0e28e7a,route_df28d4f6fd67,0.639785,False,False,False,source_modality;fusion_topology;text_role,0.7,1.0,1.0,0.0,1.0,0.0,0.0,1.0,0.774194,0.580645,0.428571,0.545455,0.153846,LEONINE,LEONINE-GPT-2,Promoter sequence conditioning for LEONINE,LEONINE-GPT-2 promoter conditioning,2,1,False,1,0
full_2026-07-06__rec_003188,route_22dcae264ae5,route_46816780e725,0.584786,False,False,True,source_modality;lifecycle_phase;fusion_topology;text_role,1.0,1.0,1.0,0.0,0.0,0.0,0.0,1.0,0.57732,0.467391,0.434211,0.391753,0.204819,LEONINE,LEONINE,Cell type context for LEONINE,LEONINE cell type conditioning during feature alignment pre-training,1,1,False,0,0
full_2026-07-06__rec_003188,route_22dcae264ae5,route_dd8e38c8f10d,0.473186,False,False,True,source_modality;lifecycle_phase;fusion_topology;text_role,1.0,1.0,1.0,0.0,0.0,0.0,0.0,0.263158,0.556701,0.325843,0.434211,0.135922,0.10101,LEONINE,LEONINE,Cell type context for LEONINE,LEONINE gene expression conditioning during feature alignment pre-training,3,2,False,0,0
full_2026-07-06__rec_003188,route_22dcae264ae5,route_ebddf67fefd4,0.545101,False,False,False,source_modality;lifecycle_phase;fusion_topology;text_role,0.7,1.0,1.0,0.0,0.0,0.0,0.0,1.0,0.57732,0.467391,0.434211,0.368932,0.204819,LEONINE,LEONINE-GPT-2,Cell type context for LEONINE,LEONINE-GPT-2 cell type conditioning during feature alignment pre-training,2,1,False,0,0
full_2026-07-06__rec_003188,route_fc0c1f58e77b,route_46816780e725,0.481331,False,False,True,source_modality;lifecycle_phase;fusion_topology;text_role,1.0,1.0,1.0,0.0,0.0,0.0,0.0,0.263158,0.574468,0.376344,0.434211,0.135922,0.185185,LEONINE,LEONINE,Gene expression context for LEONINE,LEONINE cell type conditioning during feature alignment pre-training,3,2,False,0,0
full_2026-07-06__rec_003188,route_fc0c1f58e77b,route_507b0019ae79,0.549442,False,False,False,source_modality;lifecycle_phase;fusion_topology;text_role,0.7,1.0,1.0,0.0,0.0,0.0,0.0,1.0,0.595745,0.4,0.434211,0.434783,0.34965,LEONINE,LEONINE-GPT-2,Gene expression context for LEONINE,LEONINE-GPT-2 gene expression conditioning during feature alignment pre-training,2,1,False,0,0
full_2026-07-06__rec_003188,route_fc0c1f58e77b,route_dd8e38c8f10d,0.58916,False,False,True,source_modality;lifecycle_phase;fusion_topology;text_role,1.0,1.0,1.0,0.0,0.0,0.0,0.0,1.0,0.595745,0.4,0.434211,0.458716,0.34965,LEONINE,LEONINE,Gene expression context for LEONINE,LEONINE gene expression conditioning during feature alignment pre-training,1,1,False,0,0
full_2026-07-06__rec_003206,route_306c2a2a034c,route_76a243c3cd9d,0.646192,False,False,True,lifecycle_phase;text_role,1.0,1.0,1.0,1.0,0.0,1.0,0.0,0.31746,0.315789,0.556522,0.238806,0.850575,0.239437,GPT-2 Small,GPT-2 Small,GPT-2 Small conditional cell generation,GPT-2 Small metadata-conditioned cell generation,3,1,False,2,0
full_2026-07-06__rec_003206,route_306c2a2a034c,route_8ec148f22a65,0.818107,True,False,True,lifecycle_phase;text_role,1.0,1.0,1.0,1.0,0.0,1.0,0.0,1.0,0.686567,0.704762,0.785714,1.0,0.785714,GPT-2 Small,GPT-2 Small,GPT-2 Small conditional cell generation,GPT-2 Small conditional cell generation,1,1,True,2,2
full_2026-07-06__rec_003206,route_306c2a2a034c,route_ee1f4dbde15d,0.76382,True,False,False,lifecycle_phase;text_role,0.608696,1.0,1.0,1.0,0.0,1.0,0.0,1.0,0.686567,0.704762,0.785714,0.886076,0.785714,GPT-2 Small,GPT-2 Medium,GPT-2 Small conditional cell generation,GPT-2 Medium conditional cell generation,2,2,False,2,2
full_2026-07-06__rec_003206,route_3cf201f3cc52,route_5ff04e63ef39,0.458073,False,False,False,source_modality;lifecycle_phase;fusion_topology,0.608696,1.0,1.0,0.0,0.0,0.0,1.0,0.27027,0.40625,0.042194,0.296774,0.465116,0.408163,GPT-2 Small,GPT-2 Medium,GPT-2 Small cell type prediction,GPT-2 Medium metadata-annotated Cell2Sentence encoding,12,3,False,1,0
full_2026-07-06__rec_003206,route_3cf201f3cc52,route_6e6e12bf204d,0.543197,False,False,True,source_modality;lifecycle_phase;fusion_topology,1.0,1.0,1.0,0.0,0.0,0.0,1.0,0.416667,0.666667,0.16092,0.237288,0.69697,0.062323,GPT-2 Small,GPT-2 Small,GPT-2 Small cell type prediction,GPT-2 Small Cell2Sentence encoding,8,1,False,1,0
full_2026-07-06__rec_003206,route_3cf201f3cc52,route_76a243c3cd9d,0.606208,False,False,True,carrier_subtype;text_role,1.0,1.0,0.0,1.0,1.0,1.0,0.0,0.262295,0.333333,0.368932,0.344262,0.575,0.277778,GPT-2 Small,GPT-2 Small,GPT-2 Small cell type prediction,GPT-2 Small metadata-conditioned cell generation,5,2,False,1,0
full_2026-07-06__rec_003206,route_3cf201f3cc52,route_818f0e3128ff,0.686819,True,False,True,source_modality;text_role,1.0,1.0,1.0,0.0,1.0,1.0,0.0,0.484848,0.454545,0.426966,0.916667,1.0,0.277457,GPT-2 Small,GPT-2 Small,GPT-2 Small cell type prediction,GPT-2 Small cell type prediction,1,1,True,1,2
full_2026-07-06__rec_003206,route_3cf201f3cc52,route_8ec148f22a65,0.669531,False,False,True,carrier_subtype;text_role,1.0,1.0,0.0,1.0,1.0,1.0,0.0,0.5,0.461538,0.408602,0.642857,0.647887,0.426036,GPT-2 Small,GPT-2 Small,GPT-2 Small cell type prediction,GPT-2 Small conditional cell generation,2,3,False,1,2
full_2026-07-06__rec_003206,route_3cf201f3cc52,route_95b1852fc5f4,0.511224,False,False,True,source_modality;lifecycle_phase;fusion_topology,1.0,1.0,1.0,0.0,0.0,0.0,1.0,0.27027,0.40625,0.042194,0.296774,0.541176,0.408163,GPT-2 Small,GPT-2 Small,GPT-2 Small cell type prediction,GPT-2 Small metadata-annotated Cell2Sentence encoding,10,1,False,1,0
full_2026-07-06__rec_003206,route_3cf201f3cc52,route_aaa39b0c5aa3,0.488434,False,False,False,source_modality;lifecycle_phase;fusion_topology,0.608696,1.0,1.0,0.0,0.0,0.0,1.0,0.416667,0.666667,0.16092,0.237288,0.567164,0.062323,GPT-2 Small,GPT-2 Medium,GPT-2 Small cell type prediction,GPT-2 Medium Cell2Sentence encoding,11,3,False,1,0
full_2026-07-06__rec_003206,route_3cf201f3cc52,route_be99d57da557,0.575773,False,False,True,carrier_subtype;fusion_topology;text_role,1.0,1.0,0.0,1.0,1.0,0.0,0.0,0.208333,0.333333,0.690909,0.5,0.630137,0.37931,GPT-2 Small,GPT-2 Small,GPT-2 Small cell type prediction,GPT-2 Small unconditional cell generation,6,3,False,1,1
full_2026-07-06__rec_003206,route_3cf201f3cc52,route_f2aef6e12c3a,0.631796,False,False,False,source_modality;text_role,0.608696,1.0,1.0,0.0,1.0,1.0,0.0,0.484848,0.454545,0.426966,0.916667,0.861538,0.277457,GPT-2 Small,GPT-2 Medium,GPT-2 Small cell type prediction,GPT-2 Medium cell type prediction,3,3,False,1,2
full_2026-07-06__rec_003206,route_4428d3ded131,route_8ec148f22a65,0.76382,True,False,False,lifecycle_phase;text_role,0.608696,1.0,1.0,1.0,0.0,1.0,0.0,1.0,0.686567,0.704762,0.785714,0.886076,0.785714,GPT-2 Medium,GPT-2 Small,GPT-2 Medium conditional cell generation,GPT-2 Small conditional cell generation,2,2,False,2,2
full_2026-07-06__rec_003206,route_4428d3ded131,route_d18659a37757,0.646293,False,False,True,lifecycle_phase;text_role,1.0,1.0,1.0,1.0,0.0,1.0,0.0,0.31746,0.315789,0.556522,0.238806,0.853933,0.239437,GPT-2 Medium,GPT-2 Medium,GPT-2 Medium conditional cell generation,GPT-2 Medium metadata-conditioned cell generation,3,1,False,2,0
full_2026-07-06__rec_003206,route_4428d3ded131,route_ee1f4dbde15d,0.818107,True,False,True,lifecycle_phase;text_role,1.0,1.0,1.0,1.0,0.0,1.0,0.0,1.0,0.686567,0.704762,0.785714,1.0,0.785714,GPT-2 Medium,GPT-2 Medium,GPT-2 Medium conditional cell generation,GPT-2 Medium conditional cell generation,1,1,True,2,2
full_2026-07-06__rec_003206,route_4432a76fb67d,route_21eb7f55a5cb,0.646089,False,False,False,lifecycle_phase;fusion_topology,0.608696,1.0,1.0,1.0,0.0,0.0,1.0,0.24,0.705882,0.428571,0.8,0.891566,0.8,GPT-2 Small,GPT-2 Medium,GPT-2 Small unconditional cell generation,GPT-2 Medium unconditional cell generation,2,2,False,1,1
full_2026-07-06__rec_003206,route_4432a76fb67d,route_8ec148f22a65,0.576817,False,False,True,carrier_subtype;lifecycle_phase;fusion_topology,1.0,1.0,0.0,1.0,0.0,0.0,1.0,0.4,0.26087,0.319149,0.655172,0.975,0.655172,GPT-2 Small,GPT-2 Small,GPT-2 Small unconditional cell generation,GPT-2 Small conditional cell generation,3,7,False,1,2
full_2026-07-06__rec_003206,route_4432a76fb67d,route_be99d57da557,0.700212,True,False,True,lifecycle_phase;fusion_topology,1.0,1.0,1.0,1.0,0.0,0.0,1.0,0.24,0.705882,0.428571,0.8,1.0,0.8,GPT-2 Small,GPT-2 Small,GPT-2 Small unconditional cell generation,GPT-2 Small unconditional cell generation,1,1,True,1,1
full_2026-07-06__rec_003206,route_871a3f890ce6,route_6e6e12bf204d,0.527876,False,False,True,source_modality;lifecycle_phase;fusion_topology,1.0,1.0,1.0,0.0,0.0,0.0,1.0,0.416667,0.530612,0.16092,0.237288,0.510638,0.057143,GPT-2 Small,GPT-2 Small,GPT-2 Small cell type prediction on generated cell sentences,GPT-2 Small Cell2Sentence encoding,8,2,False,1,0
full_2026-07-06__rec_003206,route_871a3f890ce6,route_76a243c3cd9d,0.601664,False,False,True,carrier_subtype;text_role,1.0,1.0,0.0,1.0,1.0,1.0,0.0,0.262295,0.26087,0.368932,0.344262,0.462963,0.375,GPT-2 Small,GPT-2 Small,GPT-2 Small cell type prediction on generated cell sentences,GPT-2 Small metadata-conditioned cell generation,5,3,False,1,0
full_2026-07-06__rec_003206,route_871a3f890ce6,route_818f0e3128ff,0.678626,True,False,True,source_modality;text_role,1.0,1.0,1.0,0.0,1.0,1.0,0.0,0.484848,0.368421,0.426966,0.916667,0.695652,0.451613,GPT-2 Small,GPT-2 Small,GPT-2 Small cell type prediction on generated cell sentences,GPT-2 Small cell type prediction,1,2,False,1,2
full_2026-07-06__rec_003206,route_871a3f890ce6,route_8ec148f22a65,0.664436,False,False,True,carrier_subtype;text_role,1.0,1.0,0.0,1.0,1.0,1.0,0.0,0.5,0.453333,0.408602,0.642857,0.585859,0.359551,GPT-2 Small,GPT-2 Small,GPT-2 Small cell type prediction on generated cell sentences,GPT-2 Small conditional cell generation,2,4,False,1,2
full_2026-07-06__rec_003206,route_871a3f890ce6,route_95b1852fc5f4,0.501466,False,False,True,source_modality;lifecycle_phase;fusion_topology,1.0,1.0,1.0,0.0,0.0,0.0,1.0,0.27027,0.351351,0.042194,0.296774,0.566372,0.241379,GPT-2 Small,GPT-2 Small,GPT-2 Small cell type prediction on generated cell sentences,GPT-2 Small metadata-annotated Cell2Sentence encoding,10,2,False,1,0
full_2026-07-06__rec_003206,route_871a3f890ce6,route_f2aef6e12c3a,0.624952,False,False,False,source_modality;text_role,0.608696,1.0,1.0,0.0,1.0,1.0,0.0,0.484848,0.368421,0.426966,0.916667,0.602151,0.451613,GPT-2 Small,GPT-2 Medium,GPT-2 Small cell type prediction on generated cell sentences,GPT-2 Medium cell type prediction,3,4,False,1,2
full_2026-07-06__rec_003206,route_bd4d0eb95a09,route_21eb7f55a5cb,0.700212,True,False,True,lifecycle_phase;fusion_topology,1.0,1.0,1.0,1.0,0.0,0.0,1.0,0.24,0.705882,0.428571,0.8,1.0,0.8,GPT-2 Medium,GPT-2 Medium,GPT-2 Medium unconditional cell generation,GPT-2 Medium unconditional cell generation,1,1,True,1,1
full_2026-07-06__rec_003206,route_bd4d0eb95a09,route_be99d57da557,0.646089,False,False,False,lifecycle_phase;fusion_topology,0.608696,1.0,1.0,1.0,0.0,0.0,1.0,0.24,0.705882,0.428571,0.8,0.891566,0.8,GPT-2 Medium,GPT-2 Small,GPT-2 Medium unconditional cell generation,GPT-2 Small unconditional cell generation,2,2,False,1,1
full_2026-07-06__rec_003206,route_bd4d0eb95a09,route_ee1f4dbde15d,0.576835,False,False,True,carrier_subtype;lifecycle_phase;fusion_topology,1.0,1.0,0.0,1.0,0.0,0.0,1.0,0.4,0.26087,0.319149,0.655172,0.97561,0.655172,GPT-2 Medium,GPT-2 Medium,GPT-2 Medium unconditional cell generation,GPT-2 Medium conditional cell generation,3,7,False,1,2
full_2026-07-06__rec_003206,route_ca6bdcef3e39,route_21eb7f55a5cb,0.576069,False,False,True,carrier_subtype;fusion_topology;text_role,1.0,1.0,0.0,1.0,1.0,0.0,0.0,0.208333,0.333333,0.690909,0.5,0.64,0.37931,GPT-2 Medium,GPT-2 Medium,GPT-2 Medium cell type prediction,GPT-2 Medium unconditional cell generation,6,3,False,1,1
full_2026-07-06__rec_003206,route_ca6bdcef3e39,route_5ff04e63ef39,0.51154,False,False,True,source_modality;lifecycle_phase;fusion_topology,1.0,1.0,1.0,0.0,0.0,0.0,1.0,0.27027,0.40625,0.042194,0.296774,0.551724,0.408163,GPT-2 Medium,GPT-2 Medium,GPT-2 Medium cell type prediction,GPT-2 Medium metadata-annotated Cell2Sentence encoding,10,1,False,1,0
full_2026-07-06__rec_003206,route_ca6bdcef3e39,route_6e6e12bf204d,0.488434,False,False,False,source_modality;lifecycle_phase;fusion_topology,0.608696,1.0,1.0,0.0,0.0,0.0,1.0,0.416667,0.666667,0.16092,0.237288,0.567164,0.062323,GPT-2 Medium,GPT-2 Small,GPT-2 Medium cell type prediction,GPT-2 Small Cell2Sentence encoding,11,3,False,1,0
full_2026-07-06__rec_003206,route_ca6bdcef3e39,route_818f0e3128ff,0.631796,False,False,False,source_modality;text_role,0.608696,1.0,1.0,0.0,1.0,1.0,0.0,0.484848,0.454545,0.426966,0.916667,0.861538,0.277457,GPT-2 Medium,GPT-2 Small,GPT-2 Medium cell type prediction,GPT-2 Small cell type prediction,3,3,False,1,2
full_2026-07-06__rec_003206,route_ca6bdcef3e39,route_95b1852fc5f4,0.45877,False,False,False,source_modality;lifecycle_phase;fusion_topology,0.608696,1.0,1.0,0.0,0.0,0.0,1.0,0.27027,0.40625,0.042194,0.296774,0.488372,0.408163,GPT-2 Medium,GPT-2 Small,GPT-2 Medium cell type prediction,GPT-2 Small metadata-annotated Cell2Sentence encoding,12,3,False,1,0
full_2026-07-06__rec_003206,route_ca6bdcef3e39,route_aaa39b0c5aa3,0.543465,False,False,True,source_modality;lifecycle_phase;fusion_topology,1.0,1.0,1.0,0.0,0.0,0.0,1.0,0.416667,0.666667,0.16092,0.237288,0.705882,0.062323,GPT-2 Medium,GPT-2 Medium,GPT-2 Medium cell type prediction,GPT-2 Medium Cell2Sentence encoding,8,1,False,1,0
full_2026-07-06__rec_003206,route_ca6bdcef3e39,route_d18659a37757,0.606519,False,False,True,carrier_subtype;text_role,1.0,1.0,0.0,1.0,1.0,1.0,0.0,0.262295,0.333333,0.368932,0.344262,0.585366,0.277778,GPT-2 Medium,GPT-2 Medium,GPT-2 Medium cell type prediction,GPT-2 Medium metadata-conditioned cell generation,5,2,False,1,0
full_2026-07-06__rec_003206,route_ca6bdcef3e39,route_ee1f4dbde15d,0.66982,False,False,True,carrier_subtype;text_role,1.0,1.0,0.0,1.0,1.0,1.0,0.0,0.5,0.461538,0.408602,0.642857,0.657534,0.426036,GPT-2 Medium,GPT-2 Medium,GPT-2 Medium cell type prediction,GPT-2 Medium conditional cell generation,2,3,False,1,2
full_2026-07-06__rec_003206,route_ca6bdcef3e39,route_f2aef6e12c3a,0.686819,True,False,True,source_modality;text_role,1.0,1.0,1.0,0.0,1.0,1.0,0.0,0.484848,0.454545,0.426966,0.916667,1.0,0.277457,GPT-2 Medium,GPT-2 Medium,GPT-2 Medium cell type prediction,GPT-2 Medium cell type prediction,1,1,True,1,2
full_2026-07-06__rec_003206,route_f20ef8739c40,route_5ff04e63ef39,0.501692,False,False,True,source_modality;lifecycle_phase;fusion_topology,1.0,1.0,1.0,0.0,0.0,0.0,1.0,0.27027,0.351351,0.042194,0.296774,0.573913,0.241379,GPT-2 Medium,GPT-2 Medium,GPT-2 Medium cell type prediction on generated cell sentences,GPT-2 Medium metadata-annotated Cell2Sentence encoding,10,2,False,1,0
full_2026-07-06__rec_003206,route_f20ef8739c40,route_818f0e3128ff,0.624952,False,False,False,source_modality;text_role,0.608696,1.0,1.0,0.0,1.0,1.0,0.0,0.484848,0.368421,0.426966,0.916667,0.602151,0.451613,GPT-2 Medium,GPT-2 Small,GPT-2 Medium cell type prediction on generated cell sentences,GPT-2 Small cell type prediction,3,4,False,1,2
full_2026-07-06__rec_003206,route_f20ef8739c40,route_aaa39b0c5aa3,0.528182,False,False,True,source_modality;lifecycle_phase;fusion_topology,1.0,1.0,1.0,0.0,0.0,0.0,1.0,0.416667,0.530612,0.16092,0.237288,0.520833,0.057143,GPT-2 Medium,GPT-2 Medium,GPT-2 Medium cell type prediction on generated cell sentences,GPT-2 Medium Cell2Sentence encoding,8,2,False,1,0
full_2026-07-06__rec_003206,route_f20ef8739c40,route_d18659a37757,0.601956,False,False,True,carrier_subtype;text_role,1.0,1.0,0.0,1.0,1.0,1.0,0.0,0.262295,0.26087,0.368932,0.344262,0.472727,0.375,GPT-2 Medium,GPT-2 Medium,GPT-2 Medium cell type prediction on generated cell sentences,GPT-2 Medium metadata-conditioned cell generation,5,3,False,1,0
full_2026-07-06__rec_003206,route_f20ef8739c40,route_ee1f4dbde15d,0.664682,False,False,True,carrier_subtype;text_role,1.0,1.0,0.0,1.0,1.0,1.0,0.0,0.5,0.453333,0.408602,0.642857,0.594059,0.359551,GPT-2 Medium,GPT-2 Medium,GPT-2 Medium cell type prediction on generated cell sentences,GPT-2 Medium conditional cell generation,2,4,False,1,2
full_2026-07-06__rec_003206,route_f20ef8739c40,route_f2aef6e12c3a,0.678821,True,False,True,source_modality;text_role,1.0,1.0,1.0,0.0,1.0,1.0,0.0,0.484848,0.368421,0.426966,0.916667,0.702128,0.451613,GPT-2 Medium,GPT-2 Medium,GPT-2 Medium cell type prediction on generated cell sentences,GPT-2 Medium cell type prediction,1,2,False,1,2
full_2026-07-06__rec_003214,route_0ac40b70ee9c,route_1266d867c22a,0.731428,True,False,True,carrier_subtype;text_role,1.0,1.0,0.0,1.0,1.0,1.0,0.0,0.675325,0.7,0.5,0.444444,0.805556,1.0,BioMedGPT-10B,BioMedGPT-10B,BioMedGPT-10B biomedical QA fine-tuning,MedMCQA biomedical QA fine-tuning,2,1,False,2,1
full_2026-07-06__rec_003214,route_0ac40b70ee9c,route_296252896033,0.619533,False,False,True,carrier_subtype;lifecycle_phase,1.0,1.0,0.0,1.0,0.0,1.0,1.0,0.514286,0.636364,0.207547,0.19802,0.519481,0.331492,BioMedGPT-10B,BioMedGPT-10B,BioMedGPT-10B biomedical QA fine-tuning,biomedical QA out-of-domain evaluation,3,1,False,2,0
full_2026-07-06__rec_003214,route_0ac40b70ee9c,route_8ab7d83662c7,0.733363,True,False,True,carrier_subtype;text_role,1.0,1.0,0.0,1.0,1.0,1.0,0.0,0.692308,0.7,0.57732,0.324324,0.821918,1.0,BioMedGPT-10B,BioMedGPT-10B,BioMedGPT-10B biomedical QA fine-tuning,PubMedQA biomedical QA fine-tuning,1,1,True,2,1
full_2026-07-06__rec_003214,route_0ac40b70ee9c,route_8d63adfae7ac,0.513319,False,False,False,carrier_subtype;lifecycle_phase;text_role,0.785714,1.0,0.0,1.0,0.0,1.0,0.0,0.372881,0.202899,0.358209,0.338028,0.613333,0.296296,BioMedGPT-10B,BioMedGPT-LM-7B,BioMedGPT-10B biomedical QA fine-tuning,incremental biomedical text training,4,2,False,2,1
full_2026-07-06__rec_003214,route_11bef6fb61f7,route_59d034a752b8,0.615145,False,False,True,source_modality;lifecycle_phase,1.0,1.0,1.0,0.0,0.0,1.0,1.0,0.608696,0.404255,0.240283,0.263158,0.4375,0.267516,BioMedGPT-10B,BioMedGPT-10B,BioMedGPT-10B protein multimodal fine-tuning,protein QA inference,2,1,False,1,0
full_2026-07-06__rec_003214,route_11bef6fb61f7,route_8dba88613ac4,0.655956,True,False,True,source_modality;text_role,1.0,1.0,1.0,0.0,1.0,1.0,0.0,0.608696,0.426966,0.348754,0.475524,0.759494,0.051282,BioMedGPT-10B,BioMedGPT-10B,BioMedGPT-10B protein multimodal fine-tuning,protein-text multimodal fine-tuning,1,1,True,1,1
full_2026-07-06__rec_003214,route_11bef6fb61f7,route_8e681fc01a87,0.548168,False,False,True,source_modality;lifecycle_phase,1.0,1.0,1.0,0.0,0.0,1.0,1.0,0.25,0.206186,0.204225,0.175824,0.276923,0.308511,BioMedGPT-10B,BioMedGPT-10B,BioMedGPT-10B protein multimodal fine-tuning,molecule QA inference,4,2,False,1,1
full_2026-07-06__rec_003214,route_11bef6fb61f7,route_907b394108c6,0.598449,False,False,True,source_modality;text_role,1.0,1.0,1.0,0.0,1.0,1.0,0.0,0.25,0.217391,0.369637,0.486111,0.7,0.051282,BioMedGPT-10B,BioMedGPT-10B,BioMedGPT-10B protein multimodal fine-tuning,molecule-text multimodal fine-tuning,3,2,False,1,1
full_2026-07-06__rec_003214,route_d94b481b5ead,route_1266d867c22a,0.48348,False,False,False,carrier_subtype;lifecycle_phase;text_role,0.785714,1.0,0.0,1.0,0.0,1.0,0.0,0.272727,0.197531,0.110345,0.4,0.422222,0.359788,BioMedGPT-LM-7B,BioMedGPT-10B,BioMedGPT-LM-7B incremental training on biomedical corpus,MedMCQA biomedical QA fine-tuning,3,2,False,1,1
full_2026-07-06__rec_003214,route_d94b481b5ead,route_296252896033,0.468222,False,False,False,carrier_subtype;lifecycle_phase;text_role,0.785714,1.0,0.0,1.0,0.0,1.0,0.0,0.271186,0.188235,0.18,0.234483,0.273684,0.195652,BioMedGPT-LM-7B,BioMedGPT-10B,BioMedGPT-LM-7B incremental training on biomedical corpus,biomedical QA out-of-domain evaluation,4,2,False,1,0
full_2026-07-06__rec_003214,route_d94b481b5ead,route_8ab7d83662c7,0.48502,False,False,False,carrier_subtype;lifecycle_phase;text_role,0.785714,1.0,0.0,1.0,0.0,1.0,0.0,0.298507,0.197531,0.103093,0.395062,0.395604,0.359788,BioMedGPT-LM-7B,BioMedGPT-10B,BioMedGPT-LM-7B incremental training on biomedical corpus,PubMedQA biomedical QA fine-tuning,2,2,False,1,1
full_2026-07-06__rec_003214,route_d94b481b5ead,route_8d63adfae7ac,0.862228,True,True,True,,1.0,1.0,1.0,1.0,1.0,1.0,1.0,0.541667,1.0,0.329268,0.573913,0.516129,1.0,BioMedGPT-LM-7B,BioMedGPT-LM-7B,BioMedGPT-LM-7B incremental training on biomedical corpus,incremental biomedical text training,1,1,True,1,1
full_2026-07-06__rec_003214,route_f032c08ab333,route_59d034a752b8,0.559979,False,False,True,source_modality;lifecycle_phase,1.0,1.0,1.0,0.0,0.0,1.0,1.0,0.266667,0.226804,0.225455,0.252874,0.215385,0.43038,BioMedGPT-10B,BioMedGPT-10B,BioMedGPT-10B molecule multimodal fine-tuning,protein QA inference,4,2,False,2,0
full_2026-07-06__rec_003214,route_f032c08ab333,route_8dba88613ac4,0.59029,False,False,True,source_modality;text_role,1.0,1.0,1.0,0.0,1.0,1.0,0.0,0.266667,0.23913,0.351648,0.307692,0.65,0.051282,BioMedGPT-10B,BioMedGPT-10B,BioMedGPT-10B molecule multimodal fine-tuning,protein-text multimodal fine-tuning,3,2,False,2,1
full_2026-07-06__rec_003214,route_f032c08ab333,route_8e681fc01a87,0.668952,True,False,True,source_modality;lifecycle_phase,1.0,1.0,1.0,0.0,0.0,1.0,1.0,1.0,0.42,0.224638,0.290598,0.454545,0.391534,BioMedGPT-10B,BioMedGPT-10B,BioMedGPT-10B molecule multimodal fine-tuning,molecule QA inference,2,1,False,2,1
full_2026-07-06__rec_003214,route_f032c08ab333,route_907b394108c6,0.70817,True,False,True,source_modality;text_role,1.0,1.0,1.0,0.0,1.0,1.0,0.0,1.0,0.442105,0.420339,0.455696,0.765432,0.051282,BioMedGPT-10B,BioMedGPT-10B,BioMedGPT-10B molecule multimodal fine-tuning,molecule-text multimodal fine-tuning,1,1,True,2,1
full_2026-07-06__rec_003323,route_01697fa3dfcf,route_1b204f10d57b,0.702683,False,False,False,carrier_subtype,0.842105,1.0,0.0,1.0,1.0,1.0,1.0,0.631579,0.416667,0.297872,1.0,0.428571,0.113636,TeamPath,TeamPath-7B,Caption summary instruction route,TeamPath text route for caption summary,3,1,False,2,2
full_2026-07-06__rec_003323,route_01697fa3dfcf,route_7de6129d042f,0.709773,True,False,False,lifecycle_phase,0.842105,1.0,1.0,1.0,0.0,1.0,1.0,0.727273,0.564103,0.297872,0.357143,0.342857,0.113636,TeamPath,TeamPath-7B,Caption summary instruction route,TeamPath text route for Pathology VQA,2,4,False,2,7
full_2026-07-06__rec_003323,route_01697fa3dfcf,route_fd38a0d4631c,0.764451,True,True,False,,0.842105,1.0,1.0,1.0,1.0,1.0,1.0,0.6,0.477612,0.329412,0.214286,0.292683,0.424779,TeamPath,TeamPath-7B,Caption summary instruction route,TeamPath text route for cross-modality generation,1,2,False,2,5
full_2026-07-06__rec_003323,route_33249018c04a,route_22f773f4ee00,0.690002,True,True,False,fusion_topology,0.842105,1.0,1.0,1.0,1.0,0.0,1.0,0.108108,0.181818,0.262295,0.896552,0.721311,1.0,TeamPath,TeamPath-7B,Self-corrector prompt route,TeamPath self-corrector text route,2,1,True,3,2
full_2026-07-06__rec_003323,route_33249018c04a,route_7de6129d042f,0.741257,True,True,False,,0.842105,1.0,1.0,1.0,1.0,1.0,1.0,0.516129,0.564103,0.297872,0.148148,0.3125,0.068182,TeamPath,TeamPath-7B,Self-corrector prompt route,TeamPath text route for Pathology VQA,1,3,False,3,7
full_2026-07-06__rec_003323,route_33249018c04a,route_fd38a0d4631c,0.683902,True,False,False,lifecycle_phase,0.842105,1.0,1.0,1.0,0.0,1.0,1.0,0.526316,0.477612,0.329412,0.290909,0.263158,0.308458,TeamPath,TeamPath-7B,Self-corrector prompt route,TeamPath text route for cross-modality generation,3,4,False,3,5
full_2026-07-06__rec_003323,route_34e5ccf4b58a,route_2c2128dcddb3,0.575404,False,False,False,source_modality;lifecycle_phase;text_role,0.842105,1.0,1.0,0.0,0.0,1.0,0.0,0.857143,0.677966,0.173913,0.214286,0.393939,0.022727,TeamPath,TeamPath-7B,Pathology VQA image route,TeamPath visual route for caption summary,3,5,False,1,1
full_2026-07-06__rec_003323,route_34e5ccf4b58a,route_46dffe37ada4,0.591988,False,False,False,source_modality;lifecycle_phase;text_role,0.842105,1.0,1.0,0.0,0.0,1.0,0.0,1.0,0.740741,0.173913,0.16,0.313253,0.027273,TeamPath,TeamPath-7B,Pathology VQA image route,TeamPath visual route for verifier-corrector collaboration,2,3,False,1,2
full_2026-07-06__rec_003323,route_34e5ccf4b58a,route_f3c4de37c76d,0.676357,True,False,False,source_modality;lifecycle_phase;text_role,0.842105,1.0,1.0,0.0,0.0,1.0,0.0,1.0,0.740741,0.173913,1.0,0.428571,1.0,TeamPath,TeamPath-7B,Pathology VQA image route,TeamPath visual route for Pathology VQA,1,1,True,1,3
full_2026-07-06__rec_003323,route_4a8a1ecb84e4,route_2c2128dcddb3,0.583454,False,False,False,source_modality;lifecycle_phase;text_role,0.842105,1.0,1.0,0.0,0.0,1.0,0.0,0.857143,0.677966,0.173913,0.322581,0.289855,0.166667,TeamPath,TeamPath-7B,Reason corrector image route,TeamPath visual route for caption summary,3,3,False,2,1
full_2026-07-06__rec_003323,route_4a8a1ecb84e4,route_46dffe37ada4,0.680629,True,False,False,source_modality;text_role,0.842105,1.0,1.0,0.0,1.0,1.0,0.0,1.0,0.740741,0.173913,0.490566,0.395349,0.018519,TeamPath,TeamPath-7B,Reason corrector image route,TeamPath visual route for verifier-corrector collaboration,1,2,False,2,2
full_2026-07-06__rec_003323,route_4a8a1ecb84e4,route_f3c4de37c76d,0.671101,True,False,False,source_modality;text_role,0.842105,1.0,1.0,0.0,1.0,1.0,0.0,1.0,0.740741,0.173913,0.206897,0.298507,0.207547,TeamPath,TeamPath-7B,Reason corrector image route,TeamPath visual route for Pathology VQA,2,2,False,2,3
full_2026-07-06__rec_003323,route_4b6b0aa83aaf,route_2c2128dcddb3,0.669258,True,False,False,source_modality;text_role,0.842105,1.0,1.0,0.0,1.0,1.0,0.0,1.0,0.78125,0.173913,0.3,0.230769,0.025,TeamPath,TeamPath-7B,Cross-modality generation image route,TeamPath visual route for caption summary,2,1,False,2,1
full_2026-07-06__rec_003323,route_4b6b0aa83aaf,route_4487dad29d73,0.683133,True,False,False,source_modality;text_role,0.842105,1.0,1.0,0.0,1.0,1.0,0.0,0.909091,0.45283,0.142857,0.515152,0.568182,0.751678,TeamPath,TeamPath-7B,Cross-modality generation image route,TeamPath visual route for cross-modality generation,1,1,True,2,1
full_2026-07-06__rec_003323,route_4b6b0aa83aaf,route_f3c4de37c76d,0.588226,False,False,False,source_modality;lifecycle_phase;text_role,0.842105,1.0,1.0,0.0,0.0,1.0,0.0,0.857143,0.677966,0.173913,0.263158,0.236842,0.4,TeamPath,TeamPath-7B,Cross-modality generation image route,TeamPath visual route for Pathology VQA,3,6,False,2,3
full_2026-07-06__rec_003323,route_4cdc129ac71b,route_1b204f10d57b,0.600292,False,False,False,carrier_subtype;lifecycle_phase,0.842105,1.0,0.0,1.0,0.0,1.0,1.0,0.631579,0.416667,0.297872,0.214286,0.337662,0.354167,TeamPath,TeamPath-7B,Pathology VQA instruction prompt route,TeamPath text route for caption summary,3,7,False,2,2
full_2026-07-06__rec_003323,route_4cdc129ac71b,route_7de6129d042f,0.752501,True,False,False,lifecycle_phase,0.842105,1.0,1.0,1.0,0.0,1.0,1.0,0.727273,0.564103,0.297872,1.0,0.375,0.354167,TeamPath,TeamPath-7B,Pathology VQA instruction prompt route,TeamPath text route for Pathology VQA,1,1,True,2,7
full_2026-07-06__rec_003323,route_4cdc129ac71b,route_fd38a0d4631c,0.688147,True,False,False,lifecycle_phase,0.842105,1.0,1.0,1.0,0.0,1.0,1.0,0.6,0.477612,0.329412,0.222222,0.298851,0.252632,TeamPath,TeamPath-7B,Pathology VQA instruction prompt route,TeamPath text route for cross-modality generation,2,3,False,2,5
full_2026-07-06__rec_003323,route_4e0d538a0f40,route_1b204f10d57b,0.688248,True,False,False,lifecycle_phase,0.842105,1.0,1.0,1.0,0.0,1.0,1.0,0.685714,0.416667,0.341463,0.214286,0.38806,0.026578,TeamPath,TeamPath-7B,Pathology VQA question route,TeamPath text route for caption summary,1,2,False,1,2
full_2026-07-06__rec_003323,route_4e0d538a0f40,route_7de6129d042f,0.686784,False,False,False,carrier_subtype;lifecycle_phase,0.842105,1.0,0.0,1.0,0.0,1.0,1.0,1.0,0.564103,0.341463,1.0,0.428571,0.026578,TeamPath,TeamPath-7B,Pathology VQA question route,TeamPath text route for Pathology VQA,2,7,False,1,7
full_2026-07-06__rec_003323,route_4e0d538a0f40,route_fd38a0d4631c,0.597988,False,False,False,carrier_subtype;lifecycle_phase,0.842105,1.0,0.0,1.0,0.0,1.0,1.0,0.648649,0.477612,0.151899,0.222222,0.337662,0.384236,TeamPath,TeamPath-7B,Pathology VQA question route,TeamPath text route for cross-modality generation,3,7,False,1,5
full_2026-07-06__rec_003323,route_5ba8e1798ad4,route_22f773f4ee00,0.667855,True,True,False,fusion_topology,0.842105,1.0,1.0,1.0,1.0,0.0,1.0,0.272727,0.181818,0.262295,0.645161,0.666667,0.307692,TeamPath,TeamPath-7B,Reason corrector prompt route,TeamPath self-corrector text route,3,2,False,3,2
full_2026-07-06__rec_003323,route_5ba8e1798ad4,route_7de6129d042f,0.74963,True,True,False,,0.842105,1.0,1.0,1.0,1.0,1.0,1.0,0.578947,0.564103,0.297872,0.206897,0.333333,0.0,TeamPath,TeamPath-7B,Reason corrector prompt route,TeamPath text route for Pathology VQA,1,2,False,3,7
full_2026-07-06__rec_003323,route_5ba8e1798ad4,route_fb28f16be37b,0.605961,False,True,False,fusion_topology;text_role,0.842105,1.0,1.0,1.0,1.0,0.0,0.0,0.392857,0.142857,0.262295,0.490566,0.376471,0.129032,TeamPath,TeamPath-7B,Reason corrector prompt route,TeamPath text route for verifier-corrector collaboration,4,2,False,3,0
full_2026-07-06__rec_003323,route_5ba8e1798ad4,route_fd38a0d4631c,0.671328,True,False,False,lifecycle_phase,0.842105,1.0,1.0,1.0,0.0,1.0,1.0,0.533333,0.477612,0.329412,0.175439,0.282051,0.103226,TeamPath,TeamPath-7B,Reason corrector prompt route,TeamPath text route for cross-modality generation,2,5,False,3,5
full_2026-07-06__rec_003323,route_698491924c17,route_1b204f10d57b,0.548374,False,False,False,lifecycle_phase,0.111111,1.0,1.0,1.0,0.0,1.0,1.0,0.357143,0.416667,0.341463,0.142857,0.298507,0.047619,o4-mini,TeamPath-7B,Self-verifier question route,TeamPath text route for caption summary,3,11,False,0,2
full_2026-07-06__rec_003323,route_698491924c17,route_52285b2945fb,0.645032,False,False,True,carrier_subtype;fusion_topology,1.0,1.0,0.0,1.0,1.0,0.0,1.0,0.421053,0.150943,0.218182,0.733333,0.733333,1.0,o4-mini,o4-mini,Self-verifier question route,o4-mini self-verifier text route,1,2,False,0,1
full_2026-07-06__rec_003323,route_698491924c17,route_7de6129d042f,0.583986,False,False,False,carrier_subtype,0.111111,1.0,0.0,1.0,1.0,1.0,1.0,0.695652,0.564103,0.341463,0.230769,0.307692,0.047619,o4-mini,TeamPath-7B,Self-verifier question route,TeamPath text route for Pathology VQA,2,12,False,0,7
full_2026-07-06__rec_003323,route_87b8c924d29f,route_1b204f10d57b,0.486888,False,False,False,lifecycle_phase;text_role,0.111111,1.0,1.0,1.0,0.0,1.0,0.0,0.27027,0.416667,0.341463,0.142857,0.263158,0.047619,o4-mini,TeamPath-7B,Self-verifier proposed solution route,TeamPath text route for caption summary,2,14,False,0,2
full_2026-07-06__rec_003323,route_87b8c924d29f,route_52285b2945fb,0.628444,False,False,True,carrier_subtype;fusion_topology;text_role,1.0,1.0,0.0,1.0,1.0,0.0,0.0,0.723404,0.150943,0.218182,0.733333,0.637681,1.0,o4-mini,o4-mini,Self-verifier proposed solution route,o4-mini self-verifier text route,1,3,False,0,1
full_2026-07-06__rec_003323,route_87b8c924d29f,route_7de6129d042f,0.486885,False,False,False,carrier_subtype;text_role,0.111111,1.0,0.0,1.0,1.0,1.0,0.0,0.3125,0.564103,0.341463,0.230769,0.27027,0.047619,o4-mini,TeamPath-7B,Self-verifier proposed solution route,TeamPath text route for Pathology VQA,3,15,False,0,7
full_2026-07-06__rec_003323,route_912f21da494d,route_1b204f10d57b,0.614078,False,True,False,,0.0,1.0,1.0,1.0,1.0,1.0,1.0,0.357143,0.416667,0.341463,0.216216,0.492308,0.064286,R(),TeamPath-7B,Task router question route,TeamPath text route for caption summary,1,6,False,0,2
full_2026-07-06__rec_003323,route_912f21da494d,route_7de6129d042f,0.49563,False,False,False,carrier_subtype;lifecycle_phase,0.0,1.0,0.0,1.0,0.0,1.0,1.0,0.695652,0.564103,0.341463,0.114286,0.349206,0.064286,R(),TeamPath-7B,Task router question route,TeamPath text route for Pathology VQA,3,14,False,0,7
full_2026-07-06__rec_003323,route_912f21da494d,route_fd38a0d4631c,0.519411,False,False,False,carrier_subtype,0.0,1.0,0.0,1.0,1.0,1.0,1.0,0.333333,0.477612,0.151899,0.31746,0.4,0.186813,R(),TeamPath-7B,Task router question route,TeamPath text route for cross-modality generation,2,12,False,0,5
full_2026-07-06__rec_003323,route_9a12113a1ff8,route_1b204f10d57b,0.643847,False,False,False,lifecycle_phase,0.842105,1.0,1.0,1.0,0.0,1.0,1.0,0.357143,0.416667,0.341463,0.137931,0.294118,0.068182,TeamPath,TeamPath-7B,Self-corrector question route,TeamPath text route for caption summary,3,5,False,0,2
full_2026-07-06__rec_003323,route_9a12113a1ff8,route_22f773f4ee00,0.650413,False,False,False,carrier_subtype;fusion_topology,0.842105,1.0,0.0,1.0,1.0,0.0,1.0,0.551724,0.181818,0.218182,0.896552,0.730159,1.0,TeamPath,TeamPath-7B,Self-corrector question route,TeamPath self-corrector text route,2,3,False,0,2
full_2026-07-06__rec_003323,route_9a12113a1ff8,route_7de6129d042f,0.675567,False,False,False,carrier_subtype,0.842105,1.0,0.0,1.0,1.0,1.0,1.0,0.695652,0.564103,0.341463,0.148148,0.30303,0.068182,TeamPath,TeamPath-7B,Self-corrector question route,TeamPath text route for Pathology VQA,1,10,False,0,7
full_2026-07-06__rec_003323,route_9b8f7289410c,route_1b204f10d57b,0.652391,True,False,False,lifecycle_phase,0.842105,1.0,1.0,1.0,0.0,1.0,1.0,0.357143,0.416667,0.341463,0.322581,0.314286,0.035842,TeamPath,TeamPath-7B,Reason corrector question route,TeamPath text route for caption summary,2,4,False,1,2
full_2026-07-06__rec_003323,route_9b8f7289410c,route_22f773f4ee00,0.6224,False,False,False,carrier_subtype;fusion_topology,0.842105,1.0,0.0,1.0,1.0,0.0,1.0,0.551724,0.181818,0.218182,0.645161,0.676923,0.653846,TeamPath,TeamPath-7B,Reason corrector question route,TeamPath self-corrector text route,3,6,False,1,2
full_2026-07-06__rec_003323,route_9b8f7289410c,route_7de6129d042f,0.677826,False,False,False,carrier_subtype,0.842105,1.0,0.0,1.0,1.0,1.0,1.0,0.695652,0.564103,0.341463,0.206897,0.323529,0.035842,TeamPath,TeamPath-7B,Reason corrector question route,TeamPath text route for Pathology VQA,1,9,False,1,7
full_2026-07-06__rec_003323,route_ac5e37a5e84d,route_22f773f4ee00,0.63665,False,True,False,fusion_topology;text_role,0.842105,1.0,1.0,1.0,1.0,0.0,0.0,0.344828,0.181818,0.218182,0.645161,0.646154,0.653846,TeamPath,TeamPath-7B,Reason corrector solution route,TeamPath self-corrector text route,2,4,False,1,2
full_2026-07-06__rec_003323,route_ac5e37a5e84d,route_7de6129d042f,0.686522,True,True,False,text_role,0.842105,1.0,1.0,1.0,1.0,1.0,0.0,0.434783,0.564103,0.341463,0.206897,0.323529,0.035842,TeamPath,TeamPath-7B,Reason corrector solution route,TeamPath text route for Pathology VQA,1,8,False,1,7
full_2026-07-06__rec_003323,route_ac5e37a5e84d,route_fb28f16be37b,0.593003,False,True,False,fusion_topology;text_role,0.842105,1.0,1.0,1.0,1.0,0.0,0.0,0.243902,0.142857,0.218182,0.490566,0.45977,0.266667,TeamPath,TeamPath-7B,Reason corrector solution route,TeamPath text route for verifier-corrector collaboration,3,3,False,1,0
full_2026-07-06__rec_003323,route_c234b1db4294,route_1b204f10d57b,0.662199,False,False,False,carrier_subtype,0.842105,1.0,0.0,1.0,1.0,1.0,1.0,0.631579,0.416667,0.297872,0.3,0.292683,0.078431,TeamPath,TeamPath-7B,Cross-modality generation instruction route,TeamPath text route for caption summary,3,3,False,2,2
full_2026-07-06__rec_003323,route_c234b1db4294,route_7de6129d042f,0.70238,True,False,False,lifecycle_phase,0.842105,1.0,1.0,1.0,0.0,1.0,1.0,0.727273,0.564103,0.297872,0.263158,0.3,0.078431,TeamPath,TeamPath-7B,Cross-modality generation instruction route,TeamPath text route for Pathology VQA,2,5,False,2,7
full_2026-07-06__rec_003323,route_c234b1db4294,route_fd38a0d4631c,0.807906,True,True,False,,0.842105,1.0,1.0,1.0,1.0,1.0,1.0,0.6,0.477612,0.329412,0.515152,0.543478,0.94697,TeamPath,TeamPath-7B,Cross-modality generation instruction route,TeamPath text route for cross-modality generation,1,1,True,2,5
full_2026-07-06__rec_003323,route_c9a5d8756a31,route_2c2128dcddb3,0.578595,False,False,False,source_modality;lifecycle_phase;text_role,0.842105,1.0,1.0,0.0,0.0,1.0,0.0,0.857143,0.677966,0.173913,0.137931,0.238806,0.314286,TeamPath,TeamPath-7B,Self-corrector image route,TeamPath visual route for caption summary,3,4,False,2,1
full_2026-07-06__rec_003323,route_c9a5d8756a31,route_4487dad29d73,0.563561,False,False,False,source_modality;lifecycle_phase;text_role,0.842105,1.0,1.0,0.0,0.0,1.0,0.0,0.769231,0.5,0.142857,0.290909,0.207792,0.4,TeamPath,TeamPath-7B,Self-corrector image route,TeamPath visual route for cross-modality generation,4,3,False,2,1
full_2026-07-06__rec_003323,route_c9a5d8756a31,route_46dffe37ada4,0.683035,True,False,False,source_modality;text_role,0.842105,1.0,1.0,0.0,1.0,1.0,0.0,1.0,0.740741,0.173913,0.509804,0.380952,0.065421,TeamPath,TeamPath-7B,Self-corrector image route,TeamPath visual route for verifier-corrector collaboration,1,1,True,2,2
full_2026-07-06__rec_003323,route_c9a5d8756a31,route_f3c4de37c76d,0.66718,True,False,False,source_modality;text_role,0.842105,1.0,1.0,0.0,1.0,1.0,0.0,1.0,0.740741,0.173913,0.148148,0.246154,0.222222,TeamPath,TeamPath-7B,Self-corrector image route,TeamPath visual route for Pathology VQA,2,3,False,2,3
full_2026-07-06__rec_003323,route_d542bf3682d9,route_52285b2945fb,0.72022,True,True,True,fusion_topology,1.0,1.0,1.0,1.0,1.0,0.0,1.0,0.355556,0.150943,0.262295,0.733333,0.724138,0.755906,o4-mini,o4-mini,Self-verifier prompt route,o4-mini self-verifier text route,1,1,True,1,1
full_2026-07-06__rec_003323,route_d542bf3682d9,route_7de6129d042f,0.660512,False,True,False,,0.111111,1.0,1.0,1.0,1.0,1.0,1.0,0.6,0.564103,0.297872,0.230769,0.31746,0.066667,o4-mini,TeamPath-7B,Self-verifier prompt route,TeamPath text route for Pathology VQA,2,11,False,1,7
full_2026-07-06__rec_003323,route_d542bf3682d9,route_fd38a0d4631c,0.587756,False,False,False,lifecycle_phase,0.111111,1.0,1.0,1.0,0.0,1.0,1.0,0.540541,0.477612,0.329412,0.222222,0.266667,0.321101,o4-mini,TeamPath-7B,Self-verifier prompt route,TeamPath text route for cross-modality generation,3,8,False,1,5
full_2026-07-06__rec_003323,route_e09a0d81225b,route_2c2128dcddb3,0.474497,False,False,False,source_modality;lifecycle_phase;text_role,0.111111,1.0,1.0,0.0,0.0,1.0,0.0,0.857143,0.677966,0.173913,0.142857,0.333333,0.010526,o4-mini,TeamPath-7B,Self-verifier image route,TeamPath visual route for caption summary,3,6,False,0,1
full_2026-07-06__rec_003323,route_e09a0d81225b,route_46dffe37ada4,0.583691,False,False,False,source_modality;text_role,0.111111,1.0,1.0,0.0,1.0,1.0,0.0,1.0,0.740741,0.173913,0.48,0.361446,0.009434,o4-mini,TeamPath-7B,Self-verifier image route,TeamPath visual route for verifier-corrector collaboration,2,4,False,0,2
full_2026-07-06__rec_003323,route_e09a0d81225b,route_f3c4de37c76d,0.590106,False,False,False,source_modality;text_role,0.111111,1.0,1.0,0.0,1.0,1.0,0.0,1.0,0.740741,0.173913,0.230769,0.34375,0.494624,o4-mini,TeamPath-7B,Self-verifier image route,TeamPath visual route for Pathology VQA,1,5,False,0,3
full_2026-07-06__rec_003323,route_e4d03de77341,route_2c2128dcddb3,0.642298,False,False,False,source_modality;lifecycle_phase;text_role,0.842105,1.0,1.0,0.0,0.0,1.0,0.0,1.0,0.78125,0.173913,1.0,0.441176,0.068182,TeamPath,TeamPath-7B,Caption summary image route,TeamPath visual route for caption summary,1,2,False,0,1
full_2026-07-06__rec_003323,route_e4d03de77341,route_4487dad29d73,0.582101,False,False,False,source_modality;lifecycle_phase;text_role,0.842105,1.0,1.0,0.0,0.0,1.0,0.0,0.909091,0.45283,0.142857,0.214286,0.333333,0.52809,TeamPath,TeamPath-7B,Caption summary image route,TeamPath visual route for cross-modality generation,3,2,False,0,1
full_2026-07-06__rec_003323,route_e4d03de77341,route_f3c4de37c76d,0.597745,False,False,False,source_modality;lifecycle_phase;text_role,0.842105,1.0,1.0,0.0,0.0,1.0,0.0,0.857143,0.677966,0.173913,0.357143,0.393939,0.402685,TeamPath,TeamPath-7B,Caption summary image route,TeamPath visual route for Pathology VQA,2,4,False,0,3
full_2026-07-06__rec_003323,route_e56f27ed8c84,route_1b204f10d57b,0.568133,False,False,False,lifecycle_phase;text_role,0.842105,1.0,1.0,1.0,0.0,1.0,0.0,0.142857,0.416667,0.341463,0.137931,0.294118,0.068182,TeamPath,TeamPath-7B,Self-corrector analysis route,TeamPath text route for caption summary,2,9,False,0,2
full_2026-07-06__rec_003323,route_e56f27ed8c84,route_22f773f4ee00,0.598508,False,False,False,carrier_subtype;fusion_topology;text_role,0.842105,1.0,0.0,1.0,1.0,0.0,0.0,0.551724,0.181818,0.218182,0.896552,0.666667,1.0,TeamPath,TeamPath-7B,Self-corrector analysis route,TeamPath self-corrector text route,1,7,False,0,2
full_2026-07-06__rec_003323,route_e56f27ed8c84,route_7de6129d042f,0.552524,False,False,False,carrier_subtype;text_role,0.842105,1.0,0.0,1.0,1.0,1.0,0.0,0.086957,0.564103,0.341463,0.148148,0.30303,0.068182,TeamPath,TeamPath-7B,Self-corrector analysis route,TeamPath text route for Pathology VQA,3,13,False,0,7
full_2026-07-06__rec_003323,route_eecfc8b5f72e,route_22f773f4ee00,0.630171,False,True,False,fusion_topology;text_role,0.842105,1.0,1.0,1.0,1.0,0.0,0.0,0.285714,0.181818,0.218182,0.645161,0.666667,0.653846,TeamPath,TeamPath-7B,Reason corrector reason route,TeamPath self-corrector text route,2,5,False,1,2
full_2026-07-06__rec_003323,route_eecfc8b5f72e,route_7de6129d042f,0.692573,True,True,False,text_role,0.842105,1.0,1.0,1.0,1.0,1.0,0.0,0.482759,0.564103,0.341463,0.206897,0.333333,0.035842,TeamPath,TeamPath-7B,Reason corrector reason route,TeamPath text route for Pathology VQA,1,6,False,1,7
full_2026-07-06__rec_003323,route_eecfc8b5f72e,route_fb28f16be37b,0.618817,False,True,False,fusion_topology;text_role,0.842105,1.0,1.0,1.0,1.0,0.0,0.0,0.468085,0.142857,0.218182,0.490566,0.423529,0.266667,TeamPath,TeamPath-7B,Reason corrector reason route,TeamPath text route for verifier-corrector collaboration,3,1,False,1,0
full_2026-07-06__rec_003394,route_2745b32948fd,route_0d42dedd9d53,0.75678,True,True,True,,1.0,1.0,1.0,1.0,1.0,1.0,1.0,0.333333,0.290323,0.328358,0.5625,0.482759,0.271605,OmniNA-1.7B,OmniNA-1.7B,Saturation mutation analysis,Pathogenic variation detection,2,1,False,16,1
full_2026-07-06__rec_003394,route_2745b32948fd,route_0eff9dfb4512,0.750633,True,True,True,,1.0,1.0,1.0,1.0,1.0,1.0,1.0,0.434783,0.290323,0.328358,0.393443,0.254545,0.196078,OmniNA-1.7B,OmniNA-1.7B,Saturation mutation analysis,Methylated region detection,3,1,False,16,1
full_2026-07-06__rec_003394,route_2745b32948fd,route_19b8a1ffc223,0.722207,True,True,True,,1.0,1.0,1.0,1.0,1.0,1.0,1.0,0.257143,0.290323,0.328358,0.341463,0.341463,0.018116,OmniNA-1.7B,OmniNA-1.7B,Saturation mutation analysis,TF occupation,7,1,False,16,1
full_2026-07-06__rec_003394,route_2745b32948fd,route_1d8ba8ebb625,0.721175,True,True,True,,1.0,1.0,1.0,1.0,1.0,1.0,1.0,0.285714,0.290323,0.328358,0.285714,0.285714,0.018116,OmniNA-1.7B,OmniNA-1.7B,Saturation mutation analysis,Chromatin feature prediction,8,1,False,16,1
full_2026-07-06__rec_003394,route_2745b32948fd,route_65b1d7440e6c,0.714673,True,True,True,,1.0,1.0,1.0,1.0,1.0,1.0,1.0,0.184615,0.290323,0.328358,0.299065,0.2,0.206452,OmniNA-1.7B,OmniNA-1.7B,Saturation mutation analysis,Bacteria taxonomy classification,9,1,False,16,1
full_2026-07-06__rec_003394,route_2745b32948fd,route_69caefbd75a1,0.704967,True,True,True,,1.0,1.0,1.0,1.0,1.0,1.0,1.0,0.113208,0.290323,0.328358,0.254545,0.254545,0.192771,OmniNA-1.7B,OmniNA-1.7B,Saturation mutation analysis,Host specificity prediction,15,1,False,16,1
full_2026-07-06__rec_003394,route_2745b32948fd,route_69cbd9b2d88e,0.713788,True,True,True,,1.0,1.0,1.0,1.0,1.0,1.0,1.0,0.366667,0.152542,0.270588,0.233333,0.259259,0.018116,OmniNA-1.7B,OmniNA-1.7B,Saturation mutation analysis,DNA element identification,12,1,False,16,1
full_2026-07-06__rec_003394,route_2745b32948fd,route_75d24b8cf603,0.7437,True,True,True,,1.0,1.0,1.0,1.0,1.0,1.0,1.0,0.5,0.290323,0.328358,0.282828,0.184211,0.018116,OmniNA-1.7B,OmniNA-1.7B,Saturation mutation analysis,Bacterial functional-sequence sub-classification,4,1,False,16,1
full_2026-07-06__rec_003394,route_2745b32948fd,route_7a621ea3343b,0.707318,True,True,True,,1.0,1.0,1.0,1.0,1.0,1.0,1.0,0.184615,0.290323,0.270588,0.264151,0.264151,0.119205,OmniNA-1.7B,OmniNA-1.7B,Saturation mutation analysis,gRNA off-target detection,13,1,False,16,1
full_2026-07-06__rec_003394,route_2745b32948fd,route_868df09e4253,0.714218,True,True,True,,1.0,1.0,1.0,1.0,1.0,1.0,1.0,0.192308,0.290323,0.270588,0.368421,0.291667,0.117647,OmniNA-1.7B,OmniNA-1.7B,Saturation mutation analysis,TIS signal detection,11,1,False,16,1
full_2026-07-06__rec_003394,route_2745b32948fd,route_954d5b459054,0.723726,True,True,True,,1.0,1.0,1.0,1.0,1.0,1.0,1.0,0.20339,0.290323,0.328358,0.431373,0.266667,0.161074,OmniNA-1.7B,OmniNA-1.7B,Saturation mutation analysis,Species detection,6,1,False,16,1
full_2026-07-06__rec_003394,route_2745b32948fd,route_b0ea0b18ac37,0.731138,True,True,True,,1.0,1.0,1.0,1.0,1.0,1.0,1.0,0.294118,0.290323,0.328358,0.372881,0.259259,0.152866,OmniNA-1.7B,OmniNA-1.7B,Saturation mutation analysis,Pathogenic virus detection,5,1,False,16,1
full_2026-07-06__rec_003394,route_2745b32948fd,route_e56839df26bb,0.93492,True,True,True,,1.0,1.0,1.0,1.0,1.0,1.0,1.0,0.923077,0.884211,0.317949,1.0,1.0,1.0,OmniNA-1.7B,OmniNA-1.7B,Saturation mutation analysis,Saturation mutation analysis,1,1,True,16,1
full_2026-07-06__rec_003394,route_2745b32948fd,route_e5ae344ee988,0.700358,True,True,True,,1.0,1.0,1.0,1.0,1.0,1.0,1.0,0.153846,0.290323,0.270588,0.263158,0.291667,0.018116,OmniNA-1.7B,OmniNA-1.7B,Saturation mutation analysis,PAS signal detection,16,1,False,16,1
full_2026-07-06__rec_003394,route_2745b32948fd,route_e994e51504a9,0.707271,True,True,True,,1.0,1.0,1.0,1.0,1.0,1.0,1.0,0.131148,0.290323,0.328358,0.290323,0.290323,0.125,OmniNA-1.7B,OmniNA-1.7B,Saturation mutation analysis,Non-B DNA structure classification,14,1,False,16,1
full_2026-07-06__rec_003394,route_2745b32948fd,route_f0f7e917ef10,0.71423,True,True,True,,1.0,1.0,1.0,1.0,1.0,1.0,1.0,0.253968,0.290323,0.270588,0.244898,0.244898,0.122449,OmniNA-1.7B,OmniNA-1.7B,Saturation mutation analysis,Splice site detection,10,1,False,16,1
full_2026-07-06__rec_003394,route_7f5d69a57b21,route_0d42dedd9d53,0.64496,False,False,False,lifecycle_phase,0.705882,1.0,1.0,1.0,0.0,1.0,1.0,0.360656,0.326531,0.425,0.392857,0.366667,0.166667,OmniNA,OmniNA-1.7B,Sequence-only deployment input,Pathogenic variation detection,4,2,False,2,1
full_2026-07-06__rec_003394,route_7f5d69a57b21,route_0eff9dfb4512,0.643442,False,False,False,lifecycle_phase,0.705882,1.0,1.0,1.0,0.0,1.0,1.0,0.344828,0.326531,0.425,0.377358,0.350877,0.207407,OmniNA,OmniNA-1.7B,Sequence-only deployment input,Methylated region detection,5,2,False,2,1
full_2026-07-06__rec_003394,route_7f5d69a57b21,route_19b8a1ffc223,0.619819,False,False,False,lifecycle_phase,0.705882,1.0,1.0,1.0,0.0,1.0,1.0,0.338983,0.326531,0.425,0.181818,0.139535,0.037313,OmniNA,OmniNA-1.7B,Sequence-only deployment input,TF occupation,12,3,False,2,1
full_2026-07-06__rec_003394,route_7f5d69a57b21,route_65b1d7440e6c,0.626329,False,False,False,lifecycle_phase,0.705882,1.0,1.0,1.0,0.0,1.0,1.0,0.296296,0.326531,0.425,0.20202,0.290323,0.189781,OmniNA,OmniNA-1.7B,Sequence-only deployment input,Bacteria taxonomy classification,9,2,False,2,1
full_2026-07-06__rec_003394,route_7f5d69a57b21,route_69caefbd75a1,0.620674,False,False,False,lifecycle_phase,0.705882,1.0,1.0,1.0,0.0,1.0,1.0,0.238095,0.326531,0.425,0.255319,0.210526,0.216216,OmniNA,OmniNA-1.7B,Sequence-only deployment input,Host specificity prediction,11,3,False,2,1
full_2026-07-06__rec_003394,route_7f5d69a57b21,route_75d24b8cf603,0.627318,False,False,False,lifecycle_phase,0.705882,1.0,1.0,1.0,0.0,1.0,1.0,0.295082,0.326531,0.425,0.351648,0.282051,0.037313,OmniNA,OmniNA-1.7B,Sequence-only deployment input,Bacterial functional-sequence sub-classification,8,3,False,2,1
full_2026-07-06__rec_003394,route_7f5d69a57b21,route_7a621ea3343b,0.616513,False,False,False,lifecycle_phase,0.705882,1.0,1.0,1.0,0.0,1.0,1.0,0.259259,0.326531,0.362069,0.177778,0.290909,0.195489,OmniNA,OmniNA-1.7B,Sequence-only deployment input,gRNA off-target detection,14,3,False,2,1
full_2026-07-06__rec_003394,route_7f5d69a57b21,route_868df09e4253,0.612225,False,False,False,lifecycle_phase,0.705882,1.0,1.0,1.0,0.0,1.0,1.0,0.243902,0.326531,0.362069,0.2,0.32,0.084746,OmniNA,OmniNA-1.7B,Sequence-only deployment input,TIS signal detection,15,3,False,2,1
full_2026-07-06__rec_003394,route_7f5d69a57b21,route_954d5b459054,0.634675,False,False,False,lifecycle_phase,0.705882,1.0,1.0,1.0,0.0,1.0,1.0,0.25,0.326531,0.425,0.418605,0.340426,0.229008,OmniNA,OmniNA-1.7B,Sequence-only deployment input,Species detection,6,2,False,2,1
full_2026-07-06__rec_003394,route_7f5d69a57b21,route_b0ea0b18ac37,0.624982,False,False,False,lifecycle_phase,0.705882,1.0,1.0,1.0,0.0,1.0,1.0,0.210526,0.326531,0.425,0.352941,0.321429,0.201439,OmniNA,OmniNA-1.7B,Sequence-only deployment input,Pathogenic virus detection,10,2,False,2,1
full_2026-07-06__rec_003394,route_7f5d69a57b21,route_ba08dd614cf3,0.524897,False,False,True,source_modality;lifecycle_phase;fusion_topology,1.0,1.0,1.0,0.0,0.0,0.0,1.0,0.393443,0.363636,0.380368,0.385542,0.16,0.038168,OmniNA,OmniNA,Sequence-only deployment input,cfRNA pancreas tumor-vs-normal classification,19,3,False,2,0
full_2026-07-06__rec_003394,route_7f5d69a57b21,route_c0eec7eef6c6,0.858084,True,True,True,,1.0,1.0,1.0,1.0,1.0,1.0,1.0,0.5,0.326531,0.86,1.0,0.692308,0.606452,OmniNA,OmniNA,Sequence-only deployment input,Sequence-only deployment on nucleotide sequences,1,1,True,2,3
full_2026-07-06__rec_003394,route_7f5d69a57b21,route_df861ea65ff9,0.732095,True,False,True,lifecycle_phase,1.0,1.0,1.0,1.0,0.0,1.0,1.0,0.610169,0.892308,0.244186,0.409639,0.258065,0.027397,OmniNA,OmniNA,Sequence-only deployment input,Pretraining on NCBI NT sequences,2,3,False,2,3
full_2026-07-06__rec_003394,route_7f5d69a57b21,route_e56839df26bb,0.664692,False,False,False,lifecycle_phase,0.705882,1.0,1.0,1.0,0.0,1.0,1.0,0.475,0.560976,0.326241,0.333333,0.241379,0.247863,OmniNA,OmniNA-1.7B,Sequence-only deployment input,Saturation mutation analysis,3,3,False,2,1
full_2026-07-06__rec_003394,route_7f5d69a57b21,route_e994e51504a9,0.631311,False,False,False,lifecycle_phase,0.705882,1.0,1.0,1.0,0.0,1.0,1.0,0.32,0.326531,0.425,0.259259,0.21875,0.225352,OmniNA,OmniNA-1.7B,Sequence-only deployment input,Non-B DNA structure classification,7,2,False,2,1
full_2026-07-06__rec_003394,route_84d930f856fa,route_e5dcb7e44939,0.623073,False,False,True,carrier_subtype;text_role,1.0,1.0,0.0,1.0,1.0,1.0,0.0,0.372093,0.641509,0.309677,0.231405,0.567164,0.08134,OmniNA,OmniNA,NT pre-training instruction input,Pretraining on NCBI NT annotations,1,2,False,0,1
full_2026-07-06__rec_003394,route_ae1bff4e7196,route_0d42dedd9d53,0.625417,False,False,False,lifecycle_phase,0.705882,1.0,1.0,1.0,0.0,1.0,1.0,0.326531,0.326531,0.412371,0.173913,0.241379,0.170213,OmniNA,OmniNA-1.7B,Downstream QA sequence input,Pathogenic variation detection,8,3,False,2,1
full_2026-07-06__rec_003394,route_ae1bff4e7196,route_0eff9dfb4512,0.613453,False,False,False,lifecycle_phase,0.705882,1.0,1.0,1.0,0.0,1.0,1.0,0.217391,0.326531,0.412371,0.181818,0.254545,0.178771,OmniNA,OmniNA-1.7B,Downstream QA sequence input,Methylated region detection,14,3,False,2,1
full_2026-07-06__rec_003394,route_ae1bff4e7196,route_1d8ba8ebb625,0.628969,False,False,False,lifecycle_phase,0.705882,1.0,1.0,1.0,0.0,1.0,1.0,0.340426,0.326531,0.412371,0.295082,0.285714,0.032609,OmniNA,OmniNA-1.7B,Downstream QA sequence input,Chromatin feature prediction,7,2,False,2,1
full_2026-07-06__rec_003394,route_ae1bff4e7196,route_4b44933472fc,0.564254,False,False,True,carrier_family;carrier_subtype;text_role,1.0,0.0,0.0,1.0,1.0,1.0,0.0,1.0,0.424779,0.395604,0.366667,0.337662,0.209091,OmniNA,OmniNA,Downstream QA sequence input,Multi-task QA fine-tuning on nucleotide sequences,20,1,False,2,0
full_2026-07-06__rec_003394,route_ae1bff4e7196,route_65b1d7440e6c,0.609689,False,False,False,lifecycle_phase,0.705882,1.0,1.0,1.0,0.0,1.0,1.0,0.190476,0.326531,0.412371,0.214286,0.2,0.165746,OmniNA,OmniNA-1.7B,Downstream QA sequence input,Bacteria taxonomy classification,17,3,False,2,1
full_2026-07-06__rec_003394,route_ae1bff4e7196,route_69caefbd75a1,0.621617,False,False,False,lifecycle_phase,0.705882,1.0,1.0,1.0,0.0,1.0,1.0,0.266667,0.326531,0.412371,0.233333,0.218182,0.197917,OmniNA,OmniNA-1.7B,Downstream QA sequence input,Host specificity prediction,10,2,False,2,1
full_2026-07-06__rec_003394,route_ae1bff4e7196,route_69cbd9b2d88e,0.61171,False,False,False,lifecycle_phase,0.705882,1.0,1.0,1.0,0.0,1.0,1.0,0.27027,0.152381,0.421053,0.276923,0.407407,0.032609,OmniNA,OmniNA-1.7B,Downstream QA sequence input,DNA element identification,16,2,False,2,1
full_2026-07-06__rec_003394,route_ae1bff4e7196,route_75d24b8cf603,0.652808,False,False,False,lifecycle_phase,0.705882,1.0,1.0,1.0,0.0,1.0,1.0,0.530612,0.326531,0.412371,0.25,0.394737,0.032609,OmniNA,OmniNA-1.7B,Downstream QA sequence input,Bacterial functional-sequence sub-classification,4,2,False,2,1
full_2026-07-06__rec_003394,route_ae1bff4e7196,route_868df09e4253,0.632217,False,False,False,lifecycle_phase,0.705882,1.0,1.0,1.0,0.0,1.0,1.0,0.344828,0.326531,0.421053,0.325581,0.25,0.074074,OmniNA,OmniNA-1.7B,Downstream QA sequence input,TIS signal detection,5,2,False,2,1
full_2026-07-06__rec_003394,route_ae1bff4e7196,route_b0ea0b18ac37,0.61851,False,False,False,lifecycle_phase,0.705882,1.0,1.0,1.0,0.0,1.0,1.0,0.266667,0.326531,0.412371,0.15625,0.259259,0.185792,OmniNA,OmniNA-1.7B,Downstream QA sequence input,Pathogenic virus detection,12,3,False,2,1
full_2026-07-06__rec_003394,route_ae1bff4e7196,route_ba08dd614cf3,0.586379,False,False,True,source_modality;fusion_topology,1.0,1.0,1.0,0.0,1.0,0.0,1.0,0.408163,0.363636,0.333333,0.166667,0.273973,0.051471,OmniNA,OmniNA,Downstream QA sequence input,cfRNA pancreas tumor-vs-normal classification,19,1,False,2,0
full_2026-07-06__rec_003394,route_ae1bff4e7196,route_c0eec7eef6c6,0.749108,True,False,True,lifecycle_phase,1.0,1.0,1.0,1.0,0.0,1.0,1.0,1.0,0.326531,0.307692,0.264151,0.368421,0.261307,OmniNA,OmniNA,Downstream QA sequence input,Sequence-only deployment on nucleotide sequences,2,2,False,2,3
full_2026-07-06__rec_003394,route_ae1bff4e7196,route_df861ea65ff9,0.764603,True,False,True,lifecycle_phase,1.0,1.0,1.0,1.0,0.0,1.0,1.0,0.808511,0.892308,0.433862,0.1875,0.433333,0.059361,OmniNA,OmniNA,Downstream QA sequence input,Pretraining on NCBI NT sequences,1,2,False,2,3
full_2026-07-06__rec_003394,route_ae1bff4e7196,route_e56839df26bb,0.677383,False,False,False,lifecycle_phase,0.705882,1.0,1.0,1.0,0.0,1.0,1.0,0.558824,0.560976,0.392405,0.327869,0.178571,0.251799,OmniNA,OmniNA-1.7B,Downstream QA sequence input,Saturation mutation analysis,3,2,False,2,1
full_2026-07-06__rec_003394,route_ae1bff4e7196,route_e5ae344ee988,0.614007,False,False,False,lifecycle_phase,0.705882,1.0,1.0,1.0,0.0,1.0,1.0,0.206897,0.326531,0.421053,0.325581,0.25,0.032609,OmniNA,OmniNA-1.7B,Downstream QA sequence input,PAS signal detection,13,2,False,2,1
full_2026-07-06__rec_003394,route_ae1bff4e7196,route_e994e51504a9,0.623354,False,False,False,lifecycle_phase,0.705882,1.0,1.0,1.0,0.0,1.0,1.0,0.210526,0.326531,0.412371,0.298507,0.354839,0.225806,OmniNA,OmniNA-1.7B,Downstream QA sequence input,Non-B DNA structure classification,9,3,False,2,1
full_2026-07-06__rec_003394,route_ae1bff4e7196,route_f0f7e917ef10,0.63149,False,False,False,lifecycle_phase,0.705882,1.0,1.0,1.0,0.0,1.0,1.0,0.35,0.326531,0.421053,0.222222,0.244898,0.17341,OmniNA,OmniNA-1.7B,Downstream QA sequence input,Splice site detection,6,2,False,2,1
full_2026-07-06__rec_003394,route_d6444c83cb22,route_e5dcb7e44939,0.79854,True,True,True,,1.0,1.0,1.0,1.0,1.0,1.0,1.0,0.571429,0.807692,0.282353,0.231405,0.666667,0.052381,OmniNA,OmniNA,NT pre-training annotation input,Pretraining on NCBI NT annotations,1,1,True,1,1
full_2026-07-06__rec_003394,route_d7f7bc4695f6,route_19b8a1ffc223,0.620158,False,False,False,lifecycle_phase,0.705882,1.0,1.0,1.0,0.0,1.0,1.0,0.351351,0.392857,0.252632,0.253521,0.259259,0.014815,OmniNA,OmniNA-1.7B,NT pre-training nucleotide sequence input,TF occupation,9,2,False,2,1
full_2026-07-06__rec_003394,route_d7f7bc4695f6,route_1d8ba8ebb625,0.611412,False,False,False,lifecycle_phase,0.705882,1.0,1.0,1.0,0.0,1.0,1.0,0.243243,0.392857,0.252632,0.302326,0.318841,0.014815,OmniNA,OmniNA-1.7B,NT pre-training nucleotide sequence input,Chromatin feature prediction,11,3,False,2,1
full_2026-07-06__rec_003394,route_d7f7bc4695f6,route_69cbd9b2d88e,0.596865,False,False,False,lifecycle_phase,0.705882,1.0,1.0,1.0,0.0,1.0,1.0,0.1875,0.232143,0.351145,0.244444,0.298507,0.014815,OmniNA,OmniNA-1.7B,NT pre-training nucleotide sequence input,DNA element identification,17,3,False,2,1
full_2026-07-06__rec_003394,route_d7f7bc4695f6,route_7a621ea3343b,0.626645,False,False,False,lifecycle_phase,0.705882,1.0,1.0,1.0,0.0,1.0,1.0,0.289855,0.392857,0.351145,0.240964,0.272727,0.19469,OmniNA,OmniNA-1.7B,NT pre-training nucleotide sequence input,gRNA off-target detection,5,2,False,2,1
full_2026-07-06__rec_003394,route_d7f7bc4695f6,route_954d5b459054,0.620593,False,False,False,lifecycle_phase,0.705882,1.0,1.0,1.0,0.0,1.0,1.0,0.222222,0.392857,0.252632,0.37037,0.206897,0.306306,OmniNA,OmniNA-1.7B,NT pre-training nucleotide sequence input,Species detection,8,3,False,2,1
full_2026-07-06__rec_003394,route_d7f7bc4695f6,route_ba08dd614cf3,0.530067,False,False,True,source_modality;lifecycle_phase;fusion_topology,1.0,1.0,1.0,0.0,0.0,0.0,1.0,0.5,0.354839,0.337079,0.198347,0.348837,0.03125,OmniNA,OmniNA,NT pre-training nucleotide sequence input,cfRNA pancreas tumor-vs-normal classification,19,2,False,2,0
full_2026-07-06__rec_003394,route_d7f7bc4695f6,route_c0eec7eef6c6,0.708081,True,False,True,lifecycle_phase,1.0,1.0,1.0,1.0,0.0,1.0,1.0,0.584615,0.392857,0.226087,0.307692,0.539326,0.325926,OmniNA,OmniNA,NT pre-training nucleotide sequence input,Sequence-only deployment on nucleotide sequences,2,3,False,2,3
full_2026-07-06__rec_003394,route_d7f7bc4695f6,route_df861ea65ff9,0.818915,True,True,True,,1.0,1.0,1.0,1.0,1.0,1.0,1.0,0.571429,1.0,0.385027,0.231405,0.657534,0.052381,OmniNA,OmniNA,NT pre-training nucleotide sequence input,Pretraining on NCBI NT sequences,1,1,True,2,3
full_2026-07-06__rec_003394,route_d7f7bc4695f6,route_e56839df26bb,0.650316,False,False,False,lifecycle_phase,0.705882,1.0,1.0,1.0,0.0,1.0,1.0,0.421053,0.539326,0.230769,0.348837,0.231884,0.242991,OmniNA,OmniNA-1.7B,NT pre-training nucleotide sequence input,Saturation mutation analysis,3,4,False,2,1
full_2026-07-06__rec_003394,route_d7f7bc4695f6,route_e5ae344ee988,0.59876,False,False,False,lifecycle_phase,0.705882,1.0,1.0,1.0,0.0,1.0,1.0,0.142857,0.392857,0.351145,0.205882,0.229508,0.014815,OmniNA,OmniNA-1.7B,NT pre-training nucleotide sequence input,PAS signal detection,16,3,False,2,1
full_2026-07-06__rec_003394,route_d7f7bc4695f6,route_f0f7e917ef10,0.626378,False,False,False,lifecycle_phase,0.705882,1.0,1.0,1.0,0.0,1.0,1.0,0.238806,0.392857,0.351145,0.278481,0.322581,0.256881,OmniNA,OmniNA-1.7B,NT pre-training nucleotide sequence input,Splice site detection,6,3,False,2,1
full_2026-07-06__rec_003394,route_dc6d0727a6bf,route_4b44933472fc,0.514315,False,False,True,carrier_subtype;source_modality;text_role,1.0,1.0,0.0,0.0,1.0,1.0,0.0,0.432432,0.317757,0.235294,0.366667,0.233766,0.209091,OmniNA,OmniNA,Downstream QA question input,Multi-task QA fine-tuning on nucleotide sequences,2,3,False,0,0
full_2026-07-06__rec_003394,route_dc6d0727a6bf,route_e5dcb7e44939,0.52825,False,False,True,carrier_subtype;lifecycle_phase;text_role,1.0,1.0,0.0,1.0,0.0,1.0,0.0,0.266667,0.6,0.339869,0.1875,0.290323,0.059361,OmniNA,OmniNA,Downstream QA question input,Pretraining on NCBI NT annotations,1,4,False,0,1
full_2026-07-06__rec_003394,route_e339c119dc05,route_4b44933472fc,0.519145,False,False,True,carrier_subtype;source_modality;text_role,1.0,1.0,0.0,0.0,1.0,1.0,0.0,0.4,0.381818,0.235294,0.366667,0.375,0.209091,OmniNA,OmniNA,Downstream QA instruction input,Multi-task QA fine-tuning on nucleotide sequences,2,2,False,0,0
full_2026-07-06__rec_003394,route_e339c119dc05,route_e5dcb7e44939,0.544328,False,False,True,carrier_subtype;lifecycle_phase;text_role,1.0,1.0,0.0,1.0,0.0,1.0,0.0,0.372093,0.641509,0.339869,0.1875,0.307692,0.059361,OmniNA,OmniNA,Downstream QA instruction input,Pretraining on NCBI NT annotations,1,3,False,0,1
full_2026-07-06__rec_003434,route_160f6bac10a5,route_2bf38e178ec3,0.631901,False,False,True,source_modality;lifecycle_phase,1.0,1.0,1.0,0.0,0.0,1.0,1.0,0.481481,0.666667,0.0,0.830189,0.825397,0.02963,Longevity-LLM v0.1,Longevity-LLM v0.1,TCGA survival benchmark prompts,TCGA survival comparison prompts,1,4,False,0,2
full_2026-07-06__rec_003434,route_160f6bac10a5,route_40fd38c19186,0.550224,False,False,True,source_modality;lifecycle_phase,1.0,1.0,1.0,0.0,0.0,1.0,1.0,0.346154,0.338983,0.0,0.137931,0.5625,0.02963,Longevity-LLM v0.1,Longevity-LLM v0.1,TCGA survival benchmark prompts,NHANES clinical biomarker prompts,3,8,False,0,2
full_2026-07-06__rec_003434,route_160f6bac10a5,route_9ab0d72dd00d,0.600458,False,False,True,source_modality;lifecycle_phase,1.0,1.0,1.0,0.0,0.0,1.0,1.0,0.385965,0.666667,0.0,0.317757,0.507463,0.409091,Longevity-LLM v0.1,Longevity-LLM v0.1,TCGA survival benchmark prompts,Clock-coefficient comparison prompts,2,7,False,0,3
full_2026-07-06__rec_003434,route_21f915dc9676,route_18bdd6a8183d,0.578445,False,False,True,carrier_subtype;text_role,1.0,1.0,0.0,1.0,1.0,1.0,0.0,0.363636,0.280702,0.0,0.219512,0.705882,0.075188,Longevity-LLM v0.1,Longevity-LLM v0.1,DNAm reasoning-trace prompts,DNAm beta-value prompts,2,7,False,1,2
full_2026-07-06__rec_003434,route_21f915dc9676,route_324a8991212a,0.876245,True,True,True,,1.0,1.0,1.0,1.0,1.0,1.0,1.0,1.0,0.384615,0.0,1.0,0.644068,1.0,Longevity-LLM v0.1,Longevity-LLM v0.1,DNAm reasoning-trace prompts,Annotated CpG reasoning prompts,1,1,True,1,3
full_2026-07-06__rec_003434,route_21f915dc9676,route_56c528001309,0.570484,False,False,True,source_modality;text_role,1.0,1.0,1.0,0.0,1.0,1.0,0.0,0.304348,0.271186,0.0,0.26,0.385965,0.26,Longevity-LLM v0.1,Longevity-LLM v0.1,DNAm reasoning-trace prompts,Multi-mutant lifespan prompts,3,6,False,1,0
full_2026-07-06__rec_003434,route_2d3c01cc7edf,route_2bf38e178ec3,0.620855,False,False,True,source_modality,1.0,1.0,1.0,0.0,1.0,1.0,1.0,0.311111,0.280702,0.0,0.272727,0.610169,0.048276,Longevity-LLM v0.1,Longevity-LLM v0.1,CpG site annotation prompts,TCGA survival comparison prompts,3,5,False,1,2
full_2026-07-06__rec_003434,route_2d3c01cc7edf,route_324a8991212a,0.679693,True,True,True,text_role,1.0,1.0,1.0,1.0,1.0,1.0,0.0,0.4,0.204082,0.0,0.384106,0.586207,0.265403,Longevity-LLM v0.1,Longevity-LLM v0.1,CpG site annotation prompts,Annotated CpG reasoning prompts,1,2,False,1,3
full_2026-07-06__rec_003434,route_2d3c01cc7edf,route_40fd38c19186,0.629348,False,False,True,source_modality,1.0,1.0,1.0,0.0,1.0,1.0,1.0,0.372093,0.322581,0.0,0.323699,0.466667,0.048276,Longevity-LLM v0.1,Longevity-LLM v0.1,CpG site annotation prompts,NHANES clinical biomarker prompts,2,3,False,1,2
full_2026-07-06__rec_003434,route_2d3c01cc7edf,route_56c528001309,0.609665,False,False,True,source_modality,1.0,1.0,1.0,0.0,1.0,1.0,1.0,0.217391,0.321429,0.0,0.208696,0.535714,0.114286,Longevity-LLM v0.1,Longevity-LLM v0.1,CpG site annotation prompts,Multi-mutant lifespan prompts,5,3,False,1,0
full_2026-07-06__rec_003434,route_2f2b0206aadf,route_973a54854497,0.496391,False,False,True,source_modality;lifecycle_phase;text_role,1.0,1.0,1.0,0.0,0.0,1.0,0.0,0.328767,0.377358,0.0,0.27673,0.202899,0.015007,Longevity-LLM v0.1,Longevity-LLM v0.1,Proteomic profile generation evaluation,Olink plasma benchmark prompts,3,7,False,0,2
full_2026-07-06__rec_003434,route_2f2b0206aadf,route_b9de6ef00cdb,0.611256,False,False,True,source_modality;lifecycle_phase;text_role,1.0,1.0,1.0,0.0,0.0,1.0,0.0,0.90566,0.608696,0.0,0.54902,0.535211,0.161512,Longevity-LLM v0.1,Longevity-LLM v0.1,Proteomic profile generation evaluation,Olink protein-generation prompts,1,5,False,0,1
full_2026-07-06__rec_003434,route_2f2b0206aadf,route_d7decdb9719d,0.499818,False,False,True,source_modality;lifecycle_phase;text_role,1.0,1.0,1.0,0.0,0.0,1.0,0.0,0.119403,0.577778,0.0,0.488889,0.333333,0.015007,Longevity-LLM v0.1,Longevity-LLM v0.1,Proteomic profile generation evaluation,GTEx transcriptomic prompts,2,8,False,0,1
full_2026-07-06__rec_003434,route_42fdb8d81ffa,route_18bdd6a8183d,0.666125,True,False,True,lifecycle_phase;text_role,1.0,1.0,1.0,1.0,0.0,1.0,0.0,0.727273,0.666667,0.0,0.333333,0.48,0.027972,Longevity-LLM v0.1,Longevity-LLM v0.1,DNAm holdout age prediction,DNAm beta-value prompts,1,3,False,1,2
full_2026-07-06__rec_003434,route_42fdb8d81ffa,route_324a8991212a,0.49672,False,False,True,carrier_subtype;lifecycle_phase;text_role,1.0,1.0,0.0,1.0,0.0,1.0,0.0,0.25,0.35,0.0,0.240741,0.241379,0.323529,Longevity-LLM v0.1,Longevity-LLM v0.1,DNAm holdout age prediction,Annotated CpG reasoning prompts,3,9,False,1,3
full_2026-07-06__rec_003434,route_42fdb8d81ffa,route_d7decdb9719d,0.502479,False,False,True,source_modality;lifecycle_phase;text_role,1.0,1.0,1.0,0.0,0.0,1.0,0.0,0.410256,0.185185,0.0,0.45,0.222222,0.027972,Longevity-LLM v0.1,Longevity-LLM v0.1,DNAm holdout age prediction,GTEx transcriptomic prompts,2,7,False,1,1
full_2026-07-06__rec_003434,route_54901db61d79,route_18bdd6a8183d,0.639983,False,False,True,source_modality,1.0,1.0,1.0,0.0,1.0,1.0,1.0,0.4,0.263158,0.0,0.482759,0.436364,0.158339,Longevity-LLM v0.1,Longevity-LLM v0.1,GTEx gene-expression age prompts,DNAm beta-value prompts,3,4,False,1,2
full_2026-07-06__rec_003434,route_54901db61d79,route_973a54854497,0.644211,False,False,True,source_modality,1.0,1.0,1.0,0.0,1.0,1.0,1.0,0.393939,0.436364,0.0,0.368932,0.387097,0.158339,Longevity-LLM v0.1,Longevity-LLM v0.1,GTEx gene-expression age prompts,Olink plasma benchmark prompts,2,3,False,1,2
full_2026-07-06__rec_003434,route_54901db61d79,route_b9de6ef00cdb,0.619212,False,False,True,source_modality,1.0,1.0,1.0,0.0,1.0,1.0,1.0,0.343434,0.197183,0.0,0.28866,0.59375,0.04878,Longevity-LLM v0.1,Longevity-LLM v0.1,GTEx gene-expression age prompts,Olink protein-generation prompts,4,3,False,1,1
full_2026-07-06__rec_003434,route_54901db61d79,route_d7decdb9719d,0.675663,True,False,True,source_modality,1.0,1.0,1.0,0.0,1.0,1.0,1.0,0.233333,0.851064,0.0,0.709677,0.542373,0.158339,Longevity-LLM v0.1,Longevity-LLM v0.1,GTEx gene-expression age prompts,GTEx transcriptomic prompts,1,1,True,1,1
full_2026-07-06__rec_003434,route_61c056ccb869,route_2bf38e178ec3,0.648683,False,False,True,source_modality,1.0,1.0,1.0,0.0,1.0,1.0,1.0,0.333333,0.590909,0.0,0.239316,0.553846,0.218456,Longevity-LLM v0.1,Longevity-LLM v0.1,NHANES clinical biomarker prompts,TCGA survival comparison prompts,2,3,False,1,2
full_2026-07-06__rec_003434,route_61c056ccb869,route_40fd38c19186,0.748196,True,False,True,source_modality,1.0,1.0,1.0,0.0,1.0,1.0,1.0,0.793103,0.489796,0.0,1.0,1.0,0.218456,Longevity-LLM v0.1,Longevity-LLM v0.1,NHANES clinical biomarker prompts,NHANES clinical biomarker prompts,1,1,True,1,2
full_2026-07-06__rec_003434,route_61c056ccb869,route_56c528001309,0.61046,False,False,True,source_modality,1.0,1.0,1.0,0.0,1.0,1.0,1.0,0.262295,0.27907,0.0,0.213115,0.419355,0.15534,Longevity-LLM v0.1,Longevity-LLM v0.1,NHANES clinical biomarker prompts,Multi-mutant lifespan prompts,4,2,False,1,0
full_2026-07-06__rec_003434,route_61c056ccb869,route_9ab0d72dd00d,0.640069,False,False,True,source_modality,1.0,1.0,1.0,0.0,1.0,1.0,1.0,0.253968,0.590909,0.0,0.280702,0.492754,0.235294,Longevity-LLM v0.1,Longevity-LLM v0.1,NHANES clinical biomarker prompts,Clock-coefficient comparison prompts,3,4,False,1,3
full_2026-07-06__rec_003434,route_6b85ec767e5e,route_973a54854497,0.686812,True,False,True,source_modality,1.0,1.0,1.0,0.0,1.0,1.0,1.0,0.45614,0.533333,0.0,0.758621,0.561404,0.249229,Longevity-LLM v0.1,Longevity-LLM v0.1,Olink proteomic age prompts,Olink plasma benchmark prompts,1,1,True,1,2
full_2026-07-06__rec_003434,route_6b85ec767e5e,route_b9de6ef00cdb,0.626747,False,False,True,source_modality,1.0,1.0,1.0,0.0,1.0,1.0,1.0,0.177778,0.368421,0.0,0.431655,0.779661,0.116279,Longevity-LLM v0.1,Longevity-LLM v0.1,Olink proteomic age prompts,Olink protein-generation prompts,3,2,False,1,1
full_2026-07-06__rec_003434,route_6b85ec767e5e,route_d7decdb9719d,0.62806,False,False,True,source_modality,1.0,1.0,1.0,0.0,1.0,1.0,1.0,0.156863,0.423077,0.0,0.481928,0.518519,0.249229,Longevity-LLM v0.1,Longevity-LLM v0.1,Olink proteomic age prompts,GTEx transcriptomic prompts,2,2,False,1,1
full_2026-07-06__rec_003434,route_80346bb85d7e,route_18bdd6a8183d,0.525981,False,False,True,source_modality;lifecycle_phase;text_role,1.0,1.0,1.0,0.0,0.0,1.0,0.0,0.482759,0.315789,0.0,0.5,0.327273,0.028169,Longevity-LLM v0.1,Longevity-LLM v0.1,Proteomic holdout age prediction,DNAm beta-value prompts,2,10,False,0,2
full_2026-07-06__rec_003434,route_80346bb85d7e,route_973a54854497,0.531033,False,False,True,source_modality;lifecycle_phase;text_role,1.0,1.0,1.0,0.0,0.0,1.0,0.0,0.610169,0.4,0.0,0.296296,0.129032,0.028169,Longevity-LLM v0.1,Longevity-LLM v0.1,Proteomic holdout age prediction,Olink plasma benchmark prompts,1,5,False,0,2
full_2026-07-06__rec_003434,route_80346bb85d7e,route_b9de6ef00cdb,0.515129,False,False,True,source_modality;lifecycle_phase;text_role,1.0,1.0,1.0,0.0,0.0,1.0,0.0,0.391304,0.422535,0.0,0.266667,0.4375,0.053422,Longevity-LLM v0.1,Longevity-LLM v0.1,Proteomic holdout age prediction,Olink protein-generation prompts,3,6,False,0,1
full_2026-07-06__rec_003434,route_8bf1e8697169,route_2bf38e178ec3,0.589154,False,False,True,source_modality;lifecycle_phase,1.0,1.0,1.0,0.0,0.0,1.0,1.0,0.259259,0.734694,0.0,0.588235,0.533333,0.030075,Longevity-LLM v0.1,Longevity-LLM v0.1,GTEx aging benchmark prompts,TCGA survival comparison prompts,2,7,False,0,2
full_2026-07-06__rec_003434,route_8bf1e8697169,route_56c528001309,0.541883,False,False,True,source_modality;lifecycle_phase,1.0,1.0,1.0,0.0,0.0,1.0,1.0,0.254545,0.25,0.0,0.214286,0.421053,0.262295,Longevity-LLM v0.1,Longevity-LLM v0.1,GTEx aging benchmark prompts,Multi-mutant lifespan prompts,3,8,False,0,0
full_2026-07-06__rec_003434,route_8bf1e8697169,route_9ab0d72dd00d,0.607166,False,False,True,source_modality;lifecycle_phase,1.0,1.0,1.0,0.0,0.0,1.0,1.0,0.350877,0.734694,0.0,0.438095,0.5,0.418182,Longevity-LLM v0.1,Longevity-LLM v0.1,GTEx aging benchmark prompts,Clock-coefficient comparison prompts,1,6,False,0,3
full_2026-07-06__rec_003434,route_91166cee8cfb,route_18bdd6a8183d,0.625388,False,False,True,source_modality,1.0,1.0,1.0,0.0,1.0,1.0,1.0,0.388889,0.277778,0.0,0.35,0.31746,0.056338,Longevity-LLM v0.1,Longevity-LLM v0.1,Olink protein-profile generation prompts,DNAm beta-value prompts,3,5,False,1,2
full_2026-07-06__rec_003434,route_91166cee8cfb,route_973a54854497,0.627348,False,False,True,source_modality,1.0,1.0,1.0,0.0,1.0,1.0,1.0,0.328767,0.377358,0.0,0.258824,0.542857,0.056338,Longevity-LLM v0.1,Longevity-LLM v0.1,Olink protein-profile generation prompts,Olink plasma benchmark prompts,2,4,False,1,2
full_2026-07-06__rec_003434,route_91166cee8cfb,route_b9de6ef00cdb,0.753464,True,False,True,source_modality,1.0,1.0,1.0,0.0,1.0,1.0,1.0,0.90566,0.608696,0.0,0.658228,0.888889,0.314961,Longevity-LLM v0.1,Longevity-LLM v0.1,Olink protein-profile generation prompts,Olink protein-generation prompts,1,1,True,1,1
full_2026-07-06__rec_003434,route_91166cee8cfb,route_d7decdb9719d,0.62027,False,False,True,source_modality,1.0,1.0,1.0,0.0,1.0,1.0,1.0,0.119403,0.577778,0.0,0.396226,0.447761,0.056338,Longevity-LLM v0.1,Longevity-LLM v0.1,Olink protein-profile generation prompts,GTEx transcriptomic prompts,4,3,False,1,1
full_2026-07-06__rec_003434,route_a1f31b942943,route_18bdd6a8183d,0.792382,True,True,True,,1.0,1.0,1.0,1.0,1.0,1.0,1.0,0.553191,0.508475,0.0,1.0,0.6,0.06015,Longevity-LLM v0.1,Longevity-LLM v0.1,DNAm age regression prompts,DNAm beta-value prompts,1,1,True,2,2
full_2026-07-06__rec_003434,route_a1f31b942943,route_973a54854497,0.651584,True,False,True,source_modality,1.0,1.0,1.0,0.0,1.0,1.0,1.0,0.541667,0.289474,0.0,0.383562,0.491228,0.06015,Longevity-LLM v0.1,Longevity-LLM v0.1,DNAm age regression prompts,Olink plasma benchmark prompts,2,2,False,2,2
full_2026-07-06__rec_003434,route_a1f31b942943,route_b9de6ef00cdb,0.61662,False,False,True,source_modality,1.0,1.0,1.0,0.0,1.0,1.0,1.0,0.345679,0.282609,0.0,0.149254,0.542373,0.040541,Longevity-LLM v0.1,Longevity-LLM v0.1,DNAm age regression prompts,Olink protein-generation prompts,3,4,False,2,1
full_2026-07-06__rec_003434,route_b31a43ee769f,route_2bf38e178ec3,0.574005,False,False,True,source_modality;lifecycle_phase,1.0,1.0,1.0,0.0,0.0,1.0,1.0,0.262295,0.654545,0.0,0.47619,0.4,0.022556,Longevity-LLM v0.1,Longevity-LLM v0.1,Proteomic aging benchmark prompts,TCGA survival comparison prompts,2,8,False,0,2
full_2026-07-06__rec_003434,route_b31a43ee769f,route_56c528001309,0.535603,False,False,True,source_modality;lifecycle_phase,1.0,1.0,1.0,0.0,0.0,1.0,1.0,0.193548,0.222222,0.0,0.323529,0.354839,0.25,Longevity-LLM v0.1,Longevity-LLM v0.1,Proteomic aging benchmark prompts,Multi-mutant lifespan prompts,3,10,False,0,0
full_2026-07-06__rec_003434,route_b31a43ee769f,route_9ab0d72dd00d,0.579205,False,False,True,source_modality;lifecycle_phase,1.0,1.0,1.0,0.0,0.0,1.0,1.0,0.28125,0.654545,0.0,0.42735,0.405797,0.152381,Longevity-LLM v0.1,Longevity-LLM v0.1,Proteomic aging benchmark prompts,Clock-coefficient comparison prompts,1,8,False,0,3
full_2026-07-06__rec_003434,route_b4e5fa770bf2,route_2bf38e178ec3,0.595865,False,False,True,source_modality;text_role,1.0,1.0,1.0,0.0,1.0,1.0,0.0,0.188679,0.8,0.0,0.296296,0.656716,0.067669,Longevity-LLM v0.1,Longevity-LLM v0.1,DNAm coefficient comparison prompts,TCGA survival comparison prompts,3,6,False,2,2
full_2026-07-06__rec_003434,route_b4e5fa770bf2,route_324a8991212a,0.64281,True,True,True,text_role,1.0,1.0,1.0,1.0,1.0,1.0,0.0,0.25,0.162162,0.0,0.187919,0.484848,0.187919,Longevity-LLM v0.1,Longevity-LLM v0.1,DNAm coefficient comparison prompts,Annotated CpG reasoning prompts,2,3,False,2,3
full_2026-07-06__rec_003434,route_b4e5fa770bf2,route_9ab0d72dd00d,0.772197,True,False,True,source_modality;text_role,1.0,1.0,1.0,0.0,1.0,1.0,0.0,1.0,0.8,0.0,1.0,0.873239,1.0,Longevity-LLM v0.1,Longevity-LLM v0.1,DNAm coefficient comparison prompts,Clock-coefficient comparison prompts,1,1,True,2,3
full_2026-07-06__rec_003434,route_c2ff9f66fee2,route_2bf38e178ec3,0.66628,True,False,True,source_modality,1.0,1.0,1.0,0.0,1.0,1.0,1.0,0.307692,0.642857,0.0,0.62069,0.727273,0.037594,Longevity-LLM v0.1,Longevity-LLM v0.1,GTEx tissue-age comparison prompts,TCGA survival comparison prompts,2,2,False,2,2
full_2026-07-06__rec_003434,route_c2ff9f66fee2,route_40fd38c19186,0.608142,False,False,True,source_modality,1.0,1.0,1.0,0.0,1.0,1.0,1.0,0.24,0.360656,0.0,0.165289,0.477612,0.037594,Longevity-LLM v0.1,Longevity-LLM v0.1,GTEx tissue-age comparison prompts,NHANES clinical biomarker prompts,3,5,False,2,2
full_2026-07-06__rec_003434,route_c2ff9f66fee2,route_9ab0d72dd00d,0.674143,True,False,True,source_modality,1.0,1.0,1.0,0.0,1.0,1.0,1.0,0.327273,0.642857,0.0,0.482143,0.571429,0.465517,Longevity-LLM v0.1,Longevity-LLM v0.1,GTEx tissue-age comparison prompts,Clock-coefficient comparison prompts,1,2,False,2,3
full_2026-07-06__rec_003434,route_c59b92f4cba7,route_2bf38e178ec3,0.573228,False,False,True,source_modality;lifecycle_phase,1.0,1.0,1.0,0.0,0.0,1.0,1.0,0.436364,0.47619,0.0,0.190476,0.545455,0.041096,Longevity-LLM v0.1,Longevity-LLM v0.1,NHANES mortality benchmark prompts,TCGA survival comparison prompts,3,9,False,1,2
full_2026-07-06__rec_003434,route_c59b92f4cba7,route_40fd38c19186,0.657696,True,False,True,source_modality;lifecycle_phase,1.0,1.0,1.0,0.0,0.0,1.0,1.0,0.867925,0.765957,0.0,0.353741,0.686567,0.041096,Longevity-LLM v0.1,Longevity-LLM v0.1,NHANES mortality benchmark prompts,NHANES clinical biomarker prompts,1,2,False,1,2
full_2026-07-06__rec_003434,route_c59b92f4cba7,route_9ab0d72dd00d,0.575389,False,False,True,source_modality;lifecycle_phase,1.0,1.0,1.0,0.0,0.0,1.0,1.0,0.344828,0.47619,0.0,0.318841,0.457143,0.27551,Longevity-LLM v0.1,Longevity-LLM v0.1,NHANES mortality benchmark prompts,Clock-coefficient comparison prompts,2,9,False,1,3
full_2026-07-06__rec_003434,route_ed721d150a0f,route_18bdd6a8183d,0.689233,False,True,False,,0.193548,1.0,1.0,1.0,1.0,1.0,1.0,0.727273,0.75,0.0,0.486486,0.313725,0.014085,Qwen3-14B RFT,Longevity-LLM v0.1,Qwen3-14B RFT age prediction,DNAm beta-value prompts,1,2,False,0,2
full_2026-07-06__rec_003434,route_ed721d150a0f,route_b9de6ef00cdb,0.493545,False,False,False,source_modality,0.193548,1.0,1.0,0.0,1.0,1.0,1.0,0.179487,0.25974,0.0,0.342105,0.333333,0.038961,Qwen3-14B RFT,Longevity-LLM v0.1,Qwen3-14B RFT age prediction,Olink protein-generation prompts,3,7,False,0,1
full_2026-07-06__rec_003434,route_ed721d150a0f,route_d7decdb9719d,0.510482,False,False,False,source_modality,0.193548,1.0,1.0,0.0,1.0,1.0,1.0,0.410256,0.188679,0.0,0.271845,0.290909,0.014085,Qwen3-14B RFT,Longevity-LLM v0.1,Qwen3-14B RFT age prediction,GTEx transcriptomic prompts,2,5,False,0,1
full_2026-07-06__rec_003434,route_fd4e086ff649,route_2bf38e178ec3,0.748369,True,False,True,source_modality,1.0,1.0,1.0,0.0,1.0,1.0,1.0,0.77193,0.666667,0.0,0.915254,1.0,0.082707,Longevity-LLM v0.1,Longevity-LLM v0.1,TCGA survival comparison prompts,TCGA survival comparison prompts,1,1,True,2,2
full_2026-07-06__rec_003434,route_fd4e086ff649,route_56c528001309,0.621732,False,False,True,source_modality,1.0,1.0,1.0,0.0,1.0,1.0,1.0,0.310345,0.226415,0.0,0.375,0.491803,0.12844,Longevity-LLM v0.1,Longevity-LLM v0.1,TCGA survival comparison prompts,Multi-mutant lifespan prompts,3,1,False,2,0
full_2026-07-06__rec_003434,route_fd4e086ff649,route_9ab0d72dd00d,0.654395,True,False,True,source_modality,1.0,1.0,1.0,0.0,1.0,1.0,1.0,0.266667,0.666667,0.0,0.318584,0.588235,0.303797,Longevity-LLM v0.1,Longevity-LLM v0.1,TCGA survival comparison prompts,Clock-coefficient comparison prompts,2,3,False,2,3
full_2026-07-06__rec_003517,route_393f301bd046,route_ff0c287e0a54,0.634594,False,False,True,source_modality;fusion_topology,1.0,1.0,1.0,0.0,1.0,0.0,1.0,0.410256,0.807018,0.269841,0.408602,0.575342,0.057325,X-Cell,X-Cell,Tahoe drug MOA gene conditioning,MOA gene perturbation-target conditioning,1,1,False,0,0
full_2026-07-06__rec_003517,route_3da45602dbaf,route_2b4d0b79d9e9,0.467542,False,False,True,carrier_subtype;source_modality;fusion_topology;text_role,1.0,1.0,0.0,0.0,1.0,0.0,0.0,0.192308,0.193548,1.0,0.387097,0.285714,0.074766,X-Cell-Ultra,X-Cell-Ultra,Genome-scale inference on held-out melanocytes,D2 Stim8hr context route,4,1,False,0,0
full_2026-07-06__rec_003517,route_3da45602dbaf,route_4e7ca98b2c81,0.548119,False,False,False,source_modality;fusion_topology,0.666667,1.0,1.0,0.0,1.0,0.0,1.0,0.52381,0.209302,0.0,0.342857,0.246914,0.484848,X-Cell-Ultra,X-Cell,Genome-scale inference on held-out melanocytes,Melanocyte progenitor holdout route,1,1,False,0,0
full_2026-07-06__rec_003517,route_3da45602dbaf,route_610bc0b9c6bb,0.513642,False,False,False,source_modality;fusion_topology,0.666667,1.0,1.0,0.0,1.0,0.0,1.0,0.322581,0.18,0.0,0.31068,0.285714,0.289017,X-Cell-Ultra,X-Cell,Genome-scale inference on held-out melanocytes,Human primary T cells evaluation route,2,1,False,0,0
full_2026-07-06__rec_003517,route_3da45602dbaf,route_8a01f73645e7,0.463378,False,False,True,carrier_subtype;source_modality;fusion_topology;text_role,1.0,1.0,0.0,0.0,1.0,0.0,0.0,0.166667,0.169492,1.0,0.387097,0.328358,0.057692,X-Cell-Ultra,X-Cell-Ultra,Genome-scale inference on held-out melanocytes,D3 Rest context route,6,1,False,0,0
full_2026-07-06__rec_003517,route_3da45602dbaf,route_cb00fd160f0d,0.463378,False,False,True,carrier_subtype;source_modality;fusion_topology;text_role,1.0,1.0,0.0,0.0,1.0,0.0,0.0,0.166667,0.169492,1.0,0.387097,0.328358,0.057692,X-Cell-Ultra,X-Cell-Ultra,Genome-scale inference on held-out melanocytes,D2 Rest context route,7,1,False,0,0
full_2026-07-06__rec_003517,route_3da45602dbaf,route_f278942a47d6,0.467542,False,False,True,carrier_subtype;source_modality;fusion_topology;text_role,1.0,1.0,0.0,0.0,1.0,0.0,0.0,0.192308,0.193548,1.0,0.387097,0.285714,0.074766,X-Cell-Ultra,X-Cell-Ultra,Genome-scale inference on held-out melanocytes,D3 Stim8hr context route,5,1,False,0,0
full_2026-07-06__rec_003517,route_3da45602dbaf,route_f5893401e356,0.51231,False,False,False,source_modality;fusion_topology,0.666667,1.0,1.0,0.0,1.0,0.0,1.0,0.222222,0.32967,0.0,0.350282,0.373333,0.179641,X-Cell-Ultra,X-Cell,Genome-scale inference on held-out melanocytes,Tahoe subset evaluation route,3,1,False,0,0
full_2026-07-06__rec_003517,route_49783aa67510,route_4481082b958d,0.463888,False,False,True,carrier_family;carrier_subtype;source_modality;fusion_topology,1.0,0.0,0.0,0.0,1.0,0.0,1.0,0.590164,0.3125,0.611825,0.709677,0.641975,0.590551,X-Cell,X-Cell,Control cell populations to diffusion transformer,Control cell set diffusion input,1,7,False,0,1
full_2026-07-06__rec_003517,route_68d4c28cf5de,route_4949b4e43333,0.705094,True,False,True,source_modality,1.0,1.0,1.0,0.0,1.0,1.0,1.0,0.4,0.518519,0.352201,0.860759,0.472727,0.223108,X-Cell,X-Cell,GenePT text embeddings,DepMap dependency embedding route,3,5,False,3,5
full_2026-07-06__rec_003517,route_68d4c28cf5de,route_51803f2831b6,0.605211,False,False,True,source_modality;lifecycle_phase,1.0,1.0,1.0,0.0,0.0,1.0,1.0,0.346667,0.555556,0.361111,0.392857,0.237288,0.317073,X-Cell,X-Cell,GenePT text embeddings,Parse-1M ligand cross-attention route,5,2,False,3,0
full_2026-07-06__rec_003517,route_68d4c28cf5de,route_87d509a9589c,0.910161,True,True,True,,1.0,1.0,1.0,1.0,1.0,1.0,1.0,1.0,0.553191,0.4,0.860759,0.68,1.0,X-Cell,X-Cell,GenePT text embeddings,GenePT prior embedding route,1,1,True,3,5
full_2026-07-06__rec_003517,route_68d4c28cf5de,route_923c186d7d07,0.716406,True,False,True,source_modality,1.0,1.0,1.0,0.0,1.0,1.0,1.0,0.352941,0.6,0.465116,0.860759,0.535714,0.259649,X-Cell,X-Cell,GenePT text embeddings,STRING interaction embedding route,2,3,False,3,4
full_2026-07-06__rec_003517,route_728635f2bbb1,route_3df5842842fc,0.450589,False,False,True,source_modality;lifecycle_phase;fusion_topology;text_role,1.0,1.0,1.0,0.0,0.0,0.0,0.0,0.393939,0.285714,0.161616,0.293333,0.228571,0.011976,X-Cell,X-Cell,STRING interaction embeddings,Control transcriptome drug-response input,12,3,False,3,0
full_2026-07-06__rec_003517,route_728635f2bbb1,route_4ce86e93e133,0.570212,False,False,True,carrier_subtype;source_modality,1.0,1.0,0.0,0.0,1.0,1.0,1.0,0.276596,0.64,0.25,0.208696,0.43038,0.28436,X-Cell,X-Cell,STRING interaction embeddings,JUMP Cell Painting batch-corrected embedding route,8,3,False,3,0
full_2026-07-06__rec_003517,route_728635f2bbb1,route_4d04bd23e2d1,0.746933,True,False,True,source_modality,1.0,1.0,1.0,0.0,1.0,1.0,1.0,0.552632,0.653061,0.4,0.860759,0.5,0.471616,X-Cell,X-Cell,STRING interaction embeddings,ESM-2 prior embedding route,2,2,False,3,4
full_2026-07-06__rec_003517,route_728635f2bbb1,route_51803f2831b6,0.613713,False,False,True,source_modality;lifecycle_phase,1.0,1.0,1.0,0.0,0.0,1.0,1.0,0.38806,0.555556,0.396552,0.392857,0.30303,0.294118,X-Cell,X-Cell,STRING interaction embeddings,Parse-1M ligand cross-attention route,6,1,False,3,0
full_2026-07-06__rec_003517,route_728635f2bbb1,route_87d509a9589c,0.693338,True,False,True,source_modality,1.0,1.0,1.0,0.0,1.0,1.0,1.0,0.205128,0.553191,0.43299,0.860759,0.491228,0.297872,X-Cell,X-Cell,STRING interaction embeddings,GenePT prior embedding route,3,6,False,3,5
full_2026-07-06__rec_003517,route_728635f2bbb1,route_923c186d7d07,0.831135,True,False,True,source_modality,1.0,1.0,1.0,0.0,1.0,1.0,1.0,0.909091,0.6,0.583333,0.860759,0.888889,0.987654,X-Cell,X-Cell,STRING interaction embeddings,STRING interaction embedding route,1,1,True,3,4
full_2026-07-06__rec_003517,route_728635f2bbb1,route_a038366bc0a1,0.520164,False,False,True,source_modality;lifecycle_phase;text_role,1.0,1.0,1.0,0.0,0.0,1.0,0.0,0.328767,0.294737,0.200873,0.301887,0.290909,0.304933,X-Cell,X-Cell,STRING interaction embeddings,Parse-1M fine-tuning route,10,2,False,3,0
full_2026-07-06__rec_003517,route_739c039eec6c,route_031891f72cba,0.550368,False,False,True,source_modality;lifecycle_phase;text_role,1.0,1.0,1.0,0.0,0.0,1.0,0.0,0.478873,0.345679,0.284314,0.351351,0.338462,0.277056,X-Cell,X-Cell,DepMap gene-dependency embeddings,Replogle-Nadig fine-tuning route,9,1,False,3,0
full_2026-07-06__rec_003517,route_739c039eec6c,route_4949b4e43333,0.826794,True,False,True,source_modality,1.0,1.0,1.0,0.0,1.0,1.0,1.0,1.0,0.518519,0.48,0.860759,0.818182,0.982857,X-Cell,X-Cell,DepMap gene-dependency embeddings,DepMap dependency embedding route,1,1,True,3,5
full_2026-07-06__rec_003517,route_739c039eec6c,route_4d04bd23e2d1,0.699629,True,False,True,source_modality,1.0,1.0,1.0,0.0,1.0,1.0,1.0,0.282051,0.653061,0.283582,0.860759,0.4,0.379487,X-Cell,X-Cell,DepMap gene-dependency embeddings,ESM-2 prior embedding route,3,5,False,3,4
full_2026-07-06__rec_003517,route_739c039eec6c,route_87d509a9589c,0.702957,True,False,True,source_modality,1.0,1.0,1.0,0.0,1.0,1.0,1.0,0.4,0.553191,0.258621,0.860759,0.52459,0.233871,X-Cell,X-Cell,DepMap gene-dependency embeddings,GenePT prior embedding route,2,4,False,3,5
full_2026-07-06__rec_003517,route_739c039eec6c,route_a038366bc0a1,0.52148,False,False,True,source_modality;lifecycle_phase;text_role,1.0,1.0,1.0,0.0,0.0,1.0,0.0,0.266667,0.294737,0.274194,0.301887,0.338983,0.359788,X-Cell,X-Cell,DepMap gene-dependency embeddings,Parse-1M fine-tuning route,10,1,False,3,0
full_2026-07-06__rec_003517,route_739c039eec6c,route_f8ea4976270b,0.624512,False,False,True,carrier_subtype;source_modality,1.0,1.0,0.0,0.0,1.0,1.0,1.0,0.444444,0.489796,0.397661,0.860759,0.235294,0.473988,X-Cell,X-Cell,DepMap gene-dependency embeddings,JUMP Cell Painting morphology route,5,2,False,3,1
full_2026-07-06__rec_003517,route_7ce90c07fab5,route_4e7ca98b2c81,0.452194,False,False,False,source_modality;lifecycle_phase;fusion_topology,0.666667,1.0,1.0,0.0,0.0,0.0,1.0,0.3,0.313725,0.0,0.369565,0.255319,0.285714,X-Cell-Ultra,X-Cell,X-Cell-Ultra,Melanocyte progenitor holdout route,3,2,False,0,0
full_2026-07-06__rec_003517,route_7ce90c07fab5,route_a11110cf2aec,0.580381,False,False,True,carrier_subtype;source_modality;fusion_topology,1.0,1.0,0.0,0.0,1.0,0.0,1.0,1.0,0.226415,0.0,0.444444,0.444444,0.724409,X-Cell-Ultra,X-Cell-Ultra,X-Cell-Ultra,X-Cell-Ultra pretraining on X-Atlas/Pisces,1,1,False,0,0
full_2026-07-06__rec_003517,route_7ce90c07fab5,route_f5893401e356,0.466658,False,False,False,source_modality;lifecycle_phase;fusion_topology,0.666667,1.0,1.0,0.0,0.0,0.0,1.0,0.422222,0.357143,0.0,0.280488,0.292683,0.288,X-Cell-Ultra,X-Cell,X-Cell-Ultra,Tahoe subset evaluation route,2,2,False,0,0
full_2026-07-06__rec_003517,route_90af6fea4a1f,route_4481082b958d,0.584484,False,False,True,source_modality;text_role,1.0,1.0,1.0,0.0,1.0,1.0,0.0,0.333333,0.242991,0.328767,0.209302,0.178571,0.215962,X-Cell,X-Cell,ESM-2 protein embeddings,Control cell set diffusion input,7,2,False,3,1
full_2026-07-06__rec_003517,route_90af6fea4a1f,route_4949b4e43333,0.714053,True,False,True,source_modality,1.0,1.0,1.0,0.0,1.0,1.0,1.0,0.37037,0.518519,0.391892,0.860759,0.561404,0.4,X-Cell,X-Cell,ESM-2 protein embeddings,DepMap dependency embedding route,3,4,False,3,5
full_2026-07-06__rec_003517,route_90af6fea4a1f,route_4d04bd23e2d1,0.791161,True,False,True,source_modality,1.0,1.0,1.0,0.0,1.0,1.0,1.0,0.586207,0.653061,0.651515,0.860759,0.745098,0.852632,X-Cell,X-Cell,ESM-2 protein embeddings,ESM-2 prior embedding route,1,1,True,3,4
full_2026-07-06__rec_003517,route_90af6fea4a1f,route_51803f2831b6,0.603858,False,False,True,source_modality;lifecycle_phase,1.0,1.0,1.0,0.0,0.0,1.0,1.0,0.204082,0.555556,0.451128,0.392857,0.393443,0.436364,X-Cell,X-Cell,ESM-2 protein embeddings,Parse-1M ligand cross-attention route,6,3,False,3,0
full_2026-07-06__rec_003517,route_90af6fea4a1f,route_923c186d7d07,0.73227,True,False,True,source_modality,1.0,1.0,1.0,0.0,1.0,1.0,1.0,0.40678,0.6,0.47205,0.860759,0.551724,0.470588,X-Cell,X-Cell,ESM-2 protein embeddings,STRING interaction embedding route,2,2,False,3,4
full_2026-07-06__rec_003517,route_90af6fea4a1f,route_a038366bc0a1,0.516651,False,False,True,source_modality;lifecycle_phase;text_role,1.0,1.0,1.0,0.0,0.0,1.0,0.0,0.254545,0.294737,0.211382,0.301887,0.36,0.369565,X-Cell,X-Cell,ESM-2 protein embeddings,Parse-1M fine-tuning route,10,3,False,3,0
full_2026-07-06__rec_003517,route_90af6fea4a1f,route_d2c0253519a7,0.503046,False,False,True,source_modality;fusion_topology;text_role,1.0,1.0,1.0,0.0,1.0,0.0,0.0,0.294118,0.25,0.0,0.306452,0.208333,0.216981,X-Cell,X-Cell,ESM-2 protein embeddings,HEK293T evaluation input,11,3,False,3,0
full_2026-07-06__rec_003517,route_b40627bd002c,route_031891f72cba,0.540845,False,False,True,source_modality;lifecycle_phase;text_role,1.0,1.0,1.0,0.0,0.0,1.0,0.0,0.433333,0.345679,0.232143,0.351351,0.333333,0.270742,X-Cell,X-Cell,JUMP Cell Painting morphology embeddings,Replogle-Nadig fine-tuning route,9,2,False,4,0
full_2026-07-06__rec_003517,route_b40627bd002c,route_35251c451da2,0.452387,False,False,True,source_modality;lifecycle_phase;fusion_topology;text_role,1.0,1.0,1.0,0.0,0.0,0.0,0.0,0.5,0.25,0.0,0.194444,0.163934,0.256158,X-Cell,X-Cell,JUMP Cell Painting morphology embeddings,iPSC evaluation input,13,2,False,4,0
full_2026-07-06__rec_003517,route_b40627bd002c,route_4481082b958d,0.582497,False,False,True,source_modality;text_role,1.0,1.0,1.0,0.0,1.0,1.0,0.0,0.285714,0.242991,0.33195,0.209302,0.25,0.25,X-Cell,X-Cell,JUMP Cell Painting morphology embeddings,Control cell set diffusion input,8,3,False,4,1
full_2026-07-06__rec_003517,route_b40627bd002c,route_4949b4e43333,0.730654,True,False,True,source_modality,1.0,1.0,1.0,0.0,1.0,1.0,1.0,0.539683,0.518519,0.341176,0.860759,0.410959,0.508671,X-Cell,X-Cell,JUMP Cell Painting morphology embeddings,DepMap dependency embedding route,2,2,False,4,5
full_2026-07-06__rec_003517,route_b40627bd002c,route_4ce86e93e133,0.62232,False,False,True,carrier_subtype;source_modality,1.0,1.0,0.0,0.0,1.0,1.0,1.0,0.541176,0.64,0.344371,0.208696,0.688889,0.434286,X-Cell,X-Cell,JUMP Cell Painting morphology embeddings,JUMP Cell Painting batch-corrected embedding route,6,1,False,4,0
full_2026-07-06__rec_003517,route_b40627bd002c,route_87d509a9589c,0.703327,True,False,True,source_modality,1.0,1.0,1.0,0.0,1.0,1.0,1.0,0.347826,0.553191,0.338235,0.860759,0.470588,0.300813,X-Cell,X-Cell,JUMP Cell Painting morphology embeddings,GenePT prior embedding route,5,3,False,4,5
full_2026-07-06__rec_003517,route_b40627bd002c,route_923c186d7d07,0.712382,True,False,True,source_modality,1.0,1.0,1.0,0.0,1.0,1.0,1.0,0.264706,0.6,0.469945,0.860759,0.432432,0.492754,X-Cell,X-Cell,JUMP Cell Painting morphology embeddings,STRING interaction embedding route,3,4,False,4,4
full_2026-07-06__rec_003517,route_b40627bd002c,route_af4e8d16f2af,0.451743,False,False,True,source_modality;lifecycle_phase;fusion_topology;text_role,1.0,1.0,1.0,0.0,0.0,0.0,0.0,0.45,0.25,0.0,0.282353,0.163934,0.280193,X-Cell,X-Cell,JUMP Cell Painting morphology embeddings,K562 evaluation input,14,2,False,4,0
full_2026-07-06__rec_003517,route_b40627bd002c,route_d2c0253519a7,0.513324,False,False,True,source_modality;fusion_topology;text_role,1.0,1.0,1.0,0.0,1.0,0.0,0.0,0.418605,0.25,0.0,0.306452,0.15625,0.139535,X-Cell,X-Cell,JUMP Cell Painting morphology embeddings,HEK293T evaluation input,10,2,False,4,0
full_2026-07-06__rec_003517,route_b40627bd002c,route_f5d7c77286d0,0.457295,False,False,True,source_modality;lifecycle_phase;fusion_topology;text_role,1.0,1.0,1.0,0.0,0.0,0.0,0.0,0.487805,0.25,0.0,0.246575,0.16129,0.352273,X-Cell,X-Cell,JUMP Cell Painting morphology embeddings,HepG2 evaluation input,12,2,False,4,0
full_2026-07-06__rec_003517,route_b40627bd002c,route_f8ea4976270b,0.741736,True,False,True,carrier_subtype;source_modality,1.0,1.0,0.0,0.0,1.0,1.0,1.0,1.0,0.489796,0.575916,0.860759,0.826667,0.982456,X-Cell,X-Cell,JUMP Cell Painting morphology embeddings,JUMP Cell Painting morphology route,1,1,True,4,1
full_2026-07-06__rec_003517,route_bb86d99483a9,route_3df5842842fc,0.557623,False,False,True,source_modality;fusion_topology;text_role,1.0,1.0,1.0,0.0,1.0,0.0,0.0,0.612903,0.125874,0.513514,0.247423,0.185567,0.034483,X-Cell,X-Cell,Zero-shot inference of T cell inactivating perturbations,Control transcriptome drug-response input,1,1,False,0,0
full_2026-07-06__rec_003517,route_bb86d99483a9,route_51803f2831b6,0.454961,False,False,True,source_modality;lifecycle_phase;fusion_topology;text_role,1.0,1.0,1.0,0.0,0.0,0.0,0.0,0.380952,0.184397,0.21978,0.19403,0.236559,0.353909,X-Cell,X-Cell,Zero-shot inference of T cell inactivating perturbations,Parse-1M ligand cross-attention route,2,8,False,0,0
full_2026-07-06__rec_003517,route_bb86d99483a9,route_923c186d7d07,0.452139,False,False,True,source_modality;lifecycle_phase;fusion_topology;text_role,1.0,1.0,1.0,0.0,0.0,0.0,0.0,0.273973,0.131387,0.352941,0.217822,0.333333,0.361702,X-Cell,X-Cell,Zero-shot inference of T cell inactivating perturbations,STRING interaction embedding route,3,7,False,0,4
full_2026-07-06__rec_003517,route_e73269ddf907,route_51803f2831b6,0.477886,False,False,True,carrier_family;carrier_subtype;source_modality;text_role,1.0,0.0,0.0,0.0,1.0,1.0,0.0,0.638889,0.470588,0.345679,0.471545,0.707692,0.981818,X-Cell,X-Cell,Parse-1M ligand conditioning,Parse-1M ligand cross-attention route,3,7,False,0,0
full_2026-07-06__rec_003517,route_e73269ddf907,route_a11110cf2aec,0.496935,False,False,False,source_modality;lifecycle_phase;text_role,0.666667,1.0,1.0,0.0,0.0,1.0,0.0,0.358974,0.533333,0.345455,0.268041,0.2,0.156863,X-Cell,X-Cell-Ultra,Parse-1M ligand conditioning,X-Cell-Ultra pretraining on X-Atlas/Pisces,2,2,False,0,0
full_2026-07-06__rec_003517,route_e73269ddf907,route_ff0c287e0a54,0.509291,False,False,True,source_modality;lifecycle_phase;fusion_topology,1.0,1.0,1.0,0.0,0.0,0.0,1.0,0.25,0.318841,0.309859,0.348837,0.492754,0.076433,X-Cell,X-Cell,Parse-1M ligand conditioning,MOA gene perturbation-target conditioning,1,2,False,0,0
full_2026-07-06__rec_003517,route_f94d7bb47581,route_031891f72cba,0.53487,False,False,True,source_modality;lifecycle_phase;text_role,1.0,1.0,1.0,0.0,0.0,1.0,0.0,0.34375,0.345679,0.294118,0.351351,0.351351,0.268156,X-Cell,X-Cell,Gene identity embedding prior conditioning,Replogle-Nadig fine-tuning route,10,3,False,4,0
full_2026-07-06__rec_003517,route_f94d7bb47581,route_35251c451da2,0.502092,False,False,True,lifecycle_phase;fusion_topology;text_role,1.0,1.0,1.0,1.0,0.0,0.0,0.0,0.136364,0.25,0.0,0.194444,0.285714,0.248366,X-Cell,X-Cell,Gene identity embedding prior conditioning,iPSC evaluation input,15,1,False,4,0
full_2026-07-06__rec_003517,route_f94d7bb47581,route_3df5842842fc,0.512861,False,False,True,lifecycle_phase;fusion_topology;text_role,1.0,1.0,1.0,1.0,0.0,0.0,0.0,0.196721,0.285714,0.118644,0.293333,0.192771,0.0125,X-Cell,X-Cell,Gene identity embedding prior conditioning,Control transcriptome drug-response input,11,2,False,4,0
full_2026-07-06__rec_003517,route_f94d7bb47581,route_4481082b958d,0.669066,True,True,True,text_role,1.0,1.0,1.0,1.0,1.0,1.0,0.0,0.238806,0.242991,0.352941,0.209302,0.27027,0.253012,X-Cell,X-Cell,Gene identity embedding prior conditioning,Control cell set diffusion input,5,1,False,4,1
full_2026-07-06__rec_003517,route_f94d7bb47581,route_4949b4e43333,0.717991,True,False,True,source_modality,1.0,1.0,1.0,0.0,1.0,1.0,1.0,0.41791,0.518519,0.44,0.860759,0.533333,0.292683,X-Cell,X-Cell,Gene identity embedding prior conditioning,DepMap dependency embedding route,1,3,False,4,5
full_2026-07-06__rec_003517,route_f94d7bb47581,route_4ce86e93e133,0.589078,False,False,True,carrier_subtype;source_modality,1.0,1.0,0.0,0.0,1.0,1.0,1.0,0.404494,0.64,0.259542,0.208696,0.456522,0.336,X-Cell,X-Cell,Gene identity embedding prior conditioning,JUMP Cell Painting batch-corrected embedding route,7,2,False,4,0
full_2026-07-06__rec_003517,route_f94d7bb47581,route_4d04bd23e2d1,0.716391,True,False,True,source_modality,1.0,1.0,1.0,0.0,1.0,1.0,1.0,0.366197,0.653061,0.38806,0.860759,0.492754,0.293706,X-Cell,X-Cell,Gene identity embedding prior conditioning,ESM-2 prior embedding route,2,3,False,4,4
full_2026-07-06__rec_003517,route_f94d7bb47581,route_87d509a9589c,0.707158,True,False,True,source_modality,1.0,1.0,1.0,0.0,1.0,1.0,1.0,0.356164,0.553191,0.396552,0.860759,0.571429,0.193878,X-Cell,X-Cell,Gene identity embedding prior conditioning,GenePT prior embedding route,3,2,False,4,5
full_2026-07-06__rec_003517,route_f94d7bb47581,route_af4e8d16f2af,0.504263,False,False,True,lifecycle_phase;fusion_topology;text_role,1.0,1.0,1.0,1.0,0.0,0.0,0.0,0.136364,0.25,0.0,0.282353,0.253968,0.216561,X-Cell,X-Cell,Gene identity embedding prior conditioning,K562 evaluation input,14,1,False,4,0
full_2026-07-06__rec_003517,route_f94d7bb47581,route_d2c0253519a7,0.574505,False,True,True,fusion_topology;text_role,1.0,1.0,1.0,1.0,1.0,0.0,0.0,0.12766,0.25,0.0,0.306452,0.30303,0.181818,X-Cell,X-Cell,Gene identity embedding prior conditioning,HEK293T evaluation input,9,1,False,4,0
full_2026-07-06__rec_003517,route_f94d7bb47581,route_f5d7c77286d0,0.511028,False,False,True,lifecycle_phase;fusion_topology;text_role,1.0,1.0,1.0,1.0,0.0,0.0,0.0,0.177778,0.25,0.0,0.246575,0.28125,0.285714,X-Cell,X-Cell,Gene identity embedding prior conditioning,HepG2 evaluation input,12,1,False,4,0
full_2026-07-06__rec_003517,route_f94d7bb47581,route_f8ea4976270b,0.622358,False,False,True,carrier_subtype;source_modality,1.0,1.0,0.0,0.0,1.0,1.0,1.0,0.428571,0.489796,0.421053,0.860759,0.363636,0.330579,X-Cell,X-Cell,Gene identity embedding prior conditioning,JUMP Cell Painting morphology route,6,3,False,4,1
full_2026-07-06__rec_003629,route_2293c30d1658,route_1306d62b8271,0.502941,False,False,True,source_modality;lifecycle_phase;text_role,1.0,1.0,1.0,0.0,0.0,1.0,0.0,0.237288,0.214286,0.292994,0.358209,0.282051,0.064632,GEMGen,GEMGen,compound-phenotype matching task,KEAP1 CRISPR perturbation signature generation,4,2,False,2,0
full_2026-07-06__rec_003629,route_2293c30d1658,route_26eb3d665aaa,0.498407,False,False,True,carrier_subtype;source_modality;text_role,1.0,1.0,0.0,0.0,1.0,1.0,0.0,0.172414,0.354286,0.268817,0.547945,0.415584,0.105882,GEMGen,GEMGen,compound-phenotype matching task,"Phenotype-guided compound generation, Phase II",5,2,False,2,1
full_2026-07-06__rec_003629,route_2293c30d1658,route_7c652f603a0e,0.804937,True,False,True,source_modality,1.0,1.0,1.0,0.0,1.0,1.0,1.0,0.978723,0.810811,0.243243,1.0,0.882353,0.180905,GEMGen,GEMGen,compound-phenotype matching task,"Compound-phenotype matching, Phase II",2,1,False,2,1
full_2026-07-06__rec_003629,route_2293c30d1658,route_9ace8021aa2c,0.542355,False,False,True,carrier_subtype;source_modality;text_role,1.0,1.0,0.0,0.0,1.0,1.0,0.0,0.432432,0.354286,0.318584,0.547945,0.421053,0.333333,GEMGen,GEMGen,compound-phenotype matching task,"Phenotype-guided compound generation, Phase I",3,2,False,2,1
full_2026-07-06__rec_003629,route_2293c30d1658,route_f1d270cc5d39,0.842201,True,False,True,source_modality,1.0,1.0,1.0,0.0,1.0,1.0,1.0,0.978723,0.810811,0.301887,1.0,0.895522,1.0,GEMGen,GEMGen,compound-phenotype matching task,"Compound-phenotype matching, Phase I",1,1,True,2,1
full_2026-07-06__rec_003629,route_27c56258c389,route_1306d62b8271,0.456153,False,False,True,source_modality;lifecycle_phase;fusion_topology;text_role,1.0,1.0,1.0,0.0,0.0,0.0,0.0,0.218182,0.366667,0.366667,0.231579,0.469136,0.074627,GEMGen,GEMGen,gene description instruction tuning,KEAP1 CRISPR perturbation signature generation,3,3,False,0,0
full_2026-07-06__rec_003629,route_27c56258c389,route_7c652f603a0e,0.569225,False,False,True,source_modality;fusion_topology,1.0,1.0,1.0,0.0,1.0,0.0,1.0,0.232558,0.5,0.244898,0.065217,0.225352,0.228856,GEMGen,GEMGen,gene description instruction tuning,"Compound-phenotype matching, Phase II",2,3,False,0,1
full_2026-07-06__rec_003629,route_27c56258c389,route_f1d270cc5d39,0.573408,False,False,True,source_modality;fusion_topology,1.0,1.0,1.0,0.0,1.0,0.0,1.0,0.232558,0.5,0.348936,0.065217,0.228571,0.148936,GEMGen,GEMGen,gene description instruction tuning,"Compound-phenotype matching, Phase I",1,3,False,0,1
full_2026-07-06__rec_003629,route_31c5370c5f75,route_1306d62b8271,0.541347,False,False,True,source_modality;fusion_topology;text_role,1.0,1.0,1.0,0.0,1.0,0.0,0.0,0.519481,0.298246,0.242718,0.188679,0.32967,0.045455,GEMGen,GEMGen,cross-dataset transcriptomic prompt embedding,KEAP1 CRISPR perturbation signature generation,1,1,False,0,0
full_2026-07-06__rec_003629,route_31c5370c5f75,route_500d73af64a6,0.457156,False,False,True,carrier_subtype;source_modality;fusion_topology;text_role,1.0,1.0,0.0,0.0,1.0,0.0,0.0,0.597403,0.305085,0.23431,0.176871,0.159292,0.10219,GEMGen,GEMGen,cross-dataset transcriptomic prompt embedding,"Phenotype-guided compound generation, L1000 novel compound evaluation",5,2,False,0,1
full_2026-07-06__rec_003629,route_31c5370c5f75,route_7c652f603a0e,0.468782,False,False,True,source_modality;lifecycle_phase;fusion_topology;text_role,1.0,1.0,1.0,0.0,0.0,0.0,0.0,0.369231,0.306667,0.361624,0.217949,0.271605,0.216216,GEMGen,GEMGen,cross-dataset transcriptomic prompt embedding,"Compound-phenotype matching, Phase II",2,5,False,0,1
full_2026-07-06__rec_003629,route_31c5370c5f75,route_cf88b829ce2c,0.463451,False,False,True,carrier_subtype;source_modality;fusion_topology;text_role,1.0,1.0,0.0,0.0,1.0,0.0,0.0,0.482759,0.305085,0.370044,0.183007,0.305882,0.248366,GEMGen,GEMGen,cross-dataset transcriptomic prompt embedding,Genetic perturbation compound generation,4,2,False,0,1
full_2026-07-06__rec_003629,route_31c5370c5f75,route_f1d270cc5d39,0.465466,False,False,True,source_modality;lifecycle_phase;fusion_topology;text_role,1.0,1.0,1.0,0.0,0.0,0.0,0.0,0.369231,0.306667,0.314176,0.217949,0.25,0.232558,GEMGen,GEMGen,cross-dataset transcriptomic prompt embedding,"Compound-phenotype matching, Phase I",3,5,False,0,1
full_2026-07-06__rec_003629,route_f3520288a5e5,route_7c652f603a0e,0.596671,False,False,True,source_modality;fusion_topology,1.0,1.0,1.0,0.0,1.0,0.0,1.0,0.363636,0.5,0.220472,0.28866,0.289474,0.237113,GEMGen,GEMGen,cell type description instruction tuning,"Compound-phenotype matching, Phase II",2,2,False,0,1
full_2026-07-06__rec_003629,route_f3520288a5e5,route_f1d270cc5d39,0.598891,False,False,True,source_modality;fusion_topology,1.0,1.0,1.0,0.0,1.0,0.0,1.0,0.363636,0.5,0.278689,0.28866,0.293333,0.187845,GEMGen,GEMGen,cell type description instruction tuning,"Compound-phenotype matching, Phase I",1,2,False,0,1
full_2026-07-06__rec_003629,route_f7b6998f7adc,route_26eb3d665aaa,0.756317,True,True,True,fusion_topology;text_role,1.0,1.0,1.0,1.0,1.0,0.0,0.0,0.714286,0.529032,0.630137,1.0,0.714286,0.200803,GEMGen,GEMGen,phenotype-guided compound generation from transcriptomic signatures,"Phenotype-guided compound generation, Phase II",1,1,True,6,1
full_2026-07-06__rec_003629,route_f7b6998f7adc,route_2c6e23e7d686,0.674724,True,False,True,lifecycle_phase;text_role,1.0,1.0,1.0,1.0,0.0,1.0,0.0,0.637681,0.529032,0.324786,0.302326,0.552381,0.168675,GEMGen,GEMGen,phenotype-guided compound generation from transcriptomic signatures,Fibrosis phenotype compound generation,4,1,False,6,1
full_2026-07-06__rec_003629,route_f7b6998f7adc,route_500d73af64a6,0.651787,True,False,True,lifecycle_phase;text_role,1.0,1.0,1.0,1.0,0.0,1.0,0.0,0.253521,0.529032,0.430493,0.5,0.637037,0.252174,GEMGen,GEMGen,phenotype-guided compound generation from transcriptomic signatures,"Phenotype-guided compound generation, L1000 novel compound evaluation",6,1,False,6,1
full_2026-07-06__rec_003629,route_f7b6998f7adc,route_9ace8021aa2c,0.710916,True,True,True,fusion_topology;text_role,1.0,1.0,1.0,1.0,1.0,0.0,0.0,0.465116,0.529032,0.409266,1.0,0.702703,0.208494,GEMGen,GEMGen,phenotype-guided compound generation from transcriptomic signatures,"Phenotype-guided compound generation, Phase I",2,1,False,6,1
full_2026-07-06__rec_003629,route_f7b6998f7adc,route_be93bab9a08c,0.66188,True,False,True,lifecycle_phase;text_role,1.0,1.0,1.0,1.0,0.0,1.0,0.0,0.485714,0.529032,0.222222,0.461538,0.624113,0.230159,GEMGen,GEMGen,phenotype-guided compound generation from transcriptomic signatures,"Phenotype-guided compound generation, Tahoe-100M novel condition evaluation",5,1,False,6,1
full_2026-07-06__rec_003629,route_f7b6998f7adc,route_cf88b829ce2c,0.681479,True,False,True,lifecycle_phase;text_role,1.0,1.0,1.0,1.0,0.0,1.0,0.0,0.617284,0.529032,0.407583,0.371429,0.504673,0.203252,GEMGen,GEMGen,phenotype-guided compound generation from transcriptomic signatures,Genetic perturbation compound generation,3,1,False,6,1
full_2026-07-06__rec_003852,route_045c2cf63d26,route_9a9d1cbd25a1,0.633739,False,False,True,source_modality;lifecycle_phase,1.0,1.0,1.0,0.0,0.0,1.0,1.0,0.5,0.813559,0.43871,0.295455,0.328358,0.036419,MUPAD,MUPAD,RNA-image pair pretraining,spatial transcriptomics to H&E generation,3,3,False,2,2
full_2026-07-06__rec_003852,route_045c2cf63d26,route_af3e8857f978,0.857062,True,False,True,source_modality,1.0,1.0,1.0,0.0,1.0,1.0,1.0,0.97561,1.0,0.917749,0.833333,0.705882,0.322581,MUPAD,MUPAD,RNA-image pair pretraining,RNA-histology pretraining,1,1,True,2,2
full_2026-07-06__rec_003852,route_045c2cf63d26,route_f61e030abbe9,0.699536,True,False,True,source_modality;lifecycle_phase,1.0,1.0,1.0,0.0,0.0,1.0,1.0,0.97561,1.0,0.0,0.470588,0.612245,0.264151,MUPAD,MUPAD,RNA-image pair pretraining,RNA-to-image generation,2,2,False,2,3
full_2026-07-06__rec_003852,route_19b0c4c308e6,route_9ee52b4bb668,0.509799,False,False,True,carrier_subtype;source_modality;lifecycle_phase;fusion_topology,1.0,1.0,0.0,0.0,0.0,0.0,1.0,0.947368,0.561404,0.305085,0.191781,0.487805,0.030928,MUPAD,MUPAD,H&E-to-IHC translation,H&E to mIF translation - semantic cross-attention conditioning,3,4,False,1,1
full_2026-07-06__rec_003852,route_19b0c4c308e6,route_b3ac28847b13,0.693039,True,False,True,source_modality;lifecycle_phase;fusion_topology,1.0,1.0,1.0,0.0,0.0,0.0,1.0,0.72,0.888889,0.88,1.0,1.0,0.070423,MUPAD,MUPAD,H&E-to-IHC translation,H&E to IHC translation,1,1,True,1,1
full_2026-07-06__rec_003852,route_19b0c4c308e6,route_c111c265cad5,0.589084,False,False,True,source_modality;lifecycle_phase;fusion_topology,1.0,1.0,1.0,0.0,0.0,0.0,1.0,0.947368,0.377358,0.316547,0.191781,0.533333,0.030928,MUPAD,MUPAD,H&E-to-IHC translation,H&E to mIF translation - structural latent conditioning,2,2,False,1,1
full_2026-07-06__rec_003852,route_4e8f6734dde3,route_9a9d1cbd25a1,0.737704,True,False,True,source_modality,1.0,1.0,1.0,0.0,1.0,1.0,1.0,0.465116,0.813559,0.819277,0.458333,0.441558,0.035714,MUPAD,MUPAD,RNA-conditioned histology generation,spatial transcriptomics to H&E generation,2,2,False,3,2
full_2026-07-06__rec_003852,route_4e8f6734dde3,route_9ee52b4bb668,0.547671,False,False,True,carrier_subtype;source_modality,1.0,1.0,0.0,0.0,1.0,1.0,1.0,0.190476,0.387097,0.372093,0.4375,0.3125,0.010526,MUPAD,MUPAD,RNA-conditioned histology generation,H&E to mIF translation - semantic cross-attention conditioning,4,2,False,3,1
full_2026-07-06__rec_003852,route_4e8f6734dde3,route_af3e8857f978,0.700832,True,False,True,source_modality;lifecycle_phase,1.0,1.0,1.0,0.0,0.0,1.0,1.0,0.6875,1.0,0.427673,0.441176,0.622951,0.441176,MUPAD,MUPAD,RNA-conditioned histology generation,RNA-histology pretraining,3,2,False,3,2
full_2026-07-06__rec_003852,route_4e8f6734dde3,route_f61e030abbe9,0.75572,True,False,True,source_modality,1.0,1.0,1.0,0.0,1.0,1.0,1.0,0.6875,1.0,0.0,0.610169,0.610169,0.610169,MUPAD,MUPAD,RNA-conditioned histology generation,RNA-to-image generation,1,1,True,3,3
full_2026-07-06__rec_003852,route_5438e8422d2c,route_29724342cf05,0.458206,False,False,True,carrier_family;carrier_subtype;source_modality,1.0,0.0,0.0,0.0,1.0,1.0,1.0,0.625,0.285714,0.337349,0.298507,0.444444,0.033333,MUPAD,MUPAD,Image-to-image generation,fresh frozen to FFPE image translation,2,2,False,0,1
full_2026-07-06__rec_003852,route_5438e8422d2c,route_94c33410fd8a,0.61431,False,False,True,source_modality;fusion_topology,1.0,1.0,1.0,0.0,1.0,0.0,1.0,0.432432,0.625,0.0,0.253968,1.0,0.149254,MUPAD,MUPAD,Image-to-image generation,image-to-image generation,1,1,False,0,0
full_2026-07-06__rec_003852,route_5438e8422d2c,route_b3ac28847b13,0.454942,False,False,True,carrier_family;carrier_subtype;source_modality,1.0,0.0,0.0,0.0,1.0,1.0,1.0,0.540541,0.26087,0.366667,0.361446,0.553191,0.037037,MUPAD,MUPAD,Image-to-image generation,H&E to IHC translation,3,6,False,0,1
full_2026-07-06__rec_003852,route_6a7edbd05000,route_a5983a60a443,0.729744,True,False,True,lifecycle_phase,1.0,1.0,1.0,1.0,0.0,1.0,1.0,0.708333,0.619048,0.0,0.25,0.610169,0.515152,MUPAD,MUPAD,FF-to-FFPE domain prompt,FF-to-FFPE text prompt conditioning,1,1,True,1,1
full_2026-07-06__rec_003852,route_6f01af4aaf8e,route_a5983a60a443,0.457537,False,False,True,carrier_subtype;lifecycle_phase;fusion_topology;text_role,1.0,1.0,0.0,1.0,0.0,0.0,0.0,0.269231,0.625,0.0,0.175439,0.419355,0.253165,MUPAD,MUPAD,Text-image pair pretraining,FF-to-FFPE text prompt conditioning,3,3,False,2,1
full_2026-07-06__rec_003852,route_6f01af4aaf8e,route_a6f084035330,0.846402,True,True,True,,1.0,1.0,1.0,1.0,1.0,1.0,1.0,0.980392,0.444444,0.0,0.833333,0.716981,0.361702,MUPAD,MUPAD,Text-image pair pretraining,text-histology pretraining,1,1,True,2,2
full_2026-07-06__rec_003852,route_6f01af4aaf8e,route_f2a5f036cea6,0.672175,True,False,True,lifecycle_phase;text_role,1.0,1.0,1.0,1.0,0.0,1.0,0.0,0.744186,0.538462,0.0,0.304348,0.627451,0.278481,MUPAD,MUPAD,Text-image pair pretraining,text-to-image generation,2,2,False,2,2
full_2026-07-06__rec_003852,route_78150ee32adc,route_9a9d1cbd25a1,0.833544,True,False,True,source_modality,1.0,1.0,1.0,0.0,1.0,1.0,1.0,0.984127,1.0,0.819277,0.561983,1.0,0.0,MUPAD,MUPAD,Spatial transcriptomics to H&E generation,spatial transcriptomics to H&E generation,1,1,True,2,2
full_2026-07-06__rec_003852,route_78150ee32adc,route_9ee52b4bb668,0.530007,False,False,True,carrier_subtype;source_modality,1.0,1.0,0.0,0.0,1.0,1.0,1.0,0.097561,0.431373,0.372093,0.269663,0.257426,0.021277,MUPAD,MUPAD,Spatial transcriptomics to H&E generation,H&E to mIF translation - semantic cross-attention conditioning,4,3,False,2,1
full_2026-07-06__rec_003852,route_78150ee32adc,route_af3e8857f978,0.61749,False,False,True,source_modality;lifecycle_phase,1.0,1.0,1.0,0.0,0.0,1.0,1.0,0.346154,0.813559,0.427673,0.258065,0.242424,0.222222,MUPAD,MUPAD,Spatial transcriptomics to H&E generation,RNA-histology pretraining,3,3,False,2,2
full_2026-07-06__rec_003852,route_78150ee32adc,route_f61e030abbe9,0.670563,True,False,True,source_modality,1.0,1.0,1.0,0.0,1.0,1.0,1.0,0.346154,0.813559,0.0,0.285714,0.53125,0.296296,MUPAD,MUPAD,Spatial transcriptomics to H&E generation,RNA-to-image generation,2,3,False,2,3
full_2026-07-06__rec_003852,route_9702d90278ae,route_9ee52b4bb668,0.495803,False,False,True,carrier_subtype;source_modality;lifecycle_phase;fusion_topology,1.0,1.0,0.0,0.0,0.0,0.0,1.0,0.947368,0.24,0.318584,0.285714,0.595745,0.021505,MUPAD,MUPAD,H&E-to-mIF structural conditioning,H&E to mIF translation - semantic cross-attention conditioning,3,5,False,1,1
full_2026-07-06__rec_003852,route_9702d90278ae,route_b3ac28847b13,0.563406,False,False,True,source_modality;lifecycle_phase;fusion_topology,1.0,1.0,1.0,0.0,0.0,0.0,1.0,0.72,0.255319,0.303448,0.37037,0.607143,0.028986,MUPAD,MUPAD,H&E-to-mIF structural conditioning,H&E to IHC translation,2,2,False,1,1
full_2026-07-06__rec_003852,route_9702d90278ae,route_c111c265cad5,0.740786,True,False,True,source_modality;lifecycle_phase,1.0,1.0,1.0,0.0,0.0,1.0,1.0,0.947368,1.0,0.835821,0.285714,0.781609,0.021505,MUPAD,MUPAD,H&E-to-mIF structural conditioning,H&E to mIF translation - structural latent conditioning,1,1,True,1,1
full_2026-07-06__rec_003852,route_a02fd34a08d9,route_9ee52b4bb668,0.7497,True,False,True,source_modality;lifecycle_phase,1.0,1.0,1.0,0.0,0.0,1.0,1.0,0.947368,1.0,1.0,0.285714,0.695652,0.021505,MUPAD,MUPAD,H&E-to-mIF semantic conditioning,H&E to mIF translation - semantic cross-attention conditioning,1,1,True,1,1
full_2026-07-06__rec_003852,route_a02fd34a08d9,route_b3ac28847b13,0.5,False,False,True,carrier_subtype;source_modality;lifecycle_phase;fusion_topology,1.0,1.0,0.0,0.0,0.0,0.0,1.0,0.72,0.54902,0.411765,0.37037,0.555556,0.028986,MUPAD,MUPAD,H&E-to-mIF semantic conditioning,H&E to IHC translation,3,3,False,1,1
full_2026-07-06__rec_003852,route_a02fd34a08d9,route_c111c265cad5,0.504101,False,False,True,carrier_subtype;source_modality;lifecycle_phase;fusion_topology,1.0,1.0,0.0,0.0,0.0,0.0,1.0,0.947368,0.32,0.32,0.285714,0.682353,0.021505,MUPAD,MUPAD,H&E-to-mIF semantic conditioning,H&E to mIF translation - structural latent conditioning,2,3,False,1,1
full_2026-07-06__rec_003852,route_a36bd86b8348,route_94c33410fd8a,0.524276,False,False,True,source_modality;lifecycle_phase;fusion_topology,1.0,1.0,1.0,0.0,0.0,0.0,1.0,0.4375,0.465116,0.0,0.348837,0.565217,0.120482,MUPAD,MUPAD,H&E image pretraining,image-to-image generation,1,2,False,0,0
full_2026-07-06__rec_003852,route_bc29017ad5f0,route_a5983a60a443,0.532015,False,False,True,carrier_subtype;fusion_topology;text_role,1.0,1.0,0.0,1.0,1.0,0.0,0.0,0.318182,0.625,0.0,0.129032,0.40678,0.285714,MUPAD,MUPAD,Text-to-image generation,FF-to-FFPE text prompt conditioning,3,2,False,2,1
full_2026-07-06__rec_003852,route_bc29017ad5f0,route_a6f084035330,0.662888,True,False,True,lifecycle_phase;text_role,1.0,1.0,1.0,1.0,0.0,1.0,0.0,0.744186,0.444444,0.0,0.270833,0.52,0.333333,MUPAD,MUPAD,Text-to-image generation,text-histology pretraining,2,2,False,2,2
full_2026-07-06__rec_003852,route_bc29017ad5f0,route_f2a5f036cea6,0.875851,True,True,True,,1.0,1.0,1.0,1.0,1.0,1.0,1.0,0.971429,0.538462,0.0,1.0,1.0,0.539683,MUPAD,MUPAD,Text-to-image generation,text-to-image generation,1,1,True,2,2
full_2026-07-06__rec_003852,route_e6ba9d524d1e,route_29724342cf05,0.772034,True,False,True,source_modality,1.0,1.0,1.0,0.0,1.0,1.0,1.0,0.823529,0.454545,1.0,0.25,0.914286,0.036585,MUPAD,MUPAD,Fresh frozen to FFPE translation,fresh frozen to FFPE image translation,1,1,True,1,1
full_2026-07-06__rec_003852,route_e6ba9d524d1e,route_b3ac28847b13,0.460178,False,False,True,carrier_family;carrier_subtype;source_modality,1.0,0.0,0.0,0.0,1.0,1.0,1.0,0.6,0.294118,0.259542,0.333333,0.703704,0.041096,MUPAD,MUPAD,Fresh frozen to FFPE translation,H&E to IHC translation,2,4,False,1,1
july_update_2026-07-06__rec_000050,route_19285393f70e,route_f4b298ad02fb,0.45765,False,False,True,carrier_subtype;lifecycle_phase;fusion_topology;text_role,1.0,1.0,0.0,1.0,0.0,0.0,0.0,0.238806,0.636364,0.272727,0.12766,0.222222,0.057692,Qwen3-1.7B and Qwen3-4B,Qwen3-1.7B and Qwen3-4B,Biology text CPT,Pathway prompt route,2,5,False,1,2
july_update_2026-07-06__rec_000050,route_19285393f70e,route_f63a340967cb,0.859739,True,True,True,text_role,1.0,1.0,1.0,1.0,1.0,1.0,0.0,0.44898,1.0,0.666667,1.0,1.0,0.979866,Qwen3-1.7B and Qwen3-4B,Qwen3-1.7B and Qwen3-4B,Biology text CPT,Biology CPT text,1,1,True,1,1
july_update_2026-07-06__rec_000050,route_54a2a2b6b816,route_526a80e3bb7b,0.70486,False,True,False,,0.656716,1.0,1.0,1.0,1.0,1.0,1.0,0.283186,0.6875,0.227273,0.301887,0.491803,0.040541,"Qwen3-1.7B, Qwen3-4B, and Gemma 4 E2B",Qwen3-1.7B and Qwen3-4B-Thinking,RNA target-identification prompt,Protein metadata prompt route,3,3,False,1,2
july_update_2026-07-06__rec_000050,route_54a2a2b6b816,route_8974deca3575,0.643186,False,True,False,text_role,0.444444,1.0,1.0,1.0,1.0,1.0,0.0,0.346154,0.4,0.5,0.349206,0.276923,0.377551,"Qwen3-1.7B, Qwen3-4B, and Gemma 4 E2B",Qwen3-1.7B,RNA target-identification prompt,VEP gene/chromosome context route,4,3,False,1,1
july_update_2026-07-06__rec_000050,route_54a2a2b6b816,route_e1bb17396093,0.837333,True,True,True,,1.0,1.0,1.0,1.0,1.0,1.0,1.0,0.772727,0.333333,0.5,0.893617,0.490566,0.171875,"Qwen3-1.7B, Qwen3-4B, and Gemma 4 E2B","Qwen3-1.7B, Qwen3-4B, and Gemma 4 E2B",RNA target-identification prompt,RNA task prompt route,1,1,True,1,1
july_update_2026-07-06__rec_000050,route_54a2a2b6b816,route_f4b298ad02fb,0.708188,False,True,False,,0.655172,1.0,1.0,1.0,1.0,1.0,1.0,0.33871,0.4,0.5,0.318182,0.346154,0.076923,"Qwen3-1.7B, Qwen3-4B, and Gemma 4 E2B",Qwen3-1.7B and Qwen3-4B,RNA target-identification prompt,Pathway prompt route,2,3,False,1,2
july_update_2026-07-06__rec_000050,route_580b47a1fef7,route_526a80e3bb7b,0.742783,True,True,False,,0.836364,1.0,1.0,1.0,1.0,1.0,1.0,0.289157,0.615385,0.31746,0.577778,0.468085,0.028169,Qwen3-1.7B and Qwen3-4B,Qwen3-1.7B and Qwen3-4B-Thinking,DNA pathway prompt,Protein metadata prompt route,2,2,False,2,2
july_update_2026-07-06__rec_000050,route_580b47a1fef7,route_8974deca3575,0.660793,False,True,False,text_role,0.606061,1.0,1.0,1.0,1.0,1.0,0.0,0.27027,0.333333,0.610169,0.472727,0.27451,0.291391,Qwen3-1.7B and Qwen3-4B,Qwen3-1.7B,DNA pathway prompt,VEP gene/chromosome context route,4,2,False,2,1
july_update_2026-07-06__rec_000050,route_580b47a1fef7,route_e1bb17396093,0.707948,False,True,False,,0.655172,1.0,1.0,1.0,1.0,1.0,1.0,0.235294,0.25,0.610169,0.512821,0.564103,0.044118,Qwen3-1.7B and Qwen3-4B,"Qwen3-1.7B, Qwen3-4B, and Gemma 4 E2B",DNA pathway prompt,RNA task prompt route,3,2,False,2,1
july_update_2026-07-06__rec_000050,route_580b47a1fef7,route_f4b298ad02fb,0.89023,True,True,True,,1.0,1.0,1.0,1.0,1.0,1.0,1.0,1.0,0.333333,0.610169,1.0,0.736842,0.30198,Qwen3-1.7B and Qwen3-4B,Qwen3-1.7B and Qwen3-4B,DNA pathway prompt,Pathway prompt route,1,1,True,2,2
july_update_2026-07-06__rec_000050,route_580b47a1fef7,route_f63a340967cb,0.467674,False,False,True,carrier_subtype;lifecycle_phase;fusion_topology;text_role,1.0,1.0,0.0,1.0,0.0,0.0,0.0,0.315789,0.2,0.506329,0.255319,0.235294,0.262774,Qwen3-1.7B and Qwen3-4B,Qwen3-1.7B and Qwen3-4B,DNA pathway prompt,Biology CPT text,5,2,False,2,1
july_update_2026-07-06__rec_000050,route_6b19d87b84f0,route_526a80e3bb7b,0.880103,True,True,True,,1.0,1.0,1.0,1.0,1.0,1.0,1.0,0.657895,1.0,0.478873,1.0,0.884615,0.027397,Qwen3-1.7B and Qwen3-4B-Thinking,Qwen3-1.7B and Qwen3-4B-Thinking,Protein metadata prompt,Protein metadata prompt route,1,1,True,2,2
july_update_2026-07-06__rec_000050,route_6b19d87b84f0,route_e1bb17396093,0.679141,False,True,False,,0.656716,1.0,1.0,1.0,1.0,1.0,1.0,0.315789,0.227273,0.149254,0.416667,0.545455,0.057971,Qwen3-1.7B and Qwen3-4B-Thinking,"Qwen3-1.7B, Qwen3-4B, and Gemma 4 E2B",Protein metadata prompt,RNA task prompt route,3,3,False,2,1
july_update_2026-07-06__rec_000050,route_6b19d87b84f0,route_f4b298ad02fb,0.729436,True,True,False,,0.836364,1.0,1.0,1.0,1.0,1.0,1.0,0.390805,0.4,0.149254,0.577778,0.511628,0.028169,Qwen3-1.7B and Qwen3-4B-Thinking,Qwen3-1.7B and Qwen3-4B,Protein metadata prompt,Pathway prompt route,2,2,False,2,2
july_update_2026-07-06__rec_000050,route_ada1a6d9eed0,route_1deed07c566b,0.524435,False,False,False,source_modality;fusion_topology;text_role,0.656716,1.0,1.0,0.0,1.0,0.0,0.0,0.235294,0.285714,0.828283,0.301887,0.654545,0.202899,"Qwen3-1.7B, Qwen3-4B, and Gemma 4 E2B",Qwen3-1.7B and Qwen3-4B-Thinking,TranscriptFormer embedding route,Protein embedding route,4,3,False,1,1
july_update_2026-07-06__rec_000050,route_ada1a6d9eed0,route_93769abd2260,0.620657,False,False,False,source_modality,0.444444,1.0,1.0,0.0,1.0,1.0,1.0,0.296875,0.744186,0.465753,0.349206,0.392157,0.333333,"Qwen3-1.7B, Qwen3-4B, and Gemma 4 E2B",Qwen3-1.7B,TranscriptFormer embedding route,VEP DNA input route,3,2,False,1,1
july_update_2026-07-06__rec_000050,route_ada1a6d9eed0,route_9f035bc3c1c6,0.922659,True,True,True,,1.0,1.0,1.0,1.0,1.0,1.0,1.0,0.839506,1.0,0.670968,0.893617,0.848485,0.37037,"Qwen3-1.7B, Qwen3-4B, and Gemma 4 E2B","Qwen3-1.7B, Qwen3-4B, and Gemma 4 E2B",TranscriptFormer embedding route,RNA transcriptomic embedding route,1,1,True,1,1
july_update_2026-07-06__rec_000050,route_ada1a6d9eed0,route_b1629b0a2392,0.6492,False,False,False,source_modality,0.655172,1.0,1.0,0.0,1.0,1.0,1.0,0.296875,0.744186,0.56044,0.318182,0.45614,0.187135,"Qwen3-1.7B, Qwen3-4B, and Gemma 4 E2B",Qwen3-1.7B and Qwen3-4B,TranscriptFormer embedding route,Pathway DNA encoder route,2,2,False,1,1
july_update_2026-07-06__rec_000050,route_c2525a56b823,route_526a80e3bb7b,0.651703,False,True,False,text_role,0.5,1.0,1.0,1.0,1.0,1.0,0.0,0.380952,0.615385,0.31746,0.409091,0.444444,0.047544,Qwen3-1.7B,Qwen3-1.7B and Qwen3-4B-Thinking,VEP gene/chromosome context prompt,Protein metadata prompt route,2,4,False,1,2
july_update_2026-07-06__rec_000050,route_c2525a56b823,route_8974deca3575,0.911561,True,True,True,,1.0,1.0,1.0,1.0,1.0,1.0,1.0,1.0,0.333333,0.610169,0.755102,0.925373,1.0,Qwen3-1.7B,Qwen3-1.7B,VEP gene/chromosome context prompt,VEP gene/chromosome context route,1,1,True,1,1
july_update_2026-07-06__rec_000050,route_c2525a56b823,route_f4b298ad02fb,0.647786,False,True,False,text_role,0.606061,1.0,1.0,1.0,1.0,1.0,0.0,0.27027,0.333333,0.610169,0.329114,0.333333,0.101617,Qwen3-1.7B,Qwen3-1.7B and Qwen3-4B,VEP gene/chromosome context prompt,Pathway prompt route,3,4,False,1,2
july_update_2026-07-06__rec_000050,route_efe03b9760b2,route_1deed07c566b,0.548454,False,False,False,source_modality;fusion_topology;text_role,0.836364,1.0,1.0,0.0,1.0,0.0,0.0,0.413793,0.315789,0.836735,0.095238,0.408163,0.059701,Qwen3-1.7B and Qwen3-4B,Qwen3-1.7B and Qwen3-4B-Thinking,DNA sequence encoder route,Protein embedding route,4,2,False,2,1
july_update_2026-07-06__rec_000050,route_efe03b9760b2,route_93769abd2260,0.871314,True,True,False,,0.606061,1.0,1.0,1.0,1.0,1.0,1.0,1.0,1.0,0.57931,0.346154,0.488889,1.0,Qwen3-1.7B and Qwen3-4B,Qwen3-1.7B,DNA sequence encoder route,VEP DNA input route,2,1,False,2,1
july_update_2026-07-06__rec_000050,route_efe03b9760b2,route_9f035bc3c1c6,0.670137,False,False,False,source_modality,0.655172,1.0,1.0,0.0,1.0,1.0,1.0,0.355932,0.744186,0.454545,0.222222,0.466667,0.830769,Qwen3-1.7B and Qwen3-4B,"Qwen3-1.7B, Qwen3-4B, and Gemma 4 E2B",DNA sequence encoder route,RNA transcriptomic embedding route,3,2,False,2,1
july_update_2026-07-06__rec_000050,route_efe03b9760b2,route_b1629b0a2392,0.895841,True,True,True,,1.0,1.0,1.0,1.0,1.0,1.0,1.0,1.0,1.0,0.464088,0.121212,0.666667,0.682353,Qwen3-1.7B and Qwen3-4B,Qwen3-1.7B and Qwen3-4B,DNA sequence encoder route,Pathway DNA encoder route,1,1,True,2,1
july_update_2026-07-06__rec_000050,route_fc8450b40355,route_1deed07c566b,0.917332,True,True,True,text_role,1.0,1.0,1.0,1.0,1.0,1.0,0.0,1.0,1.0,1.0,1.0,0.884615,0.269841,Qwen3-1.7B and Qwen3-4B-Thinking,Qwen3-1.7B and Qwen3-4B-Thinking,ESM-3 protein embedding route,Protein embedding route,1,1,True,1,1
july_update_2026-07-06__rec_000050,route_fc8450b40355,route_93769abd2260,0.567392,False,False,False,source_modality;fusion_topology,0.5,1.0,1.0,0.0,1.0,0.0,1.0,0.448276,0.315789,0.527132,0.53125,0.458333,0.232044,Qwen3-1.7B and Qwen3-4B-Thinking,Qwen3-1.7B,ESM-3 protein embedding route,VEP DNA input route,3,3,False,1,1
july_update_2026-07-06__rec_000050,route_fc8450b40355,route_9f035bc3c1c6,0.546272,False,False,False,source_modality;fusion_topology,0.656716,1.0,1.0,0.0,1.0,0.0,1.0,0.130435,0.244898,0.507246,0.416667,0.603175,0.341709,Qwen3-1.7B and Qwen3-4B-Thinking,"Qwen3-1.7B, Qwen3-4B, and Gemma 4 E2B",ESM-3 protein embedding route,RNA transcriptomic embedding route,4,3,False,1,1
july_update_2026-07-06__rec_000050,route_fc8450b40355,route_b1629b0a2392,0.601858,False,False,False,source_modality;fusion_topology,0.836364,1.0,1.0,0.0,1.0,0.0,1.0,0.448276,0.315789,0.412121,0.577778,0.407407,0.181818,Qwen3-1.7B and Qwen3-4B-Thinking,Qwen3-1.7B and Qwen3-4B,ESM-3 protein embedding route,Pathway DNA encoder route,2,3,False,1,1
july_update_2026-07-06__rec_000060,route_2133c0163dd9,route_0687e285a7ee,0.527234,False,False,True,source_modality;lifecycle_phase;fusion_topology,1.0,1.0,1.0,0.0,0.0,0.0,1.0,0.352941,0.38806,0.22619,0.493151,0.461538,0.084507,CellTosg2Sequence,CellTosg2Sequence,Cell Sentence for cell-state annotation,Masked Cell Sentence input,7,2,False,0,0
july_update_2026-07-06__rec_000060,route_2133c0163dd9,route_1089dd088ca1,0.541262,False,False,True,source_modality;lifecycle_phase;fusion_topology,1.0,1.0,1.0,0.0,0.0,0.0,1.0,0.4,0.321839,0.453608,0.359447,0.338462,0.271357,CellTosg2Sequence,CellTosg2Sequence,Cell Sentence for cell-state annotation,Task B3 disease prediction,6,2,False,0,0
july_update_2026-07-06__rec_000060,route_2133c0163dd9,route_1640cf949003,0.55059,False,False,True,source_modality;lifecycle_phase;fusion_topology,1.0,1.0,1.0,0.0,0.0,0.0,1.0,0.269231,0.734694,0.482213,0.299065,0.38806,0.162602,CellTosg2Sequence,CellTosg2Sequence,Cell Sentence for cell-state annotation,HCA test split cell sentence,5,1,False,0,0
july_update_2026-07-06__rec_000060,route_2133c0163dd9,route_237ac9359686,0.645049,False,False,True,source_modality;lifecycle_phase;fusion_topology,1.0,1.0,1.0,0.0,0.0,0.0,1.0,0.759494,0.607595,0.982906,0.451613,0.376812,0.217241,CellTosg2Sequence,CellTosg2Sequence,Cell Sentence for cell-state annotation,Raw scRNA-seq to Cell Sentence,1,1,False,0,0
july_update_2026-07-06__rec_000060,route_2133c0163dd9,route_55a22722eb6a,0.566512,False,False,True,source_modality;lifecycle_phase;fusion_topology,1.0,1.0,1.0,0.0,0.0,0.0,1.0,0.310345,0.734694,0.629921,0.28125,0.356164,0.225,CellTosg2Sequence,CellTosg2Sequence,Cell Sentence for cell-state annotation,HCA validation split cell sentence,3,1,False,0,0
july_update_2026-07-06__rec_000060,route_2133c0163dd9,route_b0f2d87800d6,0.560659,False,False,True,source_modality;lifecycle_phase;fusion_topology,1.0,1.0,1.0,0.0,0.0,0.0,1.0,0.226415,0.734694,0.658635,0.273973,0.382353,0.269663,CellTosg2Sequence,CellTosg2Sequence,Cell Sentence for cell-state annotation,HCA train split cell sentence,4,1,False,0,0
july_update_2026-07-06__rec_000060,route_2133c0163dd9,route_f8d016f6aacd,0.6016,False,False,True,source_modality;lifecycle_phase;fusion_topology,1.0,1.0,1.0,0.0,0.0,0.0,1.0,0.787879,0.493827,0.482759,0.35,0.3125,0.295455,CellTosg2Sequence,CellTosg2Sequence,Cell Sentence for cell-state annotation,Task B2 tissue prediction,2,2,False,0,0
july_update_2026-07-06__rec_000060,route_3a30edb01d35,route_065c8bd53fce,0.513534,False,False,True,carrier_subtype;fusion_topology;text_role,1.0,1.0,0.0,1.0,1.0,0.0,0.0,0.263158,0.266667,0.15625,0.297297,0.360656,0.166667,CellTosg2Sequence,CellTosg2Sequence,Cell-state metadata prompt fields,Label-string alignment input,4,1,False,2,0
july_update_2026-07-06__rec_000060,route_3a30edb01d35,route_0687e285a7ee,0.459248,False,False,True,carrier_subtype;lifecycle_phase;fusion_topology;text_role,1.0,1.0,0.0,1.0,0.0,0.0,0.0,0.307692,0.333333,0.195122,0.493151,0.338983,0.012658,CellTosg2Sequence,CellTosg2Sequence,Cell-state metadata prompt fields,Masked Cell Sentence input,7,3,False,2,0
july_update_2026-07-06__rec_000060,route_3a30edb01d35,route_4812cf2c6dd3,0.459343,False,False,True,carrier_subtype;lifecycle_phase;fusion_topology;text_role,1.0,1.0,0.0,1.0,0.0,0.0,0.0,0.122449,0.326531,0.436975,0.451613,0.392857,0.17094,CellTosg2Sequence,CellTosg2Sequence,Cell-state metadata prompt fields,Task instruction prompt,6,2,False,2,0
july_update_2026-07-06__rec_000060,route_3a30edb01d35,route_4a446a857f1e,0.632238,False,False,True,lifecycle_phase;fusion_topology,1.0,1.0,1.0,1.0,0.0,0.0,1.0,0.30137,0.630137,0.246914,0.347826,0.53125,0.283784,CellTosg2Sequence,CellTosg2Sequence,Cell-state metadata prompt fields,Perturbation meta-labels prompt,3,2,False,2,1
july_update_2026-07-06__rec_000060,route_3a30edb01d35,route_59d07de37bae,0.748857,True,False,True,lifecycle_phase;fusion_topology,1.0,1.0,1.0,1.0,0.0,0.0,1.0,0.844444,0.766667,0.62069,0.451613,0.83871,0.316667,CellTosg2Sequence,CellTosg2Sequence,Cell-state metadata prompt fields,Cell-state metadata in prompt,1,1,True,2,1
july_update_2026-07-06__rec_000060,route_3a30edb01d35,route_649acb378557,0.474989,False,False,True,source_modality;lifecycle_phase;fusion_topology;text_role,1.0,1.0,1.0,0.0,0.0,0.0,0.0,0.222222,0.4,0.422764,0.466667,0.339623,0.18018,CellTosg2Sequence,CellTosg2Sequence,Cell-state metadata prompt fields,KG triples in prompt,5,1,False,2,0
july_update_2026-07-06__rec_000060,route_3a30edb01d35,route_9c4534f3c5a3,0.654268,True,False,True,lifecycle_phase;fusion_topology,1.0,1.0,1.0,1.0,0.0,0.0,1.0,0.44898,0.492308,0.384615,0.466667,0.655738,0.15,CellTosg2Sequence,CellTosg2Sequence,Cell-state metadata prompt fields,Perturbation metadata prompt,2,2,False,2,2
july_update_2026-07-06__rec_000060,route_6bab8cd753ec,route_0687e285a7ee,0.532676,False,False,True,source_modality;lifecycle_phase;fusion_topology,1.0,1.0,1.0,0.0,0.0,0.0,1.0,0.375,0.412698,0.314286,0.410256,0.444444,0.073529,CellTosg2Sequence,CellTosg2Sequence,Cell Sentence for drug perturbation prediction,Masked Cell Sentence input,4,1,False,0,0
july_update_2026-07-06__rec_000060,route_6bab8cd753ec,route_1089dd088ca1,0.547141,False,False,True,source_modality;lifecycle_phase;fusion_topology,1.0,1.0,1.0,0.0,0.0,0.0,1.0,0.472222,0.289157,0.542169,0.225225,0.416667,0.213018,CellTosg2Sequence,CellTosg2Sequence,Cell Sentence for drug perturbation prediction,Task B3 disease prediction,3,1,False,0,0
july_update_2026-07-06__rec_000060,route_6bab8cd753ec,route_1640cf949003,0.529969,False,False,True,source_modality;lifecycle_phase;fusion_topology,1.0,1.0,1.0,0.0,0.0,0.0,1.0,0.204082,0.680851,0.311111,0.303571,0.351351,0.258065,CellTosg2Sequence,CellTosg2Sequence,Cell Sentence for drug perturbation prediction,HCA test split cell sentence,5,2,False,0,0
july_update_2026-07-06__rec_000060,route_6bab8cd753ec,route_237ac9359686,0.597245,False,False,True,source_modality;lifecycle_phase;fusion_topology,1.0,1.0,1.0,0.0,0.0,0.0,1.0,0.789474,0.453333,0.582524,0.346939,0.342105,0.059701,CellTosg2Sequence,CellTosg2Sequence,Cell Sentence for drug perturbation prediction,Raw scRNA-seq to Cell Sentence,2,2,False,0,0
july_update_2026-07-06__rec_000060,route_6bab8cd753ec,route_55a22722eb6a,0.524437,False,False,True,source_modality;lifecycle_phase;fusion_topology,1.0,1.0,1.0,0.0,0.0,0.0,1.0,0.254545,0.680851,0.176991,0.289855,0.325,0.24,CellTosg2Sequence,CellTosg2Sequence,Cell Sentence for drug perturbation prediction,HCA validation split cell sentence,6,2,False,0,0
july_update_2026-07-06__rec_000060,route_6bab8cd753ec,route_b0f2d87800d6,0.512537,False,False,True,source_modality;lifecycle_phase;fusion_topology,1.0,1.0,1.0,0.0,0.0,0.0,1.0,0.16,0.680851,0.180995,0.153846,0.346667,0.372881,CellTosg2Sequence,CellTosg2Sequence,Cell Sentence for drug perturbation prediction,HCA train split cell sentence,7,2,False,0,0
july_update_2026-07-06__rec_000060,route_6bab8cd753ec,route_f8d016f6aacd,0.622077,False,False,True,source_modality;lifecycle_phase;fusion_topology,1.0,1.0,1.0,0.0,0.0,0.0,1.0,0.888889,0.6,0.589041,0.181818,0.422535,0.260274,CellTosg2Sequence,CellTosg2Sequence,Cell Sentence for drug perturbation prediction,Task B2 tissue prediction,1,1,False,0,0
july_update_2026-07-06__rec_000060,route_974fc676ef1c,route_065c8bd53fce,0.50705,False,False,True,carrier_subtype;fusion_topology;text_role,1.0,1.0,0.0,1.0,1.0,0.0,0.0,0.108108,0.1875,0.327684,0.202532,0.323529,0.454545,CellTosg2Sequence,CellTosg2Sequence,Drug perturbation metadata prompt fields,Label-string alignment input,4,2,False,2,0
july_update_2026-07-06__rec_000060,route_974fc676ef1c,route_4812cf2c6dd3,0.466394,False,False,True,carrier_subtype;lifecycle_phase;fusion_topology;text_role,1.0,1.0,0.0,1.0,0.0,0.0,0.0,0.333333,0.176471,0.326923,0.346939,0.412698,0.285714,CellTosg2Sequence,CellTosg2Sequence,Drug perturbation metadata prompt fields,Task instruction prompt,5,1,False,2,0
july_update_2026-07-06__rec_000060,route_974fc676ef1c,route_4a446a857f1e,0.66513,True,False,True,lifecycle_phase;fusion_topology,1.0,1.0,1.0,1.0,0.0,0.0,1.0,0.305556,0.456522,0.353741,0.412371,0.704225,1.0,CellTosg2Sequence,CellTosg2Sequence,Drug perturbation metadata prompt fields,Perturbation meta-labels prompt,2,1,False,2,1
july_update_2026-07-06__rec_000060,route_974fc676ef1c,route_59d07de37bae,0.605436,False,False,True,lifecycle_phase;fusion_topology,1.0,1.0,1.0,1.0,0.0,0.0,1.0,0.136364,0.481013,0.316832,0.346939,0.57971,0.212121,CellTosg2Sequence,CellTosg2Sequence,Drug perturbation metadata prompt fields,Cell-state metadata in prompt,3,2,False,2,1
july_update_2026-07-06__rec_000060,route_974fc676ef1c,route_649acb378557,0.451104,False,False,True,source_modality;lifecycle_phase;fusion_topology;text_role,1.0,1.0,1.0,0.0,0.0,0.0,0.0,0.228571,0.169492,0.296296,0.421053,0.433333,0.175439,CellTosg2Sequence,CellTosg2Sequence,Drug perturbation metadata prompt fields,KG triples in prompt,6,2,False,2,0
july_update_2026-07-06__rec_000060,route_974fc676ef1c,route_9c4534f3c5a3,0.666193,True,False,True,lifecycle_phase;fusion_topology,1.0,1.0,1.0,1.0,0.0,0.0,1.0,0.5,0.380952,0.434783,0.421053,0.823529,0.333333,CellTosg2Sequence,CellTosg2Sequence,Drug perturbation metadata prompt fields,Perturbation metadata prompt,1,1,True,2,2
july_update_2026-07-06__rec_000060,route_a171832c4a55,route_32f7f6418b4f,0.694934,True,False,True,source_modality;text_role,1.0,1.0,1.0,0.0,1.0,1.0,0.0,0.702703,0.492308,0.638132,0.291667,0.830769,0.29932,CellTosg2Sequence,CellTosg2Sequence,Biomedical KG virtual-token prefix,Biomedical KG to virtual tokens,1,1,True,1,1
july_update_2026-07-06__rec_000060,route_a171832c4a55,route_72245eef6feb,0.51744,False,False,True,source_modality;lifecycle_phase;text_role,1.0,1.0,1.0,0.0,0.0,1.0,0.0,0.238095,0.222222,0.378947,0.289157,0.508475,0.176871,CellTosg2Sequence,CellTosg2Sequence,Biomedical KG virtual-token prefix,Drug-target virtual token,2,2,False,1,0
july_update_2026-07-06__rec_000060,route_e0d0bfb94e75,route_32f7f6418b4f,0.539894,False,False,True,source_modality;lifecycle_phase;text_role,1.0,1.0,1.0,0.0,0.0,1.0,0.0,0.257143,0.298507,0.345679,0.481481,0.571429,0.318182,CellTosg2Sequence,CellTosg2Sequence,Drug target virtual-token prefix,Biomedical KG to virtual tokens,2,2,False,0,1
july_update_2026-07-06__rec_000060,route_e0d0bfb94e75,route_72245eef6feb,0.645544,False,False,True,source_modality;lifecycle_phase;text_role,1.0,1.0,1.0,0.0,0.0,1.0,0.0,0.631579,0.5,0.534091,0.421053,0.877193,1.0,CellTosg2Sequence,CellTosg2Sequence,Drug target virtual-token prefix,Drug-target virtual token,1,1,False,0,0
june_update_2026-06-10__rec_000121,route_19ace769b1d3,route_6b322de9c08a,0.693406,False,False,True,carrier_subtype;text_role,1.0,1.0,0.0,1.0,1.0,1.0,0.0,0.361111,1.0,1.0,0.301075,0.405405,0.071429,RVQ-Alpha,RVQ-Alpha,continued-pretraining text-description route,instruction-response BPE route,2,2,False,1,2
june_update_2026-06-10__rec_000121,route_19ace769b1d3,route_a9694890c7bc,0.495544,False,False,True,carrier_subtype;lifecycle_phase;fusion_topology;text_role,1.0,1.0,0.0,1.0,0.0,0.0,0.0,0.237288,0.193548,1.0,0.195122,0.425,0.275362,RVQ-Alpha,RVQ-Alpha,continued-pretraining text-description route,student task-instruction input route,3,3,False,1,2
june_update_2026-06-10__rec_000121,route_19ace769b1d3,route_c143fc62faab,0.984615,True,True,True,,1.0,1.0,1.0,1.0,1.0,1.0,1.0,1.0,1.0,1.0,1.0,1.0,0.615385,RVQ-Alpha,RVQ-Alpha,continued-pretraining text-description route,continued-pretraining text-description route,1,1,True,1,1
june_update_2026-06-10__rec_000121,route_24d61786c8e8,route_6b322de9c08a,0.969709,True,True,True,,1.0,1.0,1.0,1.0,1.0,1.0,1.0,1.0,1.0,1.0,1.0,1.0,0.242718,RVQ-Alpha,RVQ-Alpha,instruction-response BPE route,instruction-response BPE route,1,1,True,2,2
june_update_2026-06-10__rec_000121,route_24d61786c8e8,route_a9694890c7bc,0.691312,True,False,True,lifecycle_phase;fusion_topology,1.0,1.0,1.0,1.0,0.0,0.0,1.0,0.622222,0.193548,1.0,0.186047,0.575758,0.413043,RVQ-Alpha,RVQ-Alpha,instruction-response BPE route,student task-instruction input route,3,2,False,2,2
june_update_2026-06-10__rec_000121,route_24d61786c8e8,route_c143fc62faab,0.698073,False,False,True,carrier_subtype;text_role,1.0,1.0,0.0,1.0,1.0,1.0,0.0,0.416667,1.0,1.0,0.258065,0.405405,0.075188,RVQ-Alpha,RVQ-Alpha,instruction-response BPE route,continued-pretraining text-description route,2,2,False,2,1
june_update_2026-06-10__rec_000121,route_380646681aef,route_d6173536f567,0.962609,True,True,True,,1.0,1.0,1.0,1.0,1.0,1.0,1.0,1.0,1.0,1.0,1.0,1.0,0.065217,replaceable LLM backend,replaceable LLM backend,teacher gene-feature scaffolding route,teacher gene-feature scaffolding route,1,1,True,1,1
june_update_2026-06-10__rec_000121,route_3c90641b4c43,route_2dae09106751,0.676691,False,False,True,carrier_subtype,1.0,1.0,0.0,1.0,1.0,1.0,1.0,0.166667,0.62963,0.649573,0.263158,0.5,0.224719,RVQ-Alpha,RVQ-Alpha,student RVQ-code input route,population RVQ route,2,2,False,1,1
june_update_2026-06-10__rec_000121,route_3c90641b4c43,route_3ce30344d54f,0.628336,False,False,True,lifecycle_phase;fusion_topology,1.0,1.0,1.0,1.0,0.0,0.0,1.0,0.206897,0.294118,0.8,0.242424,0.489796,0.252632,RVQ-Alpha,RVQ-Alpha,student RVQ-code input route,single-cell RVQ route,3,2,False,1,1
june_update_2026-06-10__rec_000121,route_3c90641b4c43,route_8216d074f753,1.0,True,True,True,,1.0,1.0,1.0,1.0,1.0,1.0,1.0,1.0,1.0,1.0,1.0,1.0,1.0,RVQ-Alpha,RVQ-Alpha,student RVQ-code input route,student RVQ-code input route,1,1,True,1,1
june_update_2026-06-10__rec_000121,route_79f065fd3f42,route_2dae09106751,0.970821,True,True,True,,1.0,1.0,1.0,1.0,1.0,1.0,1.0,1.0,1.0,1.0,1.0,1.0,0.270531,RVQ-Alpha,RVQ-Alpha,population RVQ route,population RVQ route,1,1,True,1,1
june_update_2026-06-10__rec_000121,route_79f065fd3f42,route_3ce30344d54f,0.547742,False,False,True,carrier_subtype;lifecycle_phase;fusion_topology,1.0,1.0,0.0,1.0,0.0,0.0,1.0,0.342857,0.24,0.493506,0.615385,0.536585,0.209677,RVQ-Alpha,RVQ-Alpha,population RVQ route,single-cell RVQ route,3,3,False,1,1
june_update_2026-06-10__rec_000121,route_79f065fd3f42,route_8216d074f753,0.676198,False,False,True,carrier_subtype,1.0,1.0,0.0,1.0,1.0,1.0,1.0,0.166667,0.62963,0.649573,0.263158,0.5,0.212389,RVQ-Alpha,RVQ-Alpha,population RVQ route,student RVQ-code input route,2,2,False,1,1
june_update_2026-06-10__rec_000121,route_b7f2ea6ffc2a,route_6b322de9c08a,0.687174,True,False,True,lifecycle_phase;fusion_topology,1.0,1.0,1.0,1.0,0.0,0.0,1.0,0.622222,0.258065,1.0,0.27907,0.606061,0.057692,RVQ-Alpha,RVQ-Alpha,student task-instruction input route,instruction-response BPE route,2,3,False,2,2
june_update_2026-06-10__rec_000121,route_b7f2ea6ffc2a,route_a9694890c7bc,1.0,True,True,True,,1.0,1.0,1.0,1.0,1.0,1.0,1.0,1.0,1.0,1.0,1.0,1.0,1.0,RVQ-Alpha,RVQ-Alpha,student task-instruction input route,student task-instruction input route,1,1,True,2,2
june_update_2026-06-10__rec_000121,route_b7f2ea6ffc2a,route_c143fc62faab,0.494145,False,False,True,carrier_subtype;lifecycle_phase;fusion_topology;text_role,1.0,1.0,0.0,1.0,0.0,0.0,0.0,0.237288,0.258065,1.0,0.243902,0.4,0.085271,RVQ-Alpha,RVQ-Alpha,student task-instruction input route,continued-pretraining text-description route,3,3,False,2,1
june_update_2026-06-10__rec_000121,route_c363c893d313,route_2dae09106751,0.546321,False,False,True,carrier_subtype;lifecycle_phase;fusion_topology,1.0,1.0,0.0,1.0,0.0,0.0,1.0,0.342857,0.24,0.493506,0.615385,0.585366,0.137566,RVQ-Alpha,RVQ-Alpha,single-cell RVQ route,population RVQ route,3,3,False,1,1
june_update_2026-06-10__rec_000121,route_c363c893d313,route_3ce30344d54f,1.0,True,True,True,,1.0,1.0,1.0,1.0,1.0,1.0,1.0,1.0,1.0,1.0,1.0,1.0,1.0,RVQ-Alpha,RVQ-Alpha,single-cell RVQ route,single-cell RVQ route,1,1,True,1,1
june_update_2026-06-10__rec_000121,route_c363c893d313,route_8216d074f753,0.63002,False,False,True,lifecycle_phase;fusion_topology,1.0,1.0,1.0,1.0,0.0,0.0,1.0,0.206897,0.294118,0.8,0.242424,0.489796,0.294737,RVQ-Alpha,RVQ-Alpha,single-cell RVQ route,student RVQ-code input route,2,3,False,1,1
june_update_2026-06-10__rec_000133,route_117eba9571d1,route_29d75af53bc0,0.614744,False,False,True,lifecycle_phase;fusion_topology,1.0,1.0,1.0,1.0,0.0,0.0,1.0,0.317073,0.453333,0.31441,0.267717,0.336842,0.236559,GenNA,GenNA,Genomic DNA species-labeled prompt to embedding analysis,Dynamic information-masking pretraining,5,2,False,2,1
june_update_2026-06-10__rec_000133,route_117eba9571d1,route_36bbccf780e7,0.682372,True,False,True,lifecycle_phase,1.0,1.0,1.0,1.0,0.0,1.0,1.0,0.431373,0.37931,0.390244,0.361446,0.26506,0.017857,GenNA,GenNA,Genomic DNA species-labeled prompt to embedding analysis,Species-specific generation,1,5,False,2,6
june_update_2026-06-10__rec_000133,route_117eba9571d1,route_75b32f3d4dbc,0.667623,True,False,True,source_modality,1.0,1.0,1.0,0.0,1.0,1.0,1.0,0.378378,0.428571,0.396396,0.197531,0.473118,0.26,GenNA,GenNA,Genomic DNA species-labeled prompt to embedding analysis,Species-label perturbation evaluation,2,2,False,2,2
june_update_2026-06-10__rec_000133,route_117eba9571d1,route_cf7bc194d0b4,0.633613,False,False,True,lifecycle_phase;text_role,1.0,1.0,1.0,1.0,0.0,1.0,0.0,0.156863,0.792453,0.424242,0.280374,0.125,0.296296,GenNA,GenNA,Genomic DNA species-labeled prompt to embedding analysis,tRNA-targeted generation,3,5,False,2,3
june_update_2026-06-10__rec_000133,route_19b14ea44605,route_36bbccf780e7,0.813516,True,True,True,,1.0,1.0,1.0,1.0,1.0,1.0,1.0,0.526316,0.264463,0.551402,1.0,0.692308,0.061947,GenNA,GenNA,Species-name prefix for species-specific generation,Species-specific generation,1,1,True,3,6
june_update_2026-06-10__rec_000133,route_19b14ea44605,route_3f2cd944ba2e,0.727584,True,True,True,text_role,1.0,1.0,1.0,1.0,1.0,1.0,0.0,0.518519,0.27451,0.319635,0.539683,0.45977,0.324873,GenNA,GenNA,Species-name prefix for species-specific generation,Unconditional self-guided generation,2,4,False,3,4
june_update_2026-06-10__rec_000133,route_19b14ea44605,route_75b32f3d4dbc,0.600929,False,False,True,source_modality;lifecycle_phase,1.0,1.0,1.0,0.0,0.0,1.0,1.0,0.262295,0.595745,0.357895,0.346154,0.431818,0.310924,GenNA,GenNA,Species-name prefix for species-specific generation,Species-label perturbation evaluation,6,3,False,3,2
june_update_2026-06-10__rec_000133,route_19b14ea44605,route_f9ce1bf63b0b,0.725668,True,True,True,text_role,1.0,1.0,1.0,1.0,1.0,1.0,0.0,0.545455,0.291667,0.452991,0.216216,0.461538,0.335766,GenNA,GenNA,Species-name prefix for species-specific generation,Histone-targeted generation,3,4,False,3,4
june_update_2026-06-10__rec_000133,route_1fe0040c3130,route_0c90be4af21f,0.504111,False,False,True,source_modality;lifecycle_phase;fusion_topology,1.0,1.0,1.0,0.0,0.0,0.0,1.0,0.350365,0.214286,0.293478,0.235294,0.294737,0.147929,GenNA,GenNA,RefSeq GenBank corpus to multimodal pretraining samples,Sequence-function consistency evaluation,3,3,False,2,1
june_update_2026-06-10__rec_000133,route_1fe0040c3130,route_1f96c335f3ca,0.681808,True,False,True,source_modality;text_role,1.0,1.0,1.0,0.0,1.0,1.0,0.0,0.342857,0.571429,0.355556,0.860215,0.425532,1.0,GenNA,GenNA,RefSeq GenBank corpus to multimodal pretraining samples,Gene-associated genomic DNA pretraining,1,1,True,2,1
june_update_2026-06-10__rec_000133,route_1fe0040c3130,route_775271f6aa86,0.675097,True,False,True,source_modality;text_role,1.0,1.0,1.0,0.0,1.0,1.0,0.0,0.28866,0.571429,0.355556,0.860215,0.418605,1.0,GenNA,GenNA,RefSeq GenBank corpus to multimodal pretraining samples,Gene-associated RNA pretraining,2,1,False,2,1
june_update_2026-06-10__rec_000133,route_3bb7c71fcafb,route_0c90be4af21f,0.747939,True,False,True,carrier_subtype;source_modality,1.0,1.0,0.0,0.0,1.0,1.0,1.0,1.0,0.737705,0.708171,0.454545,0.8,1.0,GenNA,GenNA,Real gene sample to sequence-function consistency evaluation,Sequence-function consistency evaluation,1,1,True,1,1
june_update_2026-06-10__rec_000133,route_3bb7c71fcafb,route_29d75af53bc0,0.533959,False,False,True,source_modality;lifecycle_phase;text_role,1.0,1.0,1.0,0.0,0.0,1.0,0.0,0.396552,0.376068,0.242678,0.325,0.30303,0.192982,GenNA,GenNA,Real gene sample to sequence-function consistency evaluation,Dynamic information-masking pretraining,3,5,False,1,1
june_update_2026-06-10__rec_000133,route_3bb7c71fcafb,route_75b32f3d4dbc,0.544419,False,False,True,source_modality;fusion_topology;text_role,1.0,1.0,1.0,0.0,1.0,0.0,0.0,0.388889,0.166667,0.517241,0.192982,0.43299,0.180995,GenNA,GenNA,Real gene sample to sequence-function consistency evaluation,Species-label perturbation evaluation,2,6,False,1,2
june_update_2026-06-10__rec_000133,route_648304c04467,route_3f2cd944ba2e,0.733061,True,True,True,,1.0,1.0,1.0,1.0,1.0,1.0,1.0,0.258065,0.171429,0.355556,0.509804,0.492308,0.123624,GenNA,GenNA,rRNA prompt-prefix generation,Unconditional self-guided generation,4,3,False,4,4
june_update_2026-06-10__rec_000133,route_648304c04467,route_72b2cf8c9eac,0.870601,True,True,True,,1.0,1.0,1.0,1.0,1.0,1.0,1.0,0.75,1.0,0.807453,0.195652,0.716981,0.069669,GenNA,GenNA,rRNA prompt-prefix generation,rRNA-targeted generation,1,1,True,4,3
june_update_2026-06-10__rec_000133,route_648304c04467,route_cf7bc194d0b4,0.802876,True,True,True,,1.0,1.0,1.0,1.0,1.0,1.0,1.0,0.428571,0.714286,0.5625,0.363636,0.679245,0.087838,GenNA,GenNA,rRNA prompt-prefix generation,tRNA-targeted generation,2,2,False,4,3
june_update_2026-06-10__rec_000133,route_648304c04467,route_f9ce1bf63b0b,0.761559,True,True,True,,1.0,1.0,1.0,1.0,1.0,1.0,1.0,0.27027,0.625,0.54359,0.16129,0.5,0.106518,GenNA,GenNA,rRNA prompt-prefix generation,Histone-targeted generation,3,2,False,4,4
june_update_2026-06-10__rec_000133,route_692f4555d60d,route_1f96c335f3ca,0.464325,False,False,True,carrier_subtype;source_modality;fusion_topology,1.0,1.0,0.0,0.0,1.0,0.0,1.0,0.176471,0.276923,0.085714,0.4,0.481013,0.083333,GenNA,GenNA,Dynamic prompt-masked pretraining inputs,Gene-associated genomic DNA pretraining,9,2,False,2,1
june_update_2026-06-10__rec_000133,route_692f4555d60d,route_29d75af53bc0,0.727275,True,True,True,fusion_topology,1.0,1.0,1.0,1.0,1.0,0.0,1.0,0.3125,0.295455,0.563758,0.885496,0.683544,0.121212,GenNA,GenNA,Dynamic prompt-masked pretraining inputs,Dynamic information-masking pretraining,1,1,True,2,1
june_update_2026-06-10__rec_000133,route_692f4555d60d,route_36bbccf780e7,0.664197,True,False,True,lifecycle_phase,1.0,1.0,1.0,1.0,0.0,1.0,1.0,0.307692,0.325581,0.481928,0.229885,0.268657,0.029851,GenNA,GenNA,Dynamic prompt-masked pretraining inputs,Species-specific generation,2,7,False,2,6
june_update_2026-06-10__rec_000133,route_692f4555d60d,route_775271f6aa86,0.465394,False,False,True,carrier_subtype;source_modality;fusion_topology,1.0,1.0,0.0,0.0,1.0,0.0,1.0,0.2,0.276923,0.085714,0.4,0.422535,0.083333,GenNA,GenNA,Dynamic prompt-masked pretraining inputs,Gene-associated RNA pretraining,8,2,False,2,1
june_update_2026-06-10__rec_000133,route_692f4555d60d,route_f9ce1bf63b0b,0.606734,False,False,True,lifecycle_phase;text_role,1.0,1.0,1.0,1.0,0.0,1.0,0.0,0.333333,0.285714,0.11828,0.280374,0.358209,0.342246,GenNA,GenNA,Dynamic prompt-masked pretraining inputs,Histone-targeted generation,3,7,False,2,4
june_update_2026-06-10__rec_000133,route_6fa7a5447d38,route_36bbccf780e7,0.693238,True,True,True,text_role,1.0,1.0,1.0,1.0,1.0,1.0,0.0,0.190476,0.265487,0.482759,0.52381,0.571429,0.116751,GenNA,GenNA,tRNA prompt-prefix generation,Species-specific generation,5,3,False,5,6
june_update_2026-06-10__rec_000133,route_6fa7a5447d38,route_3f2cd944ba2e,0.735543,True,True,True,,1.0,1.0,1.0,1.0,1.0,1.0,1.0,0.258065,0.186047,0.335196,0.54902,0.523077,0.123624,GenNA,GenNA,tRNA prompt-prefix generation,Unconditional self-guided generation,4,2,False,5,4
june_update_2026-06-10__rec_000133,route_6fa7a5447d38,route_72b2cf8c9eac,0.825697,True,True,True,,1.0,1.0,1.0,1.0,1.0,1.0,1.0,0.6875,0.714286,0.575,0.195652,0.679245,0.069669,GenNA,GenNA,tRNA prompt-prefix generation,rRNA-targeted generation,2,2,False,5,3
june_update_2026-06-10__rec_000133,route_6fa7a5447d38,route_cf7bc194d0b4,0.848215,True,True,True,,1.0,1.0,1.0,1.0,1.0,1.0,1.0,0.47619,1.0,0.805031,0.393939,0.716981,0.087838,GenNA,GenNA,tRNA prompt-prefix generation,tRNA-targeted generation,1,1,True,5,3
june_update_2026-06-10__rec_000133,route_6fa7a5447d38,route_f9ce1bf63b0b,0.759841,True,True,True,,1.0,1.0,1.0,1.0,1.0,1.0,1.0,0.324324,0.5,0.536082,0.16129,0.535714,0.106518,GenNA,GenNA,tRNA prompt-prefix generation,Histone-targeted generation,3,3,False,5,4
june_update_2026-06-10__rec_000133,route_bcaade0fbca0,route_29d75af53bc0,0.606819,False,False,True,lifecycle_phase;fusion_topology,1.0,1.0,1.0,1.0,0.0,0.0,1.0,0.292683,0.41791,0.31441,0.267717,0.252874,0.236559,GenNA,GenNA,RNA species-labeled prompt to embedding analysis,Dynamic information-masking pretraining,7,3,False,2,1
june_update_2026-06-10__rec_000133,route_bcaade0fbca0,route_36bbccf780e7,0.681298,True,False,True,lifecycle_phase,1.0,1.0,1.0,1.0,0.0,1.0,1.0,0.431373,0.351852,0.390244,0.361446,0.293333,0.017857,GenNA,GenNA,RNA species-labeled prompt to embedding analysis,Species-specific generation,1,6,False,2,6
june_update_2026-06-10__rec_000133,route_bcaade0fbca0,route_75b32f3d4dbc,0.676018,True,False,True,source_modality,1.0,1.0,1.0,0.0,1.0,1.0,1.0,0.378378,0.529412,0.396396,0.197531,0.517647,0.26,GenNA,GenNA,RNA species-labeled prompt to embedding analysis,Species-label perturbation evaluation,2,1,True,2,2
june_update_2026-06-10__rec_000133,route_bcaade0fbca0,route_f9ce1bf63b0b,0.639096,False,False,True,lifecycle_phase;text_role,1.0,1.0,1.0,1.0,0.0,1.0,0.0,0.391304,0.628571,0.323308,0.23301,0.213333,0.186441,GenNA,GenNA,RNA species-labeled prompt to embedding analysis,Histone-targeted generation,3,5,False,2,4
june_update_2026-06-10__rec_000133,route_bf09c1cd802e,route_36bbccf780e7,0.704023,True,True,True,text_role,1.0,1.0,1.0,1.0,1.0,1.0,0.0,0.311111,0.194175,0.464646,0.622222,0.542373,0.079755,GenNA,GenNA,Histone prompt-prefix generation,Species-specific generation,5,2,False,5,6
june_update_2026-06-10__rec_000133,route_bf09c1cd802e,route_3f2cd944ba2e,0.741293,True,True,True,,1.0,1.0,1.0,1.0,1.0,1.0,1.0,0.294118,0.242424,0.334975,0.518519,0.470588,0.138439,GenNA,GenNA,Histone prompt-prefix generation,Unconditional self-guided generation,4,1,False,5,4
june_update_2026-06-10__rec_000133,route_bf09c1cd802e,route_72b2cf8c9eac,0.802469,True,True,True,,1.0,1.0,1.0,1.0,1.0,1.0,1.0,0.514286,0.625,0.652174,0.189474,0.535714,0.145185,GenNA,GenNA,Histone prompt-prefix generation,rRNA-targeted generation,2,3,False,5,3
june_update_2026-06-10__rec_000133,route_bf09c1cd802e,route_cf7bc194d0b4,0.779329,True,True,True,,1.0,1.0,1.0,1.0,1.0,1.0,1.0,0.4,0.5,0.644809,0.144928,0.571429,0.170088,GenNA,GenNA,Histone prompt-prefix generation,tRNA-targeted generation,3,3,False,5,3
june_update_2026-06-10__rec_000133,route_bf09c1cd802e,route_f9ce1bf63b0b,0.85239,True,True,True,,1.0,1.0,1.0,1.0,1.0,1.0,1.0,0.5,1.0,0.770642,0.307692,0.745763,0.267196,GenNA,GenNA,Histone prompt-prefix generation,Histone-targeted generation,1,1,True,5,4
june_update_2026-06-10__rec_000133,route_c80ccdfc4880,route_0c90be4af21f,0.510726,False,False,True,carrier_subtype;source_modality;fusion_topology,1.0,1.0,0.0,0.0,1.0,0.0,1.0,0.383838,0.195489,0.333333,0.309091,0.415842,0.492958,GenNA,GenNA,Species-swap sequence prompt to phylogenetic PPL perturbation,Sequence-function consistency evaluation,5,2,False,0,1
june_update_2026-06-10__rec_000133,route_c80ccdfc4880,route_36bbccf780e7,0.536232,False,False,True,source_modality;lifecycle_phase;text_role,1.0,1.0,1.0,0.0,0.0,1.0,0.0,0.40625,0.295858,0.326693,0.363636,0.477273,0.035088,GenNA,GenNA,Species-swap sequence prompt to phylogenetic PPL perturbation,Species-specific generation,2,8,False,0,6
june_update_2026-06-10__rec_000133,route_c80ccdfc4880,route_75b32f3d4dbc,0.593058,False,False,True,source_modality;text_role,1.0,1.0,1.0,0.0,1.0,1.0,0.0,0.321839,0.294737,0.255507,0.27907,0.489796,0.181818,GenNA,GenNA,Species-swap sequence prompt to phylogenetic PPL perturbation,Species-label perturbation evaluation,1,4,False,0,2
june_update_2026-06-10__rec_000133,route_c80ccdfc4880,route_f9ce1bf63b0b,0.51483,False,False,True,source_modality;lifecycle_phase;text_role,1.0,1.0,1.0,0.0,0.0,1.0,0.0,0.271186,0.208333,0.346863,0.240741,0.386364,0.244898,GenNA,GenNA,Species-swap sequence prompt to phylogenetic PPL perturbation,Histone-targeted generation,3,8,False,0,4
june_update_2026-06-10__rec_000133,route_ebee1eabfb10,route_a732f19c65b6,0.682559,True,False,True,source_modality;text_role,1.0,1.0,1.0,0.0,1.0,1.0,0.0,0.65625,0.527778,0.484848,0.564103,0.341463,0.361905,GenNA,GenNA,Wild-type and mutant coding-sequence perturbation input,In silico mutation scanning,1,1,True,1,1
june_update_2026-06-10__rec_000148,route_0e9a73d2c2cc,route_8b527bbd7b4b,0.579127,False,False,True,source_modality;fusion_topology,1.0,1.0,1.0,0.0,1.0,0.0,1.0,0.347826,0.206897,0.54,0.071429,0.25,0.10084,SciCore-Omics,SciCore-Omics,general-domain image-text samples for Stage III retention,histopathology image to PathVQA,3,5,False,1,1
june_update_2026-06-10__rec_000148,route_0e9a73d2c2cc,route_8d99a519d6eb,0.602708,False,False,True,source_modality;lifecycle_phase,1.0,1.0,1.0,0.0,0.0,1.0,1.0,0.391304,0.294118,0.666667,0.238532,0.428571,0.092818,SciCore-Omics,SciCore-Omics,general-domain image-text samples for Stage III retention,histology image patch to stage I image-text pretraining,2,4,False,1,2
june_update_2026-06-10__rec_000148,route_0e9a73d2c2cc,route_b70635dcdd77,0.682675,True,False,True,source_modality,1.0,1.0,1.0,0.0,1.0,1.0,1.0,0.391304,0.294118,0.819672,0.188679,0.45045,0.120133,SciCore-Omics,SciCore-Omics,general-domain image-text samples for Stage III retention,histology image patch in stage III tri-modal alignment,1,3,False,1,3
june_update_2026-06-10__rec_000148,route_25349c695dac,route_2abfc684ce18,0.660464,False,False,True,carrier_subtype;source_modality;fusion_topology,1.0,1.0,0.0,0.0,1.0,0.0,1.0,0.978723,1.0,0.717391,0.341463,0.573643,0.212928,SciCore-Omics,SciCore-Omics,gene expression profiles for transcriptome-to-language generation,gene expression profile to generative spatial domain recognition,2,2,False,0,0
june_update_2026-06-10__rec_000148,route_25349c695dac,route_bf7aa611d54c,0.508797,False,False,True,carrier_subtype;source_modality;lifecycle_phase;fusion_topology;text_role,1.0,1.0,0.0,0.0,0.0,0.0,0.0,0.978723,0.761905,0.511278,0.34375,0.616667,0.163488,SciCore-Omics,SciCore-Omics,gene expression profiles for transcriptome-to-language generation,gene expression profile to stage II gene-text alignment,3,4,False,0,1
june_update_2026-06-10__rec_000148,route_25349c695dac,route_f4eb22871096,0.683762,False,False,True,carrier_subtype;source_modality;fusion_topology,1.0,1.0,0.0,0.0,1.0,0.0,1.0,0.793103,1.0,0.717391,1.0,0.96875,0.232747,SciCore-Omics,SciCore-Omics,gene expression profiles for transcriptome-to-language generation,gene expression profile to transcriptome-to-language generation,1,1,False,0,0
june_update_2026-06-10__rec_000148,route_26c9450d470e,route_cef5e0303c7a,0.507463,False,False,True,carrier_subtype;source_modality;fusion_topology,1.0,1.0,0.0,0.0,1.0,0.0,1.0,0.434783,0.324324,0.261538,0.357143,0.307692,0.179775,SciCore-Omics,SciCore-Omics,whole-slide H&E images for H&E-only case-level pathology workflow,histological image patch to generative spatial domain recognition,2,8,False,1,2
june_update_2026-06-10__rec_000148,route_26c9450d470e,route_eb2576517cc5,0.73669,True,False,True,source_modality;fusion_topology,1.0,1.0,1.0,0.0,1.0,0.0,1.0,1.0,0.114286,0.885057,1.0,0.766667,0.093407,SciCore-Omics,SciCore-Omics,whole-slide H&E images for H&E-only case-level pathology workflow,whole-slide H&E image to case-level pathology reasoning,1,2,False,1,2
june_update_2026-06-10__rec_000148,route_487504173280,route_1fd61cdc95ef,0.565372,False,False,True,lifecycle_phase;fusion_topology;text_role,1.0,1.0,1.0,1.0,0.0,0.0,0.0,0.516129,0.173913,0.238095,0.204082,0.447059,0.27451,SciCore-Omics,SciCore-Omics,histopathology images for PathVQA,H&E image to zero-shot histopathology classification,5,2,False,3,1
june_update_2026-06-10__rec_000148,route_487504173280,route_8b527bbd7b4b,0.825345,True,True,True,fusion_topology,1.0,1.0,1.0,1.0,1.0,0.0,1.0,1.0,0.206897,0.588235,1.0,0.9375,0.289017,SciCore-Omics,SciCore-Omics,histopathology images for PathVQA,histopathology image to PathVQA,1,1,True,3,1
june_update_2026-06-10__rec_000148,route_487504173280,route_8d99a519d6eb,0.656408,True,False,True,lifecycle_phase;fusion_topology,1.0,1.0,1.0,1.0,0.0,0.0,1.0,0.714286,0.294118,0.444444,0.153846,0.477273,0.174603,SciCore-Omics,SciCore-Omics,histopathology images for PathVQA,histology image patch to stage I image-text pretraining,3,2,False,3,2
june_update_2026-06-10__rec_000148,route_487504173280,route_b70635dcdd77,0.733854,True,True,True,fusion_topology,1.0,1.0,1.0,1.0,1.0,0.0,1.0,0.714286,0.294118,0.448598,0.166667,0.482759,0.333333,SciCore-Omics,SciCore-Omics,histopathology images for PathVQA,histology image patch in stage III tri-modal alignment,2,1,False,3,3
june_update_2026-06-10__rec_000148,route_49b3e2ac2efc,route_01fead809e1c,0.527814,False,False,True,carrier_subtype;source_modality;lifecycle_phase;fusion_topology;text_role,1.0,1.0,0.0,0.0,0.0,0.0,0.0,0.978723,1.0,0.511278,0.436364,0.606557,0.114075,SciCore-Omics,SciCore-Omics,gene expression profiles for generative spatial domain recognition,gene expression profile in stage III tri-modal alignment,3,3,False,0,1
june_update_2026-06-10__rec_000148,route_49b3e2ac2efc,route_2abfc684ce18,0.714964,False,False,True,carrier_subtype;source_modality,1.0,1.0,0.0,0.0,1.0,1.0,1.0,0.978723,0.761905,0.717391,0.305556,0.969231,0.240283,SciCore-Omics,SciCore-Omics,gene expression profiles for generative spatial domain recognition,gene expression profile to generative spatial domain recognition,1,1,False,0,0
june_update_2026-06-10__rec_000148,route_49b3e2ac2efc,route_bf7aa611d54c,0.523921,False,False,True,carrier_subtype;source_modality;lifecycle_phase;fusion_topology;text_role,1.0,1.0,0.0,0.0,0.0,0.0,0.0,0.978723,1.0,0.511278,0.333333,0.644628,0.116992,SciCore-Omics,SciCore-Omics,gene expression profiles for generative spatial domain recognition,gene expression profile to stage II gene-text alignment,4,3,False,0,1
june_update_2026-06-10__rec_000148,route_49b3e2ac2efc,route_f4eb22871096,0.681336,False,False,True,carrier_subtype;source_modality,1.0,1.0,0.0,0.0,1.0,1.0,1.0,0.793103,0.761905,0.717391,0.419355,0.573643,0.110906,SciCore-Omics,SciCore-Omics,gene expression profiles for generative spatial domain recognition,gene expression profile to transcriptome-to-language generation,2,2,False,0,0
june_update_2026-06-10__rec_000148,route_565b6df673cb,route_2f13a5f5d52d,0.717089,True,False,True,source_modality,1.0,1.0,1.0,0.0,1.0,1.0,1.0,0.697674,0.294118,0.622222,0.382353,0.423729,0.184874,SciCore-Omics,SciCore-Omics,histological image patches for embedding-based spatial domain recognition,H&E image patch to gene expression prediction,1,2,False,1,3
june_update_2026-06-10__rec_000148,route_565b6df673cb,route_b70635dcdd77,0.536782,False,False,True,source_modality;lifecycle_phase;fusion_topology;text_role,1.0,1.0,1.0,0.0,0.0,0.0,0.0,0.851064,0.157895,0.352941,0.436364,0.566929,0.251748,SciCore-Omics,SciCore-Omics,histological image patches for embedding-based spatial domain recognition,histology image patch in stage III tri-modal alignment,3,7,False,1,3
june_update_2026-06-10__rec_000148,route_565b6df673cb,route_cef5e0303c7a,0.623412,False,False,True,source_modality;fusion_topology;text_role,1.0,1.0,1.0,0.0,1.0,0.0,0.0,0.96,0.146341,0.444444,0.305556,0.782609,0.202532,SciCore-Omics,SciCore-Omics,histological image patches for embedding-based spatial domain recognition,histological image patch to generative spatial domain recognition,2,3,False,1,2
june_update_2026-06-10__rec_000148,route_68e73c6f7e88,route_1fd61cdc95ef,0.55652,False,False,True,source_modality;lifecycle_phase;fusion_topology;text_role,1.0,1.0,1.0,0.0,0.0,0.0,0.0,1.0,0.37037,0.25641,0.447368,0.534653,0.105936,SciCore-Omics,SciCore-Omics,H&E images for spatial gene expression prediction,H&E image to zero-shot histopathology classification,3,3,False,1,1
june_update_2026-06-10__rec_000148,route_68e73c6f7e88,route_2f13a5f5d52d,0.807429,True,False,True,source_modality,1.0,1.0,1.0,0.0,1.0,1.0,1.0,0.740741,0.294118,0.918033,0.763158,0.851064,1.0,SciCore-Omics,SciCore-Omics,H&E images for spatial gene expression prediction,H&E image patch to gene expression prediction,1,1,True,1,3
june_update_2026-06-10__rec_000148,route_68e73c6f7e88,route_cef5e0303c7a,0.564848,False,False,True,source_modality;fusion_topology;text_role,1.0,1.0,1.0,0.0,1.0,0.0,0.0,0.411765,0.292683,0.556962,0.325,0.491228,0.124352,SciCore-Omics,SciCore-Omics,H&E images for spatial gene expression prediction,histological image patch to generative spatial domain recognition,2,5,False,1,2
june_update_2026-06-10__rec_000148,route_70eff534755f,route_2f13a5f5d52d,0.601543,False,False,True,source_modality;fusion_topology;text_role,1.0,1.0,1.0,0.0,1.0,0.0,0.0,0.697674,0.146341,0.607143,0.382353,0.566372,0.224242,SciCore-Omics,SciCore-Omics,histological image patches for generative spatial domain recognition,H&E image patch to gene expression prediction,2,4,False,1,3
june_update_2026-06-10__rec_000148,route_70eff534755f,route_8d99a519d6eb,0.550449,False,False,True,source_modality;lifecycle_phase;fusion_topology;text_role,1.0,1.0,1.0,0.0,0.0,0.0,0.0,0.851064,0.222222,0.658228,0.310345,0.520325,0.139067,SciCore-Omics,SciCore-Omics,histological image patches for generative spatial domain recognition,histology image patch to stage I image-text pretraining,3,6,False,1,2
june_update_2026-06-10__rec_000148,route_70eff534755f,route_cef5e0303c7a,0.761,True,False,True,source_modality,1.0,1.0,1.0,0.0,1.0,1.0,1.0,0.96,0.291667,0.594595,0.305556,0.962406,0.240283,SciCore-Omics,SciCore-Omics,histological image patches for generative spatial domain recognition,histological image patch to generative spatial domain recognition,1,2,True,1,2
june_update_2026-06-10__rec_000148,route_8a27458d7504,route_8b527bbd7b4b,0.579402,False,False,True,source_modality;lifecycle_phase;fusion_topology,1.0,1.0,1.0,0.0,0.0,0.0,1.0,0.75,0.183673,0.594595,0.206897,0.519481,0.224852,SciCore-Omics,SciCore-Omics,histological images for image-text pretraining,histopathology image to PathVQA,3,4,False,1,1
june_update_2026-06-10__rec_000148,route_8a27458d7504,route_8d99a519d6eb,0.730973,True,False,True,source_modality,1.0,1.0,1.0,0.0,1.0,1.0,1.0,0.7,0.222222,0.658228,0.407407,0.772277,0.295082,SciCore-Omics,SciCore-Omics,histological images for image-text pretraining,histology image patch to stage I image-text pretraining,1,1,True,1,2
june_update_2026-06-10__rec_000148,route_8a27458d7504,route_b70635dcdd77,0.642406,False,False,True,source_modality;lifecycle_phase,1.0,1.0,1.0,0.0,0.0,1.0,1.0,0.7,0.222222,0.541667,0.431373,0.48,0.224138,SciCore-Omics,SciCore-Omics,histological images for image-text pretraining,histology image patch in stage III tri-modal alignment,2,4,False,1,3
june_update_2026-06-10__rec_000148,route_8c579740af94,route_1fd61cdc95ef,0.706277,True,False,True,lifecycle_phase;text_role,1.0,1.0,1.0,1.0,0.0,1.0,0.0,0.529412,0.173913,0.647059,0.35514,0.917431,1.0,SciCore-Omics,SciCore-Omics,H&E images for zero-shot histopathological classification,H&E image to zero-shot histopathology classification,2,1,True,3,1
june_update_2026-06-10__rec_000148,route_8c579740af94,route_2f13a5f5d52d,0.639368,True,True,True,fusion_topology;text_role,1.0,1.0,1.0,1.0,1.0,0.0,0.0,0.6,0.133333,0.258824,0.261682,0.509804,0.038462,SciCore-Omics,SciCore-Omics,H&E images for zero-shot histopathological classification,H&E image patch to gene expression prediction,3,3,False,3,3
june_update_2026-06-10__rec_000148,route_8c579740af94,route_8b527bbd7b4b,0.613483,False,False,True,lifecycle_phase;fusion_topology;text_role,1.0,1.0,1.0,1.0,0.0,0.0,0.0,0.888889,0.206897,0.349515,0.083333,0.409091,0.285714,SciCore-Omics,SciCore-Omics,H&E images for zero-shot histopathological classification,histopathology image to PathVQA,4,2,False,3,1
june_update_2026-06-10__rec_000148,route_8c579740af94,route_cef5e0303c7a,0.773097,True,True,True,,1.0,1.0,1.0,1.0,1.0,1.0,1.0,0.583333,0.324324,0.349515,0.234234,0.360656,0.334928,SciCore-Omics,SciCore-Omics,H&E images for zero-shot histopathological classification,histological image patch to generative spatial domain recognition,1,1,False,3,2
june_update_2026-06-10__rec_000148,route_8c579740af94,route_eb2576517cc5,0.562574,False,False,True,carrier_subtype;fusion_topology,1.0,1.0,0.0,1.0,1.0,0.0,1.0,0.391304,0.114286,0.204082,0.15534,0.482143,0.027523,SciCore-Omics,SciCore-Omics,H&E images for zero-shot histopathological classification,whole-slide H&E image to case-level pathology reasoning,7,3,False,3,2
june_update_2026-06-10__rec_000148,route_a57660abeefa,route_1fd61cdc95ef,0.500443,False,False,True,carrier_subtype;source_modality;fusion_topology;text_role,1.0,1.0,0.0,0.0,1.0,0.0,0.0,0.625,0.571429,0.215385,0.450704,0.518519,0.056872,SciCore-Omics,SciCore-Omics,whole-slide H&E images for H&E-based pathology reasoning,H&E image to zero-shot histopathology classification,2,5,False,1,1
june_update_2026-06-10__rec_000148,route_a57660abeefa,route_2f13a5f5d52d,0.492585,False,False,True,carrier_subtype;source_modality;lifecycle_phase;text_role,1.0,1.0,0.0,0.0,0.0,1.0,0.0,0.512821,0.809524,0.176991,0.450704,0.475248,0.129944,SciCore-Omics,SciCore-Omics,whole-slide H&E images for H&E-based pathology reasoning,H&E image patch to gene expression prediction,3,8,False,1,3
june_update_2026-06-10__rec_000148,route_a57660abeefa,route_eb2576517cc5,0.795273,True,False,True,source_modality;lifecycle_phase,1.0,1.0,1.0,0.0,0.0,1.0,1.0,1.0,0.765957,0.948571,0.597015,0.846847,1.0,SciCore-Omics,SciCore-Omics,whole-slide H&E images for H&E-based pathology reasoning,whole-slide H&E image to case-level pathology reasoning,1,1,True,1,2
june_update_2026-06-10__rec_000148,route_bad6d48a31a5,route_01fead809e1c,0.717995,False,False,True,carrier_subtype;source_modality,1.0,1.0,0.0,0.0,1.0,1.0,1.0,0.978723,1.0,0.511278,0.583333,0.730769,0.091727,SciCore-Omics,SciCore-Omics,gene expression profiles for gene-text alignment,gene expression profile in stage III tri-modal alignment,2,2,False,1,1
june_update_2026-06-10__rec_000148,route_bad6d48a31a5,route_2abfc684ce18,0.527007,False,False,True,carrier_subtype;source_modality;lifecycle_phase;fusion_topology;text_role,1.0,1.0,0.0,0.0,0.0,0.0,0.0,0.978723,0.761905,0.717391,0.369231,0.678571,0.179775,SciCore-Omics,SciCore-Omics,gene expression profiles for gene-text alignment,gene expression profile to generative spatial domain recognition,3,4,False,1,0
june_update_2026-06-10__rec_000148,route_bad6d48a31a5,route_bf7aa611d54c,0.734739,True,False,True,carrier_subtype;source_modality,1.0,1.0,0.0,0.0,1.0,1.0,1.0,0.978723,1.0,0.511278,0.808511,0.873786,0.121597,SciCore-Omics,SciCore-Omics,gene expression profiles for gene-text alignment,gene expression profile to stage II gene-text alignment,1,1,True,1,1
june_update_2026-06-10__rec_000148,route_d34d584a7b4e,route_8b527bbd7b4b,0.599104,False,False,True,source_modality;fusion_topology,1.0,1.0,1.0,0.0,1.0,0.0,1.0,0.409091,0.183673,0.594595,0.153846,0.358974,0.176817,SciCore-Omics,SciCore-Omics,local H&E image patches for tri-modal alignment,histopathology image to PathVQA,3,3,False,1,1
june_update_2026-06-10__rec_000148,route_d34d584a7b4e,route_8d99a519d6eb,0.646386,False,False,True,source_modality;lifecycle_phase,1.0,1.0,1.0,0.0,0.0,1.0,1.0,0.636364,0.222222,0.658228,0.588235,0.470588,0.121524,SciCore-Omics,SciCore-Omics,local H&E image patches for tri-modal alignment,histology image patch to stage I image-text pretraining,2,3,False,1,2
june_update_2026-06-10__rec_000148,route_d34d584a7b4e,route_b70635dcdd77,0.726691,True,False,True,source_modality,1.0,1.0,1.0,0.0,1.0,1.0,1.0,0.636364,0.222222,0.541667,0.791667,0.712871,0.14715,SciCore-Omics,SciCore-Omics,local H&E image patches for tri-modal alignment,histology image patch in stage III tri-modal alignment,1,2,True,1,3
june_update_2026-06-10__rec_000148,route_d5f0bd287229,route_01fead809e1c,0.732813,True,False,True,carrier_subtype;source_modality,1.0,1.0,0.0,0.0,1.0,1.0,1.0,0.978723,1.0,0.511278,0.791667,0.803571,0.14715,SciCore-Omics,SciCore-Omics,matched gene expression profiles for tri-modal alignment,gene expression profile in stage III tri-modal alignment,1,1,True,1,1
june_update_2026-06-10__rec_000148,route_d5f0bd287229,route_2abfc684ce18,0.521715,False,False,True,carrier_subtype;source_modality;lifecycle_phase;fusion_topology;text_role,1.0,1.0,0.0,0.0,0.0,0.0,0.0,0.978723,0.761905,0.717391,0.276923,0.6,0.221782,SciCore-Omics,SciCore-Omics,matched gene expression profiles for tri-modal alignment,gene expression profile to generative spatial domain recognition,3,5,False,1,0
june_update_2026-06-10__rec_000148,route_d5f0bd287229,route_bf7aa611d54c,0.715754,False,False,True,carrier_subtype;source_modality,1.0,1.0,0.0,0.0,1.0,1.0,1.0,0.978723,1.0,0.511278,0.553191,0.666667,0.121466,SciCore-Omics,SciCore-Omics,matched gene expression profiles for tri-modal alignment,gene expression profile to stage II gene-text alignment,2,2,False,1,1
june_update_2026-06-10__rec_000148,route_f2075cad7c68,route_01fead809e1c,0.480036,False,False,True,carrier_subtype;source_modality;lifecycle_phase;fusion_topology;text_role,1.0,1.0,0.0,0.0,0.0,0.0,0.0,0.978723,0.25,0.511278,0.436364,0.614173,0.226415,SciCore-Omics,SciCore-Omics,gene expression profiles for embedding-based spatial domain recognition,gene expression profile in stage III tri-modal alignment,3,6,False,0,1
june_update_2026-06-10__rec_000148,route_f2075cad7c68,route_2abfc684ce18,0.567693,False,False,True,carrier_subtype;source_modality;fusion_topology;text_role,1.0,1.0,0.0,0.0,1.0,0.0,0.0,0.978723,0.333333,0.717391,0.305556,0.8,0.18543,SciCore-Omics,SciCore-Omics,gene expression profiles for embedding-based spatial domain recognition,gene expression profile to generative spatial domain recognition,1,3,False,0,0
june_update_2026-06-10__rec_000148,route_f2075cad7c68,route_f4eb22871096,0.542491,False,False,True,carrier_subtype;source_modality;fusion_topology;text_role,1.0,1.0,0.0,0.0,1.0,0.0,0.0,0.793103,0.333333,0.717391,0.419355,0.522388,0.178218,SciCore-Omics,SciCore-Omics,gene expression profiles for embedding-based spatial domain recognition,gene expression profile to transcriptome-to-language generation,2,3,False,0,0
june_update_2026-06-10__rec_000152,route_027d705877a4,route_2f7983ac4cee,0.62227,False,False,True,lifecycle_phase;fusion_topology,1.0,1.0,1.0,1.0,0.0,0.0,1.0,0.525,0.342857,0.273973,0.1875,0.236842,0.240283,H2O,H2O,Thymus developmental ST prediction,H&E image branch for contrastive alignment,2,2,False,1,1
june_update_2026-06-10__rec_000152,route_027d705877a4,route_3d88753d6312,0.610192,False,False,True,carrier_subtype;lifecycle_phase,1.0,1.0,0.0,1.0,0.0,1.0,1.0,0.493506,0.461538,0.272727,0.410596,0.416667,0.163569,H2O,H2O,Thymus developmental ST prediction,H&E to SP prediction with dual decoder,3,5,False,1,4
june_update_2026-06-10__rec_000152,route_027d705877a4,route_49aa3575b33d,0.827012,True,False,True,lifecycle_phase,1.0,1.0,1.0,1.0,0.0,1.0,1.0,0.933333,0.815385,0.295302,0.564103,0.635294,1.0,H2O,H2O,Thymus developmental ST prediction,Developmental thymus H&E for temporal ST prediction,1,1,True,1,1
june_update_2026-06-10__rec_000152,route_027d705877a4,route_61505310f0e3,0.475317,False,False,False,lifecycle_phase;fusion_topology,0.139535,1.0,1.0,1.0,0.0,0.0,1.0,0.158416,0.342857,0.256983,0.38835,0.219512,0.254386,H2O,in-house DINO-V2-based histopathology FM,Thymus developmental ST prediction,H&E patches for histopathology image FM training,6,3,False,1,0
june_update_2026-06-10__rec_000152,route_0a29b6e4f331,route_5531f04067d0,0.76437,True,False,True,carrier_subtype,1.0,1.0,0.0,1.0,1.0,1.0,1.0,0.836735,1.0,0.580913,0.210526,0.379747,0.034483,scGPT-FT,scGPT-FT,scGPT fine-tuning on ST data,ST gene-expression branch for contrastive alignment,1,1,True,1,1
june_update_2026-06-10__rec_000152,route_2933441a5259,route_2856dcc135f2,0.670303,True,False,True,lifecycle_phase,1.0,1.0,1.0,1.0,0.0,1.0,1.0,0.305882,0.375,0.353846,0.347826,0.434783,0.053571,H2O,H2O,HTAPP dual-decoder ST/SP prediction,Serial metastatic lymph node H&E for 3D ST reconstruction,2,2,False,3,4
june_update_2026-06-10__rec_000152,route_2933441a5259,route_3d88753d6312,0.739252,True,False,True,lifecycle_phase,1.0,1.0,1.0,1.0,0.0,1.0,1.0,0.307692,0.351351,0.33945,1.0,0.465753,1.0,H2O,H2O,HTAPP dual-decoder ST/SP prediction,H&E to SP prediction with dual decoder,1,1,True,3,4
june_update_2026-06-10__rec_000152,route_2933441a5259,route_45bef80d938d,0.656407,True,False,True,lifecycle_phase,1.0,1.0,1.0,1.0,0.0,1.0,1.0,0.229167,0.307692,0.328358,0.377143,0.447368,0.052632,H2O,H2O,HTAPP dual-decoder ST/SP prediction,H&E to ST prediction with spatial context,3,4,False,3,4
june_update_2026-06-10__rec_000152,route_295a1c615aa0,route_2f7983ac4cee,0.603018,False,False,True,source_modality;lifecycle_phase;text_role,1.0,1.0,1.0,0.0,0.0,1.0,0.0,0.452381,0.73913,0.375,0.287129,0.428571,0.838235,H2O,H2O,HEST-1k paired H&E-ST contrastive training,H&E image branch for contrastive alignment,1,3,False,0,1
june_update_2026-06-10__rec_000152,route_295a1c615aa0,route_49aa3575b33d,0.454425,False,False,True,source_modality;lifecycle_phase;fusion_topology;text_role,1.0,1.0,1.0,0.0,0.0,0.0,0.0,0.212766,0.283019,0.368715,0.25,0.27957,0.309623,H2O,H2O,HEST-1k paired H&E-ST contrastive training,Developmental thymus H&E for temporal ST prediction,3,7,False,0,1
june_update_2026-06-10__rec_000152,route_295a1c615aa0,route_61505310f0e3,0.480391,False,False,False,source_modality;fusion_topology;text_role,0.139535,1.0,1.0,0.0,1.0,0.0,0.0,0.32381,0.73913,0.526316,0.265487,0.4,0.488479,H2O,in-house DINO-V2-based histopathology FM,HEST-1k paired H&E-ST contrastive training,H&E patches for histopathology image FM training,2,2,False,0,0
june_update_2026-06-10__rec_000152,route_799bd78785f1,route_2856dcc135f2,0.658257,True,False,True,lifecycle_phase,1.0,1.0,1.0,1.0,0.0,1.0,1.0,0.275862,0.294118,0.32,0.318471,0.449438,0.068966,H2O,H2O,IDCLymphNode external validation,Serial metastatic lymph node H&E for 3D ST reconstruction,3,4,False,3,4
june_update_2026-06-10__rec_000152,route_799bd78785f1,route_3d88753d6312,0.708095,True,False,True,lifecycle_phase,1.0,1.0,1.0,1.0,0.0,1.0,1.0,0.567164,0.315789,0.478992,0.294479,0.257143,0.299065,H2O,H2O,IDCLymphNode external validation,H&E to SP prediction with dual decoder,1,3,False,3,4
june_update_2026-06-10__rec_000152,route_799bd78785f1,route_45bef80d938d,0.693455,True,False,True,lifecycle_phase,1.0,1.0,1.0,1.0,0.0,1.0,1.0,0.346939,0.528302,0.606335,0.243243,0.246575,0.070968,H2O,H2O,IDCLymphNode external validation,H&E to ST prediction with spatial context,2,1,True,3,4
june_update_2026-06-10__rec_000152,route_7b8e6536c4e7,route_2f7983ac4cee,0.559608,False,False,False,source_modality;text_role,0.5,1.0,1.0,0.0,1.0,1.0,0.0,0.333333,0.73913,0.4,0.171123,0.356164,0.140704,H2O-ccRCC,H2O,H2O-ccRCC benchmark fine-tuning,H&E image branch for contrastive alignment,1,6,False,0,1
june_update_2026-06-10__rec_000152,route_a051f187593e,route_2856dcc135f2,0.787904,True,False,True,lifecycle_phase,1.0,1.0,1.0,1.0,0.0,1.0,1.0,0.807692,0.862069,0.671533,0.212121,0.604167,0.122449,H2O,H2O,OpenST serial-section ST reconstruction,Serial metastatic lymph node H&E for 3D ST reconstruction,1,1,True,3,4
june_update_2026-06-10__rec_000152,route_a051f187593e,route_3d88753d6312,0.686333,True,False,True,lifecycle_phase,1.0,1.0,1.0,1.0,0.0,1.0,1.0,0.428571,0.333333,0.284444,0.347826,0.441558,0.275556,H2O,H2O,OpenST serial-section ST reconstruction,H&E to SP prediction with dual decoder,2,4,False,3,4
june_update_2026-06-10__rec_000152,route_a051f187593e,route_45bef80d938d,0.665769,True,False,True,lifecycle_phase,1.0,1.0,1.0,1.0,0.0,1.0,1.0,0.382609,0.229167,0.278846,0.341463,0.5,0.055556,H2O,H2O,OpenST serial-section ST reconstruction,H&E to ST prediction with spatial context,3,3,False,3,4
june_update_2026-06-10__rec_000152,route_a2679d194781,route_2856dcc135f2,0.665885,True,False,True,lifecycle_phase,1.0,1.0,1.0,1.0,0.0,1.0,1.0,0.341463,0.268293,0.32,0.393064,0.431818,0.028037,H2O,H2O,HEST-1k benchmark ST prediction,Serial metastatic lymph node H&E for 3D ST reconstruction,3,3,False,3,4
june_update_2026-06-10__rec_000152,route_a2679d194781,route_3d88753d6312,0.7279,True,False,True,lifecycle_phase,1.0,1.0,1.0,1.0,0.0,1.0,1.0,0.612903,0.333333,0.478992,0.379888,0.463768,0.364532,H2O,H2O,HEST-1k benchmark ST prediction,H&E to SP prediction with dual decoder,1,2,False,3,4
june_update_2026-06-10__rec_000152,route_a2679d194781,route_45bef80d938d,0.688683,True,False,True,lifecycle_phase,1.0,1.0,1.0,1.0,0.0,1.0,1.0,0.365591,0.383333,0.606335,0.182927,0.472222,0.055556,H2O,H2O,HEST-1k benchmark ST prediction,H&E to ST prediction with spatial context,2,2,False,3,4
june_update_2026-06-10__rec_000152,route_a2679d194781,route_49aa3575b33d,0.622062,False,False,True,carrier_subtype;lifecycle_phase,1.0,1.0,0.0,1.0,0.0,1.0,1.0,0.64,0.248062,0.372414,0.283019,0.487805,0.326087,H2O,H2O,HEST-1k benchmark ST prediction,Developmental thymus H&E for temporal ST prediction,4,3,False,3,1
june_update_2026-06-10__rec_000152,route_a4cf3abb41b5,route_2f7983ac4cee,0.68073,True,False,True,lifecycle_phase;fusion_topology,1.0,1.0,1.0,1.0,0.0,0.0,1.0,0.578313,0.73913,0.323077,0.469945,0.47619,0.229885,H2O,H2O,H&E patch pretraining,H&E image branch for contrastive alignment,1,1,False,1,1
june_update_2026-06-10__rec_000152,route_a4cf3abb41b5,route_49aa3575b33d,0.636042,False,False,True,lifecycle_phase;fusion_topology,1.0,1.0,1.0,1.0,0.0,0.0,1.0,0.623656,0.283019,0.360902,0.202899,0.388889,0.107937,H2O,H2O,H&E patch pretraining,Developmental thymus H&E for temporal ST prediction,3,2,False,1,1
june_update_2026-06-10__rec_000152,route_a4cf3abb41b5,route_61505310f0e3,0.679917,False,True,False,fusion_topology,0.139535,1.0,1.0,1.0,1.0,0.0,1.0,0.461538,0.73913,0.650307,1.0,0.57971,0.293515,H2O,in-house DINO-V2-based histopathology FM,H&E patch pretraining,H&E patches for histopathology image FM training,2,1,False,1,0
june_update_2026-06-10__rec_000152,route_f372eacc36d3,route_2f7983ac4cee,0.576762,False,False,False,source_modality;text_role,0.545455,1.0,1.0,0.0,1.0,1.0,0.0,0.378947,0.73913,0.4,0.182796,0.361111,0.266667,H2O-PRAD,H2O,H2O-PRAD benchmark fine-tuning,H&E image branch for contrastive alignment,1,4,False,0,1
june_update_2026-06-10__rec_000194,route_14d4750d999c,route_2828f4dfe3f3,0.734451,True,False,True,source_modality;fusion_topology,1.0,1.0,1.0,0.0,1.0,0.0,1.0,0.407407,1.0,0.669323,1.0,0.419355,0.903226,Bio-BLIP,Bio-BLIP,Bio-BLIP DNA embedding route,AlphaGenome embeddings to Bio-BLIP,1,1,True,3,3
june_update_2026-06-10__rec_000194,route_14d4750d999c,route_58874dee1f0f,0.539543,False,False,True,carrier_subtype;source_modality;text_role,1.0,1.0,0.0,0.0,1.0,1.0,0.0,0.407407,0.333333,0.607143,0.318182,0.337349,0.21978,Bio-BLIP,Bio-BLIP,Bio-BLIP DNA embedding route,AlphaGenome embeddings to Bio-BLIP Stage 1 DNA Q-former,4,1,False,3,0
june_update_2026-06-10__rec_000194,route_14d4750d999c,route_5ab21f81834c,0.518142,False,False,True,carrier_subtype;source_modality;text_role,1.0,1.0,0.0,0.0,1.0,1.0,0.0,0.27451,0.333333,0.504505,0.318182,0.395062,0.21978,Bio-BLIP,Bio-BLIP,Bio-BLIP DNA embedding route,ESM-2 embeddings to Bio-BLIP Stage 1 Protein Q-former,6,3,False,3,0
june_update_2026-06-10__rec_000194,route_14d4750d999c,route_e09961882576,0.701385,True,False,True,source_modality;fusion_topology,1.0,1.0,1.0,0.0,1.0,0.0,1.0,0.313253,1.0,0.607287,1.0,0.45614,0.44,Bio-BLIP,Bio-BLIP,Bio-BLIP DNA embedding route,GenePT embeddings to Bio-BLIP,2,3,False,3,3
june_update_2026-06-10__rec_000194,route_14d4750d999c,route_fc3883ca9463,0.700255,True,False,True,source_modality;fusion_topology,1.0,1.0,1.0,0.0,1.0,0.0,1.0,0.27451,1.0,0.578313,1.0,0.464286,0.572581,Bio-BLIP,Bio-BLIP,Bio-BLIP DNA embedding route,ESM-2 embeddings to Bio-BLIP,3,3,False,3,3
june_update_2026-06-10__rec_000194,route_14d4750d999c,route_fdca8e3fdb99,0.527446,False,False,True,carrier_subtype;source_modality;text_role,1.0,1.0,0.0,0.0,1.0,1.0,0.0,0.313253,0.333333,0.536364,0.318182,0.35443,0.310881,Bio-BLIP,Bio-BLIP,Bio-BLIP DNA embedding route,GenePT embeddings to Bio-BLIP Stage 1 Gene Q-former,5,3,False,3,0
june_update_2026-06-10__rec_000194,route_5314e7068f89,route_2828f4dfe3f3,0.706605,True,False,True,source_modality;fusion_topology,1.0,1.0,1.0,0.0,1.0,0.0,1.0,0.367816,1.0,0.58498,1.0,0.473684,0.432692,Bio-BLIP,Bio-BLIP,Bio-BLIP gene-neighborhood embedding route,AlphaGenome embeddings to Bio-BLIP,3,2,False,3,3
june_update_2026-06-10__rec_000194,route_5314e7068f89,route_58874dee1f0f,0.531236,False,False,True,carrier_subtype;source_modality;text_role,1.0,1.0,0.0,0.0,1.0,1.0,0.0,0.367816,0.333333,0.513274,0.318182,0.391753,0.254335,Bio-BLIP,Bio-BLIP,Bio-BLIP gene-neighborhood embedding route,AlphaGenome embeddings to Bio-BLIP Stage 1 DNA Q-former,5,2,False,3,0
june_update_2026-06-10__rec_000194,route_5314e7068f89,route_5ab21f81834c,0.528966,False,False,True,carrier_subtype;source_modality;text_role,1.0,1.0,0.0,0.0,1.0,1.0,0.0,0.37037,0.333333,0.5,0.318182,0.336842,0.254335,Bio-BLIP,Bio-BLIP,Bio-BLIP gene-neighborhood embedding route,ESM-2 embeddings to Bio-BLIP Stage 1 Protein Q-former,6,2,False,3,0
june_update_2026-06-10__rec_000194,route_5314e7068f89,route_e09961882576,0.741232,True,False,True,source_modality;fusion_topology,1.0,1.0,1.0,0.0,1.0,0.0,1.0,0.483871,1.0,0.64257,1.0,0.450704,0.866667,Bio-BLIP,Bio-BLIP,Bio-BLIP gene-neighborhood embedding route,GenePT embeddings to Bio-BLIP,1,2,True,3,3
june_update_2026-06-10__rec_000194,route_5314e7068f89,route_fc3883ca9463,0.706835,True,False,True,source_modality;fusion_topology,1.0,1.0,1.0,0.0,1.0,0.0,1.0,0.37037,1.0,0.573705,1.0,0.371429,0.527197,Bio-BLIP,Bio-BLIP,Bio-BLIP gene-neighborhood embedding route,ESM-2 embeddings to Bio-BLIP,2,2,False,3,3
june_update_2026-06-10__rec_000194,route_5314e7068f89,route_fdca8e3fdb99,0.552113,False,False,True,carrier_subtype;source_modality;text_role,1.0,1.0,0.0,0.0,1.0,1.0,0.0,0.483871,0.333333,0.576577,0.318182,0.365591,0.336957,Bio-BLIP,Bio-BLIP,Bio-BLIP gene-neighborhood embedding route,GenePT embeddings to Bio-BLIP Stage 1 Gene Q-former,4,2,False,3,0
june_update_2026-06-10__rec_000194,route_bb2386b2e166,route_2828f4dfe3f3,0.702848,True,False,True,source_modality;fusion_topology,1.0,1.0,1.0,0.0,1.0,0.0,1.0,0.266667,1.0,0.60241,1.0,0.453333,0.626984,Bio-BLIP,Bio-BLIP,Bio-BLIP protein-sequence embedding route,AlphaGenome embeddings to Bio-BLIP,3,3,False,3,3
june_update_2026-06-10__rec_000194,route_bb2386b2e166,route_58874dee1f0f,0.516704,False,False,True,carrier_subtype;source_modality;text_role,1.0,1.0,0.0,0.0,1.0,1.0,0.0,0.266667,0.333333,0.531532,0.318182,0.375,0.175115,Bio-BLIP,Bio-BLIP,Bio-BLIP protein-sequence embedding route,AlphaGenome embeddings to Bio-BLIP Stage 1 DNA Q-former,6,3,False,3,0
june_update_2026-06-10__rec_000194,route_bb2386b2e166,route_5ab21f81834c,0.553914,False,False,True,carrier_subtype;source_modality;text_role,1.0,1.0,0.0,0.0,1.0,1.0,0.0,0.545455,0.333333,0.6,0.318182,0.340426,0.175115,Bio-BLIP,Bio-BLIP,Bio-BLIP protein-sequence embedding route,ESM-2 embeddings to Bio-BLIP Stage 1 Protein Q-former,5,1,False,3,0
june_update_2026-06-10__rec_000194,route_bb2386b2e166,route_e09961882576,0.747359,True,False,True,source_modality;fusion_topology,1.0,1.0,1.0,0.0,1.0,0.0,1.0,0.675,1.0,0.595918,1.0,0.428571,0.544681,Bio-BLIP,Bio-BLIP,Bio-BLIP protein-sequence embedding route,GenePT embeddings to Bio-BLIP,2,1,False,3,3
june_update_2026-06-10__rec_000194,route_bb2386b2e166,route_fc3883ca9463,0.749703,True,False,True,source_modality;fusion_topology,1.0,1.0,1.0,0.0,1.0,0.0,1.0,0.545455,1.0,0.663968,1.0,0.376812,0.911661,Bio-BLIP,Bio-BLIP,Bio-BLIP protein-sequence embedding route,ESM-2 embeddings to Bio-BLIP,1,1,True,3,3
june_update_2026-06-10__rec_000194,route_bb2386b2e166,route_fdca8e3fdb99,0.561844,False,False,True,carrier_subtype;source_modality;text_role,1.0,1.0,0.0,0.0,1.0,1.0,0.0,0.675,0.333333,0.522936,0.318182,0.347826,0.114035,Bio-BLIP,Bio-BLIP,Bio-BLIP protein-sequence embedding route,GenePT embeddings to Bio-BLIP Stage 1 Gene Q-former,4,1,False,3,0
june_update_2026-06-10__rec_000246,route_3505368d0307,route_1812bd19fe75,0.727842,True,False,True,source_modality;text_role,1.0,1.0,1.0,0.0,1.0,1.0,0.0,0.6875,1.0,0.792271,0.171429,0.654545,0.291892,OmicsLM,OmicsLM,single-sample omics embedding,Projected omics embeddings,1,1,True,1,1
june_update_2026-06-10__rec_000246,route_3505368d0307,route_93f3142beaf4,0.572757,False,False,True,source_modality;lifecycle_phase;text_role,1.0,1.0,1.0,0.0,0.0,1.0,0.0,0.685714,0.447761,0.222222,0.276423,0.610169,0.036145,OmicsLM,OmicsLM,single-sample omics embedding,GEO-OmicsQA matched embeddings,2,1,False,1,0
june_update_2026-06-10__rec_000246,route_36d130dc281b,route_3a777c044617,0.605481,False,False,True,carrier_subtype;text_role,1.0,1.0,0.0,1.0,1.0,1.0,0.0,0.305556,0.62069,0.313043,0.232558,0.179104,0.16129,OmicsLM,OmicsLM,standardized conversational omics prompt scaffold,Gene-symbol tokens,4,1,False,1,0
june_update_2026-06-10__rec_000246,route_36d130dc281b,route_505d12bcf3e7,0.618386,False,False,True,source_modality,1.0,1.0,1.0,0.0,1.0,1.0,1.0,0.293333,0.255319,0.157895,0.268657,0.289157,0.053846,OmicsLM,OmicsLM,standardized conversational omics prompt scaffold,Cell-line genomics and annotations,3,3,False,1,1
june_update_2026-06-10__rec_000246,route_36d130dc281b,route_6190abf45a70,0.774581,True,False,True,carrier_subtype,1.0,1.0,0.0,1.0,1.0,1.0,1.0,0.461538,1.0,0.375,1.0,0.605263,0.619718,OmicsLM,OmicsLM,standardized conversational omics prompt scaffold,Conversational text prompts,1,1,True,1,1
june_update_2026-06-10__rec_000246,route_36d130dc281b,route_7ed0c41103cf,0.618712,False,False,True,carrier_subtype,1.0,1.0,0.0,1.0,1.0,1.0,1.0,0.273973,0.018957,0.350515,0.235294,0.373333,0.175182,OmicsLM,OmicsLM,standardized conversational omics prompt scaffold,Sample description prompts,2,1,False,1,0
june_update_2026-06-10__rec_000246,route_36d130dc281b,route_e07beedf4bef,0.530174,False,False,True,carrier_subtype;source_modality,1.0,1.0,0.0,0.0,1.0,1.0,1.0,0.191489,0.3125,0.303571,0.271429,0.315789,0.025641,OmicsLM,OmicsLM,standardized conversational omics prompt scaffold,Protein QA and localization,6,3,False,1,0
june_update_2026-06-10__rec_000246,route_36d130dc281b,route_e4dd0a63096f,0.565454,False,False,True,source_modality;fusion_topology,1.0,1.0,1.0,0.0,1.0,0.0,1.0,0.365854,0.244898,0.282828,0.152941,0.181818,0.037736,OmicsLM,OmicsLM,standardized conversational omics prompt scaffold,Biological network reasoning,5,2,False,1,0
june_update_2026-06-10__rec_000246,route_4271c0c597d0,route_3a777c044617,0.526402,False,False,True,carrier_subtype;source_modality;text_role,1.0,1.0,0.0,0.0,1.0,1.0,0.0,0.313725,0.62069,0.387097,0.09009,0.297872,0.369231,OmicsLM,OmicsLM,protein knowledge prompt text,Gene-symbol tokens,6,2,False,1,0
june_update_2026-06-10__rec_000246,route_4271c0c597d0,route_505d12bcf3e7,0.651828,True,False,True,source_modality,1.0,1.0,1.0,0.0,1.0,1.0,1.0,0.555556,0.255319,0.272727,0.27673,0.126984,0.013812,OmicsLM,OmicsLM,protein knowledge prompt text,Cell-line genomics and annotations,1,1,True,1,1
june_update_2026-06-10__rec_000246,route_4271c0c597d0,route_6190abf45a70,0.605987,False,False,True,carrier_subtype;source_modality,1.0,1.0,0.0,0.0,1.0,1.0,1.0,0.385965,1.0,0.115385,0.33121,0.392857,0.33121,OmicsLM,OmicsLM,protein knowledge prompt text,Conversational text prompts,3,2,False,1,1
june_update_2026-06-10__rec_000246,route_4271c0c597d0,route_7ed0c41103cf,0.531209,False,False,True,carrier_subtype;source_modality,1.0,1.0,0.0,0.0,1.0,1.0,1.0,0.269231,0.018957,0.291971,0.319444,0.436364,0.201835,OmicsLM,OmicsLM,protein knowledge prompt text,Sample description prompts,5,2,False,1,0
june_update_2026-06-10__rec_000246,route_4271c0c597d0,route_e07beedf4bef,0.61084,False,False,True,carrier_subtype;source_modality,1.0,1.0,0.0,0.0,1.0,1.0,1.0,0.657534,0.3125,0.486842,0.4,0.428571,0.078125,OmicsLM,OmicsLM,protein knowledge prompt text,Protein QA and localization,2,1,False,1,0
june_update_2026-06-10__rec_000246,route_4271c0c597d0,route_e4dd0a63096f,0.536933,False,False,True,source_modality;fusion_topology,1.0,1.0,1.0,0.0,1.0,0.0,1.0,0.131148,0.244898,0.230216,0.215385,0.175439,0.047619,OmicsLM,OmicsLM,protein knowledge prompt text,Biological network reasoning,4,3,False,1,0
june_update_2026-06-10__rec_000246,route_608e3d7c9879,route_1812bd19fe75,0.604584,False,False,True,source_modality;fusion_topology;text_role,1.0,1.0,1.0,0.0,1.0,0.0,0.0,0.48,0.675676,0.374332,0.426966,0.666667,0.303371,OmicsLM,OmicsLM,multi-sample omics embedding,Projected omics embeddings,1,2,False,0,1
june_update_2026-06-10__rec_000246,route_608e3d7c9879,route_93f3142beaf4,0.501667,False,False,True,source_modality;lifecycle_phase;fusion_topology;text_role,1.0,1.0,1.0,0.0,0.0,0.0,0.0,0.5,0.351648,0.338028,0.46729,0.586207,0.060976,OmicsLM,OmicsLM,multi-sample omics embedding,GEO-OmicsQA matched embeddings,2,2,False,0,0
june_update_2026-06-10__rec_000246,route_fcffd62ef4f3,route_3a777c044617,0.519228,False,False,True,carrier_subtype;source_modality;text_role,1.0,1.0,0.0,0.0,1.0,1.0,0.0,0.338983,0.62069,0.220339,0.282609,0.188679,0.247191,OmicsLM,OmicsLM,pathway graph reasoning prompt text,Gene-symbol tokens,6,3,False,0,0
june_update_2026-06-10__rec_000246,route_fcffd62ef4f3,route_505d12bcf3e7,0.618792,False,False,True,source_modality,1.0,1.0,1.0,0.0,1.0,1.0,1.0,0.322581,0.255319,0.239316,0.185714,0.115942,0.067358,OmicsLM,OmicsLM,pathway graph reasoning prompt text,Cell-line genomics and annotations,2,2,False,0,1
june_update_2026-06-10__rec_000246,route_fcffd62ef4f3,route_6190abf45a70,0.586035,False,False,True,carrier_subtype;source_modality,1.0,1.0,0.0,0.0,1.0,1.0,1.0,0.276923,1.0,0.179104,0.275362,0.354839,0.146341,OmicsLM,OmicsLM,pathway graph reasoning prompt text,Conversational text prompts,3,3,False,0,1
june_update_2026-06-10__rec_000246,route_fcffd62ef4f3,route_7ed0c41103cf,0.520665,False,False,True,carrier_subtype;source_modality,1.0,1.0,0.0,0.0,1.0,1.0,1.0,0.133333,0.018957,0.38,0.368,0.360656,0.18797,OmicsLM,OmicsLM,pathway graph reasoning prompt text,Sample description prompts,5,3,False,0,0
june_update_2026-06-10__rec_000246,route_fcffd62ef4f3,route_e07beedf4bef,0.537064,False,False,True,carrier_subtype;source_modality,1.0,1.0,0.0,0.0,1.0,1.0,1.0,0.320988,0.3125,0.26087,0.219178,0.193548,0.041096,OmicsLM,OmicsLM,pathway graph reasoning prompt text,Protein QA and localization,4,2,False,0,0
june_update_2026-06-10__rec_000246,route_fcffd62ef4f3,route_e4dd0a63096f,0.647141,False,False,True,source_modality;fusion_topology,1.0,1.0,1.0,0.0,1.0,0.0,1.0,0.811594,0.244898,0.411765,0.340909,0.444444,0.085106,OmicsLM,OmicsLM,pathway graph reasoning prompt text,Biological network reasoning,1,1,False,0,0
june_update_2026-06-10__rec_000248,route_3b41e722d83b,route_40860db1335d,0.626454,False,False,False,source_modality;fusion_topology;text_role,0.5625,1.0,1.0,0.0,1.0,0.0,0.0,1.0,1.0,0.443182,0.311688,0.343434,0.410468,Cell2Text-Llama-1B-LoRa,Cell2Text,Cell2Text-Llama-1B-LoRa gene-expression conditioning,scRNA-seq profiles to projected gene embeddings,1,3,False,0,0
june_update_2026-06-10__rec_000248,route_a0ccadb7d5f2,route_53995d978c3b,0.730369,True,True,False,fusion_topology,0.5625,1.0,1.0,1.0,1.0,0.0,1.0,1.0,0.623377,0.373626,0.3,0.282609,0.349398,Cell2Text-Llama-1B-LoRa,Cell2Text,Cell2Text-Llama-1B-LoRa prompt-conditioning,instruction-following prompt to Cell2Text decoder,1,3,False,1,3
june_update_2026-06-10__rec_000248,route_b232fa53a404,route_53995d978c3b,0.744695,True,True,False,fusion_topology,0.666667,1.0,1.0,1.0,1.0,0.0,1.0,1.0,0.623377,0.373626,0.292135,0.321839,0.349398,Cell2Text-Gemma-4B,Cell2Text,Cell2Text-Gemma-4B prompt-conditioning,instruction-following prompt to Cell2Text decoder,1,1,True,1,3
june_update_2026-06-10__rec_000248,route_d3d07f9113b2,route_53995d978c3b,0.742991,True,True,False,fusion_topology,0.666667,1.0,1.0,1.0,1.0,0.0,1.0,1.0,0.623377,0.373626,0.271845,0.298851,0.349398,Cell2Text-Llama-1B,Cell2Text,Cell2Text-Llama-1B prompt-conditioning,instruction-following prompt to Cell2Text decoder,1,2,False,1,3
june_update_2026-06-10__rec_000248,route_dd9cc5bf3fc9,route_40860db1335d,0.637154,False,False,False,source_modality;fusion_topology;text_role,0.666667,1.0,1.0,0.0,1.0,0.0,0.0,1.0,1.0,0.443182,0.243902,0.361702,0.410468,Cell2Text-Gemma-4B,Cell2Text,Cell2Text-Gemma-4B gene-expression conditioning,scRNA-seq profiles to projected gene embeddings,1,2,False,0,0
june_update_2026-06-10__rec_000248,route_e6243ff3ae15,route_40860db1335d,0.637368,False,False,False,source_modality;fusion_topology;text_role,0.666667,1.0,1.0,0.0,1.0,0.0,0.0,1.0,1.0,0.443182,0.248175,0.361702,0.410468,Cell2Text-Llama-1B,Cell2Text,Cell2Text-Llama-1B gene-expression conditioning,scRNA-seq profiles to projected gene embeddings,1,1,False,0,0
june_update_2026-06-10__rec_000350,route_4cbd49493088,route_8fc9a178a272,0.558453,False,False,False,source_modality;lifecycle_phase,0.869565,1.0,1.0,0.0,0.0,1.0,1.0,0.32,0.378947,0.315217,0.24,0.227273,0.24,OmniGene-4,OmniGene-4 v3,Instruction replay CPT,General NL dense route,4,1,False,1,0
june_update_2026-06-10__rec_000350,route_4cbd49493088,route_b1cf7879ee0b,0.648676,False,False,True,source_modality,1.0,1.0,1.0,0.0,1.0,1.0,1.0,0.275862,0.42623,0.603175,0.071429,0.325581,0.004386,OmniGene-4,OmniGene-4,Instruction replay CPT,OpenWebText CPT route,2,2,False,1,1
june_update_2026-06-10__rec_000350,route_4cbd49493088,route_b91c60a6f8e5,0.573943,False,False,True,source_modality;lifecycle_phase,1.0,1.0,1.0,0.0,0.0,1.0,1.0,0.255319,0.4,0.2875,0.277778,0.425532,0.213115,OmniGene-4,OmniGene-4,Instruction replay CPT,BixBench evaluation route,3,2,False,1,1
june_update_2026-06-10__rec_000350,route_4cbd49493088,route_d6115e2e8939,0.734626,True,False,True,source_modality,1.0,1.0,1.0,0.0,1.0,1.0,1.0,0.372093,0.77193,0.689655,0.071429,0.88,0.692308,OmniGene-4,OmniGene-4,Instruction replay CPT,Instruction replay CPT route,1,1,True,1,1
june_update_2026-06-10__rec_000350,route_551e62af1be6,route_5536cca39b1e,0.771489,True,True,True,fusion_topology,1.0,1.0,1.0,1.0,1.0,0.0,1.0,0.4,0.576271,0.995215,0.645161,0.666667,0.030675,OmniGene-4,OmniGene-4,Remote homology SFT v3,Remote-homology SFT augmentation route,1,1,True,1,1
june_update_2026-06-10__rec_000350,route_551e62af1be6,route_7ce5b7aefdf7,0.500941,False,False,False,source_modality;lifecycle_phase;text_role,0.869565,1.0,1.0,0.0,0.0,1.0,0.0,0.409091,0.261905,0.114286,0.189189,0.392857,0.280702,OmniGene-4,OmniGene-4 v3,Remote homology SFT v3,Mol neutral-template control route,11,3,False,1,1
june_update_2026-06-10__rec_000350,route_551e62af1be6,route_82226f01fd7e,0.525315,False,False,True,source_modality;lifecycle_phase;fusion_topology;text_role,1.0,1.0,1.0,0.0,0.0,0.0,0.0,0.413793,0.537634,0.342105,0.380952,0.666667,0.625767,OmniGene-4,OmniGene-4,Remote homology SFT v3,Remote homology evaluation route,9,3,False,1,2
june_update_2026-06-10__rec_000350,route_551e62af1be6,route_a1ba49b312f1,0.628191,False,False,True,source_modality;fusion_topology,1.0,1.0,1.0,0.0,1.0,0.0,1.0,0.368421,0.470588,0.38565,0.645161,0.25,0.357143,OmniGene-4,OmniGene-4,Remote homology SFT v3,DNA pairs SFT source route,2,2,False,1,1
june_update_2026-06-10__rec_000350,route_551e62af1be6,route_b22d2b402714,0.618268,False,False,True,source_modality;fusion_topology,1.0,1.0,1.0,0.0,1.0,0.0,1.0,0.436364,0.470588,0.318408,0.357143,0.553191,0.155556,OmniGene-4,OmniGene-4,Remote homology SFT v3,Homology SFT source route,3,5,False,1,1
june_update_2026-06-10__rec_000350,route_551e62af1be6,route_f090ee054645,0.491856,False,False,True,source_modality;lifecycle_phase;fusion_topology;text_role,1.0,1.0,1.0,0.0,0.0,0.0,0.0,0.45614,0.537634,0.331429,0.181818,0.464286,0.081633,OmniGene-4,OmniGene-4,Remote homology SFT v3,Standard homology evaluation route,14,3,False,1,2
june_update_2026-06-10__rec_000350,route_65a391f86409,route_8c0045aa548e,0.684047,True,False,True,source_modality;fusion_topology,1.0,1.0,1.0,0.0,1.0,0.0,1.0,0.54321,0.5,0.584475,0.358974,0.5,1.0,OmniGene-4,OmniGene-4,Mutation SFT v2,Mutation description SFT source route,1,1,True,1,1
june_update_2026-06-10__rec_000350,route_65a391f86409,route_af45010fa9da,0.634909,False,False,True,source_modality;fusion_topology,1.0,1.0,1.0,0.0,1.0,0.0,1.0,0.303797,0.5,0.584475,0.358974,0.341463,0.608696,OmniGene-4,OmniGene-4,Mutation SFT v2,Structure SFT source route,2,5,False,1,1
june_update_2026-06-10__rec_000350,route_65a391f86409,route_afa20a4bdb7f,0.621507,False,False,True,source_modality;fusion_topology,1.0,1.0,1.0,0.0,1.0,0.0,1.0,0.171429,0.5,0.584475,0.358974,0.390244,0.634146,OmniGene-4,OmniGene-4,Mutation SFT v2,UniProtQA SFT source route,3,4,False,1,1
june_update_2026-06-10__rec_000350,route_65a391f86409,route_b22d2b402714,0.620789,False,False,True,source_modality;fusion_topology,1.0,1.0,1.0,0.0,1.0,0.0,1.0,0.179487,0.5,0.584475,0.358974,0.35,0.622222,OmniGene-4,OmniGene-4,Mutation SFT v2,Homology SFT source route,4,3,False,1,1
june_update_2026-06-10__rec_000350,route_6b00a6453ec5,route_755df4bfcf47,0.633479,False,False,True,source_modality;fusion_topology,1.0,1.0,1.0,0.0,1.0,0.0,1.0,0.327869,0.5,0.5,0.358974,0.4,0.604651,OmniGene-4,OmniGene-4,Homology SFT v2,Molecule SFT source route,4,2,False,1,1
june_update_2026-06-10__rec_000350,route_6b00a6453ec5,route_8c0045aa548e,0.638567,False,False,True,source_modality;fusion_topology,1.0,1.0,1.0,0.0,1.0,0.0,1.0,0.347826,0.5,0.584475,0.358974,0.269231,0.622222,OmniGene-4,OmniGene-4,Homology SFT v2,Mutation description SFT source route,3,3,False,1,1
june_update_2026-06-10__rec_000350,route_6b00a6453ec5,route_af45010fa9da,0.639696,False,False,True,source_modality;fusion_topology,1.0,1.0,1.0,0.0,1.0,0.0,1.0,0.358209,0.5,0.584475,0.358974,0.243902,0.638298,OmniGene-4,OmniGene-4,Homology SFT v2,Structure SFT source route,2,3,False,1,1
june_update_2026-06-10__rec_000350,route_6b00a6453ec5,route_afa20a4bdb7f,0.622232,False,False,True,source_modality;fusion_topology,1.0,1.0,1.0,0.0,1.0,0.0,1.0,0.206897,0.5,0.584475,0.358974,0.292683,0.619048,OmniGene-4,OmniGene-4,Homology SFT v2,UniProtQA SFT source route,5,3,False,1,1
june_update_2026-06-10__rec_000350,route_6b00a6453ec5,route_b22d2b402714,0.670635,True,False,True,source_modality;fusion_topology,1.0,1.0,1.0,0.0,1.0,0.0,1.0,0.393939,0.5,0.584475,0.358974,0.65,1.0,OmniGene-4,OmniGene-4,Homology SFT v2,Homology SFT source route,1,1,True,1,1
june_update_2026-06-10__rec_000350,route_74da3d536980,route_3b056f06e7ba,0.628509,False,False,True,source_modality,1.0,1.0,1.0,0.0,1.0,1.0,1.0,0.352941,0.123077,0.208696,0.28125,0.253968,0.28125,OmniGene-4 v3,OmniGene-4 v3,Standard homology evaluation,Cell neutral-template control route,4,2,False,3,0
june_update_2026-06-10__rec_000350,route_74da3d536980,route_6fd4f501ee5a,0.606427,False,False,True,source_modality;text_role,1.0,1.0,1.0,0.0,1.0,1.0,0.0,0.529412,0.235294,0.208696,0.272727,0.242424,0.272727,OmniGene-4 v3,OmniGene-4 v3,Standard homology evaluation,Protein neutral-template control route,6,2,False,3,0
june_update_2026-06-10__rec_000350,route_74da3d536980,route_7ce5b7aefdf7,0.650453,True,False,True,source_modality,1.0,1.0,1.0,0.0,1.0,1.0,1.0,0.363636,0.375,0.208696,0.28125,0.354839,0.28125,OmniGene-4 v3,OmniGene-4 v3,Standard homology evaluation,Mol neutral-template control route,3,1,False,3,1
june_update_2026-06-10__rec_000350,route_74da3d536980,route_82226f01fd7e,0.665575,True,False,False,source_modality;fusion_topology,0.869565,1.0,1.0,0.0,1.0,0.0,1.0,0.638298,0.684932,0.409449,0.625,0.7,0.176991,OmniGene-4 v3,OmniGene-4,Standard homology evaluation,Remote homology evaluation route,2,2,False,3,2
june_update_2026-06-10__rec_000350,route_74da3d536980,route_f090ee054645,0.741308,True,False,False,source_modality;fusion_topology,0.869565,1.0,1.0,0.0,1.0,0.0,1.0,0.782609,0.684932,0.933333,1.0,0.903226,0.099415,OmniGene-4 v3,OmniGene-4,Standard homology evaluation,Standard homology evaluation route,1,1,True,3,2
june_update_2026-06-10__rec_000350,route_74da3d536980,route_fd1ec85c31e1,0.622785,False,False,True,source_modality,1.0,1.0,1.0,0.0,1.0,1.0,1.0,0.307692,0.114286,0.208696,0.28125,0.264706,0.28125,OmniGene-4 v3,OmniGene-4 v3,Standard homology evaluation,Structure neutral-template control route,5,2,False,3,0
june_update_2026-06-10__rec_000350,route_7822b620c632,route_6eb1ed047213,0.681402,True,False,True,source_modality,1.0,1.0,1.0,0.0,1.0,1.0,1.0,0.068966,0.246575,0.732143,1.0,0.461538,0.269231,OmniGene-4,OmniGene-4,Protein CPT 1,DNA CPT route,3,3,False,3,3
june_update_2026-06-10__rec_000350,route_7822b620c632,route_b9bfb7a32c68,0.742053,True,False,True,source_modality,1.0,1.0,1.0,0.0,1.0,1.0,1.0,0.425532,0.285714,0.779661,1.0,0.75,0.347826,OmniGene-4,OmniGene-4,Protein CPT 1,Protein 2 CPT route,2,2,False,3,3
june_update_2026-06-10__rec_000350,route_7822b620c632,route_c24183e12101,0.749871,True,False,True,source_modality,1.0,1.0,1.0,0.0,1.0,1.0,1.0,0.47619,0.285714,0.779661,1.0,0.75,0.391304,OmniGene-4,OmniGene-4,Protein CPT 1,Protein 1 CPT route,1,1,True,3,3
june_update_2026-06-10__rec_000350,route_86b268559f1f,route_8fc9a178a272,0.501041,False,False,False,source_modality;lifecycle_phase;text_role,0.869565,1.0,1.0,0.0,0.0,1.0,0.0,0.333333,0.269231,0.311828,0.117647,0.27027,0.333333,OmniGene-4,OmniGene-4 v3,OpenWebText CPT,General NL dense route,4,3,False,1,0
june_update_2026-06-10__rec_000350,route_86b268559f1f,route_b1cf7879ee0b,0.782531,True,False,True,source_modality;text_role,1.0,1.0,1.0,0.0,1.0,1.0,0.0,1.0,0.628571,0.879581,1.0,0.833333,0.048998,OmniGene-4,OmniGene-4,OpenWebText CPT,OpenWebText CPT route,1,1,True,1,1
june_update_2026-06-10__rec_000350,route_86b268559f1f,route_b91c60a6f8e5,0.501228,False,False,True,source_modality;lifecycle_phase;text_role,1.0,1.0,1.0,0.0,0.0,1.0,0.0,0.2,0.297297,0.333333,0.214286,0.25,0.121739,OmniGene-4,OmniGene-4,OpenWebText CPT,BixBench evaluation route,3,3,False,1,1
june_update_2026-06-10__rec_000350,route_86b268559f1f,route_d6115e2e8939,0.63518,False,False,True,source_modality;text_role,1.0,1.0,1.0,0.0,1.0,1.0,0.0,0.111111,0.424242,0.666667,1.0,0.27907,0.177778,OmniGene-4,OmniGene-4,OpenWebText CPT,Instruction replay CPT route,2,2,False,1,1
june_update_2026-06-10__rec_000350,route_899d7947064a,route_59bc33530f4c,0.622624,False,False,True,source_modality;fusion_topology,1.0,1.0,1.0,0.0,1.0,0.0,1.0,0.411765,0.5,0.512,0.358974,0.27027,0.157895,OmniGene-4,OmniGene-4,DNA pairs SFT v2,Cell SFT source route,3,2,False,1,1
june_update_2026-06-10__rec_000350,route_899d7947064a,route_a1ba49b312f1,0.705255,True,False,True,source_modality;fusion_topology,1.0,1.0,1.0,0.0,1.0,0.0,1.0,0.692308,0.5,0.53112,0.4,0.666667,1.0,OmniGene-4,OmniGene-4,DNA pairs SFT v2,DNA pairs SFT source route,1,1,True,1,1
june_update_2026-06-10__rec_000350,route_899d7947064a,route_afa20a4bdb7f,0.623894,False,False,True,source_modality;fusion_topology,1.0,1.0,1.0,0.0,1.0,0.0,1.0,0.342857,0.5,0.584475,0.358974,0.333333,0.222222,OmniGene-4,OmniGene-4,DNA pairs SFT v2,UniProtQA SFT source route,2,2,False,1,1
june_update_2026-06-10__rec_000350,route_8ff90fdbacc4,route_3b056f06e7ba,0.499421,False,False,False,source_modality;lifecycle_phase;text_role,0.869565,1.0,1.0,0.0,0.0,1.0,0.0,0.346154,0.25,0.227848,0.210526,0.304348,0.293333,OmniGene-4,OmniGene-4 v3,Cell SFT v2,Cell neutral-template control route,10,3,False,1,0
june_update_2026-06-10__rec_000350,route_8ff90fdbacc4,route_59bc33530f4c,0.659761,True,False,True,source_modality;fusion_topology,1.0,1.0,1.0,0.0,1.0,0.0,1.0,0.415094,0.5,0.512,0.358974,0.5625,0.857143,OmniGene-4,OmniGene-4,Cell SFT v2,Cell SFT source route,1,1,True,1,1
june_update_2026-06-10__rec_000350,route_8ff90fdbacc4,route_755df4bfcf47,0.6333,False,False,True,source_modality;fusion_topology,1.0,1.0,1.0,0.0,1.0,0.0,1.0,0.280702,0.5,0.5,0.358974,0.388889,0.75,OmniGene-4,OmniGene-4,Cell SFT v2,Molecule SFT source route,3,3,False,1,1
june_update_2026-06-10__rec_000350,route_8ff90fdbacc4,route_af45010fa9da,0.639389,False,False,True,source_modality;fusion_topology,1.0,1.0,1.0,0.0,1.0,0.0,1.0,0.380952,0.5,0.584475,0.358974,0.378378,0.461538,OmniGene-4,OmniGene-4,Cell SFT v2,Structure SFT source route,2,4,False,1,1
june_update_2026-06-10__rec_000350,route_a14789cc71df,route_6eb1ed047213,0.68186,True,False,True,source_modality,1.0,1.0,1.0,0.0,1.0,1.0,1.0,0.068966,0.246575,0.732143,1.0,0.461538,0.280702,OmniGene-4,OmniGene-4,Protein CPT 2,DNA CPT route,3,2,False,3,3
june_update_2026-06-10__rec_000350,route_a14789cc71df,route_b9bfb7a32c68,0.742258,True,False,True,source_modality,1.0,1.0,1.0,0.0,1.0,1.0,1.0,0.425532,0.285714,0.779661,1.0,0.75,0.352941,OmniGene-4,OmniGene-4,Protein CPT 2,Protein 2 CPT route,2,1,True,3,3
june_update_2026-06-10__rec_000350,route_a14789cc71df,route_c24183e12101,0.748337,True,False,True,source_modality,1.0,1.0,1.0,0.0,1.0,1.0,1.0,0.47619,0.285714,0.779661,1.0,0.75,0.352941,OmniGene-4,OmniGene-4,Protein CPT 2,Protein 1 CPT route,1,2,False,3,3
june_update_2026-06-10__rec_000350,route_a3a632a14ef3,route_59bc33530f4c,0.617297,False,False,True,source_modality;fusion_topology,1.0,1.0,1.0,0.0,1.0,0.0,1.0,0.140351,0.5,0.512,0.358974,0.388889,0.75,OmniGene-4,OmniGene-4,Molecule SFT v2,Cell SFT source route,5,3,False,1,1
june_update_2026-06-10__rec_000350,route_a3a632a14ef3,route_755df4bfcf47,0.670508,True,False,True,source_modality;fusion_topology,1.0,1.0,1.0,0.0,1.0,0.0,1.0,0.491803,0.5,0.5,0.358974,0.65,0.851064,OmniGene-4,OmniGene-4,Molecule SFT v2,Molecule SFT source route,1,1,True,1,1
june_update_2026-06-10__rec_000350,route_a3a632a14ef3,route_8c0045aa548e,0.637423,False,False,True,source_modality;fusion_topology,1.0,1.0,1.0,0.0,1.0,0.0,1.0,0.376812,0.5,0.584475,0.358974,0.346154,0.44898,OmniGene-4,OmniGene-4,Molecule SFT v2,Mutation description SFT source route,2,4,False,1,1
june_update_2026-06-10__rec_000350,route_a3a632a14ef3,route_af45010fa9da,0.634241,False,False,True,source_modality;fusion_topology,1.0,1.0,1.0,0.0,1.0,0.0,1.0,0.358209,0.5,0.584475,0.358974,0.390244,0.392157,OmniGene-4,OmniGene-4,Molecule SFT v2,Structure SFT source route,3,6,False,1,1
june_update_2026-06-10__rec_000350,route_a3a632a14ef3,route_b22d2b402714,0.625753,False,False,True,source_modality;fusion_topology,1.0,1.0,1.0,0.0,1.0,0.0,1.0,0.242424,0.5,0.584475,0.358974,0.4,0.52,OmniGene-4,OmniGene-4,Molecule SFT v2,Homology SFT source route,4,2,False,1,1
june_update_2026-06-10__rec_000350,route_a76ddd866798,route_8fc9a178a272,0.504088,False,False,True,source_modality;lifecycle_phase;fusion_topology,1.0,1.0,1.0,0.0,0.0,0.0,1.0,0.222222,0.34,0.311111,0.24,0.341463,0.24,OmniGene-4 v3,OmniGene-4 v3,BixBench evaluation,General NL dense route,3,2,False,1,0
june_update_2026-06-10__rec_000350,route_a76ddd866798,route_b1cf7879ee0b,0.469357,False,False,False,source_modality;lifecycle_phase;fusion_topology,0.869565,1.0,1.0,0.0,0.0,0.0,1.0,0.193548,0.333333,0.302703,0.214286,0.25,0.008772,OmniGene-4 v3,OmniGene-4,BixBench evaluation,OpenWebText CPT route,6,3,False,1,1
june_update_2026-06-10__rec_000350,route_a76ddd866798,route_b91c60a6f8e5,0.755382,True,False,False,source_modality;fusion_topology,0.869565,1.0,1.0,0.0,1.0,0.0,1.0,0.816327,0.666667,1.0,1.0,0.863636,0.295082,OmniGene-4 v3,OmniGene-4,BixBench evaluation,BixBench evaluation route,1,1,True,1,1
june_update_2026-06-10__rec_000350,route_a76ddd866798,route_d6115e2e8939,0.507775,False,False,False,source_modality;lifecycle_phase;fusion_topology,0.869565,1.0,1.0,0.0,0.0,0.0,1.0,0.355556,0.483871,0.297872,0.214286,0.297872,0.192308,OmniGene-4 v3,OmniGene-4,BixBench evaluation,Instruction replay CPT route,2,3,False,1,1
june_update_2026-06-10__rec_000350,route_a97bc2d4cdfc,route_0e9226a4885a,0.808168,True,False,True,source_modality,1.0,1.0,1.0,0.0,1.0,1.0,1.0,0.484848,0.903766,0.976471,1.0,0.727273,0.413793,OmniGene-4,OmniGene-4,DSSP CPT,DSSP CPT route,1,1,True,2,2
june_update_2026-06-10__rec_000350,route_a97bc2d4cdfc,route_6eb1ed047213,0.600877,False,False,True,carrier_subtype;source_modality,1.0,1.0,0.0,0.0,1.0,1.0,1.0,0.216216,0.244186,0.57971,1.0,0.47619,0.324324,OmniGene-4,OmniGene-4,DSSP CPT,DNA CPT route,3,5,False,2,3
june_update_2026-06-10__rec_000350,route_a97bc2d4cdfc,route_9b2b3ccb8d95,0.771397,True,False,True,source_modality,1.0,1.0,1.0,0.0,1.0,1.0,1.0,0.307692,0.903766,0.976471,1.0,0.47619,0.214286,OmniGene-4,OmniGene-4,DSSP CPT,3Di CPT route,2,2,False,2,2
june_update_2026-06-10__rec_000350,route_ab15108329a5,route_3b056f06e7ba,0.638444,False,False,True,source_modality,1.0,1.0,1.0,0.0,1.0,1.0,1.0,0.342857,0.222222,0.211382,0.290323,0.360656,0.290323,OmniGene-4 v3,OmniGene-4 v3,Remote homology evaluation,Cell neutral-template control route,4,1,False,2,0
june_update_2026-06-10__rec_000350,route_ab15108329a5,route_5536cca39b1e,0.590666,False,False,False,lifecycle_phase;fusion_topology;text_role,0.869565,1.0,1.0,1.0,0.0,0.0,0.0,0.581818,0.375,0.291667,0.6,0.6875,0.012821,OmniGene-4 v3,OmniGene-4,Remote homology evaluation,Remote-homology SFT augmentation route,7,3,False,2,1
june_update_2026-06-10__rec_000350,route_ab15108329a5,route_6fd4f501ee5a,0.615427,False,False,True,source_modality;text_role,1.0,1.0,1.0,0.0,1.0,1.0,0.0,0.571429,0.242424,0.211382,0.285714,0.3125,0.285714,OmniGene-4 v3,OmniGene-4 v3,Remote homology evaluation,Protein neutral-template control route,6,1,False,2,0
june_update_2026-06-10__rec_000350,route_ab15108329a5,route_7ce5b7aefdf7,0.649117,False,False,True,source_modality,1.0,1.0,1.0,0.0,1.0,1.0,1.0,0.352941,0.354839,0.211382,0.290323,0.366667,0.290323,OmniGene-4 v3,OmniGene-4 v3,Remote homology evaluation,Mol neutral-template control route,3,2,False,2,1
june_update_2026-06-10__rec_000350,route_ab15108329a5,route_82226f01fd7e,0.730472,True,False,False,source_modality;fusion_topology,0.869565,1.0,1.0,0.0,1.0,0.0,1.0,0.791667,0.760563,0.592593,1.0,0.896552,0.27027,OmniGene-4 v3,OmniGene-4,Remote homology evaluation,Remote homology evaluation route,1,1,True,2,2
june_update_2026-06-10__rec_000350,route_ab15108329a5,route_f090ee054645,0.688429,True,False,False,source_modality;fusion_topology,0.869565,1.0,1.0,0.0,1.0,0.0,1.0,0.680851,0.760563,0.658228,0.625,0.7,0.052941,OmniGene-4 v3,OmniGene-4,Remote homology evaluation,Standard homology evaluation route,2,2,False,2,2
june_update_2026-06-10__rec_000350,route_ab15108329a5,route_fd1ec85c31e1,0.633396,False,False,True,source_modality,1.0,1.0,1.0,0.0,1.0,1.0,1.0,0.3,0.235294,0.211382,0.290323,0.333333,0.290323,OmniGene-4 v3,OmniGene-4 v3,Remote homology evaluation,Structure neutral-template control route,5,1,False,2,0
june_update_2026-06-10__rec_000350,route_aec7bb679b10,route_755df4bfcf47,0.621213,False,False,True,source_modality;fusion_topology,1.0,1.0,1.0,0.0,1.0,0.0,1.0,0.290323,0.5,0.5,0.358974,0.341463,0.454545,OmniGene-4,OmniGene-4,Structure SFT v2,Molecule SFT source route,3,4,False,1,1
june_update_2026-06-10__rec_000350,route_aec7bb679b10,route_8c0045aa548e,0.633849,False,False,True,source_modality;fusion_topology,1.0,1.0,1.0,0.0,1.0,0.0,1.0,0.314286,0.5,0.584475,0.358974,0.264151,0.608696,OmniGene-4,OmniGene-4,Structure SFT v2,Mutation description SFT source route,2,5,False,1,1
june_update_2026-06-10__rec_000350,route_aec7bb679b10,route_af45010fa9da,0.673274,True,False,True,source_modality;fusion_topology,1.0,1.0,1.0,0.0,1.0,0.0,1.0,0.411765,0.5,0.584475,0.358974,0.666667,1.0,OmniGene-4,OmniGene-4,Structure SFT v2,Structure SFT source route,1,1,True,1,1
june_update_2026-06-10__rec_000350,route_aec7bb679b10,route_fd1ec85c31e1,0.525041,False,False,False,source_modality;lifecycle_phase;text_role,0.869565,1.0,1.0,0.0,0.0,1.0,0.0,0.451613,0.356436,0.227848,0.210526,0.428571,0.338028,OmniGene-4,OmniGene-4 v3,Structure SFT v2,Structure neutral-template control route,9,3,False,1,0
june_update_2026-06-10__rec_000350,route_b87899f45450,route_0e9226a4885a,0.774831,True,False,True,source_modality,1.0,1.0,1.0,0.0,1.0,1.0,1.0,0.3125,0.903766,0.976471,1.0,0.47619,0.285714,OmniGene-4,OmniGene-4,3Di CPT,DSSP CPT route,2,2,False,2,2
june_update_2026-06-10__rec_000350,route_b87899f45450,route_6eb1ed047213,0.602363,False,False,True,carrier_subtype;source_modality,1.0,1.0,0.0,0.0,1.0,1.0,1.0,0.222222,0.244186,0.57971,1.0,0.5,0.325581,OmniGene-4,OmniGene-4,3Di CPT,DNA CPT route,3,4,False,2,3
june_update_2026-06-10__rec_000350,route_b87899f45450,route_9b2b3ccb8d95,0.788592,True,False,True,source_modality,1.0,1.0,1.0,0.0,1.0,1.0,1.0,0.368421,0.903766,0.976471,1.0,0.7,0.294118,OmniGene-4,OmniGene-4,3Di CPT,3Di CPT route,1,1,True,2,2
june_update_2026-06-10__rec_000350,route_cc9dc344b1be,route_0e9226a4885a,0.602997,False,False,True,carrier_subtype;source_modality,1.0,1.0,0.0,0.0,1.0,1.0,1.0,0.285714,0.205882,0.605634,1.0,0.47619,0.190476,OmniGene-4,OmniGene-4,DNA CPT,DSSP CPT route,4,3,False,3,2
june_update_2026-06-10__rec_000350,route_cc9dc344b1be,route_6eb1ed047213,0.73969,True,False,True,source_modality,1.0,1.0,1.0,0.0,1.0,1.0,1.0,0.32,0.289855,0.8,1.0,0.7,0.6,OmniGene-4,OmniGene-4,DNA CPT,DNA CPT route,1,1,True,3,3
june_update_2026-06-10__rec_000350,route_cc9dc344b1be,route_9b2b3ccb8d95,0.594326,False,False,True,carrier_subtype;source_modality,1.0,1.0,0.0,0.0,1.0,1.0,1.0,0.222222,0.205882,0.605634,1.0,0.5,0.146341,OmniGene-4,OmniGene-4,DNA CPT,3Di CPT route,5,3,False,3,2
june_update_2026-06-10__rec_000350,route_cc9dc344b1be,route_b9bfb7a32c68,0.682398,True,False,True,source_modality,1.0,1.0,1.0,0.0,1.0,1.0,1.0,0.139535,0.273973,0.706897,1.0,0.384615,0.136364,OmniGene-4,OmniGene-4,DNA CPT,Protein 2 CPT route,3,3,False,3,3
june_update_2026-06-10__rec_000350,route_cc9dc344b1be,route_c24183e12101,0.690917,True,False,True,source_modality,1.0,1.0,1.0,0.0,1.0,1.0,1.0,0.210526,0.273973,0.706897,1.0,0.384615,0.136364,OmniGene-4,OmniGene-4,DNA CPT,Protein 1 CPT route,2,3,False,3,3
june_update_2026-06-10__rec_000350,route_e8dee615b33a,route_5536cca39b1e,0.592304,False,False,True,source_modality;fusion_topology,1.0,1.0,1.0,0.0,1.0,0.0,1.0,0.415584,0.310078,0.30837,0.4,0.296296,0.006329,OmniGene-4,OmniGene-4,UniProtQA SFT v2,Remote-homology SFT augmentation route,8,2,False,1,1
june_update_2026-06-10__rec_000350,route_e8dee615b33a,route_6fd4f501ee5a,0.509108,False,False,False,source_modality;lifecycle_phase;text_role,0.869565,1.0,1.0,0.0,0.0,1.0,0.0,0.315789,0.383838,0.227848,0.216216,0.296296,0.391304,OmniGene-4,OmniGene-4 v3,UniProtQA SFT v2,Protein neutral-template control route,10,3,False,1,0
june_update_2026-06-10__rec_000350,route_e8dee615b33a,route_8c0045aa548e,0.643169,False,False,True,source_modality;fusion_topology,1.0,1.0,1.0,0.0,1.0,0.0,1.0,0.371429,0.5,0.584475,0.358974,0.377358,0.585366,OmniGene-4,OmniGene-4,UniProtQA SFT v2,Mutation description SFT source route,2,2,False,1,1
june_update_2026-06-10__rec_000350,route_e8dee615b33a,route_a1ba49b312f1,0.606496,False,False,True,source_modality;fusion_topology,1.0,1.0,1.0,0.0,1.0,0.0,1.0,0.2,0.5,0.53112,0.4,0.380952,0.222222,OmniGene-4,OmniGene-4,UniProtQA SFT v2,DNA pairs SFT source route,6,3,False,1,1
june_update_2026-06-10__rec_000350,route_e8dee615b33a,route_af45010fa9da,0.642261,False,False,True,source_modality;fusion_topology,1.0,1.0,1.0,0.0,1.0,0.0,1.0,0.352941,0.5,0.584475,0.358974,0.333333,0.651163,OmniGene-4,OmniGene-4,UniProtQA SFT v2,Structure SFT source route,3,2,False,1,1
june_update_2026-06-10__rec_000350,route_e8dee615b33a,route_afa20a4bdb7f,0.668608,True,False,True,source_modality;fusion_topology,1.0,1.0,1.0,0.0,1.0,0.0,1.0,0.372881,0.5,0.584475,0.358974,0.666667,1.0,OmniGene-4,OmniGene-4,UniProtQA SFT v2,UniProtQA SFT source route,1,1,True,1,1
