path,bytes,sha256
README.md,4184,820474adeef54b17a70ef0ab6e18de3d5b2074983dd4baeb870d25f8ccbaec7d
STEWARD_QUEUE.md,58824,8db64298a954ff538b36508ae858a7e0f683b0caf60ee2a5397183ba522a0274
corpus_assemblies.json,9048363,62f89cc2e27f9ad9e1a6955f7477193eab74bbfb0238a726d2a09c5a1ca716ce
corpus_status.json,90206,bc811059034a99f15a4de20f39be0fd02143a0f831000aec6f892b17a55a1db2
records/full_2026-07-06__rec_000060/assemblies.json,136801,3853be44bb53da5c190cd52ddd5a55ce0b97b4529656dd0e6c622a62e2066339
records/full_2026-07-06__rec_000060/attempts/01_extract/meta.json,1692,3dfb076808578998b63043a0e25eeeb93f7d4826515f425dea9d29837821474c
records/full_2026-07-06__rec_000060/attempts/01_extract/output_schema.json,18153,fc4fd08860b2b19da00d319ef5a61b4493eede559424fa5e6129635e69da8656
records/full_2026-07-06__rec_000060/attempts/01_extract/prompt.txt,177213,c9c143acc76854f8db2cb34c2c2fd4dc3744bb9a5027ad94d69fb56358d2ac19
records/full_2026-07-06__rec_000060/attempts/01_extract/response.json,48515,c247394bf66334fee88c5434153bd11fca7aad34dcecbce42ab2e2d47e11a832
records/full_2026-07-06__rec_000060/attempts/01_extract/stderr.log,317,bdfa5a0c57fcbada08816c81a6546ea89aeb44dbf4d399b512ed066f1d3eb1c9
records/full_2026-07-06__rec_000060/attempts/01_extract/stdout.jsonl,52181,a0b609888967b1f2071be74e5b4bd9016a7767bf8bb0b0ad66467236446e0584
records/full_2026-07-06__rec_000060/attempts/02_repair/meta.json,1690,bf2044298d0d33e8d1af587237d5ed346f2fd18f4420c8c2ef0eb6cb9e5ab7c1
records/full_2026-07-06__rec_000060/attempts/02_repair/output_schema.json,18153,fc4fd08860b2b19da00d319ef5a61b4493eede559424fa5e6129635e69da8656
records/full_2026-07-06__rec_000060/attempts/02_repair/prompt.txt,227953,538197cd575e75723fc96e755d3cd324675610bd95979efa6828eeeb295b0b32
records/full_2026-07-06__rec_000060/attempts/02_repair/response.json,48543,c5044f0a04cf8856880fab190bbefb222a95b493a86da3525df2fcada015b988
records/full_2026-07-06__rec_000060/attempts/02_repair/stderr.log,170,dd2b29d48129a89855c5a848b3b92b34d4998890e0bd155f39165b1d54c603a7
records/full_2026-07-06__rec_000060/attempts/02_repair/stdout.jsonl,52224,61bfd536ba0e67774a164172511062c9e3ef62905a3a17a5dbd3e9e2df123b87
records/full_2026-07-06__rec_000060/attempts/03_repair/meta.json,1690,2884ce974298ddf9f8a5f14ea8ed313555bb676dc7793eff468faf3569dbe478
records/full_2026-07-06__rec_000060/attempts/03_repair/output_schema.json,18153,fc4fd08860b2b19da00d319ef5a61b4493eede559424fa5e6129635e69da8656
records/full_2026-07-06__rec_000060/attempts/03_repair/prompt.txt,227989,4a706fde802112cdbc4907fabe04108f129014530b88ef3a3bd4d6d17616f8e2
records/full_2026-07-06__rec_000060/attempts/03_repair/response.json,48600,fcf1f2dd50f0a4eb6762fe554c6d2706e12e3eb8938ac155243029d1755c06f3
records/full_2026-07-06__rec_000060/attempts/03_repair/stderr.log,464,554a7fd09db857f6e15da1c00d2dd8bff613153a54dcf58548378ae34c1650bc
records/full_2026-07-06__rec_000060/attempts/03_repair/stdout.jsonl,104257,ed1f4a991e84ac5d2d3e041d4fa0947b3e8f33a635e8b53dd7f089a9bfe775e8
records/full_2026-07-06__rec_000060/attempts/04_review/meta.json,1690,9bb726e049e3e4c83db82b40925d9a3febf8ef5e404d15510cb290ae6dc6a5c5
records/full_2026-07-06__rec_000060/attempts/04_review/output_schema.json,2482,2f7fde6059c5725fd4066315b7082d9c732aec8fae93b90e64480ce47d95b8c8
records/full_2026-07-06__rec_000060/attempts/04_review/prompt.txt,180575,5f93adc73f57d4cffb3a1e7f5e0733d6a75302af9b095b6aadb175822163b222
records/full_2026-07-06__rec_000060/attempts/04_review/response.json,9529,09e030487274265611f8c206da49c8dd8f3b8a8bfe19fd37ca49a0bc0b18a57b
records/full_2026-07-06__rec_000060/attempts/04_review/stderr.log,170,bd264e9a8464b92f74b6b8463776248c27756c78482bab09c5f2cfaf44585afc
records/full_2026-07-06__rec_000060/attempts/04_review/stdout.jsonl,10342,39da566ef5d442da0d1cf1b07d8710b70f89ceeb69bb8de7d502547a68d428ac
records/full_2026-07-06__rec_000060/attempts/05_revise/meta.json,1691,89b39059dcc453cd85f5193e8b40dc73d8d4bdea9d3c332aac49c806485ab761
records/full_2026-07-06__rec_000060/attempts/05_revise/output_schema.json,18153,fc4fd08860b2b19da00d319ef5a61b4493eede559424fa5e6129635e69da8656
records/full_2026-07-06__rec_000060/attempts/05_revise/prompt.txt,237648,0db61577fcbd94e9befbc61eba9df57799481f88ad8c6e868e98d9e72a3eef88
records/full_2026-07-06__rec_000060/attempts/05_revise/response.json,80765,b0a78de4300da251c138664638505d18628b9a6eb01b2a4fa926b637894f233d
records/full_2026-07-06__rec_000060/attempts/05_revise/stderr.log,170,5e73051fb0ddcf41762efb597542e078e946fc0615659fa1c45a9fef98036653
records/full_2026-07-06__rec_000060/attempts/05_revise/stdout.jsonl,86791,0839b453a905bce31042588ec6740d8180ff7b949f88637dcb29054fc5c8d02b
records/full_2026-07-06__rec_000060/attempts/06_repair/meta.json,1690,d1b94c3f7d13decf9a9c977e5af2c5945fc49ed026e5522e97ecdd0ca42954c8
records/full_2026-07-06__rec_000060/attempts/06_repair/output_schema.json,18153,fc4fd08860b2b19da00d319ef5a61b4493eede559424fa5e6129635e69da8656
records/full_2026-07-06__rec_000060/attempts/06_repair/prompt.txt,264698,b5510dd847691d9fbb802fa75100f739191786b26a96dac100bd283aae9e81a8
records/full_2026-07-06__rec_000060/attempts/06_repair/response.json,80749,ee1538124c308588b6b5d9b94f9dc33636a25c9686ff7f300c4d86290b89d31c
records/full_2026-07-06__rec_000060/attempts/06_repair/stderr.log,170,83058892320794d6187446c954361bce1ec911a8cc71985c1635f34fc0416af5
records/full_2026-07-06__rec_000060/attempts/06_repair/stdout.jsonl,86774,83a6aac906f8f9ed8a99bf538b72d2b7656b1553bcb9dd333fc77997d18b7f99
records/full_2026-07-06__rec_000060/attempts/07_review/meta.json,1690,8d77cff88e6e0e75f1f6ca49eea4d39db8445bb831ed6a8c77ea34fc4bae7bbf
records/full_2026-07-06__rec_000060/attempts/07_review/output_schema.json,2482,2f7fde6059c5725fd4066315b7082d9c732aec8fae93b90e64480ce47d95b8c8
records/full_2026-07-06__rec_000060/attempts/07_review/prompt.txt,213876,0e4ccef9f13909a5318788a1c31a78cc0bf2ba647c421e470493abb1d344bba4
records/full_2026-07-06__rec_000060/attempts/07_review/response.json,6424,4a84f50b8fea551ab8031b632d13d5627c331c51884563344c0ba2c6dd5a491f
records/full_2026-07-06__rec_000060/attempts/07_review/stderr.log,170,1a93ff35952b84543355ebc125546e568757db4ae244086ab9a7e66547b974f1
records/full_2026-07-06__rec_000060/attempts/07_review/stdout.jsonl,7161,8c35cd4e147e1140e7aacd3d335dfba3a08dfb64212d773d74577915cb398294
records/full_2026-07-06__rec_000060/attempts/08_revise/meta.json,1690,9781c2574a74a33dac4a6cebf0711f6a848b8d9f475532206fc0ba586b60d6b2
records/full_2026-07-06__rec_000060/attempts/08_revise/output_schema.json,18153,fc4fd08860b2b19da00d319ef5a61b4493eede559424fa5e6129635e69da8656
records/full_2026-07-06__rec_000060/attempts/08_revise/prompt.txt,267773,c4255d24bb7a418b201d32fff034683938f4393e461d7fd8d574ed1daeebb389
records/full_2026-07-06__rec_000060/attempts/08_revise/response.json,82079,13b06ecffe8f75ed6df03bdedaf5202a2f65f2791105f33e04388de706b98faf
records/full_2026-07-06__rec_000060/attempts/08_revise/stderr.log,317,0ed9e04144c4a98fadf350a067ab9c532baed7c91146285aa722972520dc4956
records/full_2026-07-06__rec_000060/attempts/08_revise/stdout.jsonl,88112,11292bb57bcb16ca2378dda1cc76406ab9c84f05a9557d79579f228d0d68a467
records/full_2026-07-06__rec_000060/attempts/09_review/meta.json,1690,1cd03f4f0752bc6a0a6c64ac9a8be340b34a9a985d96f8ee810d574e9483cfb0
records/full_2026-07-06__rec_000060/attempts/09_review/output_schema.json,2482,2f7fde6059c5725fd4066315b7082d9c732aec8fae93b90e64480ce47d95b8c8
records/full_2026-07-06__rec_000060/attempts/09_review/prompt.txt,215209,3cf8580c54395eaf9f951bb302e1332c5897d7a92b46bfd09fac73f21edc51fa
records/full_2026-07-06__rec_000060/attempts/09_review/response.json,410,4fb0a5c9b8e1f6d23f5acca4009c991edeed398ab3e4e76a939b5bdb5e501cb3
records/full_2026-07-06__rec_000060/attempts/09_review/stderr.log,170,de2b0c35e67e32040fd7402e08d92abb738473fae35fa601a631e3f4b3403dcf
records/full_2026-07-06__rec_000060/attempts/09_review/stdout.jsonl,771,eb86fc57fe207b655c447600b2df0742e7ea124a933a720aad5f787a23eba937
records/full_2026-07-06__rec_000060/evidence.json,19693,25e3242309634e7547fd89d6b20d343ed788ddaa9e7d4c94d661279b5be7a7f3
records/full_2026-07-06__rec_000060/final_document.json,121213,a3a8563d30ba405c9f9f00fefcb3edf88a28fd5d0546fa7eda661de85385d87c
records/full_2026-07-06__rec_000060/packet_manifest.json,11270,2f7281301f5af61b10ded4c6c8a416ca99c7c8b74735f2c854eca6cf18db11a1
records/full_2026-07-06__rec_000060/review_round_1.json,11179,cef94e5a5e6d2c86e66e71842ad53aea870dd495cee2ebc4aec1ac86ee9bf0e2
records/full_2026-07-06__rec_000060/review_round_2.json,7750,451b2ccb0dc4ada6b0ccd29ca071a526f8137da608ee1d90db5643ea5a53d165
records/full_2026-07-06__rec_000060/review_round_3.json,428,4e3f5263c5f95c5550f865c237ea77d521c05e8159864be5017264e3a6be079a
records/full_2026-07-06__rec_000060/sections/sec_0001.md,1583,f68aaf8ab6e343333a9f70d46b7008bd7c851b6fee308dcf26639e6425489978
records/full_2026-07-06__rec_000060/sections/sec_0002.md,5429,13474495f0a6ce2c21b2647d1e2e63dd65bce3295e1004090c25942e28b9977a
records/full_2026-07-06__rec_000060/sections/sec_0003.md,13,61594c6f7a317049dd031c967133eb945d8767eb7797ffa2bcc4d308022d65ad
records/full_2026-07-06__rec_000060/sections/sec_0004.md,1734,9e0c95b9df38593d38ac67e5fcc171fe25d63556304c187567b5d38001a15117
records/full_2026-07-06__rec_000060/sections/sec_0005.md,3128,9d0ae3512482d56b5125249f1489fbd06f618c970c771b744e97081277306b62
records/full_2026-07-06__rec_000060/sections/sec_0006.md,2103,34f270aaa98f00523390c14a5ec5e911141a1c52300d146cf0c2069641acd696
records/full_2026-07-06__rec_000060/sections/sec_0007.md,3511,23840d6e17291e7b3e385b7ce4252095b7185378b37e9bb48310eb636fa1471c
records/full_2026-07-06__rec_000060/sections/sec_0008.md,2935,cc3281c94cd025f2e44a0beb7af1c3d5c08aa25092955667a6944c1ffd017127
records/full_2026-07-06__rec_000060/sections/sec_0009.md,1274,051f03394f32fe721328415e364526fd377ba1ab84932e57a258b3d2fea9ba52
records/full_2026-07-06__rec_000060/sections/sec_0010.md,3137,1d3ac52bbcd4832dba52583be1cb6c6f93fcf10b9e01a3f7b77a4613c7bfe2ab
records/full_2026-07-06__rec_000060/sections/sec_0011.md,2875,73e82fff06140bf0970e43092be76620f6b5a61384ade2ea6b4d301d11a544d5
records/full_2026-07-06__rec_000060/sections/sec_0012.md,599,648f5f5c3dd6e2717dc0cbc88806c7e4698758ea895b19e53a7e3e9fe526ffc8
records/full_2026-07-06__rec_000060/sections/sec_0013.md,42,508b1bddff26514390ed12a01d8dcc93a3dd3cbb1f315f6aac8cf431b31fbcbe
records/full_2026-07-06__rec_000060/sections/sec_0014.md,764,0f804cd245acb09ecb1bb41ae873352b8bd4d3a27405a427f4768cbe107729b5
records/full_2026-07-06__rec_000060/sections/sec_0015.md,912,731cdaade583877b93d53417c2a554eea708e656b49d638284723bfb1568fb86
records/full_2026-07-06__rec_000060/sections/sec_0016.md,384,ca52dca1532e17753a003e1c3354ac8619aa3ef86dc69a1f2cd1b2ad911bd859
records/full_2026-07-06__rec_000060/sections/sec_0017.md,895,1bd7307ce374a11a9dd9d1368704664196cdda82654da5a80b5bd3bc95133840
records/full_2026-07-06__rec_000060/sections/sec_0018.md,927,0b2bc366f7b839eb8c2df6dd2e602c05f7fe4ec39e0cdb7d10fb3e3e351a0aa6
records/full_2026-07-06__rec_000060/sections/sec_0019.md,825,c6d546b23b1147d4dcc20c2d2bf76a0e92ffada09edb89da13f2546abb97b889
records/full_2026-07-06__rec_000060/sections/sec_0020.md,19,13220e13241139e35964105fad816fcd08c270febef4f223cf07a840d41d0ca9
records/full_2026-07-06__rec_000060/sections/sec_0021.md,1413,88478b0ff2eed5b7c3ea7538d32bdf7509e4060d503aa1e7810aa358b2bb5e19
records/full_2026-07-06__rec_000060/sections/sec_0022.md,1027,f9c0f78dd61d7b4b88e04e75ecb9b6ba1b006eac249aad0d79178fb47c4262e0
records/full_2026-07-06__rec_000060/sections/sec_0023.md,1554,3cab6ccdd1f860cfeb57d7dbcae86091f06d6fb20d388912b8fd9765254a6a34
records/full_2026-07-06__rec_000060/sections/sec_0024.md,1563,824efbe853047941b9fdb365f066bea83e71232f37f18439a2026b941b7a8761
records/full_2026-07-06__rec_000060/sections/sec_0025.md,1534,dae9d43519b871f85abbd834e0842b1cfa0f8712ef5055c87b3d9cb57cad4d14
records/full_2026-07-06__rec_000060/sections/sec_0026.md,1775,cac770031aec8ede9254d4c6991df507cc9aa342a8fca7cd3b22bc3a5e3e560b
records/full_2026-07-06__rec_000060/sections/sec_0027.md,917,4eec2732e35954bef258a1228ad6359992d25c216390437016b187c40ed23487
records/full_2026-07-06__rec_000060/sections/sec_0028.md,780,c553f1c606183e5eb1d7cad244e74df40319ad07fc3aef673f614db6ed7d2aaa
records/full_2026-07-06__rec_000060/sections/sec_0029.md,600,be6f5ee6b1e94daa417a7cb7370f2f4eb844fd25e66a9e8b638d267a58fd087b
records/full_2026-07-06__rec_000060/sections/sec_0030.md,612,37703a32fddb88a20a79991afa0320ef931e8afdc47ee44daed6b33f5b5190c0
records/full_2026-07-06__rec_000060/sections/sec_0031.md,3276,06aad355b5ac408a7ea5f0008b7dde561cd7047d505ece678893021f62bc35cb
records/full_2026-07-06__rec_000060/sections/sec_0032.md,289,e7eb6608b53f55a4225a9e7692f1afd438aa71de56dd9c3efd5cb64b24b83bcc
records/full_2026-07-06__rec_000060/sections/sec_0033.md,1344,2c1e3957b62347399aec2a8509a969fdcb7ea56932e62c934e09fa703153e48f
records/full_2026-07-06__rec_000060/sections/sec_0034.md,528,ea224ea737f17bee4dc43ba2a39c01c116bdbae8f3403f53644ea67b27e18930
records/full_2026-07-06__rec_000060/sections/sec_0035.md,2177,3878109110395d6ce24711b0b1cab9763021ce4e8e95bc83e3131c00fa20d69a
records/full_2026-07-06__rec_000060/sections/sec_0036.md,109,f41d82b633dd4900ae3d030b01257d92eaeae44cb3dbea9ad1f0c7c7baeefa6c
records/full_2026-07-06__rec_000060/sections/sec_0037.md,134,aa6fbd67b8cab807192a01079818e9790a22b932a4923a916642f155d095864c
records/full_2026-07-06__rec_000060/sections/sec_0038.md,16530,b15060dbe5ccf22a3435fc41366eb82c22df54ea8ead2c7d8a1d29fb9d0c1441
records/full_2026-07-06__rec_000060/sections/sec_0039.md,388,38d49561c3c49dbc8fd813fc0093ee1a5329497e467446ede439ba18ea40ae3a
records/full_2026-07-06__rec_000060/sections/sec_0040.md,362,fd37ce55160acd60899bc33a55e5dc9b0d8bb7aa187fc8a939b41bf25d1831b2
records/full_2026-07-06__rec_000060/sections/sec_0041.md,70,86d2dff65a456085ce017d8dfb17712af52326ce731b82155134356a9c3cdd08
records/full_2026-07-06__rec_000060/sections/sec_0042.md,27905,85510ebba98acbbbec6e31f0636f8fbb70f680f45a71fe4c14d0fc5fa7c74767
records/full_2026-07-06__rec_000060/status.json,3264,b56ae688c58861702d26a79f5008e16e47195c0e1e46d8fa3da436c382224e9c
records/full_2026-07-06__rec_000063/assemblies.json,94024,d76d788d6daa6beec6714c29574aa16b173157d4abce06580c8ff4eb36faed04
records/full_2026-07-06__rec_000063/attempts/01_extract/meta.json,1692,b70f06a6187f156b5f95ec7c99f76fb989795b81f135e4d5b448f72a0ea93d5f
records/full_2026-07-06__rec_000063/attempts/01_extract/output_schema.json,18153,fc4fd08860b2b19da00d319ef5a61b4493eede559424fa5e6129635e69da8656
records/full_2026-07-06__rec_000063/attempts/01_extract/prompt.txt,131945,7ca56110acbc7a231841d4971239e72fbda4b9424e207cfd1a098fdb1d25f431
records/full_2026-07-06__rec_000063/attempts/01_extract/response.json,57082,661577c042a5e7acc50b1e8c93ae47d6b5d4902c54b49d2b572dc6ffed3b693b
records/full_2026-07-06__rec_000063/attempts/01_extract/stderr.log,317,232cf85cdab6829339dbe147156561542a643d56e88f48cee511f2762745b916
records/full_2026-07-06__rec_000063/attempts/01_extract/stdout.jsonl,62070,a4dadb4bd7b75fd2bcb4aee4acbd8019dc51837723b9bed832145d06c42e9875
records/full_2026-07-06__rec_000063/attempts/02_repair/meta.json,1690,eaf6b08ec5cc2c9a3fa7202baa552bb5d71b4c5f5e539abc0e08cea27c062939
records/full_2026-07-06__rec_000063/attempts/02_repair/output_schema.json,18153,fc4fd08860b2b19da00d319ef5a61b4493eede559424fa5e6129635e69da8656
records/full_2026-07-06__rec_000063/attempts/02_repair/prompt.txt,195414,97ae433ce99d8e588b1b9886ddef1d31b18515c164dd0f540c222f7c3f295252
records/full_2026-07-06__rec_000063/attempts/02_repair/response.json,62898,7cb04eb8fc9c3fc439dc0694f1d2b27978df29d4514e1aa46c8b23ab26918360
records/full_2026-07-06__rec_000063/attempts/02_repair/stderr.log,170,d2808af887c0c259b65c8c904c39308e65af8a653b5cf33a350aedf8a381df2f
records/full_2026-07-06__rec_000063/attempts/02_repair/stdout.jsonl,68274,04fee1bcb18c19db2396d01a2cc2381d724644e1a711be0c66560815da7fbe3f
records/full_2026-07-06__rec_000063/attempts/03_repair/meta.json,1690,8c5fc25ff5d16c60f7493371ba348593f36e4b50ee04613c1f3159735151d2c5
records/full_2026-07-06__rec_000063/attempts/03_repair/output_schema.json,18153,fc4fd08860b2b19da00d319ef5a61b4493eede559424fa5e6129635e69da8656
records/full_2026-07-06__rec_000063/attempts/03_repair/prompt.txt,197881,1cc1c5f1b7bb5e891a799589c9a7a849c043bf09b0edda7e10a279923880a20e
records/full_2026-07-06__rec_000063/attempts/03_repair/response.json,62825,53f52ae9489fbd0451f661a90e0bd180327eded2a237a704b390922317d45d24
records/full_2026-07-06__rec_000063/attempts/03_repair/stderr.log,317,469752b41891a6a545c868b4ee67f36018efc37499448adc5c7bac5271547270
records/full_2026-07-06__rec_000063/attempts/03_repair/stdout.jsonl,68200,afe21e304e01198846dd2dd25bbc06f7dd1f634c299430ba8f8538bc7b7c0efd
records/full_2026-07-06__rec_000063/attempts/04_repair/meta.json,1690,e2f09b1ab0797e5a35ece54b86fb29b9dba12cf40690474451b94b01f1c96be3
records/full_2026-07-06__rec_000063/attempts/04_repair/output_schema.json,18153,fc4fd08860b2b19da00d319ef5a61b4493eede559424fa5e6129635e69da8656
records/full_2026-07-06__rec_000063/attempts/04_repair/prompt.txt,197815,09202e66a1e71e0d1566e6fefbaefd12161adacc357c61642fd8ede30c35affd
records/full_2026-07-06__rec_000063/attempts/04_repair/response.json,62612,64336088768e8e11e091630e12b5b12ae2aad2df67a53af5fdefa66649ee8227
records/full_2026-07-06__rec_000063/attempts/04_repair/stderr.log,170,725c5f0f76473360d45c4afc60fe3b635883293547df765450f83c943460ca8a
records/full_2026-07-06__rec_000063/attempts/04_repair/stdout.jsonl,67983,52564d9f57f53048ebeb0e42421c3f95db7e9a538ead8b60acd4a31c04bd624e
records/full_2026-07-06__rec_000063/attempts/05_repair/meta.json,1691,039a94e456d294cc18d6e029e98ebc5a0839babd83f30b744b17fde8d6581c2f
records/full_2026-07-06__rec_000063/attempts/05_repair/output_schema.json,18153,fc4fd08860b2b19da00d319ef5a61b4493eede559424fa5e6129635e69da8656
records/full_2026-07-06__rec_000063/attempts/05_repair/prompt.txt,197674,8af8cd2afd6f9c5327ec4cd42218d70f188792d8fe2eaccecf295c4b4d77ebbd
records/full_2026-07-06__rec_000063/attempts/05_repair/response.json,62601,ed9c7dab8a2293185589f2135681956c8fd57bb287ffeca51b2594ef6b13a09c
records/full_2026-07-06__rec_000063/attempts/05_repair/stderr.log,317,27eedf6d46ce771e21142c02ab60fae35744fa881d75623500871abb28992b02
records/full_2026-07-06__rec_000063/attempts/05_repair/stdout.jsonl,135974,5f03239dd7826ce3fbd933f6c660e0d47d0cbcbfa52b99e00a2391f22c5c4c84
records/full_2026-07-06__rec_000063/attempts/06_extract/meta.json,1693,bc5f0f17806ad5a3769271bd95183415cea5549d3f5267ddc68eea1e16e71156
records/full_2026-07-06__rec_000063/attempts/06_extract/output_schema.json,18153,fc4fd08860b2b19da00d319ef5a61b4493eede559424fa5e6129635e69da8656
records/full_2026-07-06__rec_000063/attempts/06_extract/prompt.txt,131945,7ca56110acbc7a231841d4971239e72fbda4b9424e207cfd1a098fdb1d25f431
records/full_2026-07-06__rec_000063/attempts/06_extract/response.json,58674,0360edef7ded6d1330775777c617e7336f2c5222fab9547d48395d76aec0bb09
records/full_2026-07-06__rec_000063/attempts/06_extract/stderr.log,317,48d2244176fa20d59ba52f65e2d71a2cae33d04395a80f061a219c565ee08bcd
records/full_2026-07-06__rec_000063/attempts/06_extract/stdout.jsonl,132866,9b66879c2d330b2869e2f949f8b4c749b5ac314580dec2b6fc9caaf60028b395
records/full_2026-07-06__rec_000063/attempts/07_repair/meta.json,1690,c7726a1fd20269105a01e83683998166356f4f3fd039d00c7bd35bc52bbf3f4c
records/full_2026-07-06__rec_000063/attempts/07_repair/output_schema.json,18153,fc4fd08860b2b19da00d319ef5a61b4493eede559424fa5e6129635e69da8656
records/full_2026-07-06__rec_000063/attempts/07_repair/prompt.txt,197551,8288b1e3be06b7927685a20f6c10e9ab5ebe187327f57c42b7eef86a4f5dedec
records/full_2026-07-06__rec_000063/attempts/07_repair/response.json,61544,407b76f0fad53265e64f0e00688a2d4ca85c31e8da88520443f41377b98f7ab5
records/full_2026-07-06__rec_000063/attempts/07_repair/stderr.log,170,2eff4433102a2b872f14362b4ac21c1d6905f69e174cff3cc432e7fce0d55c02
records/full_2026-07-06__rec_000063/attempts/07_repair/stdout.jsonl,66563,ec76d437e1d0188dc04ca5e6f2ae22146d7536d87a521cfacedd24e109adec35
records/full_2026-07-06__rec_000063/attempts/08_repair/meta.json,1690,eea94921fc76b38185bf8c75abcee4123eb298209f2fa7df3a724538cb393c53
records/full_2026-07-06__rec_000063/attempts/08_repair/output_schema.json,18153,fc4fd08860b2b19da00d319ef5a61b4493eede559424fa5e6129635e69da8656
records/full_2026-07-06__rec_000063/attempts/08_repair/prompt.txt,196219,6023ea7aeca339211f13df08d6f6cca83ecddd7d4799ed2c3bc6cf4b3fd85bf9
records/full_2026-07-06__rec_000063/attempts/08_repair/response.json,13387,bb47aa5f70f4c047965db96706a592fbfbf36d7a1494af87c3c634bb5b999463
records/full_2026-07-06__rec_000063/attempts/08_repair/stderr.log,170,3e87ba4b3f3953d9585fc42f9fe638d4346d985066924f38bf7e9d8dc31ca1fa
records/full_2026-07-06__rec_000063/attempts/08_repair/stdout.jsonl,81757,d0b551188bd6c3e3a5537c52f80e7428ba1a65c23c44f6d20b6e4d2fb64f1a4c
records/full_2026-07-06__rec_000063/attempts/09_review/meta.json,1690,3361cee80fe0d3ee58295f01ee9424d00041d97c3a78f0fe6899be331c487229
records/full_2026-07-06__rec_000063/attempts/09_review/output_schema.json,2482,2f7fde6059c5725fd4066315b7082d9c732aec8fae93b90e64480ce47d95b8c8
records/full_2026-07-06__rec_000063/attempts/09_review/prompt.txt,98816,851cf4f772d42bcd13a0aaadac5e51c9b737ca355eec585376fc7b7d7f8a9039
records/full_2026-07-06__rec_000063/attempts/09_review/response.json,5975,63b10e9dfa0c05ecae40d3c46ffd6d9ed58f0552f6d5b39e3e9f0833d8ebbe93
records/full_2026-07-06__rec_000063/attempts/09_review/stderr.log,170,345fcc2e7013dee3422fe871b530a4a39b373073f20795ac43443d44a6191ce6
records/full_2026-07-06__rec_000063/attempts/09_review/stdout.jsonl,6628,3f516c54814cb362b7d033570f1b935a5367ba5e2938d6aad485c7c22e25b238
records/full_2026-07-06__rec_000063/attempts/10_revise/meta.json,1690,d363b707418133f27a50ed8aaf6e91c4ac312fda7aef9c3317cbc63fb094e4db
records/full_2026-07-06__rec_000063/attempts/10_revise/output_schema.json,18153,fc4fd08860b2b19da00d319ef5a61b4493eede559424fa5e6129635e69da8656
records/full_2026-07-06__rec_000063/attempts/10_revise/prompt.txt,152175,f9467dc457ce0f9c59c03f6496d70a1f90daf537f29317148dc62185267f1c33
records/full_2026-07-06__rec_000063/attempts/10_revise/response.json,47374,dc40fae672c0dc628c599c74176b858892457f1d079f03105f5ab53e8ba519ce
records/full_2026-07-06__rec_000063/attempts/10_revise/stderr.log,170,a5f735cea60c9529355ff1ad34dfe217be931727aec29763d8e14dd8d056a8e7
records/full_2026-07-06__rec_000063/attempts/10_revise/stdout.jsonl,51246,ed2fa874a850464bdc50192c9f2e7f82f9479e74febca8ac1882c7d255e83a98
records/full_2026-07-06__rec_000063/attempts/11_repair/meta.json,1690,0423523290ffa369bb26485ff4ca22a3af0fe813114c81f7b99204f4c1fe58e0
records/full_2026-07-06__rec_000063/attempts/11_repair/output_schema.json,18153,fc4fd08860b2b19da00d319ef5a61b4493eede559424fa5e6129635e69da8656
records/full_2026-07-06__rec_000063/attempts/11_repair/prompt.txt,181957,2e4206713071ef81f4dfaea0acc1cb3db3723d441ff6faa1408adf622e679fac
records/full_2026-07-06__rec_000063/attempts/11_repair/response.json,47416,5d44458c9bb6e59f286506496d0b188723813a2dbf9f3bc1c1e2a22a57a8a2a1
records/full_2026-07-06__rec_000063/attempts/11_repair/stderr.log,317,5364bbc842c0d31cedffd1758a414f60a5c71c9f24e3b6b56758ad735ac14368
records/full_2026-07-06__rec_000063/attempts/11_repair/stdout.jsonl,51289,5762aa51fe13d8bbfe5482929c2058a99513e9e2ae5ece07c0d95eb6c75129d4
records/full_2026-07-06__rec_000063/attempts/12_review/meta.json,1690,6c37020b3ca11797656c59a46c6f46effe04b04652f5bc4f3de229616d4a3815
records/full_2026-07-06__rec_000063/attempts/12_review/output_schema.json,2482,2f7fde6059c5725fd4066315b7082d9c732aec8fae93b90e64480ce47d95b8c8
records/full_2026-07-06__rec_000063/attempts/12_review/prompt.txt,134216,2fc84357ffe395421d23334a456c7029ebe73d9a2f1e5aca8e7b5c2fb2558afe
records/full_2026-07-06__rec_000063/attempts/12_review/response.json,5864,dffb26f72c29a07f52893805e1dab59e2a31abfd081cb814c906b306ac5b47b2
records/full_2026-07-06__rec_000063/attempts/12_review/stderr.log,170,7a88490889d7bd51a4ed9812f4442584f315ee6d6178293d7af23124fc72014b
records/full_2026-07-06__rec_000063/attempts/12_review/stdout.jsonl,6500,ccc850d319c5b460108275db7997e0bdef5e7d25ff9f1fdce342d2faad5ea96f
records/full_2026-07-06__rec_000063/attempts/13_revise/meta.json,1690,2e8dd4c6e6f673bc03fefc42f318bc81901b0564457c3308b4ea08bb6e1a4675
records/full_2026-07-06__rec_000063/attempts/13_revise/output_schema.json,18153,fc4fd08860b2b19da00d319ef5a61b4493eede559424fa5e6129635e69da8656
records/full_2026-07-06__rec_000063/attempts/13_revise/prompt.txt,187464,a5c928aa27dd3eb9d96ef32b95d797fb2da368cad7c0ab5559eb381278c5d2cb
records/full_2026-07-06__rec_000063/attempts/13_revise/response.json,56428,b3cf531555d0f89038b976e8d8b925e113577e24987a23c028a0dc7c988a7c73
records/full_2026-07-06__rec_000063/attempts/13_revise/stderr.log,170,48c99176baebb66557bb8f357c92c1e0bf738ec07058e126fc06e6eb1c69abf6
records/full_2026-07-06__rec_000063/attempts/13_revise/stdout.jsonl,60846,0b7bc28ade28248650d1a228e570441560caa2909ce76b8132d6cddcc0455dee
records/full_2026-07-06__rec_000063/attempts/14_review/meta.json,1690,f1e08b53b0c28c2931097c28b356f3a408723c0cbd958871e4b726c4f4e8bc45
records/full_2026-07-06__rec_000063/attempts/14_review/output_schema.json,2482,2f7fde6059c5725fd4066315b7082d9c732aec8fae93b90e64480ce47d95b8c8
records/full_2026-07-06__rec_000063/attempts/14_review/prompt.txt,143517,1bedf27d8c9235d1ff972889332725c724f0eab59a5092ae8ae8ffcdf7ff1437
records/full_2026-07-06__rec_000063/attempts/14_review/response.json,8327,9edd542a3eff973aa06832f3b922c7302491462021772369a6a44c2184c750f2
records/full_2026-07-06__rec_000063/attempts/14_review/stderr.log,317,c125eea45854922f5e506772b1e1c26266f27a6b1addc5ff7ddfd5e223825027
records/full_2026-07-06__rec_000063/attempts/14_review/stdout.jsonl,9080,2a74b9b063733c1a6c1e842e99f35b96911bd5e1c674b70baa7f8cec34ce9e1d
records/full_2026-07-06__rec_000063/evidence.json,37545,e3f4bb034e60be1c278669e09aad1f4fd0b816b4db06af55a94d7a46d45af703
records/full_2026-07-06__rec_000063/final_document.json,82759,f022938562af6ffd158c060d5e6bdb6ba673d1231e36bb90d2b6a99d7b0c42de
records/full_2026-07-06__rec_000063/last_invalid_document.json,99005,fa2acb645cc344b8378eac45e77e1e9d9048b42fffe5466a5451569601eacd97
records/full_2026-07-06__rec_000063/packet_manifest.json,7881,80715a97435bf5f12b6e54b07b10d495b51dbec35e4a3c4eb103c01e593c4022
records/full_2026-07-06__rec_000063/review_round_1.json,7082,b230230756c20cb74c9353e2750d6c3e4063505a1cca546c353b10fb913b652c
records/full_2026-07-06__rec_000063/review_round_2.json,6863,a29e45821717f7928b79f5a6e3d1a7bf312533748cd2db483ff9270f97521c3d
records/full_2026-07-06__rec_000063/review_round_3.json,9796,df5a49da83a387317e1e707c02a65afff7160a056c3962afb2c4b24582a28a2f
records/full_2026-07-06__rec_000063/sections/sec_0001.md,379,65c6dd63e38f58726ebd811a26f02725f6d9b9625c9fef5b64af0afa3ebac895
records/full_2026-07-06__rec_000063/sections/sec_0002.md,1968,4d4f1da455cee28b73465e7852d7b058793d044977154cfa816722b8e52514e0
records/full_2026-07-06__rec_000063/sections/sec_0003.md,5450,7f6f3aebba6a78bd7326485883bd13fd4c33db55178f8a82c3f1696cec29989a
records/full_2026-07-06__rec_000063/sections/sec_0004.md,13,61594c6f7a317049dd031c967133eb945d8767eb7797ffa2bcc4d308022d65ad
records/full_2026-07-06__rec_000063/sections/sec_0005.md,2993,72583d50e2351d587db6cd0b57ccbb60e79d6c195bfeeece7932b82102aa6f33
records/full_2026-07-06__rec_000063/sections/sec_0006.md,8493,a26d2d2f03adf144de30fd64aa26786e72d3ececfead9edb50063317875c7d9b
records/full_2026-07-06__rec_000063/sections/sec_0007.md,6402,83feb8ee626c29e62ceb7eb95da433d5fea5eaeaf53f407300991f3e9d158704
records/full_2026-07-06__rec_000063/sections/sec_0008.md,2364,a565c46814334c4dd00d4943c10286015ff291b22d46253512963584da1384d7
records/full_2026-07-06__rec_000063/sections/sec_0009.md,1498,0cb7102e79478fa371c2e7fc9e1a83aa816b48e003feeea9a15ba038765d55a7
records/full_2026-07-06__rec_000063/sections/sec_0010.md,561,12276f8928c778aecb9fd1505ce541eb4e7ca17a20c2b5c28219aeb6554fa3c4
records/full_2026-07-06__rec_000063/sections/sec_0011.md,48,07fcdcc4ccd2b9dec548290c878074ff9ecf6c263ad2b45f1894dd5438969edb
records/full_2026-07-06__rec_000063/sections/sec_0012.md,451,edf7b3fe68d5029bfdea08c16dcd4158ae9b981b3116f6b91ca4978da0199db5
records/full_2026-07-06__rec_000063/sections/sec_0013.md,34,ee2403762ae42173231bde6c715ef353c01caa6e9aa8562fe81a03677ccabd89
records/full_2026-07-06__rec_000063/sections/sec_0014.md,663,63744c5643c05c2ba54ba46f36757c6dedb9dd98c798ce0eb50e4313d713fa25
records/full_2026-07-06__rec_000063/sections/sec_0015.md,4306,1ea48d3276ee34b5f1e4172e2986d939c0ac6fb00a3335b0378cd48bbbfd3ea3
records/full_2026-07-06__rec_000063/sections/sec_0016.md,492,e3818c4cf47e92208449a94a4841c7d8027c7732283069a54f390cc26d656a89
records/full_2026-07-06__rec_000063/sections/sec_0017.md,1160,1c50bed9d4968160aa663f16242faac2fc14639b555daf1b86315a1a29709776
records/full_2026-07-06__rec_000063/sections/sec_0018.md,1805,8d005234de5d134f66e2578860080dcc7c6508c62eea30b8b76e0f0859cb54ce
records/full_2026-07-06__rec_000063/sections/sec_0019.md,1190,d5e32135d2a76d8c352be48834ea9e620d2607f9af707a8cbc2a8b5c9739a0b9
records/full_2026-07-06__rec_000063/sections/sec_0020.md,2335,b260148dd462c17e60e5bdfdb8d299d60489356888481e2dbf25cfc8fa1d0a43
records/full_2026-07-06__rec_000063/sections/sec_0021.md,1227,0184c9159370268dc5f6f6d194461653b8ed7d12a3e8a4caba27a8a9626784a1
records/full_2026-07-06__rec_000063/sections/sec_0022.md,2575,c93695f7a532620af45802bce3bba83b30a47b06ed51ef9351df93dbec9e78dc
records/full_2026-07-06__rec_000063/sections/sec_0023.md,494,d281556ca3faac44e88054400c2b06f91dd8a6289525e64476c13a51de484e32
records/full_2026-07-06__rec_000063/sections/sec_0024.md,708,630c25da5a3bae7497a0db1e0eb9610b84b021a7376debb707e073dd6f525d89
records/full_2026-07-06__rec_000063/sections/sec_0025.md,229,bbf9c9c05550061016ebae5759dc5af329e0d06f0b43f9e9631ca18c0e52dc45
records/full_2026-07-06__rec_000063/sections/sec_0026.md,70,4da201e8f2249b53fddb6ead92b4fd18e958f0d395dab5380f9857f4dceb6764
records/full_2026-07-06__rec_000063/sections/sec_0027.md,6334,6ad97d0bbbcf443dc1567f8b89ae89f1ed9125d3c65cbacb73ae220a96a726c8
records/full_2026-07-06__rec_000063/status.json,1895,db803ff7523953697b5c301ac341df32f3b3f6e156f4dbaa0d9c6e48f124cc55
records/full_2026-07-06__rec_000086/assemblies.json,197851,43dddb1f96a1a987e5bfcc9182110f04a53c15636bad4ca502c96e9e63c978d0
records/full_2026-07-06__rec_000086/attempts/01_extract/meta.json,1693,74fe24d99fb15f73b8598c8e0a8ddab36ca4688569822c5e5f952d814f4b7f62
records/full_2026-07-06__rec_000086/attempts/01_extract/output_schema.json,18153,fc4fd08860b2b19da00d319ef5a61b4493eede559424fa5e6129635e69da8656
records/full_2026-07-06__rec_000086/attempts/01_extract/prompt.txt,139895,27b7634934797ecb92ca0d79c0d541172e710f86c32350b6905e080aa221766a
records/full_2026-07-06__rec_000086/attempts/01_extract/response.json,83525,246756f9b00ddb71d21dc7e090e32de1ea53f694d4e6bec317a49c1cd1683a59
records/full_2026-07-06__rec_000086/attempts/01_extract/stderr.log,317,934519830a6f21319bc4be65a917c250cf12ab8a3a29325f9250960eb2b6e7d9
records/full_2026-07-06__rec_000086/attempts/01_extract/stdout.jsonl,90431,bb71f1be1ec30fa964f7a8a0058ec16bf56af105acdc8c3ebd39594f06eb0151
records/full_2026-07-06__rec_000086/attempts/02_repair/meta.json,1690,27921ec91ce1d251ec68d67cea19890997d77ddbd209d65af1b2331792b25368
records/full_2026-07-06__rec_000086/attempts/02_repair/output_schema.json,18153,fc4fd08860b2b19da00d319ef5a61b4493eede559424fa5e6129635e69da8656
records/full_2026-07-06__rec_000086/attempts/02_repair/prompt.txt,233575,8600f8e90a03f3a02d1dc843d12a4a644be73f2f51e6fdd4a1578ad6d16dac48
records/full_2026-07-06__rec_000086/attempts/02_repair/response.json,88921,e588363a510da08e365a3e6ad2e1347617f611ee383baed21d1c718c22b9b76e
records/full_2026-07-06__rec_000086/attempts/02_repair/stderr.log,170,4f1b2f9c463ed4f4fa49180615ac3514ee0cc75499a74cc8d74c933b72cb39c6
records/full_2026-07-06__rec_000086/attempts/02_repair/stdout.jsonl,96230,39c0f66ef5a31740917377d17c0ad5084c479600033003cf183496992dbb679f
records/full_2026-07-06__rec_000086/attempts/03_repair/meta.json,1690,e7b6ca0eabb2c9cef61101b355e366afd4045492c860fded788081e53e9757f0
records/full_2026-07-06__rec_000086/attempts/03_repair/output_schema.json,18153,fc4fd08860b2b19da00d319ef5a61b4493eede559424fa5e6129635e69da8656
records/full_2026-07-06__rec_000086/attempts/03_repair/prompt.txt,233060,02df25d72109336e64ecbc75324ec4e6c2d46aa75c476d2e119849e48915258b
records/full_2026-07-06__rec_000086/attempts/03_repair/response.json,89787,c92e356b3cbcb4655e274ad05e492feda937012ac604d02af53a45c2898d42db
records/full_2026-07-06__rec_000086/attempts/03_repair/stderr.log,170,441a0b1d99fa1abcaa4670bdaeddf3f09d57864acd16ca3ddd7ff8fa45df935e
records/full_2026-07-06__rec_000086/attempts/03_repair/stdout.jsonl,97179,d8980c94ca92351845f1ec0e9c437a843feb1618cb2c505fd9fc2b01f478adc5
records/full_2026-07-06__rec_000086/attempts/04_review/meta.json,1690,e47a328506a4d23f781296172012012908dd01b5ac22b080a896fe2a843a1fab
records/full_2026-07-06__rec_000086/attempts/04_review/output_schema.json,2482,2f7fde6059c5725fd4066315b7082d9c732aec8fae93b90e64480ce47d95b8c8
records/full_2026-07-06__rec_000086/attempts/04_review/prompt.txt,186458,7bcd3f5073eff1bdba3d2db90914df9be7734d1c473a1e9d081886d6aca2eb90
records/full_2026-07-06__rec_000086/attempts/04_review/response.json,11474,6fc5713e3d12d73f82625d2d3b5c48623d09ddca34532656aaa1a44ba07e3e8f
records/full_2026-07-06__rec_000086/attempts/04_review/stderr.log,170,0bd0d1fc2acbdfdacdab37dbe30c9ffb72cba599c597331058dc016121cd1859
records/full_2026-07-06__rec_000086/attempts/04_review/stdout.jsonl,12434,b3e76e6e079c5da0aa707788b9e1e59bdba09b1c8658f43a147bb8aaca3146f3
records/full_2026-07-06__rec_000086/attempts/05_revise/meta.json,1691,b31cab6060b92f4031881f0dcf3e627720d13fde2927ac0800a267242e00ff37
records/full_2026-07-06__rec_000086/attempts/05_revise/output_schema.json,18153,fc4fd08860b2b19da00d319ef5a61b4493eede559424fa5e6129635e69da8656
records/full_2026-07-06__rec_000086/attempts/05_revise/prompt.txt,245660,da46d14d54b4b59071b18902db233eb311e8f80bad53ca722c1864815ca07273
records/full_2026-07-06__rec_000086/attempts/05_revise/response.json,107212,19ddea172010e27c1f56bfb6cb1dda08168c095f689358b515abfc107ac2f29f
records/full_2026-07-06__rec_000086/attempts/05_revise/stderr.log,170,b4ad27245dac2f2ca6ae96f562538a8c9989da7cd452d63bf59a354f4c3e197f
records/full_2026-07-06__rec_000086/attempts/05_revise/stdout.jsonl,115852,c994150f6704adf03d47b066e8e0f93ce12a5237df91e78563ec54ef8fc2c0e4
records/full_2026-07-06__rec_000086/attempts/06_repair/meta.json,1691,d24d79ee270b4610ba2f87aa6a81080b3f785d1e669f483fba2e8cfaa59334fe
records/full_2026-07-06__rec_000086/attempts/06_repair/output_schema.json,18153,fc4fd08860b2b19da00d319ef5a61b4493eede559424fa5e6129635e69da8656
records/full_2026-07-06__rec_000086/attempts/06_repair/prompt.txt,251981,39b1fb145e67339910fcccb0a56fa1b6739f197b82c216c6f4fc14a829b39ae3
records/full_2026-07-06__rec_000086/attempts/06_repair/response.json,107237,6788b35b49103250a9ff19e67f2305bbe27c92e99dd5694d13bf2c86f4810b8a
records/full_2026-07-06__rec_000086/attempts/06_repair/stderr.log,170,560d08b41613179fd07c1108a5fd0e0dd52bb1bef81e211cbaade715bc15800e
records/full_2026-07-06__rec_000086/attempts/06_repair/stdout.jsonl,116228,8f14e5d9d6523fc17f3b728dfd290b90e37c3c1eb29f254006f7bdd3b9d3bc54
records/full_2026-07-06__rec_000086/attempts/07_repair/meta.json,1690,6f330c4804ebb96e0ee770e67c1bd7cda7120a733699ea6ee84749efdd741dd7
records/full_2026-07-06__rec_000086/attempts/07_repair/output_schema.json,18153,fc4fd08860b2b19da00d319ef5a61b4493eede559424fa5e6129635e69da8656
records/full_2026-07-06__rec_000086/attempts/07_repair/prompt.txt,252006,c388a95cefd1a0980db2eb373012897d4cef1c31c05a042dbb021d5526b51baf
records/full_2026-07-06__rec_000086/attempts/07_repair/response.json,29824,4d2c241ec5f17f476257fb007c304fb6d139f796ff7a490458a52e9e3ab29d24
records/full_2026-07-06__rec_000086/attempts/07_repair/stderr.log,170,fd2b2f5f52b03ffd3d13af24f53cc9bf7f6e907257b09f5faf701fc1e6949d0a
records/full_2026-07-06__rec_000086/attempts/07_repair/stdout.jsonl,32998,80795a14cef11977795ec3baa106c310200e79b95671a666b046df1481a15150
records/full_2026-07-06__rec_000086/attempts/08_repair/meta.json,1690,4725e735ca45a70662538764354294f01477763bb3a9f0445bdd299464b955c7
records/full_2026-07-06__rec_000086/attempts/08_repair/output_schema.json,18153,fc4fd08860b2b19da00d319ef5a61b4493eede559424fa5e6129635e69da8656
records/full_2026-07-06__rec_000086/attempts/08_repair/prompt.txt,171415,77fe7b0d5cd284da343009172b5ea6e3ba60226807df9b753fba2ef6b6234b09
records/full_2026-07-06__rec_000086/attempts/08_repair/response.json,30096,ed1997821baaca4a9c4e77b9f157efb9485025adae2e52009a9cfb78fbf4dd03
records/full_2026-07-06__rec_000086/attempts/08_repair/stderr.log,170,15e6920026a5677c1bd6fecd6b454d81c3e387104e706134cdef47837d3f43fa
records/full_2026-07-06__rec_000086/attempts/08_repair/stdout.jsonl,32749,ca72ebc79ab27e8f6565c9596c05d2564b73fb470f60c3db5cc64d16a2016c6f
records/full_2026-07-06__rec_000086/attempts/09_review/meta.json,1690,98d92ddd516cda01616247fa76d0b92f3a62db0c0361489be7e11facfcede48b
records/full_2026-07-06__rec_000086/attempts/09_review/output_schema.json,2482,2f7fde6059c5725fd4066315b7082d9c732aec8fae93b90e64480ce47d95b8c8
records/full_2026-07-06__rec_000086/attempts/09_review/prompt.txt,124323,b2a44644b6ea60fe56e81e5989fde4d5f8a500e50804e8f8adb5269e734f7dde
records/full_2026-07-06__rec_000086/attempts/09_review/response.json,5186,ff208421eb67a4c7f353116e2e04a394a8bf34a71a00a5c5dd0f8aa557eb1da0
records/full_2026-07-06__rec_000086/attempts/09_review/stderr.log,170,ccf7f3cc0196aaa348a5d66ab7493158616c3336cc18f247fb15dfb190db5728
records/full_2026-07-06__rec_000086/attempts/09_review/stdout.jsonl,5779,c6a72a1e3c84090a6cc3c4cc0def37d097682f4336f800b0e4717e15f6455a42
records/full_2026-07-06__rec_000086/attempts/10_revise/meta.json,1690,3e59c2e884d74e02cca5c24943587cf7279ee02075f7292e0cbf9fe614cec817
records/full_2026-07-06__rec_000086/attempts/10_revise/output_schema.json,18153,fc4fd08860b2b19da00d319ef5a61b4493eede559424fa5e6129635e69da8656
records/full_2026-07-06__rec_000086/attempts/10_revise/prompt.txt,176717,0129395fa38ef3ccf00166aee41b91179621d0a5e3fa1aa20a3a49a19da58b65
records/full_2026-07-06__rec_000086/attempts/10_revise/response.json,62915,4a061fda73f0bafd98b881ed9e2db6f3ee41796e9025fe3562e60f05f44d66fc
records/full_2026-07-06__rec_000086/attempts/10_revise/stderr.log,317,a6d8fc1e41d0d3875509f682636a1b93530721362a20f1eb28a8dec5f48851f9
records/full_2026-07-06__rec_000086/attempts/10_revise/stdout.jsonl,68073,74a1c5badb99fa03428ebb9406ef082259c43ce1ef19d9f33a068f07bd83f083
records/full_2026-07-06__rec_000086/attempts/11_repair/meta.json,1690,22d3ef89c0646ed36efcc42fe6cee7fac9336b7ed3cecb4be3defd33db65594d
records/full_2026-07-06__rec_000086/attempts/11_repair/output_schema.json,18153,fc4fd08860b2b19da00d319ef5a61b4493eede559424fa5e6129635e69da8656
records/full_2026-07-06__rec_000086/attempts/11_repair/prompt.txt,205984,3020968a6cd2640eea378f11409480e93dd1e00cb762c2d4e7e4d5085c844ddc
records/full_2026-07-06__rec_000086/attempts/11_repair/response.json,62464,990e230bce3b8def32929f7fc01acf97acd42af5c48943728f1b232d8fe2a96e
records/full_2026-07-06__rec_000086/attempts/11_repair/stderr.log,170,a65cc44642ca293f62a75cec2258e8248c2449959c570e322a92e688d3d4b484
records/full_2026-07-06__rec_000086/attempts/11_repair/stdout.jsonl,67629,7defeb7fa1026e6710283654366b5b110bf953d54c25c86e932a2005bb777d5a
records/full_2026-07-06__rec_000086/attempts/12_repair/meta.json,1690,436f65482fd857285d003b3373a8089b2950561bb626c5b6c5b4bd6241f20ade
records/full_2026-07-06__rec_000086/attempts/12_repair/output_schema.json,18153,fc4fd08860b2b19da00d319ef5a61b4493eede559424fa5e6129635e69da8656
records/full_2026-07-06__rec_000086/attempts/12_repair/prompt.txt,205417,7e135bd8b935a72f5a9e1f4f03533e19840b44111beb3d56bf977937a48c9c44
records/full_2026-07-06__rec_000086/attempts/12_repair/response.json,62456,e4ffea53f956c72802f32449905ff8bc5db43196db2b3d0d660ce530c64c4a40
records/full_2026-07-06__rec_000086/attempts/12_repair/stderr.log,317,b9cbb04432a1a7535e84b2a8717f6c49fc4fb9fea992c03ab2c6864769c5e5a4
records/full_2026-07-06__rec_000086/attempts/12_repair/stdout.jsonl,67625,7435ed41d5d3d9273aa17f12a7cd7de0119d11064f8d17f89b45c48e7e064d00
records/full_2026-07-06__rec_000086/attempts/13_repair/meta.json,1690,b0e5e2467b62f1483ba720764a946b7dd042df448528fff911c2e9284397db1b
records/full_2026-07-06__rec_000086/attempts/13_repair/output_schema.json,18153,fc4fd08860b2b19da00d319ef5a61b4493eede559424fa5e6129635e69da8656
records/full_2026-07-06__rec_000086/attempts/13_repair/prompt.txt,205409,64277389b2fa9ab1068db99be2096bea068d50b0f95ddd338f16f6b2b52d6457
records/full_2026-07-06__rec_000086/attempts/13_repair/response.json,62454,60c771447c1fa3614fdf99a6dd09a6ba7e98023837d38e213fcefb7feacc5dc2
records/full_2026-07-06__rec_000086/attempts/13_repair/stderr.log,170,09fe4cfd3779c71061f4c8536eaafb6f009cf37d0a7462bfc6879758005a6841
records/full_2026-07-06__rec_000086/attempts/13_repair/stdout.jsonl,67623,7dd2c3b4b98fbe495c9420d1dd4f0a1c920ce33c39dfa047aba44f81f7f53c4f
records/full_2026-07-06__rec_000086/attempts/14_repair/meta.json,1690,d465aad6df2c426dfe42902307240fb28c1e8ef90198ce0ecba50ae9601665ae
records/full_2026-07-06__rec_000086/attempts/14_repair/output_schema.json,18153,fc4fd08860b2b19da00d319ef5a61b4493eede559424fa5e6129635e69da8656
records/full_2026-07-06__rec_000086/attempts/14_repair/prompt.txt,205407,8b4056e21466a43d5ff2a3ad67378da3b996143529f56e4c216b05599e9520be
records/full_2026-07-06__rec_000086/attempts/14_repair/response.json,61079,a7674c8dd3dfb12202436a127f9dda22a54bbb4e73ddfda7e72e6d51c4d727fa
records/full_2026-07-06__rec_000086/attempts/14_repair/stderr.log,317,f8e33fe13093f0bc6a67aa273cf0fe3b3c9f3f52251dee8e5bd6e6b59c4c46c7
records/full_2026-07-06__rec_000086/attempts/14_repair/stdout.jsonl,66135,73f64d9bd547576b81fe6bd8755cddac6b208a69fcfb705c85d89dc444706888
records/full_2026-07-06__rec_000086/attempts/15_review/output_schema.json,2482,2f7fde6059c5725fd4066315b7082d9c732aec8fae93b90e64480ce47d95b8c8
records/full_2026-07-06__rec_000086/attempts/15_review/prompt.txt,156524,06e007ff498ab3cee8087d0c37094dbb414da65ad516ab41ab400b160051d853
records/full_2026-07-06__rec_000086/attempts/16_extract/meta.json,1693,501453dd3d3a3ca53dfaa6a915d4f33867a2d568f1bf5e0d285d9a6c04fe9361
records/full_2026-07-06__rec_000086/attempts/16_extract/output_schema.json,18153,fc4fd08860b2b19da00d319ef5a61b4493eede559424fa5e6129635e69da8656
records/full_2026-07-06__rec_000086/attempts/16_extract/prompt.txt,139895,27b7634934797ecb92ca0d79c0d541172e710f86c32350b6905e080aa221766a
records/full_2026-07-06__rec_000086/attempts/16_extract/response.json,72749,f8aca7a4a604d2f81834388709af7a316487ff13321a56a8d7acc68c05a1f6cc
records/full_2026-07-06__rec_000086/attempts/16_extract/stderr.log,317,b81bab5b5a8f387c8904ab029f6a27d8e32ac3363fc78ffc584cb7f3cd7bdf1a
records/full_2026-07-06__rec_000086/attempts/16_extract/stdout.jsonl,78353,2e79d01e2dd48b74952d493e329ef6d1f3e49bf6045756f497b0197fd08931ba
records/full_2026-07-06__rec_000086/attempts/17_repair/meta.json,1690,c99b5d08d931ef7f3a8beae851ccca46ec33be793f8d6f652c000a559a1e05f1
records/full_2026-07-06__rec_000086/attempts/17_repair/output_schema.json,18153,fc4fd08860b2b19da00d319ef5a61b4493eede559424fa5e6129635e69da8656
records/full_2026-07-06__rec_000086/attempts/17_repair/prompt.txt,219247,66f071f10df05501207deb0a06a0e72e2c352a2277dac8471f839984dc114e8b
records/full_2026-07-06__rec_000086/attempts/17_repair/response.json,22420,6efe7d7008abceede28e67978d258472e006d3a9deb823441a22400ba8e7775e
records/full_2026-07-06__rec_000086/attempts/17_repair/stderr.log,317,8d942c444aa6ed34ac954aa828f3004139485ef5b86a2efbb359d04d6e4f0d27
records/full_2026-07-06__rec_000086/attempts/17_repair/stdout.jsonl,24360,1fe33f7cbdd58638c10998545488ebcfd7ad639d114d109933c16e897cd366fd
records/full_2026-07-06__rec_000086/attempts/18_review/meta.json,1690,3a64107112ed42b21e4adbbbc96886be078bf2641123e0fab54033eff6ef8f8b
records/full_2026-07-06__rec_000086/attempts/18_review/output_schema.json,2482,2f7fde6059c5725fd4066315b7082d9c732aec8fae93b90e64480ce47d95b8c8
records/full_2026-07-06__rec_000086/attempts/18_review/prompt.txt,116279,05ff5e73454f64a00722d9a3b12e5dc4b876a0d29be46d066125a0532e4ae969
records/full_2026-07-06__rec_000086/attempts/18_review/response.json,7535,b5038669753f9005d10e07f3fcc767aca04ade18ffcd59e8e68dc62346eb62ba
records/full_2026-07-06__rec_000086/attempts/18_review/stderr.log,170,ed7c98ad22e9dc2a78a6f6651502f15ea58ece1cb5cf56d9b7ee8b47d1a85b86
records/full_2026-07-06__rec_000086/attempts/18_review/stdout.jsonl,16132,03df56b5c89cd9a79b6561eebe3c2f94d716864433bf9996566fcb36b48a6435
records/full_2026-07-06__rec_000086/attempts/19_revise/meta.json,1691,c5451a8464ef90529120e4311cbfe453c6c92eec50ac0f0b586cf97f590c4136
records/full_2026-07-06__rec_000086/attempts/19_revise/output_schema.json,18153,fc4fd08860b2b19da00d319ef5a61b4493eede559424fa5e6129635e69da8656
records/full_2026-07-06__rec_000086/attempts/19_revise/prompt.txt,170923,c85bfe7c98659c56ced6c5beef41731120ebf95d41579d470530922422bf9b29
records/full_2026-07-06__rec_000086/attempts/19_revise/response.json,88555,70aaf2abe95e6a58c800de74043918375840c688afb9235db31c12d40f8f0115
records/full_2026-07-06__rec_000086/attempts/19_revise/stderr.log,170,929d70c853fcaf3d2ffcf6280e9d2018d94a2c603ab2499a855f46b47c2a314b
records/full_2026-07-06__rec_000086/attempts/19_revise/stdout.jsonl,95143,25fc609e3903fc27c27dafa2488ea582497a1f6856728771960a52421987ee30
records/full_2026-07-06__rec_000086/attempts/20_repair/meta.json,1691,01545b012870938b533c3ebe90887266944f6ec2b05912d5bc5bc97ef4a65762
records/full_2026-07-06__rec_000086/attempts/20_repair/output_schema.json,18153,fc4fd08860b2b19da00d319ef5a61b4493eede559424fa5e6129635e69da8656
records/full_2026-07-06__rec_000086/attempts/20_repair/prompt.txt,235689,3fa9aa55a6a9341de0bfa01af42e06d7b15cf7cc7a698d482c14b54412349958
records/full_2026-07-06__rec_000086/attempts/20_repair/response.json,87623,b276b78a5b1fb5a6146f6e799451c4db2ecb7f8ad88689c7bd68263d22902ce0
records/full_2026-07-06__rec_000086/attempts/20_repair/stderr.log,317,c206eb6e7ed07cd9f1439c55a5145f4d5f7f08cff460d0981c6fe874a4b33860
records/full_2026-07-06__rec_000086/attempts/20_repair/stdout.jsonl,189110,09a9764586527bb3ab717b76ea034bdefdd55de44f5a99f641d7699e2231fbba
records/full_2026-07-06__rec_000086/attempts/21_review/meta.json,1690,4df58f584b987812be44b9449b47eaf7645b3d814e8f3fc6dd2b64baf8fe1fef
records/full_2026-07-06__rec_000086/attempts/21_review/output_schema.json,2482,2f7fde6059c5725fd4066315b7082d9c732aec8fae93b90e64480ce47d95b8c8
records/full_2026-07-06__rec_000086/attempts/21_review/prompt.txt,183883,2275f422e9b30aa7a3bd60dcfc1a8dde40c4f49df85ad8e6bcb5ab63b2d9833a
records/full_2026-07-06__rec_000086/attempts/21_review/response.json,5466,b9456c2063c589c927b77503aa16c72010707b83f3b1267780eff78140fcd86f
records/full_2026-07-06__rec_000086/attempts/21_review/stderr.log,170,a4a65c28f454e58e7abdbbcbf03c0effd6de05de32be6454f2cdd30ef85c7832
records/full_2026-07-06__rec_000086/attempts/21_review/stdout.jsonl,6062,131f867b3fbacd920ed422c2945ea91cf50998a14a5aa290699fcde29b9c47c2
records/full_2026-07-06__rec_000086/attempts/22_revise/meta.json,1691,06e167d5189c63c4543c4a399a22603f38171732427440a6d09b2ce916cbc687
records/full_2026-07-06__rec_000086/attempts/22_revise/output_schema.json,18153,fc4fd08860b2b19da00d319ef5a61b4493eede559424fa5e6129635e69da8656
records/full_2026-07-06__rec_000086/attempts/22_revise/prompt.txt,236606,b3a8ff526f81b08eb40c88203370db13cf0445abc987f8d940861b5472623dfd
records/full_2026-07-06__rec_000086/attempts/22_revise/response.json,118136,da9a9554d41aaaf59f8bb02e2b3d9e25c76907856a79562818ac1c42f3e7589d
records/full_2026-07-06__rec_000086/attempts/22_revise/stderr.log,170,27a3a2170ee4bfeb1b3a8a995573492b32d54acbb37a31346118d2535eda6e45
records/full_2026-07-06__rec_000086/attempts/22_revise/stdout.jsonl,253332,5489c43aac466d86a5dcd9ee583d9fce39e8d4dd3b27d50ab4fb8c85ddb2b0af
records/full_2026-07-06__rec_000086/attempts/23_repair/meta.json,1691,294e53ab0e752f968742aa1b639ae7ede4c02e0377737b4a9a7b55ee613098d4
records/full_2026-07-06__rec_000086/attempts/23_repair/output_schema.json,18153,fc4fd08860b2b19da00d319ef5a61b4493eede559424fa5e6129635e69da8656
records/full_2026-07-06__rec_000086/attempts/23_repair/prompt.txt,273102,4d62e5268ade2d6698352fa7eb8ea25006fdafed3c747b1301f488d7f5849f5f
records/full_2026-07-06__rec_000086/attempts/23_repair/response.json,118043,0474a44fa049c3173885bddf817315f384059f8ce6085378e8dd7d4d5862a610
records/full_2026-07-06__rec_000086/attempts/23_repair/stderr.log,170,6a878072d8ed3d8049a12792da5f3fc388816d1063c88ab1bb91c2600445513d
records/full_2026-07-06__rec_000086/attempts/23_repair/stdout.jsonl,126708,4faca22fb295f39a5a0231ef526dc84e2c3099187f66f6280251a5e1a6556a5c
records/full_2026-07-06__rec_000086/attempts/24_review/meta.json,1690,f2a1f334736464dbd85a3427170c401bdd8eac3dd3c91197bb7adff5c82b51a5
records/full_2026-07-06__rec_000086/attempts/24_review/output_schema.json,2482,2f7fde6059c5725fd4066315b7082d9c732aec8fae93b90e64480ce47d95b8c8
records/full_2026-07-06__rec_000086/attempts/24_review/prompt.txt,215405,8ac4b2ea3f18bf51f0c6d639a0ef29228484c41d990d65b2d7ead04feacb17e6
records/full_2026-07-06__rec_000086/attempts/24_review/response.json,7534,3f5f3488f043ecc494ed3666bd083f4a93d9eece9db02b5cdd672ff2c1c2330a
records/full_2026-07-06__rec_000086/attempts/24_review/stderr.log,170,902cc58e577bf784274001697173e233b6f6d785f03664dd867d0d2cbfe84689
records/full_2026-07-06__rec_000086/attempts/24_review/stdout.jsonl,8230,83074b3e98880261bcd63246546783e6cda03664b266d06132be52d058aa3a10
records/full_2026-07-06__rec_000086/evidence.json,29582,8548ad96dc70a4ac1eb66413ef67448b030cbed2f2c0efa4e7c60a466b07a9c5
records/full_2026-07-06__rec_000086/final_document.json,172097,a5920ba55ab2446ef071e3747a1b6555ac5b3adae38e8f226374895e68dc9192
records/full_2026-07-06__rec_000086/packet_manifest.json,3818,e687bf39d823e95c6ab548be0dea1ee272c9573f98ae07098412ca60290e2b15
records/full_2026-07-06__rec_000086/review_round_1.json,8696,abc77e7d624b588241d42d2b96ded2c20c885f8996667ddc01b42ef6721ce9ee
records/full_2026-07-06__rec_000086/review_round_2.json,6338,44ab78c389c90b7c84deb50d7e4e1fc720d174d39577d317327e05232899f661
records/full_2026-07-06__rec_000086/review_round_3.json,8733,383a054ec3b20a1ad393508461c3e4b061bebe5eceb906e4b24041bddcf4bc64
records/full_2026-07-06__rec_000086/sections/sec_0001.md,3659,eebc3ca11147c028f393ab2db619d70067d32b9eea96ff82d95ff033e217b2db
records/full_2026-07-06__rec_000086/sections/sec_0002.md,5849,afc20ef9d38ec96267e1e9e8062f77d6b4d9a084934775fb69a8c416a9ee9ecc
records/full_2026-07-06__rec_000086/sections/sec_0003.md,12,10ed80fa9ba26560ee8bdeaa261423961428238c12bd0b249dc775f4e1ab94f3
records/full_2026-07-06__rec_000086/sections/sec_0004.md,1775,a26a51e07281b9173469f5fb2ddab28514b1e198a43938d04f593a224b20cd92
records/full_2026-07-06__rec_000086/sections/sec_0005.md,3173,51bdbd67b6fa68eac04c7a5759eba3a54e8c0a5ab71af9df3dff1f7ad76f3d5d
records/full_2026-07-06__rec_000086/sections/sec_0006.md,5364,5d27555241b8785af38023dd2868188a99f9415dacda47d94ced5ef01825d41e
records/full_2026-07-06__rec_000086/sections/sec_0007.md,2481,9ee15946e88fa56d29935b0a44da0d40cdf9dbbc1175ccb46a26bf012917e97c
records/full_2026-07-06__rec_000086/sections/sec_0008.md,1332,6fa8ea25f2482be7f25d9cd9239811adbfb56de0f9937dd85d282b4d2e26e632
records/full_2026-07-06__rec_000086/sections/sec_0009.md,921,25b2848dc3cf5b550033f07c101553e603b6dc85db163c9b465ed5c08ab9e5d2
records/full_2026-07-06__rec_000086/sections/sec_0010.md,1284,b7bd00d92442a4f7425bb3cf3bdb22ff52a0b9978a1cf2baf8b86811acfde73b
records/full_2026-07-06__rec_000086/sections/sec_0011.md,4243,ebbda0acf0dcdba12f8bcd7a5f28ce6266db0bafb677d1ff52e092651665ddd1
records/full_2026-07-06__rec_000086/sections/sec_0012.md,3071,c577d4b071d448d088f98d514f846f33e330f06350712eeee3b619559911a83b
records/full_2026-07-06__rec_000086/sections/sec_0013.md,28657,19b7e3438016bd6a64650a877b5288902a8883ff9cae6a54657dce547f64fb80
records/full_2026-07-06__rec_000086/status.json,2477,d85c1c076b0d63285b3d89fa713e46362af6a2694cc741a71bbaacc492e1d0b5
records/full_2026-07-06__rec_000090/assemblies.json,343623,2bf56ee960b2c661c1ac5f861fb2621f8153561d9e30a0b439585973e8d02091
records/full_2026-07-06__rec_000090/attempts/01_extract/meta.json,1693,c109aa8b90a228c998c0f9f4fc74820fefbd0e43517adc7df207d13f6444c8f5
records/full_2026-07-06__rec_000090/attempts/01_extract/output_schema.json,18153,fc4fd08860b2b19da00d319ef5a61b4493eede559424fa5e6129635e69da8656
records/full_2026-07-06__rec_000090/attempts/01_extract/prompt.txt,284892,074b71fcbe28deb7748c59c248c2d32e1c6dceecd5bcfe35c992014c7aae6d33
records/full_2026-07-06__rec_000090/attempts/01_extract/response.json,86125,d2f7a89fdc06ab2ee9f8b96c3e98c257a65feeb94887552768171fae545f8df0
records/full_2026-07-06__rec_000090/attempts/01_extract/stderr.log,317,f95956623e088c131521a5e8407761e04e2a4b6f90dd380192b226ba80eb452c
records/full_2026-07-06__rec_000090/attempts/01_extract/stdout.jsonl,94183,71d1e4f5c42130c8a7c0fca5359f17667bd500604bf2e91f8d905d7e99025328
records/full_2026-07-06__rec_000090/attempts/02_repair/meta.json,1690,54995d89bc4d5550fa612d3c014312493cb23b07c93097adae37dbc1047de3c3
records/full_2026-07-06__rec_000090/attempts/02_repair/output_schema.json,18153,fc4fd08860b2b19da00d319ef5a61b4493eede559424fa5e6129635e69da8656
records/full_2026-07-06__rec_000090/attempts/02_repair/prompt.txt,376350,93141bccea45c9244eda185f16911361e6096819b825e7cd3097c68ee93da4f7
records/full_2026-07-06__rec_000090/attempts/02_repair/response.json,86211,0ebb448ddcc97731f62eb13f3c11fb8778ecb7dccf596237dd85dc17a07cdd58
records/full_2026-07-06__rec_000090/attempts/02_repair/stderr.log,170,e9a022e80a25c6b5f7c8b0c5dcec0c085634c7665945f998f5036d065bc6b3a2
records/full_2026-07-06__rec_000090/attempts/02_repair/stdout.jsonl,94257,8dbae6b4b4ff4e7776cddc922a3bdf33423b8bc8f2267773f436deae3fa60ef0
records/full_2026-07-06__rec_000090/attempts/03_repair/meta.json,1690,9a8affffd7d14217c6700fb0f94b4e9d86811d379f5f669a74cddc93e34b576b
records/full_2026-07-06__rec_000090/attempts/03_repair/output_schema.json,18153,fc4fd08860b2b19da00d319ef5a61b4493eede559424fa5e6129635e69da8656
records/full_2026-07-06__rec_000090/attempts/03_repair/prompt.txt,375624,c68eec7fccf6d329d820bf493364292368a60867f4907af478d08442013b67a2
records/full_2026-07-06__rec_000090/attempts/03_repair/response.json,86211,0ebb448ddcc97731f62eb13f3c11fb8778ecb7dccf596237dd85dc17a07cdd58
records/full_2026-07-06__rec_000090/attempts/03_repair/stderr.log,317,13e5362690db1e5ac60b99fd9076f19a3eba180fd579893c63b7a4c13200cdca
records/full_2026-07-06__rec_000090/attempts/03_repair/stdout.jsonl,94438,39e8fb1dd60e0fd5cdedc3326359a13f4476022cb5c44896b42fabf3b597299f
records/full_2026-07-06__rec_000090/attempts/04_repair/meta.json,1690,5b824083c4a05a7b258556a129973865df784a6b3bcfa23a9d1cca09ae3cfb75
records/full_2026-07-06__rec_000090/attempts/04_repair/output_schema.json,18153,fc4fd08860b2b19da00d319ef5a61b4493eede559424fa5e6129635e69da8656
records/full_2026-07-06__rec_000090/attempts/04_repair/prompt.txt,375624,c68eec7fccf6d329d820bf493364292368a60867f4907af478d08442013b67a2
records/full_2026-07-06__rec_000090/attempts/04_repair/response.json,86145,5af3f0c2991a8c26b70488d3809f1b96f86689d0c5a1e928c3a9aa1453fb9cfd
records/full_2026-07-06__rec_000090/attempts/04_repair/stderr.log,170,176a1911cfae2b30c76285ebc7802f7259cfacb3d57da353d8ca17efdd49d893
records/full_2026-07-06__rec_000090/attempts/04_repair/stdout.jsonl,94179,13f8642988150503a041ec85c39397a578b243ed0f326d9687110275a38dae73
records/full_2026-07-06__rec_000090/attempts/05_repair/meta.json,1690,6b58c0df36cf72bef2df664be6dcfb6d10f75d1c6031fad216774297bdfe1263
records/full_2026-07-06__rec_000090/attempts/05_repair/output_schema.json,18153,fc4fd08860b2b19da00d319ef5a61b4493eede559424fa5e6129635e69da8656
records/full_2026-07-06__rec_000090/attempts/05_repair/prompt.txt,375552,a1c77153ea2642169ba39024d5565c0870eae29e6b05a341bd2789655d462efc
records/full_2026-07-06__rec_000090/attempts/05_repair/response.json,86100,f3c873e4a4d100d756aca874ca2261bf6ad5451da451f283cf72b03839c19c9d
records/full_2026-07-06__rec_000090/attempts/05_repair/stderr.log,170,2b73fe6e673580583571f993cad4a19d9b63c41a1adaf3ca912eb12503d6eccf
records/full_2026-07-06__rec_000090/attempts/05_repair/stdout.jsonl,94132,d6c62aeb40278c3adc44819afd33361e64f8f66645f7e9aaf6f70313672d34f0
records/full_2026-07-06__rec_000090/attempts/06_extract/meta.json,1693,fbc7797ce8d3b2d8927504b1605cf2302bd47fcb8663a514757b58434442ec8b
records/full_2026-07-06__rec_000090/attempts/06_extract/output_schema.json,18153,fc4fd08860b2b19da00d319ef5a61b4493eede559424fa5e6129635e69da8656
records/full_2026-07-06__rec_000090/attempts/06_extract/prompt.txt,284892,074b71fcbe28deb7748c59c248c2d32e1c6dceecd5bcfe35c992014c7aae6d33
records/full_2026-07-06__rec_000090/attempts/06_extract/response.json,70369,5f1850cdf0b8392699023efb9a0d7577540bcd4eff330e484bd0ddb0acccbe82
records/full_2026-07-06__rec_000090/attempts/06_extract/stderr.log,317,c2db7be2042edb2ef4f2d1b67174bd39c9dfdcdfd5b338f35da2a5d13df14fea
records/full_2026-07-06__rec_000090/attempts/06_extract/stdout.jsonl,194382,c1878e67a18e4840cadbe188dad655cbdc7fb555eed1b8a5c778a086e1dde051
records/full_2026-07-06__rec_000090/attempts/07_repair/meta.json,1690,e549fd55718d04bb82f37ba51b86087060203c6c71dbfded941fbaf6e9cecc7a
records/full_2026-07-06__rec_000090/attempts/07_repair/output_schema.json,18153,fc4fd08860b2b19da00d319ef5a61b4493eede559424fa5e6129635e69da8656
records/full_2026-07-06__rec_000090/attempts/07_repair/prompt.txt,360632,c9385ded18c747af8f88d5d837a6043585eac07d87f3d0fa78aa4ac08dd2cf86
records/full_2026-07-06__rec_000090/attempts/07_repair/response.json,70385,cef7bf81fd6b8b79a0844529696bf2bc7bfe4013f6556769240e85066a432d75
records/full_2026-07-06__rec_000090/attempts/07_repair/stderr.log,170,86ff60c9391100e576de4aea5c594711c04e81cd2b8284a069a74840d26d1424
records/full_2026-07-06__rec_000090/attempts/07_repair/stdout.jsonl,76708,67d9985bf5cde293c8ecb5cea0f0753873d1aad799510ae3abc00f68bd35f910
records/full_2026-07-06__rec_000090/attempts/08_review/meta.json,1690,31e533ae42ddf6d4f9590e0cbd87f9ceeac67e0db2f677e0b7a17f7a73926385
records/full_2026-07-06__rec_000090/attempts/08_review/output_schema.json,2482,2f7fde6059c5725fd4066315b7082d9c732aec8fae93b90e64480ce47d95b8c8
records/full_2026-07-06__rec_000090/attempts/08_review/prompt.txt,311449,1d94ce7fe841935e089faa3ca0614b469dfe69934ab55402846fcbb6221953a1
records/full_2026-07-06__rec_000090/attempts/08_review/response.json,17382,f963bf9bb6cdca4bf48d778117fcf9e07ee042362cf6795b8851fa05dbf3fd22
records/full_2026-07-06__rec_000090/attempts/08_review/stderr.log,317,6c9b979eb62846e8e1ed4e9526da8b3deb504d36cc5a7502c5a0f4e47e6901f4
records/full_2026-07-06__rec_000090/attempts/08_review/stdout.jsonl,18656,f2de28aa0bfcafb3bd79e4c697ecf55f23163076f31198d7e6d3dbea56e8dbc9
records/full_2026-07-06__rec_000090/attempts/09_revise/meta.json,1691,8dd1a0fe95005529abeb9cfdede725f2aa792f3902618d4af2f4bf7270747f71
records/full_2026-07-06__rec_000090/attempts/09_revise/output_schema.json,18153,fc4fd08860b2b19da00d319ef5a61b4493eede559424fa5e6129635e69da8656
records/full_2026-07-06__rec_000090/attempts/09_revise/prompt.txt,377130,5fd850c6d4f53baa399bc8d4456baad94beb23c289b6cc1b9b1f3e418fadf61f
records/full_2026-07-06__rec_000090/attempts/09_revise/response.json,171277,35a762e7720975be8961ec15788776f9075e254afd95b5fa72d6f45ab233e52d
records/full_2026-07-06__rec_000090/attempts/09_revise/stderr.log,170,ace71ce688e1b716c04a6e2b7a7d7e8c2b78cbc9e0d4743d81432f33966057c3
records/full_2026-07-06__rec_000090/attempts/09_revise/stdout.jsonl,318396,c941d6ba3dbbca7c8fe9711e5b61f0683a77feeecce3e34a745e1273e4236cf5
records/full_2026-07-06__rec_000090/attempts/10_repair/meta.json,1691,e528ea493d8d98f62dd38114a205b022839d7d59d8d73faa62ad27f0cfcecc72
records/full_2026-07-06__rec_000090/attempts/10_repair/output_schema.json,18153,fc4fd08860b2b19da00d319ef5a61b4493eede559424fa5e6129635e69da8656
records/full_2026-07-06__rec_000090/attempts/10_repair/prompt.txt,478006,7ee30b1e6aa9d53c5e1f614d22982666ff5f54bd197427a8b92208579fb1bd39
records/full_2026-07-06__rec_000090/attempts/10_repair/response.json,184515,348d487af8c91d6d9e8ef58eb78c8533e8a44bc03b74666e4c14e6888cb0ff83
records/full_2026-07-06__rec_000090/attempts/10_repair/stderr.log,170,e62aa8811bd80dff0adbf78cd0782ba1b2c2d3df6ce1deecadd1033a1a0f9eba
records/full_2026-07-06__rec_000090/attempts/10_repair/stdout.jsonl,201498,ee0e03e7982b9a2765e2dc2d4fefdc0c4cfde7abe714990df68004fd50919e07
records/full_2026-07-06__rec_000090/attempts/11_repair/meta.json,1691,e42eb7f05b0a51a7ca6d5d5ed591a947e1299f72abbec2fc997f0d49cbf73ce7
records/full_2026-07-06__rec_000090/attempts/11_repair/output_schema.json,18153,fc4fd08860b2b19da00d319ef5a61b4493eede559424fa5e6129635e69da8656
records/full_2026-07-06__rec_000090/attempts/11_repair/prompt.txt,478386,e10e23f42ea937571279a5aab26c30e6a138df6cb70b0205ac655edecdb4ab95
records/full_2026-07-06__rec_000090/attempts/11_repair/response.json,184521,4b54f80bf1d3bd249fcc28b31d20fa093106fcc95c521fa17f190f36a4f6ff14
records/full_2026-07-06__rec_000090/attempts/11_repair/stderr.log,170,8dfb963e5102cf091576e1c37627c27125b8ca13f0480e257047766418a00778
records/full_2026-07-06__rec_000090/attempts/11_repair/stdout.jsonl,201301,702f061446531e9f971604330c2af3d7f5c921c47fffad3ef0803b984b7f562a
records/full_2026-07-06__rec_000090/attempts/12_review/meta.json,1690,6f5c95f455448d8c79e6f7ced570e5fcb265ec0f52b9df81c8adfc376fab8a27
records/full_2026-07-06__rec_000090/attempts/12_review/output_schema.json,2482,2f7fde6059c5725fd4066315b7082d9c732aec8fae93b90e64480ce47d95b8c8
records/full_2026-07-06__rec_000090/attempts/12_review/prompt.txt,431132,a1012d0eeb46062b8d96668fa4cbe17911f71f56d5fb321bc95257df0e328dd9
records/full_2026-07-06__rec_000090/attempts/12_review/response.json,13564,f30108f9214dd6a1dc76bc52d510b48be23e5b20e7aad99388b385ce5a6b7ffe
records/full_2026-07-06__rec_000090/attempts/12_review/stderr.log,170,b421216429188532ee0df382f9696b93c35109d2e839acc42ae6d1869d50ccda
records/full_2026-07-06__rec_000090/attempts/12_review/stdout.jsonl,14582,5ede8103b9d88ffffe28bf7260062887c5459e3cfa19a9a93dc5e31611eaa6ca
records/full_2026-07-06__rec_000090/attempts/13_revise/meta.json,1691,7a1b75c5062f56d0c6b9a9acb9bab359cf3da6b69454ae561c6f4c859f48eaf0
records/full_2026-07-06__rec_000090/attempts/13_revise/output_schema.json,18153,fc4fd08860b2b19da00d319ef5a61b4493eede559424fa5e6129635e69da8656
records/full_2026-07-06__rec_000090/attempts/13_revise/prompt.txt,492552,72acde8216fe8b4e20daf75b28dd78edbb4b43b4ae3c480c60bac847f456fceb
records/full_2026-07-06__rec_000090/attempts/13_revise/response.json,213135,38877e575455273cca5d15d94c4f65c10b4a50fec0e9ea81427448b8d72ae580
records/full_2026-07-06__rec_000090/attempts/13_revise/stderr.log,170,9480d0902c264147fa4f1ebf4a4f4d277b2de8418e9d5d36d481518e170451f8
records/full_2026-07-06__rec_000090/attempts/13_revise/stdout.jsonl,233017,8b393d71007d74fdf59a95e890015223c3c4485b0b3c21bdea4aea8c3528615a
records/full_2026-07-06__rec_000090/attempts/14_repair/meta.json,1691,d27f179658493c060cbf5789a1cd9b3a5be4133ea8c276a37574c19518d42d05
records/full_2026-07-06__rec_000090/attempts/14_repair/output_schema.json,18153,fc4fd08860b2b19da00d319ef5a61b4493eede559424fa5e6129635e69da8656
records/full_2026-07-06__rec_000090/attempts/14_repair/prompt.txt,511446,d2ea283f21e056b86bb148e34e3a23166cddef0142bc0cb6ba46321a5c727d78
records/full_2026-07-06__rec_000090/attempts/14_repair/response.json,204973,f66212e9da77794e15403eee0df0e2ed32b024a5c96b9d39a6062f8ec62537a6
records/full_2026-07-06__rec_000090/attempts/14_repair/stderr.log,170,eca46775a8cbb417a04e6c01be02153cbbc98c82e53206e795cf0027b0d4c8b8
records/full_2026-07-06__rec_000090/attempts/14_repair/stdout.jsonl,224215,90a555bd62f17b3a39cf941cee28e2ced8bd8168bf498ee0a92f63c847207bf8
records/full_2026-07-06__rec_000090/attempts/15_review/meta.json,1691,5d25e13144658d165be2f01c5ff085d9a1382170c7667bd594fa8707882eddd7
records/full_2026-07-06__rec_000090/attempts/15_review/output_schema.json,2482,2f7fde6059c5725fd4066315b7082d9c732aec8fae93b90e64480ce47d95b8c8
records/full_2026-07-06__rec_000090/attempts/15_review/prompt.txt,452498,20adec430138d99198009c190c9731592a234c8df5dad3cdefea2dedc108c3ff
records/full_2026-07-06__rec_000090/attempts/15_review/response.json,11715,b6cc3db1e45be8f183163020b626501be6e7e36fe7fec8121523633bf65c52f1
records/full_2026-07-06__rec_000090/attempts/15_review/stderr.log,170,3cfe7f679da8026dd0b5e8175aecc9029da9f6f7d983020cbf29bb5e37748bec
records/full_2026-07-06__rec_000090/attempts/15_review/stdout.jsonl,12592,afa36884e8997244538c17c658031b2cb5ecb449416fb0c536f0e5c24e6c93e0
records/full_2026-07-06__rec_000090/evidence.json,52702,84456038667525f0290a8aee45fc2074df8a1dc29485a49b9b25ea1e81245d48
records/full_2026-07-06__rec_000090/final_document.json,346041,377db34176e197317a98ce0b0384e90d6d66811e119db5fd0abd1dcab2f49b63
records/full_2026-07-06__rec_000090/last_invalid_document.json,143207,4670d18c106ab5a8ede836edee22fd1675d4e38c2701d7738c686ee08cfea61c
records/full_2026-07-06__rec_000090/packet_manifest.json,21621,9668b1fdec53bcf652751498cc11cee413828dbc5f4f3bc8a696cef0f53ce9b0
records/full_2026-07-06__rec_000090/review_round_1.json,20645,79f9e3a608aee5d2259ab1a77d950afe394d346d311672ba2dc04974fa14524d
records/full_2026-07-06__rec_000090/review_round_2.json,15833,a805fcd2fc58d5de1577efe80117d5c815f627d662bad8bdd580ef83b3d75cd8
records/full_2026-07-06__rec_000090/review_round_3.json,13600,e0f0bf37976825991481d156c57089d1915d619378a4a8abd2309ee2f88db95f
records/full_2026-07-06__rec_000090/sections/sec_0001.md,3011,e5e13a7e874b44bfe7bd09b9331d3497a7154242b0beea06cc7fccb65534c95f
records/full_2026-07-06__rec_000090/sections/sec_0002.md,2167,3acb11e07545182082f4dd71644f8088929ce4dfd1f3b55126ab97df63760895
records/full_2026-07-06__rec_000090/sections/sec_0003.md,3993,7f4ba94c05b931c0c2e6fd955665c8ac6bb4ddc664513db66a7d7fb182ae02b6
records/full_2026-07-06__rec_000090/sections/sec_0004.md,14,ff48152c586614d3305b4a0c9efc35bf5cc03d75e265ce43e76295e407729966
records/full_2026-07-06__rec_000090/sections/sec_0005.md,3325,1f37a3c31e51a037a33c23612ae56f1f715a8af37a3f6566604a665ea9afb94f
records/full_2026-07-06__rec_000090/sections/sec_0006.md,3106,a6026744bb040d18acc595d1a0d67d6b53b958cbafa354b5894b428a9a251659
records/full_2026-07-06__rec_000090/sections/sec_0007.md,2618,c832ddbf91ac9ebde08e986f721778649f3465953887e6a1a9e1c8b74d95fe1c
records/full_2026-07-06__rec_000090/sections/sec_0008.md,4653,ad9db5e52514672ec13e1ef9c8c2128d81aae9f51509c02ec571505bbaca0b5e
records/full_2026-07-06__rec_000090/sections/sec_0009.md,4115,182a6ccf669beb417727215e61243ebc2e0072b1cd5f1088b7d646700ba8b463
records/full_2026-07-06__rec_000090/sections/sec_0010.md,2664,412ffe711ef39de1ecc8b089f58f70257cb9300cc6991bd24d6fb3178c45c893
records/full_2026-07-06__rec_000090/sections/sec_0011.md,4376,add93f57ca1a6aac913e9f2627fe8d7190fcbba01295af9938389d8684e02075
records/full_2026-07-06__rec_000090/sections/sec_0012.md,5680,3cdd4961fc6a1ca175eb8c02552a90fe12bf1686e4ecc0c63f15e32ba243d454
records/full_2026-07-06__rec_000090/sections/sec_0013.md,4076,74355cd85ba1dcc27ab07638e03cd2ba32de639842c4e322f67b105eaff84658
records/full_2026-07-06__rec_000090/sections/sec_0014.md,178,55ed6364fb04275ee10d24561efe7813990a73c11ed5caa1fdd219383d9d40a6
records/full_2026-07-06__rec_000090/sections/sec_0015.md,2243,82c9a4aeb8f6e6068368edb9a80fd7ffc4e2afab9b4b392e3222ec30ea19bfac
records/full_2026-07-06__rec_000090/sections/sec_0016.md,4525,c75300d8565ab1d07cd8d945468dcec0414c5859e05223d6ba6e4cc8a84bfa15
records/full_2026-07-06__rec_000090/sections/sec_0017.md,2828,de66f62dc4e801ac3013a6bfa4e99de00a79190a4f82825c2a02510cde86eb75
records/full_2026-07-06__rec_000090/sections/sec_0018.md,309,9938fd70a7e08c99f25b06ec2467459bbc0c681e69a39d3368370f4dcc080f33
records/full_2026-07-06__rec_000090/sections/sec_0019.md,843,430de8ce4a39c786bcc47f065007fc80e692db2caf33a125350b053d43b12db5
records/full_2026-07-06__rec_000090/sections/sec_0020.md,625,502dfd000d0bd766978e8a6d8a01e9ae6a7003dd0c930802169476aab6aac251
records/full_2026-07-06__rec_000090/sections/sec_0021.md,613,158bcba02370db5415c655bc24e2dda2184f84ccfa502030ee80960ad8ea67ff
records/full_2026-07-06__rec_000090/sections/sec_0022.md,938,dec97c492db99adda039f2aab25af4b208d26cdbb74f966716d88c40eb8e11c2
records/full_2026-07-06__rec_000090/sections/sec_0023.md,4383,e1111964074a8a4eee0bce800978a63acfc695c2eca1263a2c09fd62f73bfcc8
records/full_2026-07-06__rec_000090/sections/sec_0024.md,1362,988b53f1d343ff596ced7401821063a5c751cb39bdf159be6ff68713e3beae27
records/full_2026-07-06__rec_000090/sections/sec_0025.md,2097,04f48d2783d9b5a4b25d02c2d40446b3a28def78c0e410421699951ab1511b8d
records/full_2026-07-06__rec_000090/sections/sec_0026.md,722,133b16cd135a3347b88c67dfde71a55be7f4d87167b6528ceae6673e077f4c5c
records/full_2026-07-06__rec_000090/sections/sec_0027.md,31,6fd99bff3c138b3e482bde1c989390c3c3db64930eb5cebbebdf98c1fb3265b6
records/full_2026-07-06__rec_000090/sections/sec_0028.md,2210,96793dd4551095fa611c30da9162e322861d825122a70d930c23274b134827bc
records/full_2026-07-06__rec_000090/sections/sec_0029.md,1464,5b105d8b2a4cb167a71edf3bae34b2ab4b70b6159cd0e39fb7486fe4888604e6
records/full_2026-07-06__rec_000090/sections/sec_0030.md,1166,1bf4862439ca61650f317ddaf9da6f4bbaa3157c8fefae1adb232517c910ff47
records/full_2026-07-06__rec_000090/sections/sec_0031.md,26,0f38fcda8d028c48e03d8a15e1a0d80d2d55d5ccaf04d34722dac36e7ee80594
records/full_2026-07-06__rec_000090/sections/sec_0032.md,3990,93e9af14ebdc324f2797c0d0f30e9e6b10939244d55e13e28ec87a0563b931a8
records/full_2026-07-06__rec_000090/sections/sec_0033.md,2225,f6059d1d4affd9e7b4ea42fee64df0c7460dfb97c924e53c98ebb54f2f674696
records/full_2026-07-06__rec_000090/sections/sec_0034.md,3030,72e925fcefc1d799870fab22b47cde3e5f6998bb1e13b47d9f6ef80a8c8b78eb
records/full_2026-07-06__rec_000090/sections/sec_0035.md,1484,48d0825fefbe461072f72ce41b15b4109bef2403a4c5b458c0b3d898fe7593ca
records/full_2026-07-06__rec_000090/sections/sec_0036.md,2388,aac01c666a9019f0c167add19b34ac5d07d97f111026b287f1d08b35f0fddbd2
records/full_2026-07-06__rec_000090/sections/sec_0037.md,3203,0128c132cdc975c8cffd7f4c800ae337c8aff7307a2b1eab0cde4fbad765eff8
records/full_2026-07-06__rec_000090/sections/sec_0038.md,3742,3e645bd1c3e1c8eff9717d7c966248a1f4d2de25fff43b6777d86ca83aa30946
records/full_2026-07-06__rec_000090/sections/sec_0039.md,3273,107b1d884f3becaef07d2984a492340b92956f47c7558958f20fe02a005f97e2
records/full_2026-07-06__rec_000090/sections/sec_0040.md,12476,0f803de902bf95565be3c14c3815ebb8a342c93be5f2e3d3e10e20cfbd95045e
records/full_2026-07-06__rec_000090/sections/sec_0041.md,2349,a52f9233ad395a271671721c99ec699cab32a14f40f6aaa4385ed6701ddb843e
records/full_2026-07-06__rec_000090/sections/sec_0042.md,5264,2b3b96f9eb5d3df827767b40ab896c0b6bcda06b110d653b5b83fb6a648f495a
records/full_2026-07-06__rec_000090/sections/sec_0043.md,73,389de630d092a45fb075c302a8ecf4abf946fbc365fb34aab545c7ed83fff63e
records/full_2026-07-06__rec_000090/sections/sec_0044.md,305,17221070f5420129db5aa7f1be34a50d216c514e4db0227c5bd2e87d480753bb
records/full_2026-07-06__rec_000090/sections/sec_0045.md,2356,8c0293931b4df5983b8a8d05b365c18d428b1fd224095f4efae5f6daae38d721
records/full_2026-07-06__rec_000090/sections/sec_0046.md,1311,386291b9f69e032dea735f7a4937b7808d3f26088e97cd24975252630f54767e
records/full_2026-07-06__rec_000090/sections/sec_0047.md,518,de35780d6dfbbcdf12544422f6d2b4d21cf9a99864f44887cc0fb314139e3e92
records/full_2026-07-06__rec_000090/sections/sec_0048.md,123,1283511ab16cc4e7a9c9d5a173b9c28a90ea06c7a7970e802e0226bf946283b8
records/full_2026-07-06__rec_000090/sections/sec_0049.md,400,12ac640a42da19c03d81fa024a2cfc3a75e2c4d664bb05823300cfcbf27f5ffa
records/full_2026-07-06__rec_000090/sections/sec_0050.md,1073,00d2600f125f3a576c1abee9348ecb3029545aa0e817275ed284c3c10f9ac370
records/full_2026-07-06__rec_000090/sections/sec_0051.md,24316,e65cf3e4c04e614abb4a9bc69bd2ceff5903d9f9e962824777b4a7584dfad876
records/full_2026-07-06__rec_000090/sections/sec_0052.md,20,dc70beeb5f01fcfe9030c9950f9900493981e63f4335eaa1c8f665bf7c63005a
records/full_2026-07-06__rec_000090/sections/sec_0053.md,50,306098c22a6f3cbfff9356cc7002ebdec571a329fcb33547925b263d6c74b552
records/full_2026-07-06__rec_000090/sections/sec_0054.md,1545,d9cc4b5b55b210fa79f59c5eb3272c0583411fe2e9546df34c398dbd7c79be0c
records/full_2026-07-06__rec_000090/sections/sec_0055.md,21,10eb278b641202efaf221e53710f9d020cec7289b48ada29b5564e550589fd4a
records/full_2026-07-06__rec_000090/sections/sec_0056.md,3702,d670856466bcda386a5ad5d47cd5b54735133f6c6d823ad7942c975fad2b34be
records/full_2026-07-06__rec_000090/sections/sec_0057.md,14680,4e797ce6969dcb89485617541bd48352673c51276184445661d089c3b11d0475
records/full_2026-07-06__rec_000090/sections/sec_0058.md,2948,0a977dc6a1d6d0bf0d2e6655742bba557c4105404d2d0db66f05a4b89aad7ffe
records/full_2026-07-06__rec_000090/sections/sec_0059.md,5364,79f56a58a5432c109d65e88fb7e7ad00c93f322e9e24ea8f63a3d0fa5d41564a
records/full_2026-07-06__rec_000090/sections/sec_0060.md,294,12348312c430a0296072cdb19f8161bec3301b32781897583431b46182c7a337
records/full_2026-07-06__rec_000090/sections/sec_0061.md,1167,c9d8512ceef9591da630ae728e988ddb707c219fe2d276a332c199d2ee518e6b
records/full_2026-07-06__rec_000090/sections/sec_0062.md,433,0054d93884658aa5a6675bfda1b378d3f347446d5d2951811b82f7f8e5ffaf53
records/full_2026-07-06__rec_000090/sections/sec_0063.md,541,5a5ce84f72cd61cc311a75efe4358823749430d1ea77af053f92e93c60d76ca6
records/full_2026-07-06__rec_000090/sections/sec_0064.md,952,1bb4849eeedf991a8b050a9e4549739a91e893c35c7df88b8df4303a5d51931d
records/full_2026-07-06__rec_000090/sections/sec_0065.md,380,3b66c6215e3a8c6146cc96557079d3601e17138cbf33a455ed629f78736250e5
records/full_2026-07-06__rec_000090/sections/sec_0066.md,2540,bf7bb1fc390a471af55055fc03658287a18180ae54be9a75e74bcedb96e334ad
records/full_2026-07-06__rec_000090/sections/sec_0067.md,1299,d7a2610d06637553506bdd2d4ae9b01c6751caba2341d199eacd9417349f3d32
records/full_2026-07-06__rec_000090/sections/sec_0068.md,2870,ceaa6724a20f5e39b7e0fc1d7b991e5272f5b1b699389e60268ffea981a3c353
records/full_2026-07-06__rec_000090/sections/sec_0069.md,551,b911c072c694068fe8cf1670f58bae8ce13b2db154825f3efe2aa58d6cbb7159
records/full_2026-07-06__rec_000090/sections/sec_0070.md,605,322c5a304a5e717ae49190b3fa0312e9ae2daf4402bc80bcd1ba6165b8ce224b
records/full_2026-07-06__rec_000090/sections/sec_0071.md,965,f8b00f8993e0523e60c2313b8932e399d24e0911025b58185a774bc4194e54dd
records/full_2026-07-06__rec_000090/sections/sec_0072.md,476,a1c9eb2178f518486d901415d169fd85d7002ce0cec1db056157f5caa728c781
records/full_2026-07-06__rec_000090/sections/sec_0073.md,526,ba0204494d02c42ab938a1ab17abe4fde546614a84705172e85a94b2529cbbe2
records/full_2026-07-06__rec_000090/sections/sec_0074.md,643,4cf9138d0f0320413f53210f7832f29bb53cea1bf2f02f995fe8ff9e8d3974e1
records/full_2026-07-06__rec_000090/sections/sec_0075.md,10641,a0be0c1f6428782210dc410f36991e1626fce58d4f15e0adda772ac92661ce5a
records/full_2026-07-06__rec_000090/sections/sec_0076.md,2889,11241425a6a16eb5a32808d8c2e66abdaa59284242e635f1c50b7d38c588aa38
records/full_2026-07-06__rec_000090/status.json,2344,a5f51ae841d2c79a54089998d5c153f3272c2dcf273a9815fdf44ed3781ac29b
records/full_2026-07-06__rec_000827/assemblies.json,54411,63e172897b45180b280eeea64accd7c3850fc6d736a5a882826d101c4c5430ea
records/full_2026-07-06__rec_000827/attempts/01_extract/meta.json,1692,d21faae22a23db502da06ce40ce64f9536f44567b47da83b68266cb2001c07e3
records/full_2026-07-06__rec_000827/attempts/01_extract/output_schema.json,18153,fc4fd08860b2b19da00d319ef5a61b4493eede559424fa5e6129635e69da8656
records/full_2026-07-06__rec_000827/attempts/01_extract/prompt.txt,221683,3e9792335f0faf4ca7d7a8719790bf52670f60a1f7838fb518b2624275a6b480
records/full_2026-07-06__rec_000827/attempts/01_extract/response.json,59634,bb0b51ef131b18d630ea18f9865368a0c830cbe67547a9163497f03bd917272b
records/full_2026-07-06__rec_000827/attempts/01_extract/stderr.log,170,1663ba614ce2cdaff012eeccd8cda553641af034b564d437e38accd0e61449d8
records/full_2026-07-06__rec_000827/attempts/01_extract/stdout.jsonl,64066,4655174909b5968e581b4790425f68a194afcd25849e6f4d83863b6bc3413d81
records/full_2026-07-06__rec_000827/attempts/02_repair/meta.json,1690,fca3416cce100f8ecd71514b3d944b6dff9d2650f171afa39da45cacd3cbd04f
records/full_2026-07-06__rec_000827/attempts/02_repair/output_schema.json,18153,fc4fd08860b2b19da00d319ef5a61b4493eede559424fa5e6129635e69da8656
records/full_2026-07-06__rec_000827/attempts/02_repair/prompt.txt,285278,731bc74c4bdd42705aa1d4f73f5201a1afe6d26b7eb4980d3d3f7aa8bdadfd84
records/full_2026-07-06__rec_000827/attempts/02_repair/response.json,58519,2ef34ad504949c5fc9d2fea239d1d0099225c06c03240d68b3722182c3d69051
records/full_2026-07-06__rec_000827/attempts/02_repair/stderr.log,170,59ad27ae97ef8d8dcee3372f63219c5f6c42a89f0dc72ca844e665a410f6b185
records/full_2026-07-06__rec_000827/attempts/02_repair/stdout.jsonl,62951,93758eb860422eb6d1f5073b221f03287e835b10bd032b0bf0f19570b9c73164
records/full_2026-07-06__rec_000827/attempts/03_review/meta.json,1690,398343e3063cedd5d67ec78fb655df756c93d81129d04e3a2e07a17567520b24
records/full_2026-07-06__rec_000827/attempts/03_review/output_schema.json,2482,2f7fde6059c5725fd4066315b7082d9c732aec8fae93b90e64480ce47d95b8c8
records/full_2026-07-06__rec_000827/attempts/03_review/prompt.txt,235371,8d5751fc49dc2fd28f98c5ee6d67c4a60f008083766abea98eac44cfc0519c7d
records/full_2026-07-06__rec_000827/attempts/03_review/response.json,7936,2d7149163939711d791a5ccd48d6d1e66964634bac5609599937c196f394d84a
records/full_2026-07-06__rec_000827/attempts/03_review/stderr.log,170,441256544b483eda6792bf6c083ab92e152f0f5662d9bc42d847e75a2594cb62
records/full_2026-07-06__rec_000827/attempts/03_review/stdout.jsonl,8656,1f0354008ed3d8c984f2025e460634a61095643215859b260a2dc011058eaaea
records/full_2026-07-06__rec_000827/attempts/04_revise/meta.json,1691,74f8f5ca124c2f87a9adbcd20577b2d3f1653d64b127b27d31958b453e89a90b
records/full_2026-07-06__rec_000827/attempts/04_revise/output_schema.json,18153,fc4fd08860b2b19da00d319ef5a61b4493eede559424fa5e6129635e69da8656
records/full_2026-07-06__rec_000827/attempts/04_revise/prompt.txt,290868,7de4d8e01051375876da61eeee7e0cf32c7a46810bf540161f8072943fd9da54
records/full_2026-07-06__rec_000827/attempts/04_revise/response.json,92566,6fe37405cb40effa376c5fe700c9c06c757901e81c3d298ceaeaa26b69c4dcb7
records/full_2026-07-06__rec_000827/attempts/04_revise/stderr.log,170,19e7e6b22d9a381a8479cdeaee39a4047f4cb96bb6f0deee86a22fcaf85828b5
records/full_2026-07-06__rec_000827/attempts/04_revise/stdout.jsonl,99290,1a7e33a823a97189e8c151e45e330deab7264658f9a0fef599d93ecc507e3b71
records/full_2026-07-06__rec_000827/attempts/05_repair/meta.json,1690,9e8f25d28f5be00dd4344336fd6dbad5b5c834912891073addb25e7fb03b8142
records/full_2026-07-06__rec_000827/attempts/05_repair/output_schema.json,18153,fc4fd08860b2b19da00d319ef5a61b4493eede559424fa5e6129635e69da8656
records/full_2026-07-06__rec_000827/attempts/05_repair/prompt.txt,319277,08066d5ab997071658af38eee3efa1efa550cb1bf5706915fcccdc5874227512
records/full_2026-07-06__rec_000827/attempts/05_repair/response.json,92627,dccbf779bc58f48593bf08b4157ba31b6ea0f8470097296a15de93e3732c5930
records/full_2026-07-06__rec_000827/attempts/05_repair/stderr.log,170,7460b088d3e8f54daf8a489d0c28e85d92ac1b5dca5aa5b3330d1a22373ae9ef
records/full_2026-07-06__rec_000827/attempts/05_repair/stdout.jsonl,99358,941cb68df025e6cebe56c7a385cf3a3d744b329c3342b251ef0fd3d47f190fd7
records/full_2026-07-06__rec_000827/attempts/06_repair/meta.json,1690,c34bd0a2e80bebe3825957a509fcdef28ae9e3fccc5dfd95a34873f395b72f89
records/full_2026-07-06__rec_000827/attempts/06_repair/output_schema.json,18153,fc4fd08860b2b19da00d319ef5a61b4493eede559424fa5e6129635e69da8656
records/full_2026-07-06__rec_000827/attempts/06_repair/prompt.txt,318200,bae28da066626c53613b8579686ab1f3af35a16428449d647fbdb31937850b19
records/full_2026-07-06__rec_000827/attempts/06_repair/response.json,92643,c8e22846cd7d4f699d9b3585ac40c230ebdb6a2e5cd7b4ca657c80acf423ebc4
records/full_2026-07-06__rec_000827/attempts/06_repair/stderr.log,170,85478ee80f51b660b1228ba3f323e433b4718375c73932bcb880b7f31b677a1a
records/full_2026-07-06__rec_000827/attempts/06_repair/stdout.jsonl,99377,6859b0c13245d9e248ae2f813e6229aa0ca7afda6c082129e0ef834306c9e5e9
records/full_2026-07-06__rec_000827/attempts/07_review/meta.json,1690,4553b53f8049a2299bcb4153a4d84ec744c7d3013fc2abbb5fb8a0e206082c62
records/full_2026-07-06__rec_000827/attempts/07_review/output_schema.json,2482,2f7fde6059c5725fd4066315b7082d9c732aec8fae93b90e64480ce47d95b8c8
records/full_2026-07-06__rec_000827/attempts/07_review/prompt.txt,270742,a920e4b5782d8a1f099f2408efb3f39258b68f7a09ed57b435a1ed844d08ee19
records/full_2026-07-06__rec_000827/attempts/07_review/response.json,8729,602cedcfe754b039766b09fdc501627cb32bdeb24bf5c0ebb82627d13a46dc8d
records/full_2026-07-06__rec_000827/attempts/07_review/stderr.log,170,eafb0c97c9cb82767b0664bc688ef8e5c0eef88d4a359f930d41b72d4cc88d56
records/full_2026-07-06__rec_000827/attempts/07_review/stdout.jsonl,9520,68ab28452164e6b60ae98760c7fb4f13f865c665ef9c6de015054d638e6ccf90
records/full_2026-07-06__rec_000827/attempts/08_revise/output_schema.json,18153,fc4fd08860b2b19da00d319ef5a61b4493eede559424fa5e6129635e69da8656
records/full_2026-07-06__rec_000827/attempts/08_revise/prompt.txt,327056,c9227a59f2794ef96d0f6789ada20125af9a9d35069e6107ea15c6af1150a677
records/full_2026-07-06__rec_000827/attempts/09_extract/meta.json,1692,5d2edad6e920b433881b36b503294699aa30ad28a093397a4fa411d1206fab8f
records/full_2026-07-06__rec_000827/attempts/09_extract/output_schema.json,18153,fc4fd08860b2b19da00d319ef5a61b4493eede559424fa5e6129635e69da8656
records/full_2026-07-06__rec_000827/attempts/09_extract/prompt.txt,221683,3e9792335f0faf4ca7d7a8719790bf52670f60a1f7838fb518b2624275a6b480
records/full_2026-07-06__rec_000827/attempts/09_extract/response.json,44951,4b43d173279807868bd2841f87241dcfdfd3b0ba8260dc1312df609e4a0cf445
records/full_2026-07-06__rec_000827/attempts/09_extract/stderr.log,317,58e5580f58fa7510a23b3147101c91b6d7237441e22c5df9e322310cf0afbf96
records/full_2026-07-06__rec_000827/attempts/09_extract/stdout.jsonl,48627,ad97ef9a68b457ef49c00ebb0379d075befcb4db6acc63b937825c1b6b613546
records/full_2026-07-06__rec_000827/attempts/10_repair/meta.json,1690,8e711bec0909f9dad56fb015650170ad43ef3e91d1e93218cb0b8272ab0c0156
records/full_2026-07-06__rec_000827/attempts/10_repair/output_schema.json,18153,fc4fd08860b2b19da00d319ef5a61b4493eede559424fa5e6129635e69da8656
records/full_2026-07-06__rec_000827/attempts/10_repair/prompt.txt,269012,b24e799ce0c04207c26ac8b3d9112326d050816e64ef377cc853273422d0f159
records/full_2026-07-06__rec_000827/attempts/10_repair/response.json,44931,05a4d5d875de646d137d23147380339a62bccfce9936c2c74397347f98c52a19
records/full_2026-07-06__rec_000827/attempts/10_repair/stderr.log,170,88af77143d83bf5e8114704b0312448bc7ac9656da2ba59f0072d36f31176a3a
records/full_2026-07-06__rec_000827/attempts/10_repair/stdout.jsonl,48614,c69dd74153faac91a173b9bce17618160000489c93f0b4b774f1f5edc064f1a1
records/full_2026-07-06__rec_000827/attempts/11_review/meta.json,1690,450f162cedb4597322ddab1992dda291e100f347fb0e5916a0611b182311c38d
records/full_2026-07-06__rec_000827/attempts/11_review/output_schema.json,2482,2f7fde6059c5725fd4066315b7082d9c732aec8fae93b90e64480ce47d95b8c8
records/full_2026-07-06__rec_000827/attempts/11_review/prompt.txt,221351,2c11d682677138f8b8925cda6675574f8a052a6540749db2599765e6b5a47652
records/full_2026-07-06__rec_000827/attempts/11_review/response.json,7397,9d76117b22c69330065babb524c87963100dfb96f3a22e6ba917f851d79769b4
records/full_2026-07-06__rec_000827/attempts/11_review/stderr.log,170,8b1d347226ad012a946a2cf10af7432b52f59fef5853c8c2fccc25ca7d857d2b
records/full_2026-07-06__rec_000827/attempts/11_review/stdout.jsonl,8120,cf2abc915b2f8c64bd9c63a21ff798defbdb2ccd4747df26c97ad5a9a5a2a751
records/full_2026-07-06__rec_000827/attempts/12_revise/meta.json,1690,7f61b25fbcd7fa6f3f02e60b028d6f55031aa23623c818daff2d8e5b25eb10c6
records/full_2026-07-06__rec_000827/attempts/12_revise/output_schema.json,18153,fc4fd08860b2b19da00d319ef5a61b4493eede559424fa5e6129635e69da8656
records/full_2026-07-06__rec_000827/attempts/12_revise/prompt.txt,276190,33e7aefb9085453c8e856dbaf738194ca20537c75e36fe5024a75430b3fc0401
records/full_2026-07-06__rec_000827/attempts/12_revise/response.json,46750,1b960d79c858ef14f94554645b68b07663fd1b77465bdc1a690ddc0ac4633e44
records/full_2026-07-06__rec_000827/attempts/12_revise/stderr.log,170,c5db79bc4ac329fe008bc6f1c4610f4357aa9b3f92b08bb5eb26ff1feb245e02
records/full_2026-07-06__rec_000827/attempts/12_revise/stdout.jsonl,50386,8076f2c1095093b6694609c35c480686f5db4bd80c34d4060e4ba6fd2cc9902d
records/full_2026-07-06__rec_000827/attempts/13_review/meta.json,1690,e579ebe1f6d5c690e1064fa1f59d82ee1c510a5a0120d3e9e8ad73df196a2366
records/full_2026-07-06__rec_000827/attempts/13_review/output_schema.json,2482,2f7fde6059c5725fd4066315b7082d9c732aec8fae93b90e64480ce47d95b8c8
records/full_2026-07-06__rec_000827/attempts/13_review/prompt.txt,223164,2c0dbf60b415da50f99d0547628ba96ea28da3195c41bd081eea3936fc8b0939
records/full_2026-07-06__rec_000827/attempts/13_review/response.json,4688,ca77c848317ef70e52c1d5d5d2ff0726fe8bb625e34c95add8d3b501d122df70
records/full_2026-07-06__rec_000827/attempts/13_review/stderr.log,170,fb916523aaf64c788e60db28fb2ed5bec8f92e5f9df11d8052b7899e2a20a3fa
records/full_2026-07-06__rec_000827/attempts/13_review/stdout.jsonl,5256,8c82884277907d84ae06ebb76d75feb06dcc1baad90c57cc6a4070b2e52496ae
records/full_2026-07-06__rec_000827/attempts/14_revise/meta.json,1691,a849b718a4f0e58d3d4ffa8c614b2b0816dcc7c9c3902106807dcc2d89c06d42
records/full_2026-07-06__rec_000827/attempts/14_revise/output_schema.json,18153,fc4fd08860b2b19da00d319ef5a61b4493eede559424fa5e6129635e69da8656
records/full_2026-07-06__rec_000827/attempts/14_revise/prompt.txt,275128,81333a8716f9c01b7074ebaf57ecde9a150ef9da998eedd1504134cd1d4f8377
records/full_2026-07-06__rec_000827/attempts/14_revise/response.json,90553,b65c7f9a180b34cdeacb11f30b85a2e7bb278d75a974598c837e139ae1108767
records/full_2026-07-06__rec_000827/attempts/14_revise/stderr.log,170,3b6e45dc16dd7c09f12d390a45720d7d66f7bd2d95e998eed47df11efa3c05d7
records/full_2026-07-06__rec_000827/attempts/14_revise/stdout.jsonl,97547,d53de9184b395958ee4ed260aca0a257170d77b1f41294bad3833b3ed1da6af3
records/full_2026-07-06__rec_000827/attempts/15_repair/meta.json,1690,5d09a6231f2851c87ec59ba061a8574232ca646e595041ddbd7502c6c46bbb84
records/full_2026-07-06__rec_000827/attempts/15_repair/output_schema.json,18153,fc4fd08860b2b19da00d319ef5a61b4493eede559424fa5e6129635e69da8656
records/full_2026-07-06__rec_000827/attempts/15_repair/prompt.txt,317524,767125ae5ba19b02169fb34bfa5799b9bc61ef63037edc86ad1ef48127b0480f
records/full_2026-07-06__rec_000827/attempts/15_repair/response.json,31364,0524bd32bff7b0a14d6b4901b6ae5f31a6874036fe52d62ad233227d4e3f648b
records/full_2026-07-06__rec_000827/attempts/15_repair/stderr.log,170,a0865f0c622c91e80333c99a1a0300141aafff1850f3046ef76e0caeb21721f5
records/full_2026-07-06__rec_000827/attempts/15_repair/stdout.jsonl,34286,1022945ebb28c724ff1c94b8d045bec577a0ac6b459803d1a9635a4d9ecad33e
records/full_2026-07-06__rec_000827/attempts/16_repair/meta.json,1690,397c4b8c366493ef8b6e9ec4a6b32b7a477a66d037c91dbbc7eaacd9683ed125
records/full_2026-07-06__rec_000827/attempts/16_repair/output_schema.json,18153,fc4fd08860b2b19da00d319ef5a61b4493eede559424fa5e6129635e69da8656
records/full_2026-07-06__rec_000827/attempts/16_repair/prompt.txt,255397,d4bc7e16be34665d41cf04179d17e29bc573b1071d89a699019c7d24677abcec
records/full_2026-07-06__rec_000827/attempts/16_repair/response.json,31849,44e22c860fddc9cba5be4e56d12b619cf4f7a09e37350ab75b0fd2c988c56282
records/full_2026-07-06__rec_000827/attempts/16_repair/stderr.log,170,79a78954203f41d670df946e11b805c91c94e07724901f1da3356a949918478a
records/full_2026-07-06__rec_000827/attempts/16_repair/stdout.jsonl,34811,cfacdf9266e81d86545e7417572e1e699a807aa7f81d0107b526b7197461eb22
records/full_2026-07-06__rec_000827/attempts/17_review/meta.json,1690,d6baf8d2f31150b2dd30a6a3dde6a54f61a740056b3dbbabbec348f0b7f91a87
records/full_2026-07-06__rec_000827/attempts/17_review/output_schema.json,2482,2f7fde6059c5725fd4066315b7082d9c732aec8fae93b90e64480ce47d95b8c8
records/full_2026-07-06__rec_000827/attempts/17_review/prompt.txt,208363,bfc6034a4807c8bf569b7fdd0f871f5914f0726373d5f190ad60e03daf1a33ce
records/full_2026-07-06__rec_000827/attempts/17_review/response.json,8580,e2dba2b5d242bf1055f02d4309df402b738311751685944a784a3f2a65db6c4c
records/full_2026-07-06__rec_000827/attempts/17_review/stderr.log,170,cb5dbc5fc7928809c24f95ee4e430e9c300ab55f6186a5b22001f786e8075623
records/full_2026-07-06__rec_000827/attempts/17_review/stdout.jsonl,9355,37fc4dbf2ef48207b4850e34ecb35723f4f125dc3f2398b74f7cf1ab64437131
records/full_2026-07-06__rec_000827/evidence.json,17431,1cf4eae15753577eb2c95e2a06e333b1b5c930d1759867cd1de053b272ddc765
records/full_2026-07-06__rec_000827/final_document.json,51870,0c9fe3476c490547509a3ab567fc57cc5f0fc8ab41ef64ff7e4c21a84aacea22
records/full_2026-07-06__rec_000827/packet_manifest.json,7613,00f6c1b0f8a7697a3c9e2601a97552e9f8e15da1d620b2024559548ebb7e8d24
records/full_2026-07-06__rec_000827/review_round_1.json,8704,9f037a50617eca5f1169622855f1c039e602e42d46412e4590f88ec64fb4106e
records/full_2026-07-06__rec_000827/review_round_2.json,5452,a5421fa015fa75955af31345e89a80a2e29179d0e7ee38e67900cbbbcf74eb02
records/full_2026-07-06__rec_000827/review_round_3.json,10122,4750c0be2cd82890c39285489e74f0e58a9549e45f81301c0bf18596ee49351f
records/full_2026-07-06__rec_000827/sections/sec_0001.md,6906,dd3851a5e1d4f8ef66712befc05dbda4cd9dde15d2a72f681f1fa46e2cba0253
records/full_2026-07-06__rec_000827/sections/sec_0002.md,13,61594c6f7a317049dd031c967133eb945d8767eb7797ffa2bcc4d308022d65ad
records/full_2026-07-06__rec_000827/sections/sec_0003.md,9253,c42fd9d091898ff9af3f55355f4d8b39bbf6a0d47410f8ae5f335f649bf5b832
records/full_2026-07-06__rec_000827/sections/sec_0004.md,11896,8c3e25f6a88ea9b552eeaccd8c97d80488fce640edb8f24886fe4e7b153baad5
records/full_2026-07-06__rec_000827/sections/sec_0005.md,3268,71d6522866058c261578aa0c91f96d924155d62be1ea77964b18af753003efdc
records/full_2026-07-06__rec_000827/sections/sec_0006.md,11111,ddd090d88d29b85bea6ac18b8d1159755cc449ca57d0cc69f221deb911bfc55e
records/full_2026-07-06__rec_000827/sections/sec_0007.md,4793,424138fd4d1f30e0b1139ddde66c75d33754c291542a736d039e05b96fd0b7a4
records/full_2026-07-06__rec_000827/sections/sec_0008.md,12587,137ca81b0e1070ed2ccad7aa7d9a8c740f02c8eb20da585ffe4449867a5c07a6
records/full_2026-07-06__rec_000827/sections/sec_0009.md,49055,19f8831e0853917ecfac901f19abd0f4ec2617ec682860afcf3bacd7becade76
records/full_2026-07-06__rec_000827/sections/sec_0010.md,9,f371fa8061104cb14ff84956d35466bdde5a80ddbbd9ab7ab5d7407cdb17b2f5
records/full_2026-07-06__rec_000827/sections/sec_0011.md,46,74b2dc6fac3a89eb59438dcf178adc95e332e39d77d21826dff4b5e7572ff954
records/full_2026-07-06__rec_000827/sections/sec_0012.md,4838,7a8141ca966cf38199336b82d1d54ba2b43a942e597d30dccd8b734ee8820aa0
records/full_2026-07-06__rec_000827/sections/sec_0013.md,6021,09427563753c331cc399a7ef3858c6056c8f4542b7a0e6c31dbfb13f853c38a4
records/full_2026-07-06__rec_000827/sections/sec_0014.md,4549,e26cdc86d028ffb8a3b7295dc49e958acda8aa2ebaa37b523847153e08ea737f
records/full_2026-07-06__rec_000827/sections/sec_0015.md,6759,1545ae1e27e847ffa96f97d7e443791451731b6790f74f75779fbc4ef4cde936
records/full_2026-07-06__rec_000827/sections/sec_0016.md,365,482c079e7460f220953c4404d53ea151c6a78d487511a5bc1cd3584de74c6a02
records/full_2026-07-06__rec_000827/sections/sec_0017.md,2006,2013bb93f39ef801dc26bcf8768b680092804c663e698770e1af1894feaa913a
records/full_2026-07-06__rec_000827/sections/sec_0018.md,3687,c8454149e14a5f9ea5d2274e3538a6ee55ea8aba884dda6e7f6a1ad14f4d15dc
records/full_2026-07-06__rec_000827/sections/sec_0019.md,689,e1d9c03e631f5621a609bc007eda30360daf6379db60be12daa7dddaa98f884a
records/full_2026-07-06__rec_000827/sections/sec_0020.md,502,abde13fc2a7df065241c2bce1b648748ede170b4ecec11713c3d324ab454748d
records/full_2026-07-06__rec_000827/sections/sec_0021.md,1863,47b88f02689ab82eb78b61ddb4f6dd5b45fb6ba76ef935e5bde0bd19197d0276
records/full_2026-07-06__rec_000827/sections/sec_0022.md,973,1ec9bcb82153838285558a85d2296322f5075f100b5f52f89d1648f52af0c8d7
records/full_2026-07-06__rec_000827/sections/sec_0023.md,14,7874ade8d711c0e1b428b0afabc1912ef3b7922998a728d562da1f6e86b5401e
records/full_2026-07-06__rec_000827/status.json,1796,c9a8285fe0a5bf228003d2e860ee743f7609556c55aa1e85d4fbe4f76c29f98b
records/full_2026-07-06__rec_000950/assemblies.json,81388,3599240760723c43650e4dd5be5fb0ea87d758119f78091ff95232d303388924
records/full_2026-07-06__rec_000950/attempts/01_extract/meta.json,1692,dd9db9e44c8a2ca01a405d75dfe346de21766ac8c5f141451a87499cb6f8be25
records/full_2026-07-06__rec_000950/attempts/01_extract/output_schema.json,18153,fc4fd08860b2b19da00d319ef5a61b4493eede559424fa5e6129635e69da8656
records/full_2026-07-06__rec_000950/attempts/01_extract/prompt.txt,138031,34e7cdb91d80ca21abc7bcc926ba12c4712c1c1c66f4489e090895ad7a45303e
records/full_2026-07-06__rec_000950/attempts/01_extract/response.json,45062,a9fb89c99a793c00e3a8f6585ca7d2239fa5d96dcd410ba87f7807823cf38e50
records/full_2026-07-06__rec_000950/attempts/01_extract/stderr.log,317,527a93f2d40f040e2bdbae600ca36eef94e68882bf196c324206c74964b9f061
records/full_2026-07-06__rec_000950/attempts/01_extract/stdout.jsonl,96630,173979014fe54c2d1918c1127b5e1535936aaa0f75b589617fd0ca46126c451b
records/full_2026-07-06__rec_000950/attempts/02_repair/meta.json,1690,3552a680118c55e3145be5e3fc13309d6bf9fe05414ba739f428ccb3f62dbc08
records/full_2026-07-06__rec_000950/attempts/02_repair/output_schema.json,18153,fc4fd08860b2b19da00d319ef5a61b4493eede559424fa5e6129635e69da8656
records/full_2026-07-06__rec_000950/attempts/02_repair/prompt.txt,190319,89f3e486d70ccb9525ec44b7d15e8468c033de0a6de4e055cd970919301c472f
records/full_2026-07-06__rec_000950/attempts/02_repair/response.json,37426,8d7d111803151cb0609c557dbe2f7d93a95e3c60f04f04e75f8cf6b545656d06
records/full_2026-07-06__rec_000950/attempts/02_repair/stderr.log,170,ad01ff87f620897bf701a010d37d06b22e254e050eb5ce8891948b2512d5f457
records/full_2026-07-06__rec_000950/attempts/02_repair/stdout.jsonl,40674,acfb69d36d3eced8b14232e6e89819f5e14b62c28260dad8dd394ce929e7c66b
records/full_2026-07-06__rec_000950/attempts/03_repair/meta.json,1690,a4c4b5fa933aa759a8409660cbd068cb16c16410392bc2e041a899fae14d37fa
records/full_2026-07-06__rec_000950/attempts/03_repair/output_schema.json,18153,fc4fd08860b2b19da00d319ef5a61b4493eede559424fa5e6129635e69da8656
records/full_2026-07-06__rec_000950/attempts/03_repair/prompt.txt,178725,84ccde96f6400656bb693c04a658f8d8c975355a6fcfc1057e7bc416a1488431
records/full_2026-07-06__rec_000950/attempts/03_repair/response.json,37286,e5cf79495458e6e097801d8884ff68e48876268dee101b9ec332283fb911e530
records/full_2026-07-06__rec_000950/attempts/03_repair/stderr.log,170,e8cf83492697fa533f877156b8afd1fd9e2ff0cee3e752f5576cb9b575cdea04
records/full_2026-07-06__rec_000950/attempts/03_repair/stdout.jsonl,40534,eeb173ccb29a5d16a4871ef3f58ee9e6096e1e12a3f763f8d6145548764de041
records/full_2026-07-06__rec_000950/attempts/04_repair/meta.json,1690,ed32fd61b3746144237265f1abf97ca8c6da7e4a14b91ca07ed3558982a3eb49
records/full_2026-07-06__rec_000950/attempts/04_repair/output_schema.json,18153,fc4fd08860b2b19da00d319ef5a61b4493eede559424fa5e6129635e69da8656
records/full_2026-07-06__rec_000950/attempts/04_repair/prompt.txt,177828,4d597e9c137a1faef02ff564945d666ddd3b1c6fea22d518b4582375070c7ea0
records/full_2026-07-06__rec_000950/attempts/04_repair/response.json,37362,28958e0455258915c8066dbdeb0a417631e1cb51c64f0d2dc849403d30894f70
records/full_2026-07-06__rec_000950/attempts/04_repair/stderr.log,170,21caf890a6753706c72f17a7e7a98c956c6d78150d287b91791d7cd247c460e5
records/full_2026-07-06__rec_000950/attempts/04_repair/stdout.jsonl,40610,51f8212aa8ccc2f3535215cded959b2c09c98277631161aaf1505ebbbeaaed88
records/full_2026-07-06__rec_000950/attempts/05_repair/meta.json,1690,312d090e748b14e82a0bd53893c35617ed8824f5b3829108cf5918f781f1c725
records/full_2026-07-06__rec_000950/attempts/05_repair/output_schema.json,18153,fc4fd08860b2b19da00d319ef5a61b4493eede559424fa5e6129635e69da8656
records/full_2026-07-06__rec_000950/attempts/05_repair/prompt.txt,177755,4b5d99214c02b4f173371d5899b59484edb64fcaa4351522f69942e440d99587
records/full_2026-07-06__rec_000950/attempts/05_repair/response.json,37154,5c966493c963952b6741b2a61a464233f82cc250ace511f55b5376fc702ac2ae
records/full_2026-07-06__rec_000950/attempts/05_repair/stderr.log,170,4e256c8e40221c2c42d8f447f83bbb533bf0d9c37f393089302d2cf38ea654c5
records/full_2026-07-06__rec_000950/attempts/05_repair/stdout.jsonl,40402,f38d7d873944f7bb9955057b15ebc9898d46c14ecb23fe39f45eb29e670bfc7a
records/full_2026-07-06__rec_000950/attempts/06_extract/meta.json,1692,58c84cad768c7dc958cc151e7524343b13df15b8b69ab07d063f1850f8ec4407
records/full_2026-07-06__rec_000950/attempts/06_extract/output_schema.json,18153,fc4fd08860b2b19da00d319ef5a61b4493eede559424fa5e6129635e69da8656
records/full_2026-07-06__rec_000950/attempts/06_extract/prompt.txt,138031,34e7cdb91d80ca21abc7bcc926ba12c4712c1c1c66f4489e090895ad7a45303e
records/full_2026-07-06__rec_000950/attempts/06_extract/response.json,42768,833cfed29aaa516ae34b4215dd2b529b70afe2c531f00c947ee0bda4780d41fa
records/full_2026-07-06__rec_000950/attempts/06_extract/stderr.log,170,1d43a2e6f1ab36a2ec30a7a2164a31ff64c369fea1bf71c5c4d2492845533578
records/full_2026-07-06__rec_000950/attempts/06_extract/stdout.jsonl,45596,4cb63b821aed7ea87e333aaab4b5f15712f44336309a09ab94a4e99dfe3d267a
records/full_2026-07-06__rec_000950/attempts/07_repair/meta.json,1690,567007fde4b2e6e1a012901a116fd953106907ca7c1bd08dc2cc8e6584943542
records/full_2026-07-06__rec_000950/attempts/07_repair/output_schema.json,18153,fc4fd08860b2b19da00d319ef5a61b4493eede559424fa5e6129635e69da8656
records/full_2026-07-06__rec_000950/attempts/07_repair/prompt.txt,188619,8ae17c1d1a054c26ecb3df13fba04e3b98c76cde0bcc662c562e0212cc4bf1f7
records/full_2026-07-06__rec_000950/attempts/07_repair/response.json,40390,09fde6db8a3112a58ff7709916f27510cc7b99ec60d5651c44b66e4381dabb40
records/full_2026-07-06__rec_000950/attempts/07_repair/stderr.log,170,460dc182e7b1c9ccf8850982ab4dc9653313ca06853e8a473f586554db388655
records/full_2026-07-06__rec_000950/attempts/07_repair/stdout.jsonl,43227,b2391af0a8d57359dca5be3d071756eb33eca88d80ea8f16573a1a468b86500d
records/full_2026-07-06__rec_000950/attempts/08_review/meta.json,1690,0779b6f18577fad4b4fb2a21cb2c3a7ac3bf442e139c49246f4ff24321ae1d95
records/full_2026-07-06__rec_000950/attempts/08_review/output_schema.json,2482,2f7fde6059c5725fd4066315b7082d9c732aec8fae93b90e64480ce47d95b8c8
records/full_2026-07-06__rec_000950/attempts/08_review/prompt.txt,132716,3358cc82b128e6b78af4d64576d3cf256c524ec685d541ad256d95c5b587506d
records/full_2026-07-06__rec_000950/attempts/08_review/response.json,6474,776b4ba47ec13b3011696a821c19f575a203b1d208675dafeb0bafdcf685a6ae
records/full_2026-07-06__rec_000950/attempts/08_review/stderr.log,317,fc22174abfc538bfd6c3ff79a58ca7002b4c469e1bdb06aedc4da854ed45700c
records/full_2026-07-06__rec_000950/attempts/08_review/stdout.jsonl,7107,5754ab0d6c5b05f8848b9fde9557d1a06058357829c457e888b521741ce35d08
records/full_2026-07-06__rec_000950/attempts/09_revise/meta.json,1690,bef40df18aa434f28d93fd2b2d75d30d59b42d4d9bfc944f58db87a46af38e87
records/full_2026-07-06__rec_000950/attempts/09_revise/output_schema.json,18153,fc4fd08860b2b19da00d319ef5a61b4493eede559424fa5e6129635e69da8656
records/full_2026-07-06__rec_000950/attempts/09_revise/prompt.txt,186381,8a1940c415ba6384edff77396f86242de043c6460cdec12ec3568ceb8ea4c229
records/full_2026-07-06__rec_000950/attempts/09_revise/response.json,59123,02e1c14ba636e083740477018294a0139ea108816fb3f686b6ee97128695ea17
records/full_2026-07-06__rec_000950/attempts/09_revise/stderr.log,170,f878d5419d2af702604e513918693ad34cae58086fd698c53b79dcd076831555
records/full_2026-07-06__rec_000950/attempts/09_revise/stdout.jsonl,63155,9ffa0c1ec2a8c164ec26067aad46e07a52fc58efb2649db5104e0a5673b32fd8
records/full_2026-07-06__rec_000950/attempts/10_repair/meta.json,1690,29d8400b52864bd9d5780aa07f586aefffc3ebfd4141908f1a431c0eca735f4d
records/full_2026-07-06__rec_000950/attempts/10_repair/output_schema.json,18153,fc4fd08860b2b19da00d319ef5a61b4493eede559424fa5e6129635e69da8656
records/full_2026-07-06__rec_000950/attempts/10_repair/prompt.txt,206241,c34d2d71418a352aa37c9a387ea11df199ef52f1321eb876c217a73a986cedcc
records/full_2026-07-06__rec_000950/attempts/10_repair/response.json,59636,3b501eeeda355598cdf00dcf0e297e2f6fc7aa6edcb8640cef03870cedd2a017
records/full_2026-07-06__rec_000950/attempts/10_repair/stderr.log,170,9e2777b6c1b07bb6d41139dae3e2ea3eed756f003768e266f8002e1e12a9d816
records/full_2026-07-06__rec_000950/attempts/10_repair/stdout.jsonl,127055,5bb0d746278ea69463a8e97ea372dec288d5d18988d93105c8ca3f826947e91d
records/full_2026-07-06__rec_000950/attempts/11_review/meta.json,1690,ce5dd89f17398ffecef4cb9be6ef45ee29e307b857f0beb35b872c5938f28e88
records/full_2026-07-06__rec_000950/attempts/11_review/output_schema.json,2482,2f7fde6059c5725fd4066315b7082d9c732aec8fae93b90e64480ce47d95b8c8
records/full_2026-07-06__rec_000950/attempts/11_review/prompt.txt,152618,99ecbc44b6aa5f3d354fc48c617289465e0afa99ab817a65ad5706943f27c9bb
records/full_2026-07-06__rec_000950/attempts/11_review/response.json,3921,12d10e1966d08f315c2689336cb7f566b110cabaede6733def50f7a43feb66bf
records/full_2026-07-06__rec_000950/attempts/11_review/stderr.log,170,36df03dcf8f127c8d2c81e835950383090bda1d0056e49afc3df32a65081ca2e
records/full_2026-07-06__rec_000950/attempts/11_review/stdout.jsonl,4418,f9640354ffce3a3967492303ee64a94896522b54f1701bbc57e0bc4f8d6a3523
records/full_2026-07-06__rec_000950/attempts/12_revise/meta.json,1690,5a6cf484b464d87e9d987776ffe2e60ad8e373a71a564f12c43dce57d42c1226
records/full_2026-07-06__rec_000950/attempts/12_revise/output_schema.json,18153,fc4fd08860b2b19da00d319ef5a61b4493eede559424fa5e6129635e69da8656
records/full_2026-07-06__rec_000950/attempts/12_revise/prompt.txt,203620,2316746399643813ab7c622fd409b262318749328b4caee7f16c4e6582836749
records/full_2026-07-06__rec_000950/attempts/12_revise/response.json,54678,6eac19cd842acc75caed322d8331f8d52b2d5110dea35691e3c595c903dedab4
records/full_2026-07-06__rec_000950/attempts/12_revise/stderr.log,317,334b81220e6db49eb807a1d920040ea5ca1e88c3955ea366aa5eede04ee188ee
records/full_2026-07-06__rec_000950/attempts/12_revise/stdout.jsonl,58260,71ee43493f38151204400bcba636a98aafbc21d81ea601565648fcc01e0febbc
records/full_2026-07-06__rec_000950/attempts/13_review/meta.json,1690,cb623d50d194c937f7c04eb6a25a8d2252f7b66d9816d7cede78f5318416ddd0
records/full_2026-07-06__rec_000950/attempts/13_review/output_schema.json,2482,2f7fde6059c5725fd4066315b7082d9c732aec8fae93b90e64480ce47d95b8c8
records/full_2026-07-06__rec_000950/attempts/13_review/prompt.txt,147415,ebe232d4df8f340fc15451efccdde94ac03a58344612c1061748ef18768dc6be
records/full_2026-07-06__rec_000950/attempts/13_review/response.json,2338,a71309868e56d79691baa646ca5f89ed28bbb34cbd525fa6c7c3937798dd0572
records/full_2026-07-06__rec_000950/attempts/13_review/stderr.log,170,909eeb1fd957be4c9a306076bee38e5ecea26fb220a5f95127c67c9274be1281
records/full_2026-07-06__rec_000950/attempts/13_review/stdout.jsonl,2776,d7a56105eb1e0ad28bb3b301e2e02484c5593fe04604e935190c70acec392150
records/full_2026-07-06__rec_000950/evidence.json,24341,43f08f6f254f6e28f2d41c321a97780c755057ef2e12de0041ae68f45acca852
records/full_2026-07-06__rec_000950/final_document.json,73147,c7a33f4ba47710d7fcd9df783d64f2c32eb5f031357727fa43cc954a65816a4b
records/full_2026-07-06__rec_000950/last_invalid_document.json,54965,65bc21ecbb246344cfd739c52f26bb5a0a078fc721a182041abcb718d874d465
records/full_2026-07-06__rec_000950/packet_manifest.json,4779,9e23c75dbc07dd612e123e8d0ecd71993e5556f89c01c9296b48c7858c16f817
records/full_2026-07-06__rec_000950/review_round_1.json,7438,e0c65190b5775e7fb3d5407963b9e8d3475eae1e914eb6f23c70e3ca24e99bca
records/full_2026-07-06__rec_000950/review_round_2.json,4431,7e971c17668b0f8e25284c045bb73322c63ac2bccc47f656869a40644643177d
records/full_2026-07-06__rec_000950/review_round_3.json,2613,8937dc430e7542f3b405637c89ef25c050b033dd5469edf0ddf343b087965c1a
records/full_2026-07-06__rec_000950/sections/sec_0001.md,12,ddf21de2e6c981fad40acfe9b5240f32675737c9d2587c679a7087ba57ca495d
records/full_2026-07-06__rec_000950/sections/sec_0002.md,9033,6565829a5a0def725164141ab9e86f9eb9c74169f82ca38d42e9188b569b9ec1
records/full_2026-07-06__rec_000950/sections/sec_0003.md,3119,5489fb2dc3c85b786df4a7bd5355700050fe87346a39fa52fe94832b339d61c1
records/full_2026-07-06__rec_000950/sections/sec_0004.md,3149,29732d1658b2ab6caacc27ec1b41785f35ab5a27b78844436d3026eede0950cf
records/full_2026-07-06__rec_000950/sections/sec_0005.md,6690,541c84e2442438906f631e039a2e0e1594f65b7e6ae394b2295e7958ed1e8f9c
records/full_2026-07-06__rec_000950/sections/sec_0006.md,9730,23033732c3df64388cb48e53016eef5ca4be4f82c93b56c39b7a08b9f8ba4314
records/full_2026-07-06__rec_000950/sections/sec_0007.md,6607,813cb239206c7d7157ab788a873d946c6ebd2d153716e3bc46c0ba060aa53116
records/full_2026-07-06__rec_000950/sections/sec_0008.md,4953,e40bedd0a2b5372078cb1b11e3b1cc0e0650599035e335967099a6c840396181
records/full_2026-07-06__rec_000950/sections/sec_0009.md,3966,966fdea0d456503550c5ac5aca6fb18bc6c4bd494fe48e2de68b55a5025094c8
records/full_2026-07-06__rec_000950/sections/sec_0010.md,7828,1bc0a0a659ec851a3db19600a8633a156b2279a96688427d0b6cc2bb019d5872
records/full_2026-07-06__rec_000950/sections/sec_0011.md,2534,3da88f836f4086c9956fdfdd379493a0017542acfcc4d93872886485adde3e26
records/full_2026-07-06__rec_000950/sections/sec_0012.md,145,ce1568b00f234906eddbc547b2ee95d56011f2240ce6224d87b2cdd16e2b4d66
records/full_2026-07-06__rec_000950/sections/sec_0013.md,588,c35fdf320f81345973bf690b6b558041a2fb8164eb20971d4fe107d7c65ab4fd
records/full_2026-07-06__rec_000950/sections/sec_0014.md,2119,46b4be2193003eefde7fe20c10ad3ff1d9e24f3644ab2c0319033ff3a65083c3
records/full_2026-07-06__rec_000950/sections/sec_0015.md,533,5d2a65b90add851d4cecd151f60f684bddb95f289f41f6bcdb08892c305b540b
records/full_2026-07-06__rec_000950/sections/sec_0016.md,12,ddf21de2e6c981fad40acfe9b5240f32675737c9d2587c679a7087ba57ca495d
records/full_2026-07-06__rec_000950/sections/sec_0017.md,154,875ad39ec0dc22a9f5465b6c080079ec8f31f211ba2acd404c03b106067394dd
records/full_2026-07-06__rec_000950/sections/sec_0018.md,232,453408d73d71e5994a485752c756bfe378eeeebf69c0771e388c72f79491d467
records/full_2026-07-06__rec_000950/status.json,3901,7352c4bc3c7a5fb79215de5876bf59de93f4f4190165d6fbecb0806b11d2da1e
records/full_2026-07-06__rec_001074/assemblies.json,198933,ea4ad9e8b2211167d261b28fbb14af24bffcf3c3eb036fc7ccc9a46682c25693
records/full_2026-07-06__rec_001074/attempts/01_extract/meta.json,1693,ff59ef93a4e311a6023162390e2fa0250f11915ff07ed9cf14c9475867b13f6d
records/full_2026-07-06__rec_001074/attempts/01_extract/output_schema.json,18153,fc4fd08860b2b19da00d319ef5a61b4493eede559424fa5e6129635e69da8656
records/full_2026-07-06__rec_001074/attempts/01_extract/prompt.txt,180354,54b0d932cc5fe328339212220c11a27d9ed849e818d52ebcaab4333a1f4d003f
records/full_2026-07-06__rec_001074/attempts/01_extract/response.json,72257,15e4ec22ddd061041584b55c5d7dcc60437cd6b3379150e59429335abc9e9562
records/full_2026-07-06__rec_001074/attempts/01_extract/stderr.log,170,82a66f48a1711255939473d497158a64f96f36c3ab679494e1346b230bf223bb
records/full_2026-07-06__rec_001074/attempts/01_extract/stdout.jsonl,78595,4ca7d188097ed08b38bc2ccdf6d99f5cb2cd01f8f6b234c91253cb1d7d5b0486
records/full_2026-07-06__rec_001074/attempts/02_repair/meta.json,1690,7eecb77e619a8c83450ad4dfaacd4dbaa93d8d0f43e822b7b9a273b767304cd3
records/full_2026-07-06__rec_001074/attempts/02_repair/output_schema.json,18153,fc4fd08860b2b19da00d319ef5a61b4493eede559424fa5e6129635e69da8656
records/full_2026-07-06__rec_001074/attempts/02_repair/prompt.txt,257571,93994df735dddfd8bdadd7f97c01bb8e111cc15d183e3b0f48172d689b392bcc
records/full_2026-07-06__rec_001074/attempts/02_repair/response.json,72080,8a4dabd5b74dd0cc572fb0193f3d769f5d517eb205808e7cf5cee929981ac879
records/full_2026-07-06__rec_001074/attempts/02_repair/stderr.log,170,1b764d7614ece3d33fadfbf27e8ba6ff0b1e168387109b12b1c5b0e66f2b78f0
records/full_2026-07-06__rec_001074/attempts/02_repair/stdout.jsonl,78418,f984f0b6984ccc0c000172459e12aa0b39ffe0b58d905dc31425da0d4a5472c4
records/full_2026-07-06__rec_001074/attempts/03_repair/meta.json,1690,ef721f40ed1586bf0b3fa61c565b987a36ce0319db926905a6b9e62fcf9db090
records/full_2026-07-06__rec_001074/attempts/03_repair/output_schema.json,18153,fc4fd08860b2b19da00d319ef5a61b4493eede559424fa5e6129635e69da8656
records/full_2026-07-06__rec_001074/attempts/03_repair/prompt.txt,257149,865ef82e06274061287b9f5a7410fde0ae3467e63dea82ceb7c7a46ffd4d7467
records/full_2026-07-06__rec_001074/attempts/03_repair/response.json,62996,e46f7d234b301e1c29d750ace07338adfd9c55509cbd62cfa34e039e0d7e5922
records/full_2026-07-06__rec_001074/attempts/03_repair/stderr.log,170,78a73f9ed357096d862994b1fcf376ed61f5553bb246aeacdedb08801680d714
records/full_2026-07-06__rec_001074/attempts/03_repair/stdout.jsonl,68992,df5194f663aa6991abd5c3b660b17fb074f89ae2c69f91b1e74373f494ab68c6
records/full_2026-07-06__rec_001074/attempts/04_review/meta.json,1690,2fb0c02ce84c0d2d0085ab4faa332eb71bac31b436b71b9036532a8695d279cc
records/full_2026-07-06__rec_001074/attempts/04_review/output_schema.json,2482,2f7fde6059c5725fd4066315b7082d9c732aec8fae93b90e64480ce47d95b8c8
records/full_2026-07-06__rec_001074/attempts/04_review/prompt.txt,199131,136407987bf8ddcdff4bcb3608d57e60a5e23bf4fca6cbe5a9a5383915015970
records/full_2026-07-06__rec_001074/attempts/04_review/response.json,11390,4299b1a6823b3c39b65af701c7207c88113cde4d9a07116678f6a5ade1514886
records/full_2026-07-06__rec_001074/attempts/04_review/stderr.log,170,f9725835347b9a515da25a956ead3420ed266a8a8d3aee94eba60fd55ca0c894
records/full_2026-07-06__rec_001074/attempts/04_review/stdout.jsonl,12292,0f14fc9001c4e28280507c4c7fbc9b9fc6cb1d0efb897e9585e0bcfa7e2eb05d
records/full_2026-07-06__rec_001074/attempts/05_revise/output_schema.json,18153,fc4fd08860b2b19da00d319ef5a61b4493eede559424fa5e6129635e69da8656
records/full_2026-07-06__rec_001074/attempts/05_revise/prompt.txt,258302,692c36efe30379b78640d797e590335b33dddc554fff6b3291ad47b7607b2320
records/full_2026-07-06__rec_001074/attempts/06_extract/meta.json,1692,9bbb777b5614dd3626e4243440a8d3fa7798405fe4e25390b1f1814268f85f16
records/full_2026-07-06__rec_001074/attempts/06_extract/output_schema.json,18153,fc4fd08860b2b19da00d319ef5a61b4493eede559424fa5e6129635e69da8656
records/full_2026-07-06__rec_001074/attempts/06_extract/prompt.txt,180354,54b0d932cc5fe328339212220c11a27d9ed849e818d52ebcaab4333a1f4d003f
records/full_2026-07-06__rec_001074/attempts/06_extract/response.json,37837,7f18d8180730ee8a65cf8a271115648aaa5de44a4bc6d6e4f0b3480feed30180
records/full_2026-07-06__rec_001074/attempts/06_extract/stderr.log,170,be142f411285fc2620852d4f48e078ccb48705dda7d3cb0c28f11b29cc00eedd
records/full_2026-07-06__rec_001074/attempts/06_extract/stdout.jsonl,41189,e1ed5eba3a2ab94c2c7bf594b8bc4e0c8c65f24debc5155f444c7e86666e16b1
records/full_2026-07-06__rec_001074/attempts/07_repair/meta.json,1690,923da7bb8efbc8692f5496d95c9604787616e74d6128fa28868e5d5181d55a58
records/full_2026-07-06__rec_001074/attempts/07_repair/output_schema.json,18153,fc4fd08860b2b19da00d319ef5a61b4493eede559424fa5e6129635e69da8656
records/full_2026-07-06__rec_001074/attempts/07_repair/prompt.txt,226665,3b408404c2b782eec196f1211e5e54348a66173347963925405346a9635b940f
records/full_2026-07-06__rec_001074/attempts/07_repair/response.json,38394,bbbef72bd34eea4cf4423bb0a404b367dc73ccdc5433fc108956549e8a5d0732
records/full_2026-07-06__rec_001074/attempts/07_repair/stderr.log,170,583f6a3f6ad2db6f0f3539914b2240daa56d47b834e95ecfaaccf4b5c9f1a6d0
records/full_2026-07-06__rec_001074/attempts/07_repair/stdout.jsonl,83443,1919c6b75c04020b7b25337eecdbe8b7557c01ae070f82e977a10b746ff49882
records/full_2026-07-06__rec_001074/attempts/08_repair/meta.json,1690,9097b7812fc024abf188cbbb50c53444d8d2793d1658b2155e95b6b7c8f9c3ef
records/full_2026-07-06__rec_001074/attempts/08_repair/output_schema.json,18153,fc4fd08860b2b19da00d319ef5a61b4493eede559424fa5e6129635e69da8656
records/full_2026-07-06__rec_001074/attempts/08_repair/prompt.txt,221005,198f399a6fea272d9de5f470066d32d93fabc528e7559290de96de51fed9ef8b
records/full_2026-07-06__rec_001074/attempts/08_repair/response.json,38595,250e6f2b14768ca614dad4302ce17fe94875703a03ded972d262fa2eae8427f4
records/full_2026-07-06__rec_001074/attempts/08_repair/stderr.log,170,a200090b3850010c8ba3e182d975d56ef8b34215f350833df7d4dcbe4b56771f
records/full_2026-07-06__rec_001074/attempts/08_repair/stdout.jsonl,42075,2809a6935ca18c8e1105e1b2b474e78ff5126e9c8f16e33cdcc952f31249e592
records/full_2026-07-06__rec_001074/attempts/09_review/meta.json,1690,71b95bd560d97d5bc2107f26ae7634a20462d47b497210f787bafa2885a5f514
records/full_2026-07-06__rec_001074/attempts/09_review/output_schema.json,2482,2f7fde6059c5725fd4066315b7082d9c732aec8fae93b90e64480ce47d95b8c8
records/full_2026-07-06__rec_001074/attempts/09_review/prompt.txt,173580,f70dd951fb4e07048a4c3e2ae06327458014e56d6074f38230ddbe3291cffeb5
records/full_2026-07-06__rec_001074/attempts/09_review/response.json,7757,865c3e7f01e4821c6c5a2addb74a05cbb6a8e6ca39df943ed46a9e37782dbb70
records/full_2026-07-06__rec_001074/attempts/09_review/stderr.log,317,1af3fb3a327284a8f7a1e787c7167f687eef465fd578250bb5a777573b72a2c2
records/full_2026-07-06__rec_001074/attempts/09_review/stdout.jsonl,8501,cb49c5cca02dd3d060ec145b9ccc184f0bc2b9a769e22c51ed563f0111f0d601
records/full_2026-07-06__rec_001074/attempts/10_revise/meta.json,1691,0616cd8f11a4230e83a86857a28e2ec594d284722376ed621722e01ce282be45
records/full_2026-07-06__rec_001074/attempts/10_revise/output_schema.json,18153,fc4fd08860b2b19da00d319ef5a61b4493eede559424fa5e6129635e69da8656
records/full_2026-07-06__rec_001074/attempts/10_revise/prompt.txt,228757,99353216fe7fe91e5351e0c879e0f336d49f05698299131c3a056008e21e6258
records/full_2026-07-06__rec_001074/attempts/10_revise/response.json,83956,45b279cbf690cdd44533dac087f80edeb9814481779b128fdacc7e82e193d677
records/full_2026-07-06__rec_001074/attempts/10_revise/stderr.log,170,be51060f72101e053d317b19e3373355d7272982f59e7d452dab0838f9650111
records/full_2026-07-06__rec_001074/attempts/10_revise/stdout.jsonl,91136,bd0a96abf9a3626c64d789f0eea6df4d8c6629bc4cf323f333449ff9818ab059
records/full_2026-07-06__rec_001074/attempts/11_repair/meta.json,1690,e06f87f3d0a3ad9193dc194c1d22f0aaaaa8fd71d45ec28c72ff9e837e3a21f9
records/full_2026-07-06__rec_001074/attempts/11_repair/output_schema.json,18153,fc4fd08860b2b19da00d319ef5a61b4493eede559424fa5e6129635e69da8656
records/full_2026-07-06__rec_001074/attempts/11_repair/prompt.txt,274921,11fcc13600bee14343dfdd0561c1f6532b4bdd692c82f0abfdc2fcb0cc7a1d55
records/full_2026-07-06__rec_001074/attempts/11_repair/response.json,83045,dae4dda2a80ee84e26dafd2dab567a80b16fb2f9c25c967a00e122798d3bb0e7
records/full_2026-07-06__rec_001074/attempts/11_repair/stderr.log,170,d0284a9d440a12b0c3eaf3ec71892105bba20e602e57a32627848aa28e638bf4
records/full_2026-07-06__rec_001074/attempts/11_repair/stdout.jsonl,90491,5fee6c10dd529c6ffebd3b2e28ddd7317a0caca7b7f4bae964b00f9076540185
records/full_2026-07-06__rec_001074/attempts/12_repair/meta.json,1690,9931bbac82213172bb13a9577bce38b2f726f56753a9b76000b1f3c1c89d615d
records/full_2026-07-06__rec_001074/attempts/12_repair/output_schema.json,18153,fc4fd08860b2b19da00d319ef5a61b4493eede559424fa5e6129635e69da8656
records/full_2026-07-06__rec_001074/attempts/12_repair/prompt.txt,268522,a0ebc32bf7e1018e97717e5dbb90dad85d371a908804d02bf527fbf449f619d8
records/full_2026-07-06__rec_001074/attempts/12_repair/response.json,56021,beb3d2b8eaf777d9f764e33cb0da6913df136c895c717f8c7fcde84af3ce0275
records/full_2026-07-06__rec_001074/attempts/12_repair/stderr.log,170,f4c70910cd0d2473ae66535277d3e191bd79b36731ffe2fe49b51df95e68694a
records/full_2026-07-06__rec_001074/attempts/12_repair/stdout.jsonl,60918,081e087426dd8662c68fbaa4c1963a756f65279b8ffeb98407d62d29e2a6722b
records/full_2026-07-06__rec_001074/attempts/13_review/meta.json,1690,30c777263bf35cd91f930da65bc7962cc1943b0a91181e438c846aad96194d23
records/full_2026-07-06__rec_001074/attempts/13_review/output_schema.json,2482,2f7fde6059c5725fd4066315b7082d9c732aec8fae93b90e64480ce47d95b8c8
records/full_2026-07-06__rec_001074/attempts/13_review/prompt.txt,191811,cc458d2904f60fa448114bc23eff9c0ec88a0a43a3de2e02eac8a4a80319507a
records/full_2026-07-06__rec_001074/attempts/13_review/response.json,9445,0ad8ef4ac5b305760d4e1cd0a813c2c2397bb8b73e7092f28cea5cc78a86131a
records/full_2026-07-06__rec_001074/attempts/13_review/stderr.log,170,189e96e0bf1868ce2b341e208b316a4b745188f8785c28c0cc2e3ea4b3c87fac
records/full_2026-07-06__rec_001074/attempts/13_review/stdout.jsonl,10272,143aa678acae91e54e640cda486500b84218ce7f5a2c240c2f07c771f23ea3e5
records/full_2026-07-06__rec_001074/attempts/14_revise/meta.json,1691,1d00b7c22c424c6bac463b696a3ee250b26d1492dc71014642f35d8b66f24a23
records/full_2026-07-06__rec_001074/attempts/14_revise/output_schema.json,18153,fc4fd08860b2b19da00d319ef5a61b4493eede559424fa5e6129635e69da8656
records/full_2026-07-06__rec_001074/attempts/14_revise/prompt.txt,248963,0f913a18f2186235698c1a6fcada9f14d2424e7e5d36c6821bf93a664f1ad600
records/full_2026-07-06__rec_001074/attempts/14_revise/response.json,138283,ab2defbf18f5652ed9832974c1d616cc196821cde69b9e3e176ca85ad8eea6db
records/full_2026-07-06__rec_001074/attempts/14_revise/stderr.log,317,29cdda422e1d50493dba7133974e596fde5be941ebcbf6d903341d1c8862c09e
records/full_2026-07-06__rec_001074/attempts/14_revise/stdout.jsonl,150271,f5497e8cb8433f121d787650e3b7210ed1e573f040e46e805d318a7474a5a7c4
records/full_2026-07-06__rec_001074/attempts/15_repair/meta.json,1691,3f42d38fd74ab8b1c3f7a401ec8e1215eeb4986dae6664549599786464e59cee
records/full_2026-07-06__rec_001074/attempts/15_repair/output_schema.json,18153,fc4fd08860b2b19da00d319ef5a61b4493eede559424fa5e6129635e69da8656
records/full_2026-07-06__rec_001074/attempts/15_repair/prompt.txt,334202,44d30a15084ce919cff2ecbca04b2180e63011cb0acecb223f3ce4c7c536c365
records/full_2026-07-06__rec_001074/attempts/15_repair/response.json,108626,f92acf5b556278cb6beef25dda19aff0af6793eb8c0ff75680dad70e8ae49a15
records/full_2026-07-06__rec_001074/attempts/15_repair/stderr.log,170,fafb28fda8ac188013daead821b061d8b33325b7606adcf3b4de28f09eb728d6
records/full_2026-07-06__rec_001074/attempts/15_repair/stdout.jsonl,118277,c2e3ff6aac1e6ba298097d160216866f7d2b5a0da1cc061a00d035ba9673ce54
records/full_2026-07-06__rec_001074/attempts/16_repair/meta.json,1691,ec3ffce074d8da1d62da28cbdd2b2386e22ef5ab3ee37c419e2843f2c97c7745
records/full_2026-07-06__rec_001074/attempts/16_repair/output_schema.json,18153,fc4fd08860b2b19da00d319ef5a61b4493eede559424fa5e6129635e69da8656
records/full_2026-07-06__rec_001074/attempts/16_repair/prompt.txt,294199,453a5d37c7c95e844d10b31795f7858aa9f3a04122540c9b13cd562f286005e4
records/full_2026-07-06__rec_001074/attempts/16_repair/response.json,109950,5da1de082aa97f4b0d3f600a87bf78d69f608f491b0fe44b9bc138258490efc6
records/full_2026-07-06__rec_001074/attempts/16_repair/stderr.log,317,6ffbe5abc1eb37b8acbedf7a1cc97ab112b6bace54e2c102803a07a06752890e
records/full_2026-07-06__rec_001074/attempts/16_repair/stdout.jsonl,119885,e1f40704e2d985f5ecaee700f97da5b22dcef07401efad3759759ef85fe1d7e2
records/full_2026-07-06__rec_001074/attempts/17_review/meta.json,1690,daed672530b271daaa93edb1c7ced822187943f542a9b543ea9bfde48bd3e07b
records/full_2026-07-06__rec_001074/attempts/17_review/output_schema.json,2482,2f7fde6059c5725fd4066315b7082d9c732aec8fae93b90e64480ce47d95b8c8
records/full_2026-07-06__rec_001074/attempts/17_review/prompt.txt,248314,7e5857d08d08485550860d9ab15b33f9691986118ea63d60dab010f43918c3e9
records/full_2026-07-06__rec_001074/attempts/17_review/response.json,14326,72b302e101ac4c771e1c6c065cf1fa5a958195a8bae9093ac02ac8b4d8f849d9
records/full_2026-07-06__rec_001074/attempts/17_review/stderr.log,170,d0c3b613b790cda206dfee9e3601895a2310a2a29bea77eeca743ba97e3f4de2
records/full_2026-07-06__rec_001074/attempts/17_review/stdout.jsonl,15494,0750b582cea8060119ab2301f0a2ff8a0659efba7d159f71bec4ffd25f8276c4
records/full_2026-07-06__rec_001074/evidence.json,24867,95436194d3208a09f5c94243016cb0f972228b84b363770dad89a111631f5fda
records/full_2026-07-06__rec_001074/final_document.json,172629,7f4d3e0d78a9727e40a2116afec2f3b214e7c55358b2583da2017d32dcc30e49
records/full_2026-07-06__rec_001074/packet_manifest.json,16448,78a02f5f5f715e8f93d533f09ed58d90b59329db4af185a399dbdb12e476ac76
records/full_2026-07-06__rec_001074/review_round_1.json,9137,e7c2157dee3b31f188bcf25c552597ee43c21d6029bcb6109a14795c1ab0383e
records/full_2026-07-06__rec_001074/review_round_2.json,11203,1ea86c43885051295d70af1f7a7a62c40616127df6a0749680aded529a72325f
records/full_2026-07-06__rec_001074/review_round_3.json,17297,5397b4f7517598f6d7cd6049ebd3f3b5d2a34831b71cf3c0f4d897f9de4b65bc
records/full_2026-07-06__rec_001074/sections/sec_0001.md,799,af6d99b073a778829ee40dad92ee2d3f4d9ea031b8555881a9e095996899c8d1
records/full_2026-07-06__rec_001074/sections/sec_0002.md,1562,192f5d6a286bc3654c25afb0989a369f50a3029d8d8762370bb7dcb63891063f
records/full_2026-07-06__rec_001074/sections/sec_0003.md,3820,7fa2927a81303332718b8b6bf2b003316d018ce3449928293f92a1bc652c1e36
records/full_2026-07-06__rec_001074/sections/sec_0004.md,36,f63a5f05155421cc84d1b038db3cb98aee463f11b614736f94b9deed9a76755a
records/full_2026-07-06__rec_001074/sections/sec_0005.md,1157,b1e8e8a2b374dfd8cb592d0007313d8a7cacff596487be9b62ebc5aa9c69bba8
records/full_2026-07-06__rec_001074/sections/sec_0006.md,1160,c2d2d06e7f7a90d085bd8dab8b2bf7db302281597399b0ebbc74e1dc1274cd3b
records/full_2026-07-06__rec_001074/sections/sec_0007.md,1245,0df3aa81982936fc3f009e19d3e4d9037b1259e0d7c3cef9b107c873bd4cb636
records/full_2026-07-06__rec_001074/sections/sec_0008.md,2633,1d8b619c1cdb7e2d8eaedd4085af3af443bababc430434f34069466fff089255
records/full_2026-07-06__rec_001074/sections/sec_0009.md,964,d041e991f1b6438f2f68b90bbc7adac8e6bde1cde35091734b471745e6ea338c
records/full_2026-07-06__rec_001074/sections/sec_0010.md,939,8e1d5d2fa091b00dafb02ba94b78e30658c0f7f9d8dcf7bfb75f433d0ebf0312
records/full_2026-07-06__rec_001074/sections/sec_0011.md,1539,24831ca6b5307349807169d014f2d6aa285a499caf7ff56df504e0ca38538db5
records/full_2026-07-06__rec_001074/sections/sec_0012.md,711,badb0a4ae51fe416cedd9360bc845ad6f79e13b1bb129752b7d24e4ce067e7f9
records/full_2026-07-06__rec_001074/sections/sec_0013.md,738,0fc8391732ea906aa3262d6c60b3e2a8bbf1bb18608a5967b408a4567320fa34
records/full_2026-07-06__rec_001074/sections/sec_0014.md,51,30ffc3487bd8e62c9493c77e02b12a3f4bd38e8d83535a038c24f125270db237
records/full_2026-07-06__rec_001074/sections/sec_0015.md,1451,ba4a4b9123afb0705beb8e6a7743f29e1c7c40ebb2687bda52366314c2a403e7
records/full_2026-07-06__rec_001074/sections/sec_0016.md,3436,4be63d474d37f32953aef109cf127d94cc7db38ce3553b59610c2298c4aa7e3f
records/full_2026-07-06__rec_001074/sections/sec_0017.md,803,61871640cf63a6998bf2c4efefe658467f984c8cae8a0293b05479c0a0a915c0
records/full_2026-07-06__rec_001074/sections/sec_0018.md,803,89eb4feb2651727dc11b6298d7e5a9e2063fb06f5b5d6fe352642c38ed53f063
records/full_2026-07-06__rec_001074/sections/sec_0019.md,18,bfe59d3e06605c8590bfe324978d87b38eee673fc60a14adb6e452d9816db2ea
records/full_2026-07-06__rec_001074/sections/sec_0020.md,1518,e1302071b08587a243916206d556be77bb02f809defcab3cd199567a2b167259
records/full_2026-07-06__rec_001074/sections/sec_0021.md,1210,0d1d9e504893777070e94a3b319f546110961f52205ac67b02d08949a03c6c6f
records/full_2026-07-06__rec_001074/sections/sec_0022.md,4912,0f36a3a81952ade83298b99cacf8b228e5ecaffeead35404a64cdb88d9174331
records/full_2026-07-06__rec_001074/sections/sec_0023.md,2712,ba45c9d2a109064f9791374c43c580fcd6e39f178f48128585e66f9324dba8bb
records/full_2026-07-06__rec_001074/sections/sec_0024.md,903,c251b691b0814a468abb33b5c699f942d5078d40ac4b422f7fdeb2a68fb59d1f
records/full_2026-07-06__rec_001074/sections/sec_0025.md,2506,58ea9c3694a4377886f59d62dbd3c6ec493f386b9e51f393fdeda798ec9916c9
records/full_2026-07-06__rec_001074/sections/sec_0026.md,894,7befee5b044f5c35d22b29fc20702859a0a81f5aee480f3b5f0d05a0298f08dc
records/full_2026-07-06__rec_001074/sections/sec_0027.md,704,6d60b2d7f04ca904755ba7c91f8216c4ab435e81d1874ac514aa4ff9a88626d2
records/full_2026-07-06__rec_001074/sections/sec_0028.md,23110,0965295437d507411375160c135cc66fcbf1cc98719991e39e592e9069b81757
records/full_2026-07-06__rec_001074/sections/sec_0029.md,23,4d7301e31a03c2d242d91651937eab24e450f94a28b0ed292699e3ed265ce09f
records/full_2026-07-06__rec_001074/sections/sec_0030.md,171,28071c8d3f75f1a168bb791f47fbece1b9c7f25ea1a336392aa65b19a79f2e46
records/full_2026-07-06__rec_001074/sections/sec_0031.md,183,dc568c8cfdb4b282bc9a6ead2da539cd1cfd7739e5985202c16cbd30f266ce3e
records/full_2026-07-06__rec_001074/sections/sec_0032.md,65,1da8ced0dc4eeb0cfd8dac6f2f0632c52fff81d78041fb6d1f329a3b562a8e4e
records/full_2026-07-06__rec_001074/sections/sec_0033.md,224,210f4b9edc102a999bc74bc44d76568e6cdfbb83df869564914a6f672700bb4e
records/full_2026-07-06__rec_001074/sections/sec_0034.md,66,40506d7e04a4692b71b4e66149b60e36e6b8ea2ea9da450de7df675e5f84ef08
records/full_2026-07-06__rec_001074/sections/sec_0035.md,239,1f1fa3af662a110f5d8e1bb2475fd6da39c288c9d16684957877ec84fd624afb
records/full_2026-07-06__rec_001074/sections/sec_0036.md,525,4461818383f8bdd39b7715f14469d1ea4ba2ffdbc6f8fdc26f1659f2e0f55047
records/full_2026-07-06__rec_001074/sections/sec_0037.md,402,3ccb4cbdd78af305aa8bb7a895f7fc92efc45e8d4ff0debacb72f2dd2c94a6d8
records/full_2026-07-06__rec_001074/sections/sec_0038.md,1241,8a2361946aee0ccfad6760f52f94e08b3fd97c08e2f15958d36e9e65556dcaf6
records/full_2026-07-06__rec_001074/sections/sec_0039.md,639,c9e9fcad0de42083c78cf8b9f5fc6b2032f37a8d225510ebed293620b7848214
records/full_2026-07-06__rec_001074/sections/sec_0040.md,2230,8ca833fd36f294aca13e616ae8fb3ed52ab1c03a02450ea9576c409994969d59
records/full_2026-07-06__rec_001074/sections/sec_0041.md,1031,0d348c15758425cfe4c9d13cec3d24eca2af5d01c5d419bf80df177116d90f48
records/full_2026-07-06__rec_001074/sections/sec_0042.md,928,86236cf69358fd82e1d2ed25015db164337a51cb8a191a02ad6b2544e8b0dc08
records/full_2026-07-06__rec_001074/sections/sec_0043.md,536,4c2683c0ef27721314537e311aa810700e42d5ba8171057626d7a94a96d46b2c
records/full_2026-07-06__rec_001074/sections/sec_0044.md,3063,6403dac9ecc32888485940668a051a1339ea55467d6d7f7b1e5cc7a36459b950
records/full_2026-07-06__rec_001074/sections/sec_0045.md,3275,4353af2836d26c3b543805ee5fc184b8f740d2d97326d11be23de4f558b7b3a1
records/full_2026-07-06__rec_001074/sections/sec_0046.md,29,b42d4b3cbf6ac64ab9ef4132355f19e3a6e9d862e08a886c33b075a3df0de3a0
records/full_2026-07-06__rec_001074/sections/sec_0047.md,897,b50313940b8d2f33344e394cfab99b10d6414a3d10ca68bddc95d533a8c124b9
records/full_2026-07-06__rec_001074/sections/sec_0048.md,2128,14334236a6be28148d73a300c5e051cea94004d61b10fdb52eab320f48016650
records/full_2026-07-06__rec_001074/sections/sec_0049.md,963,5f6efffb0ea8bf0a75d85d5f7051dcb10e132a3852e719d345c56a0f0c63dba5
records/full_2026-07-06__rec_001074/sections/sec_0050.md,2733,c41fee8f86592ce94d3042c2dd933e83071f7e9f56c0cff72d935723209136b9
records/full_2026-07-06__rec_001074/sections/sec_0051.md,227,27c88a5e2378c6adeb37db0576df33ecd982c527678f22bfb106f58f6e270166
records/full_2026-07-06__rec_001074/sections/sec_0052.md,1565,419f774d156f1bfad28b7acdbd9b83d706f4a26f055484014b5a6c0cdf9b93eb
records/full_2026-07-06__rec_001074/sections/sec_0053.md,674,a352cc4e8e5c39ead3368d01cddc839a0bce30695fd09cfea8299a863549f04f
records/full_2026-07-06__rec_001074/sections/sec_0054.md,2186,225e9a29efd253eff08b427c80bbf135a281266d44f54366a0bee1a4b3ddb30c
records/full_2026-07-06__rec_001074/sections/sec_0055.md,911,53a5e19353f2bf47a7a3c3ec2343edb2524425d779c96b53533200d558e32cde
records/full_2026-07-06__rec_001074/sections/sec_0056.md,655,217204a9d9007919af5924b6583015b9e7de8bf0427d73f1c0ce85a5e35b8d54
records/full_2026-07-06__rec_001074/sections/sec_0057.md,2522,9531ec6c847c2a59155699f9012d0b17c29b53756c9b67d1638403e06fd61b7f
records/full_2026-07-06__rec_001074/sections/sec_0058.md,1054,9ff94bfa2cf9bf3fa2561fa8b25cccadc47036812f136b195af1c6f630d90a8d
records/full_2026-07-06__rec_001074/sections/sec_0059.md,1371,9d15b21eb60517c28c9e9272b4487bbd07f0e23096002c7c07869a3212d66f5c
records/full_2026-07-06__rec_001074/sections/sec_0060.md,782,c953f3bfdff7da567e93f414ec07f1ad55d37a7e575413afd8ec41da9e7516be
records/full_2026-07-06__rec_001074/sections/sec_0061.md,882,e22441eab4688a3a6943b27a03580019e9b81fd92c7f3b2e0865fbfda35286c5
records/full_2026-07-06__rec_001074/sections/sec_0062.md,1171,e4c5ceeb160ab490abcbf31fa06fc698fefdd6777d07d719178cb1d16e1e94b5
records/full_2026-07-06__rec_001074/sections/sec_0063.md,803,c65af64302a1a5fcc55caea589ee7aebb667c6de5db152d9d4e363725f8851dd
records/full_2026-07-06__rec_001074/status.json,2526,50676723a00647c47afe09c9ed17812a071ca6211d5b9f0bc885f6ac6ad010bc
records/full_2026-07-06__rec_001126/assemblies.json,46626,ba158cebc6e1033427bc8ac19ec88e37e3c755789fe4c6d6f647b8467e4fe3c4
records/full_2026-07-06__rec_001126/attempts/01_extract/meta.json,1693,5b1fefbe827aba432e5713d5fa0a8c9431cbc6e42e5fb934c3d314061d8895e9
records/full_2026-07-06__rec_001126/attempts/01_extract/output_schema.json,18153,fc4fd08860b2b19da00d319ef5a61b4493eede559424fa5e6129635e69da8656
records/full_2026-07-06__rec_001126/attempts/01_extract/prompt.txt,166038,7cee6c7964e53e572d286e3a4594e3b11cc9d54062bf7cb3ce3135c0cd99b66c
records/full_2026-07-06__rec_001126/attempts/01_extract/response.json,118802,103f4c996aa62a63b88462666f21334e578c079c8e4bf93b66b022258c4a7691
records/full_2026-07-06__rec_001126/attempts/01_extract/stderr.log,317,c6a0282c28f720d7ea87d6f1146e096ee20062e049d38b5d7c0aa05bf5cc2fc2
records/full_2026-07-06__rec_001126/attempts/01_extract/stdout.jsonl,129414,b652a8f3a648236264111ee7e0bd4591b6bce47da4c1d3fe1366a49ecb884b8d
records/full_2026-07-06__rec_001126/attempts/02_repair/meta.json,1691,da8ae522bddacbe250319a77da4a6c77df4b7fba38044184901c8339d04e5871
records/full_2026-07-06__rec_001126/attempts/02_repair/output_schema.json,18153,fc4fd08860b2b19da00d319ef5a61b4493eede559424fa5e6129635e69da8656
records/full_2026-07-06__rec_001126/attempts/02_repair/prompt.txt,315184,a5c7541451da0cc19d3fb7b4feb19758ace79c63e97e77343161bf5a51340538
records/full_2026-07-06__rec_001126/attempts/02_repair/response.json,123324,540793892a102634bcf63a302e604cd298e1410346e0f6b47ae0c8d1ecedf8ea
records/full_2026-07-06__rec_001126/attempts/02_repair/stderr.log,170,aa77cf4a1d90bf1d846f7da404843d29cb39bd05b22c3cc9b49048e37cb9e1de
records/full_2026-07-06__rec_001126/attempts/02_repair/stdout.jsonl,134967,84819d42002a69015511e0a81e54a9c95e20fc4851cb668013083aebc9e7db67
records/full_2026-07-06__rec_001126/attempts/03_repair/output_schema.json,18153,fc4fd08860b2b19da00d319ef5a61b4493eede559424fa5e6129635e69da8656
records/full_2026-07-06__rec_001126/attempts/03_repair/prompt.txt,303580,27293584cfa77335796b9dc571017134a55c558137787747686ad77ad9e7a82a
records/full_2026-07-06__rec_001126/attempts/04_extract/meta.json,1693,fbc58305506483b35580577e866775435271e997289cdec002cd495dc55778c1
records/full_2026-07-06__rec_001126/attempts/04_extract/output_schema.json,18153,fc4fd08860b2b19da00d319ef5a61b4493eede559424fa5e6129635e69da8656
records/full_2026-07-06__rec_001126/attempts/04_extract/prompt.txt,166038,7cee6c7964e53e572d286e3a4594e3b11cc9d54062bf7cb3ce3135c0cd99b66c
records/full_2026-07-06__rec_001126/attempts/04_extract/response.json,74007,f40bff441877a7aed7dfe742c37c2b5952ac7ffa01e4af1746a0c05e79762c7c
records/full_2026-07-06__rec_001126/attempts/04_extract/stderr.log,170,9efbd81c15ad7d0f91107d79e49276f9f1603ecfcee907c7605965490bdfa3a0
records/full_2026-07-06__rec_001126/attempts/04_extract/stdout.jsonl,167002,ed26ef46ffd6b5a7ae1749c0ad3c7571740333c286b86c09747530862d6aca10
records/full_2026-07-06__rec_001126/attempts/05_repair/meta.json,1690,f336a1f9b954ba98e9d9f243e2cd2eab60d691fe75d6927b13fc0a8c52323614
records/full_2026-07-06__rec_001126/attempts/05_repair/output_schema.json,18153,fc4fd08860b2b19da00d319ef5a61b4493eede559424fa5e6129635e69da8656
records/full_2026-07-06__rec_001126/attempts/05_repair/prompt.txt,263236,0154a6092f12aaad80f4684ad775bff5f650ebff093838f1306f91e5dbfbacd4
records/full_2026-07-06__rec_001126/attempts/05_repair/response.json,72767,447d74a208f3e2c9d44f81add6a4400bc3de2d01895eedd9a5327d520c21acd3
records/full_2026-07-06__rec_001126/attempts/05_repair/stderr.log,170,5e06cf6f594f943aa8d9e1a5e5b0a6a2a5ac3a420f5640d21628e04af3159383
records/full_2026-07-06__rec_001126/attempts/05_repair/stdout.jsonl,80136,4e6ca1cabbf98c49df15e81b913f7693ded014e0399dbb45ae0345372ed1ca2b
records/full_2026-07-06__rec_001126/attempts/06_repair/meta.json,1690,3a8d12ffb6407dfdd717f087b0d7a5c7a8ac73201522b429be66324bd0583a4f
records/full_2026-07-06__rec_001126/attempts/06_repair/output_schema.json,18153,fc4fd08860b2b19da00d319ef5a61b4493eede559424fa5e6129635e69da8656
records/full_2026-07-06__rec_001126/attempts/06_repair/prompt.txt,245954,1362571368005d17b3ca3d1302e3892bacc8fe15dcf0343d923482c291527ac8
records/full_2026-07-06__rec_001126/attempts/06_repair/response.json,27575,5b0ec36f430f1de82e2602ff11ca6391db2fc353846ec23c6e4da7514d15212b
records/full_2026-07-06__rec_001126/attempts/06_repair/stderr.log,317,67b8ad989e26f552972ce8f647b2af469ea3ad31433b07cdb968f7a1dbcc54f4
records/full_2026-07-06__rec_001126/attempts/06_repair/stdout.jsonl,30473,5f583263cf3d0db141681d19cd9220106685fbfff625e0cc49e1441c48106e83
records/full_2026-07-06__rec_001126/attempts/07_review/meta.json,1690,75e86442de081fb7d69a1c8d02db1f4f2724348f1244c7d33502456c94e46dd0
records/full_2026-07-06__rec_001126/attempts/07_review/output_schema.json,2482,2f7fde6059c5725fd4066315b7082d9c732aec8fae93b90e64480ce47d95b8c8
records/full_2026-07-06__rec_001126/attempts/07_review/prompt.txt,147954,189bf7000198b20a34b8e7ac54da7fe106be1a91e2eb9034b5a7d205677364a6
records/full_2026-07-06__rec_001126/attempts/07_review/response.json,6941,31b475a28554bf07ae090722575ae2258aaf80956ecba7b8fd293493e09a1aa0
records/full_2026-07-06__rec_001126/attempts/07_review/stderr.log,170,40549bac4ec71adc7fbfee4f6af260a3db5af6fbf373a12bef72b0b43e48a5a1
records/full_2026-07-06__rec_001126/attempts/07_review/stdout.jsonl,7645,4606426bc3e2f7ca63371b5c5450b2aafd6dbe0fe9771bc2a4d9d24efc960722
records/full_2026-07-06__rec_001126/attempts/08_revise/meta.json,1691,2f4797a8f8a5b4fd60cd6e96c8f32e9f5cd9c4495611cd82c463fae5bf193a08
records/full_2026-07-06__rec_001126/attempts/08_revise/output_schema.json,18153,fc4fd08860b2b19da00d319ef5a61b4493eede559424fa5e6129635e69da8656
records/full_2026-07-06__rec_001126/attempts/08_revise/prompt.txt,202314,f6dde80dca439b238aa7f54bce2821b10d336f63d7730db113c60face6a01073
records/full_2026-07-06__rec_001126/attempts/08_revise/response.json,107395,ab1d40cf4bb69c235cb66292b4a97f3ebafb1064bb592f7c738cf07520074466
records/full_2026-07-06__rec_001126/attempts/08_revise/stderr.log,170,1b1970e88538f4e29b40f56da02e68ccc2c6314c120e9bd799ee019617839ad2
records/full_2026-07-06__rec_001126/attempts/08_revise/stdout.jsonl,116545,7f247000672670f5e373600c83c4847883ccc511ea4b366e6943c8e101bd8104
records/full_2026-07-06__rec_001126/attempts/09_repair/meta.json,1691,c3fb5b41de83bc144df007bafdcb546519e8fde10222d4bd6a30712d5a952819
records/full_2026-07-06__rec_001126/attempts/09_repair/output_schema.json,18153,fc4fd08860b2b19da00d319ef5a61b4493eede559424fa5e6129635e69da8656
records/full_2026-07-06__rec_001126/attempts/09_repair/prompt.txt,296657,cae5efe0c1e3e42be2b57af9aa149d3c648df1635ae19a25970946a63306d572
records/full_2026-07-06__rec_001126/attempts/09_repair/response.json,105869,800acdbd8168ba4b6f7c0eeda704ff9b3d07ceb0831eb02a76577d8a19b7b9ea
records/full_2026-07-06__rec_001126/attempts/09_repair/stderr.log,317,f5ce08063b741ab078d96dcef22ef93bb86fd36a7f27ca9f79d7dd81269de7f8
records/full_2026-07-06__rec_001126/attempts/09_repair/stdout.jsonl,115007,0fd1673a086133994ab569e29f635a3e16f41f992847c89a660f241421e2bb90
records/full_2026-07-06__rec_001126/attempts/10_repair/meta.json,1691,6913bcdc50f06f658835dbb2b6515bd01137a66196b839cbedacabbfad0d336e
records/full_2026-07-06__rec_001126/attempts/10_repair/output_schema.json,18153,fc4fd08860b2b19da00d319ef5a61b4493eede559424fa5e6129635e69da8656
records/full_2026-07-06__rec_001126/attempts/10_repair/prompt.txt,276803,8446a2087f9d9d00fa0394b4be5d63fbeab83d5dfd272e3f952bfde3a05632f1
records/full_2026-07-06__rec_001126/attempts/10_repair/response.json,99420,7ec6e444318c56bd463840e4ee926feaf553f380b6736be000b6a7aa55ce1c00
records/full_2026-07-06__rec_001126/attempts/10_repair/stderr.log,170,e25b24cd9933fbd6ccb9d926eea114e26e2690954a464da4283df15519983dd0
records/full_2026-07-06__rec_001126/attempts/10_repair/stdout.jsonl,108139,d95f757159c4578e7b39915883ca2c23d1ef30df8f2f0b8ccfb7780e965f7aad
records/full_2026-07-06__rec_001126/attempts/11_repair/meta.json,1690,5d95f51ff951931a0a1ac8323187a921acb43fac071683a55b122f12f3268812
records/full_2026-07-06__rec_001126/attempts/11_repair/output_schema.json,18153,fc4fd08860b2b19da00d319ef5a61b4493eede559424fa5e6129635e69da8656
records/full_2026-07-06__rec_001126/attempts/11_repair/prompt.txt,270871,55458b41fedc48dd0ff82d934a5a2a294a11425298133db58e1853c9c3b5f184
records/full_2026-07-06__rec_001126/attempts/11_repair/response.json,99424,d828040afc04032e1cbbadfe4e068d1484e17eca41e4c356f926f712e846b5cf
records/full_2026-07-06__rec_001126/attempts/11_repair/stderr.log,170,01a7b6edb30eca9e25504c225f6704a2836b8a7650bc4a9eaefe76abb22fc6f7
records/full_2026-07-06__rec_001126/attempts/11_repair/stdout.jsonl,108143,6aade1c76221bd2d145d59a65d3f396b2cda1904d2d87c7bf49e8bdf27271026
records/full_2026-07-06__rec_001126/attempts/12_repair/meta.json,1690,ab6cb52b92c1b2eb7c6a7fffa558afe21bcc16e0c83b3be26568199e196cfb20
records/full_2026-07-06__rec_001126/attempts/12_repair/output_schema.json,18153,fc4fd08860b2b19da00d319ef5a61b4493eede559424fa5e6129635e69da8656
records/full_2026-07-06__rec_001126/attempts/12_repair/prompt.txt,271754,02421796f1f58fcd3400de736b1af6e6d12359f18ab7f569441528f89a2b66b0
records/full_2026-07-06__rec_001126/attempts/12_repair/response.json,99419,82a80c66ce199af75d1a7dc764c9613cf455cd66b49f27e6d247760ee01f2fd3
records/full_2026-07-06__rec_001126/attempts/12_repair/stderr.log,170,c34472ab0d55fbb008549d7019221863560adfb5510dd36ccef773d395db7f37
records/full_2026-07-06__rec_001126/attempts/12_repair/stdout.jsonl,108138,68612a918cedf4d55a7615469a05205c21770527f7eea81707c53c2d2ca790ba
records/full_2026-07-06__rec_001126/evidence.json,11017,2441039cf8278fc33ad4cc9ad67a3185fa1ddd9e778120daf9d204b535d9d61f
records/full_2026-07-06__rec_001126/final_document.json,47147,88b4761ad2900e76488c532672ab7dfd6e0f235a47dc049ce5dfd37ae8747592
records/full_2026-07-06__rec_001126/packet_manifest.json,9762,8efe1557feef5fcef4e539cee3f51c4aa48e9f3123c3584ff47bf79da8787c2c
records/full_2026-07-06__rec_001126/review_round_1.json,8264,4302e2c98219aae3d610c3ea95e611e1ca9f3b0015de705ba2fafcbe0c832d4c
records/full_2026-07-06__rec_001126/sections/sec_0001.md,1084,d0339b5688c4ae3550eafcf2ef1905721e63dd51c70beda964d4b0769f7069c1
records/full_2026-07-06__rec_001126/sections/sec_0002.md,76,00c67b45ee895b2aca11a222c498f709efff6fd61db77cd749cdc70b4e8a8310
records/full_2026-07-06__rec_001126/sections/sec_0003.md,2529,39c1cde86620dfcd52db1b5d576f178cb215de412a7f644948ad30954058756d
records/full_2026-07-06__rec_001126/sections/sec_0004.md,6919,c72426551fb152b29c9c02cda013bddc2658edc105f710686b780466345663e8
records/full_2026-07-06__rec_001126/sections/sec_0005.md,12,10ed80fa9ba26560ee8bdeaa261423961428238c12bd0b249dc775f4e1ab94f3
records/full_2026-07-06__rec_001126/sections/sec_0006.md,8636,bc91772c5c1f53e2265bbb7512ebdf38158e41b96870cdffe1646d0b627076ad
records/full_2026-07-06__rec_001126/sections/sec_0007.md,1213,e1531202d92ac6c3d137ef242b11b040d1230c49fb45cd5756cc2cf8b3735dce
records/full_2026-07-06__rec_001126/sections/sec_0008.md,11359,59990edfd04ba5d17b01388e320dd4019568cdce2f796aeb1b40d9a068066a2e
records/full_2026-07-06__rec_001126/sections/sec_0009.md,3781,f3743c56e4f75bd22a68ac2c07f609a97369fc784efdb7a859f063d6c6c3ba45
records/full_2026-07-06__rec_001126/sections/sec_0010.md,7848,5838321470dc7789445af51742623cb741027c14dae2dec363e7b330f6c89ef4
records/full_2026-07-06__rec_001126/sections/sec_0011.md,7153,e0a50096fba96447089fa71ec242e12c30e5a5bb7bc607fdd2ab78f2ebf5cf2e
records/full_2026-07-06__rec_001126/sections/sec_0012.md,2950,6bfa31f2e31296f44e4bd17a6bedbd78f65213530903660d4310e4a5d45c6a4e
records/full_2026-07-06__rec_001126/sections/sec_0013.md,12,8a1738add756712e5a41cc374211cabb52def667d38b57a2ec8acbd5745b4a3b
records/full_2026-07-06__rec_001126/sections/sec_0014.md,1484,a7eecffeaa4f9e7aaa2af9fa360b2270b88b70a4bfb3d3d66078246107406418
records/full_2026-07-06__rec_001126/sections/sec_0015.md,3833,9ab70b0264acbd66575d39e23a894986125b9a2074fa3c7df5a93a23e1bfa49b
records/full_2026-07-06__rec_001126/sections/sec_0016.md,1287,4d22ad128057ffd3f261adc5366eb6ded3ab983a33c784fdd1c4096a7efb8270
records/full_2026-07-06__rec_001126/sections/sec_0017.md,64,a1eb084ca0c9456c3571196132afa489b0f6e4a3bef9910549fd17f454b7fb78
records/full_2026-07-06__rec_001126/sections/sec_0018.md,2484,df6f7f898f0af6388d3328ed43297a876bcd29a1c4ddc20cad40d0667ee8af97
records/full_2026-07-06__rec_001126/sections/sec_0019.md,745,b75f5d37f118228ac28af751cff7c4dd2d0c08abbad606f82d7cbcae9c4d5743
records/full_2026-07-06__rec_001126/sections/sec_0020.md,1758,b3ab5961c077fbf0b645be8615ac5159558541dfe5b1f20e57391ec5b1d07bf3
records/full_2026-07-06__rec_001126/sections/sec_0021.md,2315,c18b8594d0cb5fe9ad686809f860fd90376f8a6d67dc24ee2f27ebbdcab2a2f5
records/full_2026-07-06__rec_001126/sections/sec_0022.md,1722,f70b9df778e518d7bb5c9f1cc69f87e92e58e0386494246a050a7268f39dd3a3
records/full_2026-07-06__rec_001126/sections/sec_0023.md,1542,b7f69c4bb6de3ba480366d5b61999523c1274dba97f9b19feea6faf326a1f09b
records/full_2026-07-06__rec_001126/sections/sec_0024.md,271,0e7e6c54de03979c740f43c88cb54488bff9f2c435978039ec02e2b3c5504049
records/full_2026-07-06__rec_001126/sections/sec_0025.md,1118,a5f7dd361a9796ed14ad30850fda637ca305079172a9f53c3c8cab5fbb5eb1f1
records/full_2026-07-06__rec_001126/sections/sec_0026.md,390,3239e8ee8577920162397492f17d2e2cd831f42dafe9212b4799acd1606b4569
records/full_2026-07-06__rec_001126/sections/sec_0027.md,376,c3fba762d5ec660e2753268e5afb42def1a7cac31b4133eb85998f3423521430
records/full_2026-07-06__rec_001126/sections/sec_0028.md,13054,6a93e3d5657656f56c121036dbb258c394a8b9a8e5c12ce98855f60126b394d9
records/full_2026-07-06__rec_001126/status.json,2147,ef528474d81d455f26f59f9a78f210ba8180e884808cbe49e8a7a0658a31ee64
records/full_2026-07-06__rec_001187/assemblies.json,181760,32f832f9c4cd835cad5972f6aa25ff46a2b81b3d8af3f2cb029ed6e38a0c056b
records/full_2026-07-06__rec_001187/attempts/01_extract/meta.json,1692,69411064de1c3e1b06145e2be4e391ad6dd12afd69fd4cbf19834e4722d34331
records/full_2026-07-06__rec_001187/attempts/01_extract/output_schema.json,18153,fc4fd08860b2b19da00d319ef5a61b4493eede559424fa5e6129635e69da8656
records/full_2026-07-06__rec_001187/attempts/01_extract/prompt.txt,177899,5d6b7659b89390714bc645f3423cdb200771253fcf7e4a5b1f817b222bd44848
records/full_2026-07-06__rec_001187/attempts/01_extract/response.json,78532,f7cb7961e6b2c3fe24424068c62b532d58676d90f3c8d21509b090c80b9c9af8
records/full_2026-07-06__rec_001187/attempts/01_extract/stderr.log,170,3e103c80648b635ff5ddaa7c5e1ca31efe81d5b21687608fb1d77bf2770b9fb9
records/full_2026-07-06__rec_001187/attempts/01_extract/stdout.jsonl,85224,d7ffad6492127ed4c3c02071c398e5de75568ecc4410462e6da83843d218c684
records/full_2026-07-06__rec_001187/attempts/02_repair/meta.json,1690,76a8e3fe82ddac12c59d77dbbfc0a9d893ec28534b218894168d47ee83e303e4
records/full_2026-07-06__rec_001187/attempts/02_repair/output_schema.json,18153,fc4fd08860b2b19da00d319ef5a61b4493eede559424fa5e6129635e69da8656
records/full_2026-07-06__rec_001187/attempts/02_repair/prompt.txt,271423,2d21c106892dfff6cc2bd40ef7e477dd52735ca9bc6a2fc3fa45caef48cb90d6
records/full_2026-07-06__rec_001187/attempts/02_repair/response.json,82019,465c41998894f9021c9dbe4e35ae0be852ff383befd2ad93d0344db9a6a4311b
records/full_2026-07-06__rec_001187/attempts/02_repair/stderr.log,170,3d8cdcdef91f7d52c7f6228ab6af40628aaa7b7163709697a46e4317c1c453db
records/full_2026-07-06__rec_001187/attempts/02_repair/stdout.jsonl,88907,f6cc83f343acf509b7be6675474a3ecf4421fc5a70ac1a3b2fc14e48cddeb91d
records/full_2026-07-06__rec_001187/attempts/03_repair/meta.json,1690,65227e582a53202a52dc6eefd2e53b39dbe864cd7c436185a3e3b27d85efca1e
records/full_2026-07-06__rec_001187/attempts/03_repair/output_schema.json,18153,fc4fd08860b2b19da00d319ef5a61b4493eede559424fa5e6129635e69da8656
records/full_2026-07-06__rec_001187/attempts/03_repair/prompt.txt,263701,1b6c4b84bea3b0406596e217ebd9ea1524a26d2fb8baa9ab9b5731add4852f80
records/full_2026-07-06__rec_001187/attempts/03_repair/response.json,82035,8e2b913a58d6519191f8a2b27d10aa7fdf7660e25255fd307d3429e9a6824797
records/full_2026-07-06__rec_001187/attempts/03_repair/stderr.log,170,097da96ab2f223d96896e2334fe614f4d5a259c09682576964f2608ee08a566d
records/full_2026-07-06__rec_001187/attempts/03_repair/stdout.jsonl,88922,be6d6a37d67b0dec7f16f0ba5b88dbee5868be5a3bb6abfd1a432e2ef43cb48b
records/full_2026-07-06__rec_001187/attempts/04_repair/meta.json,1691,7e7353315e7fc9b08d3f15c89f743b8428a6a8ede739ef060392211f1d687178
records/full_2026-07-06__rec_001187/attempts/04_repair/output_schema.json,18153,fc4fd08860b2b19da00d319ef5a61b4493eede559424fa5e6129635e69da8656
records/full_2026-07-06__rec_001187/attempts/04_repair/prompt.txt,264320,7b4cd96ccbd5893ffb7f7e66884ec27ebe4a49f89d43f020246b9493a8a69b0f
records/full_2026-07-06__rec_001187/attempts/04_repair/response.json,82046,3e2cfe13a9394bbb0982b11a13c00570d4a3e1731c68bbfea0ba68fa03268f2f
records/full_2026-07-06__rec_001187/attempts/04_repair/stderr.log,170,9430f0f96292b6ad8cf7b38d97617dc15185f0c8ee8488869a81d976a6bba21c
records/full_2026-07-06__rec_001187/attempts/04_repair/stdout.jsonl,177601,a598895287b0934e61d28da89dec647b8f65d4dbbe737c5ebe48fa3b720d99fc
records/full_2026-07-06__rec_001187/attempts/05_review/meta.json,1690,1b296a1d5d5c736b40a46bf5b6cbe6f9c261ece1e0183a88925d162bcab66907
records/full_2026-07-06__rec_001187/attempts/05_review/output_schema.json,2482,2f7fde6059c5725fd4066315b7082d9c732aec8fae93b90e64480ce47d95b8c8
records/full_2026-07-06__rec_001187/attempts/05_review/prompt.txt,216381,bd4359a48e9531bed49db5407aa2dc89b247a70692b9f5438ff558bfc18758a8
records/full_2026-07-06__rec_001187/attempts/05_review/response.json,9533,be9eeefea6d6b2d3cc20e50aa99cf01a38b2e2d3fb99e62f0f9c65cae04d157a
records/full_2026-07-06__rec_001187/attempts/05_review/stderr.log,317,a368bcf9ef249ac4e11df025d7d583e102030d3f126abf0048b53c7cd2a8a021
records/full_2026-07-06__rec_001187/attempts/05_review/stdout.jsonl,10356,1fe612a27dc0ea3737456ec1dbfac78eeb185ed54e3772a835d54091f1d58cae
records/full_2026-07-06__rec_001187/attempts/06_revise/meta.json,1691,1115917b0dfcbe618468e73709e5bad4c1f66b71784086c9be68f76f920a20e7
records/full_2026-07-06__rec_001187/attempts/06_revise/output_schema.json,18153,fc4fd08860b2b19da00d319ef5a61b4493eede559424fa5e6129635e69da8656
records/full_2026-07-06__rec_001187/attempts/06_revise/prompt.txt,273477,d1741ea0b31f0ad72bbf5c009967f9d93f11080b38458a3a6bc6edf347edbb3a
records/full_2026-07-06__rec_001187/attempts/06_revise/response.json,115184,550c25c98cbaa3699672b06de317d8aaa260f9507d14f842e69fb704501bd34e
records/full_2026-07-06__rec_001187/attempts/06_revise/stderr.log,170,691216988d712d0a7092c34bef017e2ef0d837093743473cadd79c1ebc3d7ab6
records/full_2026-07-06__rec_001187/attempts/06_revise/stdout.jsonl,124548,9dc9cf976f75ede75813c9d6949c345a6572acaaf82a634946cfb62a45b971b8
records/full_2026-07-06__rec_001187/attempts/07_repair/output_schema.json,18153,fc4fd08860b2b19da00d319ef5a61b4493eede559424fa5e6129635e69da8656
records/full_2026-07-06__rec_001187/attempts/07_repair/prompt.txt,299671,80f2126b7f240a4a1771a6ee04e406f8c8eadb37f568bb270fe4010eefa4a9e1
records/full_2026-07-06__rec_001187/attempts/08_extract/meta.json,1693,426179c83e9d101b91da293f6947ca5c2dfd0165f2fa6a14dbb150f0951d0599
records/full_2026-07-06__rec_001187/attempts/08_extract/output_schema.json,18153,fc4fd08860b2b19da00d319ef5a61b4493eede559424fa5e6129635e69da8656
records/full_2026-07-06__rec_001187/attempts/08_extract/prompt.txt,177899,5d6b7659b89390714bc645f3423cdb200771253fcf7e4a5b1f817b222bd44848
records/full_2026-07-06__rec_001187/attempts/08_extract/response.json,64764,3c91bcbc496082f4fba7183369a83f577a824001b7e3a32c8e072b4713ba8967
records/full_2026-07-06__rec_001187/attempts/08_extract/stderr.log,170,aaed239d87b4e8c203c1812798a3fa1af3ff89a90d6594bdb966f56918ef38e9
records/full_2026-07-06__rec_001187/attempts/08_extract/stdout.jsonl,138580,bc45b39261ee49e0f5bbc7e45ac04e50a1458b20223d86206f5d5544f4555cb1
records/full_2026-07-06__rec_001187/attempts/09_repair/meta.json,1690,dfb15e0095bc158219cb2f780cc0803725b4cf327434bfcacc5c5c83a1e689c6
records/full_2026-07-06__rec_001187/attempts/09_repair/output_schema.json,18153,fc4fd08860b2b19da00d319ef5a61b4493eede559424fa5e6129635e69da8656
records/full_2026-07-06__rec_001187/attempts/09_repair/prompt.txt,251201,b4b6ca731e7d9b66b9f6f6970f305a8c8c0882e5058b973356f62ef10823af4b
records/full_2026-07-06__rec_001187/attempts/09_repair/response.json,65618,5dc9b177035e86ce95437f1a596d625fcbab7466752cc8b6a82be6564d797ca7
records/full_2026-07-06__rec_001187/attempts/09_repair/stderr.log,170,2b0b196bb246b1c86f2a494bbe91fbceabc009374dd1ee3ccbdd8ce838d747fc
records/full_2026-07-06__rec_001187/attempts/09_repair/stdout.jsonl,70827,80be402f756966835978ed8a9151156b2a4d9d4d01bcdd6a590ad9565a719315
records/full_2026-07-06__rec_001187/attempts/10_repair/meta.json,1690,d15857beb42a08ed6af9d60e6a1a6994c44be94b98b149161bacfb626c5fbc90
records/full_2026-07-06__rec_001187/attempts/10_repair/output_schema.json,18153,fc4fd08860b2b19da00d319ef5a61b4493eede559424fa5e6129635e69da8656
records/full_2026-07-06__rec_001187/attempts/10_repair/prompt.txt,246472,c55e30e119436b1abd4ff6907d00b79dcc9fed237af713780c7c4a54a7d4aaef
records/full_2026-07-06__rec_001187/attempts/10_repair/response.json,65761,90404aeb9e4199cd40d3fb40503b6251c4846dba0908a59b0038b463f79ecc4a
records/full_2026-07-06__rec_001187/attempts/10_repair/stderr.log,170,3692c07316bb711230f1166496350f427088b997c5d53c4f9a0ad53a201a49fe
records/full_2026-07-06__rec_001187/attempts/10_repair/stdout.jsonl,70980,09aa17037aa2b6a63d9388bdb09077f96254e2c488af597b2e5b7cdea0dfb338
records/full_2026-07-06__rec_001187/attempts/11_review/meta.json,1691,fcfcbb228ebfb87efd9b80bf969e5e50daa3686a6154e19680cc4895b0ef48ec
records/full_2026-07-06__rec_001187/attempts/11_review/output_schema.json,2482,2f7fde6059c5725fd4066315b7082d9c732aec8fae93b90e64480ce47d95b8c8
records/full_2026-07-06__rec_001187/attempts/11_review/prompt.txt,199232,1ab6ecef044004842b91ff034c2c6514a1d8a51aad97a68f3f9353c73fa2be27
records/full_2026-07-06__rec_001187/attempts/11_review/response.json,13196,763404993d129dcc96a33bf1a318cbf195f29e533db1350b59eb61e5520cfbb3
records/full_2026-07-06__rec_001187/attempts/11_review/stderr.log,170,ede1dd753f5f150ecefcca7ba8ab667227456df64410de9d39fa509e4166f04d
records/full_2026-07-06__rec_001187/attempts/11_review/stdout.jsonl,14148,20bfecc504435cdfc6d8848045f0bed06fb1474def4214183aecf6fc7bf1beb6
records/full_2026-07-06__rec_001187/attempts/12_revise/meta.json,1690,5410ca8f55fdaf34e46ec8a18314b6ea73b73c58acfd77cb78d6354fa9532c1e
records/full_2026-07-06__rec_001187/attempts/12_revise/output_schema.json,18153,fc4fd08860b2b19da00d319ef5a61b4493eede559424fa5e6129635e69da8656
records/full_2026-07-06__rec_001187/attempts/12_revise/prompt.txt,260100,50be8fc951fab42319d941396776cc93a9c4764f8936449ccc51d3ebba93ffb7
records/full_2026-07-06__rec_001187/attempts/12_revise/response.json,80727,0b006260163432c6dd6aa2bd6af37f9ec0a26ceb1d2206d87f100e725fd54305
records/full_2026-07-06__rec_001187/attempts/12_revise/stderr.log,170,baac539222b49a8748b262642ba72b8a7737a3fae4a6b33cdc42cae3171a0dbc
records/full_2026-07-06__rec_001187/attempts/12_revise/stdout.jsonl,86925,aab71d4a98dc7d6773f254fd8ee041a8cb7e6f41790232edbdc8bca31359c55c
records/full_2026-07-06__rec_001187/attempts/13_repair/meta.json,1690,ca25cc589f45e5170faeba2dc394be4beece403aeb7105431a165f176b0eb262
records/full_2026-07-06__rec_001187/attempts/13_repair/output_schema.json,18153,fc4fd08860b2b19da00d319ef5a61b4493eede559424fa5e6129635e69da8656
records/full_2026-07-06__rec_001187/attempts/13_repair/prompt.txt,262290,38b1131ba4868c4f42e8620eba30346b591dbb32e93288a51a45a3f3a75f6abc
records/full_2026-07-06__rec_001187/attempts/13_repair/response.json,80229,9f163434234f2d20092f21e17f5abeba8dd30d85b60bdea3ef5471468785c07a
records/full_2026-07-06__rec_001187/attempts/13_repair/stderr.log,170,55a2b54124e6bc764d398b080447fe892ddf02a44116ed9f99d5d6f29eea5b9b
records/full_2026-07-06__rec_001187/attempts/13_repair/stdout.jsonl,86410,3b1deac18ce8b276178d10cc80c40a390667ff8b7a1db9ea2096b31195dbd8f2
records/full_2026-07-06__rec_001187/attempts/14_repair/meta.json,1690,1cc616d3799335d48bd1ec1ed40185ec89a1dbf6415227b3f056367dde31bda7
records/full_2026-07-06__rec_001187/attempts/14_repair/output_schema.json,18153,fc4fd08860b2b19da00d319ef5a61b4493eede559424fa5e6129635e69da8656
records/full_2026-07-06__rec_001187/attempts/14_repair/prompt.txt,262106,eb727743fb81e6f62ab862bce06fd3c77bd476b16b0d3f847e639fc24f4141fb
records/full_2026-07-06__rec_001187/attempts/14_repair/response.json,80229,e66a52ca21f27912ba08a7c46e8ee18067d2c5b833b252700a07bbc86125c9b7
records/full_2026-07-06__rec_001187/attempts/14_repair/stderr.log,170,4f42598312439d3ab466f88ded51a8eae2646aac4a7b4b8d1c30babc4131fb71
records/full_2026-07-06__rec_001187/attempts/14_repair/stdout.jsonl,86410,3e9dfcce81064d22924dbd815af938c1ab62ac8de0dc9cdc9355e322f1383e2e
records/full_2026-07-06__rec_001187/attempts/15_review/meta.json,1690,e7bfd86388ba574d612a2ba36e71e420f5996dff1e10bdb5c4616ad4661fb8b4
records/full_2026-07-06__rec_001187/attempts/15_review/output_schema.json,2482,2f7fde6059c5725fd4066315b7082d9c732aec8fae93b90e64480ce47d95b8c8
records/full_2026-07-06__rec_001187/attempts/15_review/prompt.txt,214197,6fadd966f4798668d636186e471a7d540778e23c960c79c64bca626fe6ea85a1
records/full_2026-07-06__rec_001187/attempts/15_review/response.json,15636,44228de4dfd9332419b21eb16a8c3ad6190af8f27360d29c776e2694ce1262d7
records/full_2026-07-06__rec_001187/attempts/15_review/stderr.log,170,2702f97f2253d88c5dd56f459081c4520bc29f4bf844442ba8ed116049933fcc
records/full_2026-07-06__rec_001187/attempts/15_review/stdout.jsonl,16877,e76f28bbc84e68c211e2433cf3a6577c57fd0337941aab42e3df941760b2dda9
records/full_2026-07-06__rec_001187/attempts/16_revise/meta.json,1691,a4dc7a9ce83d7220ea4c38c34b4a007ef2ef96a18ef4d38d741d9e73bac4e8d6
records/full_2026-07-06__rec_001187/attempts/16_revise/output_schema.json,18153,fc4fd08860b2b19da00d319ef5a61b4493eede559424fa5e6129635e69da8656
records/full_2026-07-06__rec_001187/attempts/16_revise/prompt.txt,277997,094d8d3ec18c77ec1578cb35a041ec5e216b1b01d745a2883e9f16da89a1764f
records/full_2026-07-06__rec_001187/attempts/16_revise/response.json,111409,5e7df425d4853a4db052104e11d1d62648003111dbe383abdd71179b7b653c16
records/full_2026-07-06__rec_001187/attempts/16_revise/stderr.log,170,a88d4865e140b4be6654f5716f779eb0df81dfffddb1ebe5df64b104a7085918
records/full_2026-07-06__rec_001187/attempts/16_revise/stdout.jsonl,121042,9da5248711a7aa9442f539016947f07b89c85a53a7105bfc64ab19fe5a91df48
records/full_2026-07-06__rec_001187/attempts/17_repair/meta.json,1691,3d5e983987089bcc910cc638ef54fa5de3eb3612082b49aa68cc8c96922d5813
records/full_2026-07-06__rec_001187/attempts/17_repair/output_schema.json,18153,fc4fd08860b2b19da00d319ef5a61b4493eede559424fa5e6129635e69da8656
records/full_2026-07-06__rec_001187/attempts/17_repair/prompt.txt,298778,c5be0f9658a8a617d141b3f8b4c38ce35130c02c2ad963ed84ce1286f90f2ad5
records/full_2026-07-06__rec_001187/attempts/17_repair/response.json,110314,0483215faeb8790a9095211cef581ff84d8d1d28640d7a3df9ebd1bc00e436ce
records/full_2026-07-06__rec_001187/attempts/17_repair/stderr.log,317,6cabdf0281bc0316842c578e57b38c9bcda448fc53e212326bb501c92233d9e8
records/full_2026-07-06__rec_001187/attempts/17_repair/stdout.jsonl,119171,f2cf57369c562fea01e4f464f204956999a88bcba3e6876bfaa7efb2d9a531b5
records/full_2026-07-06__rec_001187/attempts/18_review/meta.json,1690,b87c6b47c16aea665212245ef928d84f796d3cfbefada1aa6c146eef780d3720
records/full_2026-07-06__rec_001187/attempts/18_review/output_schema.json,2482,2f7fde6059c5725fd4066315b7082d9c732aec8fae93b90e64480ce47d95b8c8
records/full_2026-07-06__rec_001187/attempts/18_review/prompt.txt,245701,5d5365adb69620f170694f27e7c8a0c4d8d3f79544892d7ea4ddc81f2bff3916
records/full_2026-07-06__rec_001187/attempts/18_review/response.json,6918,62d1ae42e0319aa9c4c34ae12e93f804314acd9588c8f2a7ca37b85aa4cdee2c
records/full_2026-07-06__rec_001187/attempts/18_review/stderr.log,317,080a1b918c189af2e9e19fe9c6834b64831f6563093a63673825c75a0bba0452
records/full_2026-07-06__rec_001187/attempts/18_review/stdout.jsonl,7528,e18860273a24a8bf72581034acbdc8ae04e16f179d3e55f0a58f5094e71c9513
records/full_2026-07-06__rec_001187/evidence.json,47958,39ec0cdff1c5d12c7556fcf1f1a5b4ba906b4f7908b4bcff5f89ec24b4995728
records/full_2026-07-06__rec_001187/final_document.json,168967,e79bbfbf48fd9507c1182508f91af7ce558af0b4fa35262dbe053d7bb5ec22c5
records/full_2026-07-06__rec_001187/packet_manifest.json,9298,359360c5aa36a679fc3bb81c62b8a975af66ad144f53a16f4434fea256de66d3
records/full_2026-07-06__rec_001187/review_round_1.json,15246,e8b09f0f5c19856d2c90a1c4348d7a88aa8a16be346a3630829f8b530e3cfb49
records/full_2026-07-06__rec_001187/review_round_2.json,18772,61dc49605760d77d27ccb61175210ac119c102846fbe8fb79e001e0879611fbe
records/full_2026-07-06__rec_001187/review_round_3.json,7844,413c8b5f4ffbf5a28a2acaf88d87e7a10900622ddfa8aa7e555bb2bfc2c8f67e
records/full_2026-07-06__rec_001187/sections/sec_0001.md,118,dff3695a01a5a800835580319f12b72d150e6783824e3af45a395774e6d5b12f
records/full_2026-07-06__rec_001187/sections/sec_0002.md,1635,7d6db8aafe271dc4fb3e50ad928fd0e046e10e03bb9ff5c0c055c5eb77325ecd
records/full_2026-07-06__rec_001187/sections/sec_0003.md,10035,ceb18fa9da41d1d08ba17adfebf73d01e14b7797f876c0e9371fb5eab19764d8
records/full_2026-07-06__rec_001187/sections/sec_0004.md,12,10ed80fa9ba26560ee8bdeaa261423961428238c12bd0b249dc775f4e1ab94f3
records/full_2026-07-06__rec_001187/sections/sec_0005.md,8946,db87fc59c327e30db15a7ecb2dc3144a527bd7e5505c4b6d297684cc26a93eb6
records/full_2026-07-06__rec_001187/sections/sec_0006.md,1212,fdd9193ec825e54ca4973047451488bd9ce8b5137d9e270a8d4e795d4c06bff9
records/full_2026-07-06__rec_001187/sections/sec_0007.md,8529,7597744cd8e9db8357a496cb282074145ba996b71dd6a8f7978dc12d7738c89d
records/full_2026-07-06__rec_001187/sections/sec_0008.md,1534,6e6d6c6c3864ffc0c19040689fd61c7657e50ac363e98dc3ff29a5cc2c22d456
records/full_2026-07-06__rec_001187/sections/sec_0009.md,2877,0568eae959618d914271ae4eecde528c0685c6066620790214f6d75eb2103586
records/full_2026-07-06__rec_001187/sections/sec_0010.md,2303,989b155f1349f668a291934f398cb56e339b9b397f6135ef84e2d11c9eac951b
records/full_2026-07-06__rec_001187/sections/sec_0011.md,9378,11a3e612bb0556d8e141cdd2fa349ae5054469ad8f326213f6ad9a68ee4e0a23
records/full_2026-07-06__rec_001187/sections/sec_0012.md,17067,16fc944d9e4179ac1630b3a347147c59cdf714a6fb6d00eea4e03ef9699d0d29
records/full_2026-07-06__rec_001187/sections/sec_0013.md,37,89900071ccaf1fb46af61a5a1533abc81711606b2bc8cc7acf5cd0257ce4ff32
records/full_2026-07-06__rec_001187/sections/sec_0014.md,1015,f5e9f433be678f813760cf97f2874f21681dea0439f66812d74b55ad6247b4b0
records/full_2026-07-06__rec_001187/sections/sec_0015.md,572,34e66e2f65104e232fd4fc2096942ad28c73c65cfaef1fbf02edd4813d40135d
records/full_2026-07-06__rec_001187/sections/sec_0016.md,12,8a1738add756712e5a41cc374211cabb52def667d38b57a2ec8acbd5745b4a3b
records/full_2026-07-06__rec_001187/sections/sec_0017.md,4177,d5b728eee8763284003d2019d5e294e17be8642e6d678248246e59ddb94265fb
records/full_2026-07-06__rec_001187/sections/sec_0018.md,1691,021aa327c90d3e73fbcaee2d55968b94feec142a7a6f6ec3dd5cd59542cfcfe5
records/full_2026-07-06__rec_001187/sections/sec_0019.md,450,799c77748679319ac3a9b6b8a7577dd2b81849c18bedb73076d9871aa306d410
records/full_2026-07-06__rec_001187/sections/sec_0020.md,674,abfc6667fc770deeae0dcbf1348e9cda7bbf367e30a987d0f45eb75b835eb25e
records/full_2026-07-06__rec_001187/sections/sec_0021.md,1023,9f37354d16adaf6f6ec6f14d9d19d4413998232faee2668723fa530d7741963e
records/full_2026-07-06__rec_001187/sections/sec_0022.md,904,3052667b777d4fe1db1e29f8150a9d8b2aa7fc835f3d8681d05a02f6e833a5e9
records/full_2026-07-06__rec_001187/sections/sec_0023.md,1738,fd1111c347a7e216c7afeda165113f35a706dceb8e65f1a41d4f5c88365088d4
records/full_2026-07-06__rec_001187/sections/sec_0024.md,2057,4c639901db3044c2cfd39661765bc9c7e225f08dccbeb57cb01f94b8cb63f28d
records/full_2026-07-06__rec_001187/sections/sec_0025.md,35,54d167025ed97d4e5c2a8d8b9a119c75433e39bc9c9bf907711a48fd10d4c69b
records/full_2026-07-06__rec_001187/sections/sec_0026.md,1401,8822f786276fd3637f2403d3b5188827535780dd47acdcabbde422fe02f678cf
records/full_2026-07-06__rec_001187/sections/sec_0027.md,507,7434528cab21349f4146b1c69d458f25ccd133375247de03c5e7e5a57ad8ea79
records/full_2026-07-06__rec_001187/sections/sec_0028.md,248,290fbe6a22d9c4cf5eb69ca7baa6189126e1a5baced2bc1671e5cd4edec3bc05
records/full_2026-07-06__rec_001187/sections/sec_0029.md,834,b3257fe9a1004d37bf657813f682c482ee1cb752c04253f0efc373662ed788c2
records/full_2026-07-06__rec_001187/sections/sec_0030.md,1133,ddb872d5bd25383cf60fe767cae7ca51c9775138e62dbe472e7ca468b234ca86
records/full_2026-07-06__rec_001187/sections/sec_0031.md,1346,9b0f95132676858494d0851658cbbc092a1e208cabbc1a1d485251b02a2f2ffe
records/full_2026-07-06__rec_001187/sections/sec_0032.md,534,9f5ea981610521675d75ab65b4ef6ff5fff2d322666f0fbadcf0202470c74246
records/full_2026-07-06__rec_001187/sections/sec_0033.md,13934,651e21a7de8c3c14d214e8fa0843332e848cc10450d762a59eed0884646fa13d
records/full_2026-07-06__rec_001187/status.json,3380,d2a5b44de04d00dfeccac719bda3be86f48772e314bb634608d8358ecf34fe2f
records/full_2026-07-06__rec_001200/assemblies.json,145973,918d5992796d26c475d454149b242e72146ecc278c66aaff95b77493b93ea512
records/full_2026-07-06__rec_001200/attempts/01_extract/meta.json,1692,04e26ca78be49f173aaafd3acc7fcd7d9cffddb18aa842f0f6700d61e50aabf6
records/full_2026-07-06__rec_001200/attempts/01_extract/output_schema.json,18153,fc4fd08860b2b19da00d319ef5a61b4493eede559424fa5e6129635e69da8656
records/full_2026-07-06__rec_001200/attempts/01_extract/prompt.txt,171551,62fb81ab902db687b2f5d1f1d975388ea83e6fc578cc41adde49fecd1d7d2447
records/full_2026-07-06__rec_001200/attempts/01_extract/response.json,50510,03b40454e6b2dc1f0fc75b2ca63ea2b84f360f2752fa29c8c9b828cb4dbdaee3
records/full_2026-07-06__rec_001200/attempts/01_extract/stderr.log,170,9e340ae332f7cb8314e1127a2bc72e580c25d1f024d18ea33fa268657aaca6d2
records/full_2026-07-06__rec_001200/attempts/01_extract/stdout.jsonl,54454,4351b79df011152f2495daba18b75dc08c2bc7535876e51c3b8c1ef5110cad14
records/full_2026-07-06__rec_001200/attempts/02_repair/meta.json,1690,deb5b73bf082d7344e0364694207636352f42480ea098bc391303d4fe7a6eacf
records/full_2026-07-06__rec_001200/attempts/02_repair/output_schema.json,18153,fc4fd08860b2b19da00d319ef5a61b4493eede559424fa5e6129635e69da8656
records/full_2026-07-06__rec_001200/attempts/02_repair/prompt.txt,226920,2a2ee3660bb89b5ccd3c8689307fc2052273778b2e90a36832451a8729e5ec3d
records/full_2026-07-06__rec_001200/attempts/02_repair/response.json,50515,bc1b7c9b78e0754dbf04b287d3820b0e3fa5d99b1671211b5f0b7685c353bca2
records/full_2026-07-06__rec_001200/attempts/02_repair/stderr.log,170,e2b3d23090b9cec4c4b69cfb70183dd079918cd5549c92237303463af0c4035b
records/full_2026-07-06__rec_001200/attempts/02_repair/stdout.jsonl,54987,c760ccb5b3f030b18d86b020fcd140ddafc845ab62eea2e08b37b186176e4c7f
records/full_2026-07-06__rec_001200/attempts/03_repair/meta.json,1690,b9965cdb78fb831266d2872d596f15642641ea2c28a4aa76318ccef10c5e1ab6
records/full_2026-07-06__rec_001200/attempts/03_repair/output_schema.json,18153,fc4fd08860b2b19da00d319ef5a61b4493eede559424fa5e6129635e69da8656
records/full_2026-07-06__rec_001200/attempts/03_repair/prompt.txt,224914,e016e93829652fbf33eccf933b17a0cb257324031952c0b3facbc41bfd80ae81
records/full_2026-07-06__rec_001200/attempts/03_repair/response.json,50475,0b9fb14447b86c428d0f468ddb0e527bdabfc150d4136bca845f3d63dabfa32c
records/full_2026-07-06__rec_001200/attempts/03_repair/stderr.log,317,60cc018ecfb610d76d036bfb2307b3e50ae66718e85f5dac0b3fd055217d9f25
records/full_2026-07-06__rec_001200/attempts/03_repair/stdout.jsonl,54428,898082187f30ad889d5a841e25076aa9492cdbb9a733c81311e9a3612f55296a
records/full_2026-07-06__rec_001200/attempts/04_review/meta.json,1691,e6c183314b5fd3201b3e5d3b7563d01250d24c3a719fa97c0ee569ec6436047f
records/full_2026-07-06__rec_001200/attempts/04_review/output_schema.json,2482,2f7fde6059c5725fd4066315b7082d9c732aec8fae93b90e64480ce47d95b8c8
records/full_2026-07-06__rec_001200/attempts/04_review/prompt.txt,176925,357dfdad66743cada985955fb9eff84f512a7a005151351ef5e257c87e8a9d38
records/full_2026-07-06__rec_001200/attempts/04_review/response.json,9775,40fe90b20f4779972d1e945c15fb733b71ada522aa66b6ee56ca65ae38c8d455
records/full_2026-07-06__rec_001200/attempts/04_review/stderr.log,170,8478e9910832f2a548f5f85faf258b7253ddd5b3fcc30ec4f1f2a326a560eec8
records/full_2026-07-06__rec_001200/attempts/04_review/stdout.jsonl,10606,47feea2263fbd8a5eb69a93409f2fc909fe7046005aff4341afc207e3b919384
records/full_2026-07-06__rec_001200/attempts/05_revise/output_schema.json,18153,fc4fd08860b2b19da00d319ef5a61b4493eede559424fa5e6129635e69da8656
records/full_2026-07-06__rec_001200/attempts/05_revise/prompt.txt,234336,155310c4ab0f540f40c36ef3d256f793f5810fa9b8062b8e36fd5f80e77b39b4
records/full_2026-07-06__rec_001200/attempts/06_extract/meta.json,1692,0e11a53dc4ad5c0a53c3a0c4e16a7ff04c1a7057b0d3012e12e12884686bdf84
records/full_2026-07-06__rec_001200/attempts/06_extract/output_schema.json,18153,fc4fd08860b2b19da00d319ef5a61b4493eede559424fa5e6129635e69da8656
records/full_2026-07-06__rec_001200/attempts/06_extract/prompt.txt,171551,62fb81ab902db687b2f5d1f1d975388ea83e6fc578cc41adde49fecd1d7d2447
records/full_2026-07-06__rec_001200/attempts/06_extract/response.json,61593,87596c9b0b4f724e90e6f2cabb389e84f2a821b14089b6fb2591683f5a9d45b2
records/full_2026-07-06__rec_001200/attempts/06_extract/stderr.log,170,f2d792a0c16a2dfa594f461ff0a7f9a0aea80eb6b359370422c03cee516bfd62
records/full_2026-07-06__rec_001200/attempts/06_extract/stdout.jsonl,66319,94e10acfa00d4aae98fd8ed9e9226a473f5eda8ef6a7f9a7aed36613f0f347d0
records/full_2026-07-06__rec_001200/attempts/07_repair/meta.json,1690,1d9e1c2e4bdcdf74a7fef80aeb4e4a82853413c03e83606739d14f7764ad868e
records/full_2026-07-06__rec_001200/attempts/07_repair/output_schema.json,18153,fc4fd08860b2b19da00d319ef5a61b4493eede559424fa5e6129635e69da8656
records/full_2026-07-06__rec_001200/attempts/07_repair/prompt.txt,239242,1c3589e4ffb7a57acca20f460973b2c47a2ca969ec04b039f00ebb74877c3b8c
records/full_2026-07-06__rec_001200/attempts/07_repair/response.json,61641,08c874f1276468ccef4c2a93a19f9884e860bb781553451759cced3166afc142
records/full_2026-07-06__rec_001200/attempts/07_repair/stderr.log,317,78af8e4390f3c2d43c41e29f7368f6a95eb062d197d5350af6e7d6ca929d6674
records/full_2026-07-06__rec_001200/attempts/07_repair/stdout.jsonl,66415,91e9a5c3db18e80b8f0da72658b553ba673be7a04c917254e95d36870e4e94c8
records/full_2026-07-06__rec_001200/attempts/08_repair/meta.json,1690,7934501e329f3b911ef61869aa6c990dbe47da8289f300a01d63f1c26b38515d
records/full_2026-07-06__rec_001200/attempts/08_repair/output_schema.json,18153,fc4fd08860b2b19da00d319ef5a61b4493eede559424fa5e6129635e69da8656
records/full_2026-07-06__rec_001200/attempts/08_repair/prompt.txt,236290,83b1520fd51d823f8941810ff26ec8d03bc331f9d40bc1a689852d2c5bc6edd6
records/full_2026-07-06__rec_001200/attempts/08_repair/response.json,62759,a543eb267e31e5e22a97fa1196eda741af74c0326ea31a8f488a6e29e5b0708a
records/full_2026-07-06__rec_001200/attempts/08_repair/stderr.log,170,6c176ff5daef26072db5e41dacdd035400c1e1a17d7d3029538dbd422f93a0d8
records/full_2026-07-06__rec_001200/attempts/08_repair/stdout.jsonl,67594,e0ca453d7b6ca9eef16b0199c7e8f19231d707f18eb3cc3f9a7fe5b00f9b5ced
records/full_2026-07-06__rec_001200/attempts/09_review/meta.json,1690,4780c166871e058636cbc6a4f609786b14b3be807e2c0ab827565f17a28db238
records/full_2026-07-06__rec_001200/attempts/09_review/output_schema.json,2482,2f7fde6059c5725fd4066315b7082d9c732aec8fae93b90e64480ce47d95b8c8
records/full_2026-07-06__rec_001200/attempts/09_review/prompt.txt,189711,d2a63fac0990138b5bf46eb7f955c4c9d281efabcd477910dd6052cf108caf56
records/full_2026-07-06__rec_001200/attempts/09_review/response.json,7470,1852dccab89d52c989cf11a59b8c401dd46351354cb277a60844990a3ae7cf18
records/full_2026-07-06__rec_001200/attempts/09_review/stderr.log,170,34b670a0ba6d621eb3799ef0216aa9e4040a1d387d28dd8e0afa84458b765af1
records/full_2026-07-06__rec_001200/attempts/09_review/stdout.jsonl,8242,fac07435f5f64c7a00c2c2923135c6e7721506836fd76706904589b49a8d265b
records/full_2026-07-06__rec_001200/attempts/10_revise/meta.json,1690,1eb5b007fa99df8c53596a0904459f287dfd4e77569a9d03f0580c724ff72c95
records/full_2026-07-06__rec_001200/attempts/10_revise/output_schema.json,18153,fc4fd08860b2b19da00d319ef5a61b4493eede559424fa5e6129635e69da8656
records/full_2026-07-06__rec_001200/attempts/10_revise/prompt.txt,244718,a96dcdc894e7035474b01a1aea768bc2aa1c13658610b969ad12b444fb81801b
records/full_2026-07-06__rec_001200/attempts/10_revise/response.json,76217,038ac86d5e87845df5e2ace5f4686941f97eb064766e4d4911f2f2650b16a37f
records/full_2026-07-06__rec_001200/attempts/10_revise/stderr.log,317,6c20af8809a809004b9f27979db53dc66a6456879c4c070d08765492ba400854
records/full_2026-07-06__rec_001200/attempts/10_revise/stdout.jsonl,82077,04eb3ad38a4ffd74c0e21b003b0ce1250b594034d6cdea8520a866085b997e53
records/full_2026-07-06__rec_001200/attempts/11_repair/meta.json,1690,067abfb68f3c3987146975d5b7f1e94f472b0a04d925b684daa5cc1e63c5fe7f
records/full_2026-07-06__rec_001200/attempts/11_repair/output_schema.json,18153,fc4fd08860b2b19da00d319ef5a61b4493eede559424fa5e6129635e69da8656
records/full_2026-07-06__rec_001200/attempts/11_repair/prompt.txt,251696,7064a096683fecbf55c4b9e527df0fb934e9e7106a1b99d3c296f68b00ff9053
records/full_2026-07-06__rec_001200/attempts/11_repair/response.json,76279,e3c7d7215be9906f31478a99c8cb420feeed439b09d71a121d16098cbb3f8008
records/full_2026-07-06__rec_001200/attempts/11_repair/stderr.log,170,7f9ba3ab86a883a05f4f2b44cc1e4ca0265803c59ce6d6fed2dcb154956b6b65
records/full_2026-07-06__rec_001200/attempts/11_repair/stdout.jsonl,82979,0f732a5a103633a1fdf9da915128d089281b9e838e22a67fbc2ee45f5e16e14c
records/full_2026-07-06__rec_001200/attempts/12_review/meta.json,1690,ccdd433f0611351e72d75db9af6487abf5343a93ac124a0725300946ac4db7a2
records/full_2026-07-06__rec_001200/attempts/12_review/output_schema.json,2482,2f7fde6059c5725fd4066315b7082d9c732aec8fae93b90e64480ce47d95b8c8
records/full_2026-07-06__rec_001200/attempts/12_review/prompt.txt,203763,e9c5c1414d1fc68e3edb72a0a863699b9694219ab15e6ef129b2c3b650942ef6
records/full_2026-07-06__rec_001200/attempts/12_review/response.json,2855,f090cd82a329ea05b69304b360b6631b22a4db73c389c49f818ec647e397dc01
records/full_2026-07-06__rec_001200/attempts/12_review/stderr.log,170,f71ce3d34614e7bd0de9170fc64045e627ffac480a3c1a427f74ef427ab37c79
records/full_2026-07-06__rec_001200/attempts/12_review/stdout.jsonl,3329,96f9ed635fc5b683e775cd000a038d4ab74e6379d5aabfd9306ffd36fd48739b
records/full_2026-07-06__rec_001200/attempts/13_revise/meta.json,1691,24b7138840ca830219f9c9b164f0062f4cc58a23fede38696e00912fd42ac4e6
records/full_2026-07-06__rec_001200/attempts/13_revise/output_schema.json,18153,fc4fd08860b2b19da00d319ef5a61b4493eede559424fa5e6129635e69da8656
records/full_2026-07-06__rec_001200/attempts/13_revise/prompt.txt,253684,5b956af176fc2ccf6079554bbaf483490758faf8b08203ac54639710167c65fe
records/full_2026-07-06__rec_001200/attempts/13_revise/response.json,88466,edda37c2225db2b1f62cf4ca32da526a201891aca629e13008e75f6ea8eefaf9
records/full_2026-07-06__rec_001200/attempts/13_revise/stderr.log,170,d53e633cc5cc3884a5916e74d127b4abfcbb17cb46fd4965c41994d9bbf0c7af
records/full_2026-07-06__rec_001200/attempts/13_revise/stdout.jsonl,189208,bad99aea14e736cf453ed20cc3e18f33b275c2218a48cb24dcda1c2268b6c2fb
records/full_2026-07-06__rec_001200/attempts/14_repair/meta.json,1690,caf5559922e2d97a43db66c7c05188608c8044db8fcbc955f892bd199ee75b81
records/full_2026-07-06__rec_001200/attempts/14_repair/output_schema.json,18153,fc4fd08860b2b19da00d319ef5a61b4493eede559424fa5e6129635e69da8656
records/full_2026-07-06__rec_001200/attempts/14_repair/prompt.txt,263934,325af8e432a811587200a59c92d489004eab4a96ecface8aed815a9361319140
records/full_2026-07-06__rec_001200/attempts/14_repair/response.json,88477,370df61789100f55e7c3db4af267c22b4e9dd66d4caa02d54094ea6cef8d2ee2
records/full_2026-07-06__rec_001200/attempts/14_repair/stderr.log,317,20ff2cdec40a521963eb8687c6682d8d25f9629e4a5908c6e8c92b8c5ffd4b5d
records/full_2026-07-06__rec_001200/attempts/14_repair/stdout.jsonl,95154,9d4662199912e287df588197e656048780cbfbca9e9475debbb281909d7164bd
records/full_2026-07-06__rec_001200/attempts/15_review/meta.json,1690,54902cf977c339887a8254effe76d35478456a2c13c558e5cbbf6e8913370e5e
records/full_2026-07-06__rec_001200/attempts/15_review/output_schema.json,2482,2f7fde6059c5725fd4066315b7082d9c732aec8fae93b90e64480ce47d95b8c8
records/full_2026-07-06__rec_001200/attempts/15_review/prompt.txt,216379,ed1258be8b000add3c8913b118c35adfbc0cdc85b4aad5e80ded55776fc7779f
records/full_2026-07-06__rec_001200/attempts/15_review/response.json,10217,16285e342d931b3cd92f8900d18aa1338dcbb53e3b3e15f92bf2aee00b922733
records/full_2026-07-06__rec_001200/attempts/15_review/stderr.log,170,5c3d14f4199e3cf670ba50ca4f583b5213dabd42dfff7fef067da2f8a85af97b
records/full_2026-07-06__rec_001200/attempts/15_review/stdout.jsonl,11047,c6ca9156b2de1b53cb22ad2ab3caab08ceec9d6ce9621165f10351cbc21a53b8
records/full_2026-07-06__rec_001200/evidence.json,50673,50a6bd796adc439d8c1d38514ebc3eba0551d38abe7201c0b5fa1ee89d62548f
records/full_2026-07-06__rec_001200/final_document.json,129845,cd7141e0e9f5f68f52f46d950216cb5fcf8c608106c0c06fe0d84897a59fa610
records/full_2026-07-06__rec_001200/packet_manifest.json,12769,9fbd17ac5dbd355175ad2fc2c64aab5cf8a025822bf36a5678927988d1802594
records/full_2026-07-06__rec_001200/review_round_1.json,8958,0fbb55e23557bb34f40eaaf787da5fd485125ae9fd13dff6b63a172db7e4eaa1
records/full_2026-07-06__rec_001200/review_round_2.json,3292,fd2e5f2c562b5a6601b94778e368950de449e406645d7094d3065b60654aad5e
records/full_2026-07-06__rec_001200/review_round_3.json,11851,d250f3242100a281c3a7941d8132c8cf2497f5eb4ce0a64d3f9322b2a8c7889f
records/full_2026-07-06__rec_001200/sections/sec_0001.md,822,c7b8bceabbe79c4ffffa4265f3897a02b3c16c6ea0b1fa2efc1f5376bbb01daa
records/full_2026-07-06__rec_001200/sections/sec_0002.md,1318,ce42654a7384c3b4d2338f783cf0a217b8981c9c408e641cb31dfae4e8273b98
records/full_2026-07-06__rec_001200/sections/sec_0003.md,3965,26f01fc9d431897a786dfa312fdb109761e179084299d886d78e775c6c0fe6aa
records/full_2026-07-06__rec_001200/sections/sec_0004.md,12,10ed80fa9ba26560ee8bdeaa261423961428238c12bd0b249dc775f4e1ab94f3
records/full_2026-07-06__rec_001200/sections/sec_0005.md,5645,6837d8fc737295401fb0a6611946920199722c50ae2c1c317afc9e13c94dc8c0
records/full_2026-07-06__rec_001200/sections/sec_0006.md,6494,8160b3c37af22b174b3336834a63862570781fb5bbc836e533a04b9975f4ef84
records/full_2026-07-06__rec_001200/sections/sec_0007.md,7644,341f0c4abdabe7b402daa4455a23863600511f675dc18d49e7a184027ac71895
records/full_2026-07-06__rec_001200/sections/sec_0008.md,5013,e134ac13d9bb0381eb4987527d11809220600351c5e771333de7a6036de47653
records/full_2026-07-06__rec_001200/sections/sec_0009.md,4007,c7758b8ac7bc0f0c24853bfc739892bae8996eb8a28040d731da8bf5c1a9ca15
records/full_2026-07-06__rec_001200/sections/sec_0010.md,9768,8a40b6a162dc432dfa75a0fc2f101765335a57138d159da82cd5e4b851b9736f
records/full_2026-07-06__rec_001200/sections/sec_0011.md,5366,f8672326fb74cb7f4f07a9e253b7dd4a798a2d8adff3c03b4476e19be1cfffa6
records/full_2026-07-06__rec_001200/sections/sec_0012.md,12,8a1738add756712e5a41cc374211cabb52def667d38b57a2ec8acbd5745b4a3b
records/full_2026-07-06__rec_001200/sections/sec_0013.md,38,53d2281e747e5a41d2cf56898bd60ba477ceb7ca5e21da18a22bc9471f1865a0
records/full_2026-07-06__rec_001200/sections/sec_0014.md,363,047c68f04b3597dc1ac3d8f3996d53511b7c4738cbdf9dac034008420555bff4
records/full_2026-07-06__rec_001200/sections/sec_0015.md,733,4c50deeb4d6015d3ff68ea21e4d4ac386bdcad3ad507423351bac762d71e71f0
records/full_2026-07-06__rec_001200/sections/sec_0016.md,318,81d1a3fe3e648f3d15892fcfdcfde7516a2384135590f11801b4ab2f0a458e84
records/full_2026-07-06__rec_001200/sections/sec_0017.md,1158,2063a4757a89b398b71fa2053595c66222588f57d5c26456d9bdd02ee0282611
records/full_2026-07-06__rec_001200/sections/sec_0018.md,389,06425669e6427157fe657c62283f8c3aa1dfcc2c8e9045a1ff5c15e626f9a0d4
records/full_2026-07-06__rec_001200/sections/sec_0019.md,1028,bc4f2a3863da661635f863a2c43252eede6ddb44633c0005e715606a54d8ab86
records/full_2026-07-06__rec_001200/sections/sec_0020.md,359,c984cb2f62062b232416aeb352896742ed9a824234972ca99559ec75cd627bb5
records/full_2026-07-06__rec_001200/sections/sec_0021.md,1299,e51b17ad98c6f0ddd9ace8f33ca4bacccc872c446f6f0fb8c524b2026fdfc1d8
records/full_2026-07-06__rec_001200/sections/sec_0022.md,1354,f1c758239644dd09b0082c06c80305881d495fde8920f1de7e72a99b66a59b83
records/full_2026-07-06__rec_001200/sections/sec_0023.md,265,2244e44e73170fcad984aa6f0fc24fe4d85f84ef4963506e095a9424e7a0d5b5
records/full_2026-07-06__rec_001200/sections/sec_0024.md,36,0e381db12dec25f5154c9b07680c80a7e8e396f5fd46bd585b4e20658e31ce66
records/full_2026-07-06__rec_001200/sections/sec_0025.md,1354,ab839668062dfc3906bed3b55c5cdb12a16cd2558afcd2cee5b61949f865d9d1
records/full_2026-07-06__rec_001200/sections/sec_0026.md,2029,90241b483d84583aae3a936efd22defd2d576a8307c1977d5e8bcd06529b058f
records/full_2026-07-06__rec_001200/sections/sec_0027.md,655,f67b4c38a3e898107db893092271ece1af77c58e045a594709141a8322ea6bd1
records/full_2026-07-06__rec_001200/sections/sec_0028.md,1109,6db2afacaefb3cdfb913bff10d1736e64bbc2c6456233d1638fc436a0a574357
records/full_2026-07-06__rec_001200/sections/sec_0029.md,132,9f287ddf4ebdf0f19f20c8defcb923735e2eabcb3e3e8485ef2f3738c56e76f2
records/full_2026-07-06__rec_001200/sections/sec_0030.md,933,82501c33bd01308527d147aa0b49760ed7df4a70cd5c35fd9fe174465edebd9b
records/full_2026-07-06__rec_001200/sections/sec_0031.md,625,b91cc6f77c4402c63a0ce13404eeabd3b5552c3b3ed9babcd44ea0e012e4c64f
records/full_2026-07-06__rec_001200/sections/sec_0032.md,744,9ad276b2f2b5b12548b1e1aee356821022003dfb999360a7cac7072678c853d2
records/full_2026-07-06__rec_001200/sections/sec_0033.md,321,96046801bb5d17a6f926fe7f0f93f572feb26da3fa85b2f5895df0b39c727e87
records/full_2026-07-06__rec_001200/sections/sec_0034.md,881,d27244c864ef44d2856c6cb0e051494006fed9216af4ad12f1ac3d1601568f50
records/full_2026-07-06__rec_001200/sections/sec_0035.md,2215,625d10ffc6b7f6db93e41b46e244b1635576a93b1a7c09081fe1baa5c1bfd6b0
records/full_2026-07-06__rec_001200/sections/sec_0036.md,1291,3d97554ebfb4f198e8c542f906434a15f1ae7ec1ff51727d56ad9b28f271629c
records/full_2026-07-06__rec_001200/sections/sec_0037.md,913,3e3c3b02d196863cf257f7426606b214fee016793d936c93767c525254d29ab1
records/full_2026-07-06__rec_001200/sections/sec_0038.md,465,8fb06656cf9615f34b6036b082ae5ec8ec6a6f49eb1a6605f7b17270303cecf9
records/full_2026-07-06__rec_001200/sections/sec_0039.md,587,d645b483abefb6f4f8a4fc474d55bbcbc6f71db05858b1644cc84cd4cfa80a98
records/full_2026-07-06__rec_001200/sections/sec_0040.md,432,253e3a8c29fa33ad909b581ea2d40d1999afc8e9a743d615a0d62dfce5881180
records/full_2026-07-06__rec_001200/sections/sec_0041.md,1101,4496bd868f2dcc833616ae1717d462ed5c903493766a98dd6f02327fa2c8b371
records/full_2026-07-06__rec_001200/sections/sec_0042.md,459,9cd0bc1a12c1485ef2f21d72bbc48232cfd39db6f8b2a981de93474a4f359626
records/full_2026-07-06__rec_001200/sections/sec_0043.md,72,77c95737da53a25f5fd696a04e4a0c96aa6ae176a4f75e78e8d7da367ed229ba
records/full_2026-07-06__rec_001200/sections/sec_0044.md,579,4749097dca1a674414f305153ced2a668e7911a3d37a2da27d434c7050b30428
records/full_2026-07-06__rec_001200/sections/sec_0045.md,96,07175c94adaf254b4cd4bb8415f292fea63e0bf3d270efc806022e804a9eaf02
records/full_2026-07-06__rec_001200/sections/sec_0046.md,529,ada8c40735f753f230e5871fdde5a6592adace4b57833742ba26eca8b3de75e8
records/full_2026-07-06__rec_001200/sections/sec_0047.md,522,dc304ae28bd5cebd7d7ec2dd95dc97a6803def0743fdd26b12ab457a7b50358b
records/full_2026-07-06__rec_001200/sections/sec_0048.md,86,fce8b1d95dc25aeefb32e952c4a80181bd0f2543ffbd150e01f4dcbddd5b2fed
records/full_2026-07-06__rec_001200/sections/sec_0049.md,24,4f8ab1ebdac3b417f9bddde1e52ee776c4b8a0f881810e4203228596809be253
records/full_2026-07-06__rec_001200/sections/sec_0050.md,65,dbcbcdebd630a57037f941e59c1b3b7751537c4e1239db57b69069a589ba5519
records/full_2026-07-06__rec_001200/sections/sec_0051.md,16515,5ccf9e3650e487eb59e7b237f06b16773ae3ccf590bc810a97e4627b0d5db096
records/full_2026-07-06__rec_001200/status.json,3346,bf86116a1dbd0a9594ed4174020dcffd50bd61c04c1c76a667b2c32fb8ede690
records/full_2026-07-06__rec_001218/assemblies.json,178707,7f6b3bb1c87a05233eae519c9e2106ceaaf08602364276205eebb5504d1d4311
records/full_2026-07-06__rec_001218/attempts/01_extract/meta.json,1693,bd36355688e558c302317f8b342aa41c7988060235cc1ea8be69880640e8c954
records/full_2026-07-06__rec_001218/attempts/01_extract/output_schema.json,18153,fc4fd08860b2b19da00d319ef5a61b4493eede559424fa5e6129635e69da8656
records/full_2026-07-06__rec_001218/attempts/01_extract/prompt.txt,163595,d7bd64380d4931544d97f228eab2f1a09107457c3897359d2a6e55bb59628157
records/full_2026-07-06__rec_001218/attempts/01_extract/response.json,79994,d9e765620bad6406c86b3c01b874732b925b049e5261896d560f674851e1306e
records/full_2026-07-06__rec_001218/attempts/01_extract/stderr.log,170,d2685c9c4c7ae954bd4981eef79d9b80ef666e2e785a9452ba49f4b3cadfe6d4
records/full_2026-07-06__rec_001218/attempts/01_extract/stdout.jsonl,87702,4bceebdb0b4ed2be53bcb9611335780b372af37910aafedca3f862c1d4d10707
records/full_2026-07-06__rec_001218/attempts/02_repair/meta.json,1690,c35f0ec0440ec781e3051ed71184874030ecc53c441769d49bc275c7e1d271c6
records/full_2026-07-06__rec_001218/attempts/02_repair/output_schema.json,18153,fc4fd08860b2b19da00d319ef5a61b4493eede559424fa5e6129635e69da8656
records/full_2026-07-06__rec_001218/attempts/02_repair/prompt.txt,250746,e72adab7d6fb4e20c27281ab82589ee73ba1d40e80fb21b13d8fb6405c609a77
records/full_2026-07-06__rec_001218/attempts/02_repair/response.json,79680,19c49ba06afa2bc6ddbe9fd9e44560f7a2b2b97842e7f37c1feb01fa482f10e2
records/full_2026-07-06__rec_001218/attempts/02_repair/stderr.log,170,2e87d101239e9a97e977fe004e91d6f015b5615c21800d40c1e946de9e4d99c4
records/full_2026-07-06__rec_001218/attempts/02_repair/stdout.jsonl,87370,d8a48ae352a9e73c98fd1508e28447534622759fe937625b08ce5d6ac73854de
records/full_2026-07-06__rec_001218/attempts/03_review/output_schema.json,2482,2f7fde6059c5725fd4066315b7082d9c732aec8fae93b90e64480ce47d95b8c8
records/full_2026-07-06__rec_001218/attempts/03_review/prompt.txt,200265,904743366e8fedc3b3ed3b40c3be5aaddff1e6aad0bcc8ab7911cf7283bdf30a
records/full_2026-07-06__rec_001218/attempts/04_extract/meta.json,1693,d47680014d8a280fcc5cb5caa3f463c327bf992f7ec9f50a426d84cabf99fe94
records/full_2026-07-06__rec_001218/attempts/04_extract/output_schema.json,18153,fc4fd08860b2b19da00d319ef5a61b4493eede559424fa5e6129635e69da8656
records/full_2026-07-06__rec_001218/attempts/04_extract/prompt.txt,163595,d7bd64380d4931544d97f228eab2f1a09107457c3897359d2a6e55bb59628157
records/full_2026-07-06__rec_001218/attempts/04_extract/response.json,80736,7fa5af426f1e1e2bb2bf0651dfaa534c34350d58a3b88007cbaa0dc725aa09b9
records/full_2026-07-06__rec_001218/attempts/04_extract/stderr.log,170,e0c9c39fb62e48a272d3e88a7a63a611984471ac75c58fa32fda05f555bc013c
records/full_2026-07-06__rec_001218/attempts/04_extract/stdout.jsonl,88308,e77f2849882ac20f0b59bfa9fe1ca8279f24851d572fe5b0c88e2df0540f487b
records/full_2026-07-06__rec_001218/attempts/05_repair/meta.json,1691,0b918b5e0027f3ce9b9797ca59bcf0575718988c0a41dc2f3f1a54ddec8b1a20
records/full_2026-07-06__rec_001218/attempts/05_repair/output_schema.json,18153,fc4fd08860b2b19da00d319ef5a61b4493eede559424fa5e6129635e69da8656
records/full_2026-07-06__rec_001218/attempts/05_repair/prompt.txt,256375,e64f4ad8bd61a32db273b14eccc49fb628b0c8b0b27f9dc9e34c37353e227f98
records/full_2026-07-06__rec_001218/attempts/05_repair/response.json,81894,7f98a931b3dc15a7ff9f4d0cafd4afaae7b19b340de2fed2320c4153d3cc682f
records/full_2026-07-06__rec_001218/attempts/05_repair/stderr.log,170,0d780ffd4e054c65f36b29d240a435a5ee1149286ba953621d583bbcba57d521
records/full_2026-07-06__rec_001218/attempts/05_repair/stdout.jsonl,178773,2b8224891b48349d55a62d7cd468bec4e1c0dec87866ae33eacb7c84bed1952b
records/full_2026-07-06__rec_001218/attempts/06_review/meta.json,1690,c60ecc75d8a03b8b21dfd78f5ff412672d3d4fb07616168b2f6c1176cce50b3d
records/full_2026-07-06__rec_001218/attempts/06_review/output_schema.json,2482,2f7fde6059c5725fd4066315b7082d9c732aec8fae93b90e64480ce47d95b8c8
records/full_2026-07-06__rec_001218/attempts/06_review/prompt.txt,202429,1a7179853b7ef19b6f179b0b92c8d3e67907a0c1e8e0de9a91d10a83b32b7b37
records/full_2026-07-06__rec_001218/attempts/06_review/response.json,9035,0652dab1071af0ec0840c05a063e3fadc9881bbe3fb6636d98b41c15c6883b36
records/full_2026-07-06__rec_001218/attempts/06_review/stderr.log,170,81a65a12a17261a104988e275c4612deb0268291bb05227f20db87b576645e86
records/full_2026-07-06__rec_001218/attempts/06_review/stdout.jsonl,9954,870188cde7abe15f8036eb96aa8e0a5fc6b2b500784ee592cdc6d3f7532051ef
records/full_2026-07-06__rec_001218/attempts/07_revise/meta.json,1691,74a80399c9664fc9661b67558e04462e803dde676dde662b4c99a75606b4abc0
records/full_2026-07-06__rec_001218/attempts/07_revise/output_schema.json,18153,fc4fd08860b2b19da00d319ef5a61b4493eede559424fa5e6129635e69da8656
records/full_2026-07-06__rec_001218/attempts/07_revise/prompt.txt,259356,bbdbd3113108d3b74441fe4fe68165f1b10698d3b3c5e19beb09b9a918649bee
records/full_2026-07-06__rec_001218/attempts/07_revise/response.json,128693,f860d0817447c3628c9df0af487cd9ca7f7491608985941bc76cecab7841a4c7
records/full_2026-07-06__rec_001218/attempts/07_revise/stderr.log,170,06fe796f1573fb46e9304b290ef6527833858b64232423ec8753a907d9687918
records/full_2026-07-06__rec_001218/attempts/07_revise/stdout.jsonl,140895,5a4bf0a1db4a7cb57c6329c49fe2729023a7917c22727d4df9cf62742c9c01d5
records/full_2026-07-06__rec_001218/attempts/08_repair/meta.json,1690,d403eb2fda19e2a9e4aeffee5ffaebd432bc2ec5e21a2b9734b4e5d44e1c36c4
records/full_2026-07-06__rec_001218/attempts/08_repair/output_schema.json,18153,fc4fd08860b2b19da00d319ef5a61b4493eede559424fa5e6129635e69da8656
records/full_2026-07-06__rec_001218/attempts/08_repair/prompt.txt,300034,1379840839da872d8021c416c85061f1cb06eefeb663c3a1eee746c6ca78549f
records/full_2026-07-06__rec_001218/attempts/08_repair/response.json,70495,4f2734882e0ab2fdabf82cf78fb7f81d71cfa3788ff96760b2a2b9b0629137ec
records/full_2026-07-06__rec_001218/attempts/08_repair/stderr.log,170,4746c34a6caed05902efee105b3262dc204ec6fdac2e46e033a50e2dca558bcd
records/full_2026-07-06__rec_001218/attempts/08_repair/stdout.jsonl,78062,f4f8e26aebc88f9638de8c033c642941e03aeaaf9cf79eeb0a431e65999026dc
records/full_2026-07-06__rec_001218/attempts/09_repair/meta.json,1690,8702ead88d5e34c6326f2d3914f1022b133f15c9e38471fe0bf7b983f81485b1
records/full_2026-07-06__rec_001218/attempts/09_repair/output_schema.json,18153,fc4fd08860b2b19da00d319ef5a61b4493eede559424fa5e6129635e69da8656
records/full_2026-07-06__rec_001218/attempts/09_repair/prompt.txt,238167,de4a6b1a619c87018e2504fc483e9ab5aec85e84953b9a8817423ea376af31b9
records/full_2026-07-06__rec_001218/attempts/09_repair/response.json,70441,98d185f6f50058565a042fc1a091425cae7ca6ce54516bbad539a6addace6788
records/full_2026-07-06__rec_001218/attempts/09_repair/stderr.log,170,1c6af6e68767610d1d695fd50002c63202fa1132c7fa04f9158ec064bd43b699
records/full_2026-07-06__rec_001218/attempts/09_repair/stdout.jsonl,77448,8eeac3134e03fd7bb1527b0d9564a8a2de29f39dd870eb464985f2f08f52a40b
records/full_2026-07-06__rec_001218/attempts/10_review/meta.json,1690,7ba8886da03e2dc7f18fc22042917cbec8f6e0e73c4fdd183380674ef53effc1
records/full_2026-07-06__rec_001218/attempts/10_review/output_schema.json,2482,2f7fde6059c5725fd4066315b7082d9c732aec8fae93b90e64480ce47d95b8c8
records/full_2026-07-06__rec_001218/attempts/10_review/prompt.txt,190615,33574f792d060761782a4dfe7a213691f9acbc0b2ed8b931ffef8e741645e1fe
records/full_2026-07-06__rec_001218/attempts/10_review/response.json,12800,220a21b1936c50fb4759bcdd0fe49ca3b5605670b925649061121af0d95dc294
records/full_2026-07-06__rec_001218/attempts/10_review/stderr.log,170,af12563370d2f413bf01673776effb1dbeff936b4f71207fc4df70bb36b7e994
records/full_2026-07-06__rec_001218/attempts/10_review/stdout.jsonl,13911,5eb578a0b0b864d6458e9459d4276424fc94d252a0633cde4ff8c8fe299c8189
records/full_2026-07-06__rec_001218/attempts/11_revise/meta.json,1691,f3aaaca28345743edbbff87d2e781884d54b5e9e2b9dc546c184872244ef1605
records/full_2026-07-06__rec_001218/attempts/11_revise/output_schema.json,18153,fc4fd08860b2b19da00d319ef5a61b4493eede559424fa5e6129635e69da8656
records/full_2026-07-06__rec_001218/attempts/11_revise/prompt.txt,251583,fbcde79c48255fe9372f64dbdb4f4511f68909fc1a4112289016099383e0ba72
records/full_2026-07-06__rec_001218/attempts/11_revise/response.json,98375,a9d4e47d08f0d4ffb009d4a98f0914c14a827911d8f43256f4689cd67792d643
records/full_2026-07-06__rec_001218/attempts/11_revise/stderr.log,170,c34cf8b72b159b7eed09fe8220c460cee0ac960d0cf6f7b5520356a5f3f9b02f
records/full_2026-07-06__rec_001218/attempts/11_revise/stdout.jsonl,107653,3f4b332d1b97afc8eb139b3e11f2ac460c9dd007bb5f947f30ff756ba674b2d0
records/full_2026-07-06__rec_001218/attempts/12_repair/meta.json,1690,b23141ffd5451afa33f8720b48e1326f670958aa19c269fa188b8d9e3fff94a6
records/full_2026-07-06__rec_001218/attempts/12_repair/output_schema.json,18153,fc4fd08860b2b19da00d319ef5a61b4493eede559424fa5e6129635e69da8656
records/full_2026-07-06__rec_001218/attempts/12_repair/prompt.txt,270431,f77c80ff5f4165cd0a4846eb464cac4cb270a75e2d75338f1a1088909595b4dd
records/full_2026-07-06__rec_001218/attempts/12_repair/response.json,97698,773d5e6fdad11a7888ccc0d1c9e519b5757a913ec6929f58f03cc295cfa1de58
records/full_2026-07-06__rec_001218/attempts/12_repair/stderr.log,170,f5dd38e05764f7419055e52fa96de5706c8002ea199f2cbfcc9a9bca159926e0
records/full_2026-07-06__rec_001218/attempts/12_repair/stdout.jsonl,107611,4182ade10c1a7d935a1a47266731222e7ad10772980be8d218fa381a115ba057
records/full_2026-07-06__rec_001218/attempts/13_repair/meta.json,1690,30ac1ec1ec485a8d15627a6fa463da4aa4722aba59298b5518e973c122604c3c
records/full_2026-07-06__rec_001218/attempts/13_repair/output_schema.json,18153,fc4fd08860b2b19da00d319ef5a61b4493eede559424fa5e6129635e69da8656
records/full_2026-07-06__rec_001218/attempts/13_repair/prompt.txt,267362,359881e2a9f92924729695a23d72941f973b1ab6e98ea3306cba99936aedf17e
records/full_2026-07-06__rec_001218/attempts/13_repair/response.json,98198,7679bde8d9d3aaf3b58417a0a38301482458e3c75063744b7797d684adc0c292
records/full_2026-07-06__rec_001218/attempts/13_repair/stderr.log,170,c22f798e12e016df39550a943fbe81199c288e30c633f08035b3afde151f805a
records/full_2026-07-06__rec_001218/attempts/13_repair/stdout.jsonl,107455,dc984ddac313657adbcaad94f1c2e78fec526410fad5de230244aa19b196b0b8
records/full_2026-07-06__rec_001218/attempts/14_review/meta.json,1690,46335beea9f4d6b678235847fbde180ff418a7db31fb02510de636c28179c6ba
records/full_2026-07-06__rec_001218/attempts/14_review/output_schema.json,2482,2f7fde6059c5725fd4066315b7082d9c732aec8fae93b90e64480ce47d95b8c8
records/full_2026-07-06__rec_001218/attempts/14_review/prompt.txt,219612,fe572d3e6234d48ca9cc7fd0e13222c1ca9d95f0212eff7eba6bcd0836327a46
records/full_2026-07-06__rec_001218/attempts/14_review/response.json,11726,6dad76211482841e427733c891e3a990c1b841fe7d6023c8f0973236cc0709dc
records/full_2026-07-06__rec_001218/attempts/14_review/stderr.log,170,19fe112306c76e89e61c0542f91d33cf686785ed266db248eb058b5d21044871
records/full_2026-07-06__rec_001218/attempts/14_review/stdout.jsonl,12791,3e70798943246fe60d2a3013a3991209f542077b444f3f1f5a9ce3861624e0e3
records/full_2026-07-06__rec_001218/evidence.json,56193,ea3d322aed810f7e905bb01453b32ec85082d462d5d72b0074032152d4a992f0
records/full_2026-07-06__rec_001218/final_document.json,160920,456d291f2852ecd0147db5594930b665e5751fdbcd9f635caeb3733aca40d001
records/full_2026-07-06__rec_001218/packet_manifest.json,10312,358881ea2103c5230c6dab6bdc5461084594d19868078b2244fb3ebd49144d03
records/full_2026-07-06__rec_001218/review_round_1.json,11066,5068b9c18d22e6db366dcd35268aae3a4447cfd53102143c05f8e47f2011c809
records/full_2026-07-06__rec_001218/review_round_2.json,15501,68e0f1eb694ff07eadb9b3a9c3a62f0dfc352dc1e1f2a9bbcf6f0d8ebc5caacf
records/full_2026-07-06__rec_001218/review_round_3.json,14246,39fc27871cfacc415104af0ac4340dfed78348dde51f73c59f8f7e9a2e93fc7d
records/full_2026-07-06__rec_001218/sections/sec_0001.md,295,f078f9c5f3ddbd5d59a504d015888d7d109c00fbfd9c18e4d9c96b79582fff2b
records/full_2026-07-06__rec_001218/sections/sec_0002.md,1360,bf14f1b5b3458310a7b2294e0bb0373b291eedde2d0a27123a4d331304ad8bcb
records/full_2026-07-06__rec_001218/sections/sec_0003.md,4469,46fd18899e111905865253b2f46439a22bd379d6848d39b6152119b56809ca56
records/full_2026-07-06__rec_001218/sections/sec_0004.md,4357,573f6b90aab69936506640086b56d7c49a59d65ce5b5d0eeef18ec1dd2520698
records/full_2026-07-06__rec_001218/sections/sec_0005.md,13,129446328f81de65e25d6569b6fc2cff0c5745cfc0c87f807a02f3350ffc5909
records/full_2026-07-06__rec_001218/sections/sec_0006.md,1046,4e37e54e098384676e50e27921101cfb63600e8af34863207e35e45c781acfa6
records/full_2026-07-06__rec_001218/sections/sec_0007.md,5064,b02636f14aaa1cffc7a3ab831d596a08afb30f710092556dc5cb8ddec2b23e43
records/full_2026-07-06__rec_001218/sections/sec_0008.md,2564,edf0738a3ba8ef06ecb05b5688cf19a358bb8ef9a8e522c680a058e2bef46e66
records/full_2026-07-06__rec_001218/sections/sec_0009.md,4494,2cd1e5ba5f9779b206f391175a390a9a6aa81f296dc5a8e61bd840a4ee6d57ca
records/full_2026-07-06__rec_001218/sections/sec_0010.md,320,de75f59d186e1dfbb8ec542c671362ebb90cab20354a91929a92627709a27ef4
records/full_2026-07-06__rec_001218/sections/sec_0011.md,18,6184215ae83ba4668481357ca6bbf17b212a3ef66d9cb1fc2a500953eae5b70b
records/full_2026-07-06__rec_001218/sections/sec_0012.md,4103,84364e90812cca5c37f045da5e7c779145395900076056d7022730d8e5ff08ac
records/full_2026-07-06__rec_001218/sections/sec_0013.md,1664,ff70f3cd87f1a84663c07ada95b26d87bcc7a8342fa9f75be66333439c2020c0
records/full_2026-07-06__rec_001218/sections/sec_0014.md,528,1b92f67d0446df2656f127c5a92bade6447246007c2fbbdd841aa978e46302b5
records/full_2026-07-06__rec_001218/sections/sec_0015.md,5454,380117e2bd9f8001ca68cc96db466c8dd991af05cf499e54f74dbcbca3c5751d
records/full_2026-07-06__rec_001218/sections/sec_0016.md,1922,be99ba8e7199b1d9cbf4a735464e1821afc8f828ed13889d3645a3e99d84cb32
records/full_2026-07-06__rec_001218/sections/sec_0017.md,735,335d40256547a5e2e6aff4e054b0e808f7dd0cc6d32f81ccd3411905e39b2147
records/full_2026-07-06__rec_001218/sections/sec_0018.md,19726,296836d9290313d429d248a853fef1a13c1ba11e2e7961efab9a28b2a18d2d27
records/full_2026-07-06__rec_001218/sections/sec_0019.md,1107,b07775d2395642bae86ef58af273a6aec8049c0249b0c2bb289e21695e1f367c
records/full_2026-07-06__rec_001218/sections/sec_0020.md,695,de7a37b7f40fdf07c842b076742ca1c442a767d849027757f384a4ae85ca00c4
records/full_2026-07-06__rec_001218/sections/sec_0021.md,1545,b30032f82f6ed9d4e5acaa9dc9783fded54ba897903d2a0e31e8297f09279e44
records/full_2026-07-06__rec_001218/sections/sec_0022.md,15,35ea9d70d4c32ac2f9e18d9da3c32eba3c7fa3728c6800906b54c3dcb2b32bb0
records/full_2026-07-06__rec_001218/sections/sec_0023.md,1690,265e280abf4c13f12549dae754f7c043a06951c6b77a5b9433e7c33c523944d2
records/full_2026-07-06__rec_001218/sections/sec_0024.md,590,1d4fd3b3d83c2872b90bad59bfb4bb30f534c80f0447e46ce5b6ded5f0c57381
records/full_2026-07-06__rec_001218/sections/sec_0025.md,908,4e6f69a59fd71dddd08033aaf5fd0697499eac88fa2e4d358ad79178f0977258
records/full_2026-07-06__rec_001218/sections/sec_0026.md,462,3a62dfb5beb1990faaffae548293fc3166bfad9d7370c3a3db54b9bf4c62321a
records/full_2026-07-06__rec_001218/sections/sec_0027.md,717,2e8b05695bee422412d2a31790eba7f9246de605953013caed714273b2aa8556
records/full_2026-07-06__rec_001218/sections/sec_0028.md,857,d9e66235bc2c518a972a9ace9da036431090f6d696ec35507e965f5a1dbc117b
records/full_2026-07-06__rec_001218/sections/sec_0029.md,702,56f205e82faaa033fa5143b7f5d8d428c6e5066af0e404c91d44ec48a30c5a0e
records/full_2026-07-06__rec_001218/sections/sec_0030.md,16,9904d0ff803c87365be95c05d3141e0061f94bb390247f741c4de9f3760d7b06
records/full_2026-07-06__rec_001218/sections/sec_0031.md,3605,576024b4da794458071268af9a6cd7b4279194c5e2e20ed138d30806bb2ae6c7
records/full_2026-07-06__rec_001218/sections/sec_0032.md,4442,b48da35e691bf8531025356f0cdcceab24e87a942ee6652e92aa4c667fa3a399
records/full_2026-07-06__rec_001218/sections/sec_0033.md,1348,e3381b51c1ddc8b6555ba1931bb709e676232c46d9bc0e01a10f5b24656a88d4
records/full_2026-07-06__rec_001218/sections/sec_0034.md,27,174f78b9698c0936eae522df2b2bfcda22f01ba121b5866bda514252d97a2414
records/full_2026-07-06__rec_001218/sections/sec_0035.md,407,955efbf57431a4f7acf681ea6105519f87089a048c791bd7bc4207bf0cb46fb6
records/full_2026-07-06__rec_001218/sections/sec_0036.md,1733,28aa8d0383790c1c2517b1f2b8a0363e9b78b1ec9ce429426b9d3ebfd7b0175b
records/full_2026-07-06__rec_001218/sections/sec_0037.md,1472,90627b15a8ac541ee75e6088965c70c2018cdfd8e80b16087aecb2fe00e551e3
records/full_2026-07-06__rec_001218/sections/sec_0038.md,972,7acef2c61ecbf750960a9162e9f40b9ef8a8f851c8c60f85c703a3a0c4bae45f
records/full_2026-07-06__rec_001218/sections/sec_0039.md,1591,a70da9031c2da6cc98c21b3e3069e01220ae56f8576cfa6f2990c74f1af91ed9
records/full_2026-07-06__rec_001218/sections/sec_0040.md,2069,a4f4a2eb287fc3f0bd2f2e8da297a06bbdf46014af7256da8871a462929be856
records/full_2026-07-06__rec_001218/status.json,5208,a804ed939859042fa51c076ac30001dcf67d89d7a41df75845040bfae9f43454
records/full_2026-07-06__rec_001277/assemblies.json,193445,8f76241798aead61c6588881587e58e3ea56cf012624832987b23d3485bc34a9
records/full_2026-07-06__rec_001277/attempts/01_extract/output_schema.json,18153,fc4fd08860b2b19da00d319ef5a61b4493eede559424fa5e6129635e69da8656
records/full_2026-07-06__rec_001277/attempts/01_extract/prompt.txt,191343,f0a6b1f5e82305310b229f4d0f2f2ec3d79ab7554a9606026b3d81007ab88d3f
records/full_2026-07-06__rec_001277/attempts/02_extract/meta.json,1693,2b3f15303d67a1773ca38ee6c30289beee950e2105cd91c330e32a6abf56c63a
records/full_2026-07-06__rec_001277/attempts/02_extract/output_schema.json,18153,fc4fd08860b2b19da00d319ef5a61b4493eede559424fa5e6129635e69da8656
records/full_2026-07-06__rec_001277/attempts/02_extract/prompt.txt,191343,f0a6b1f5e82305310b229f4d0f2f2ec3d79ab7554a9606026b3d81007ab88d3f
records/full_2026-07-06__rec_001277/attempts/02_extract/response.json,54296,d8b016b058b08b842ca0cf11396edb2e777774d7cb3e3e319daff0c4dbb1c878
records/full_2026-07-06__rec_001277/attempts/02_extract/stderr.log,170,30684da7c7bb7205a315eed82b5cb2bdea04039b05f762853c91d6aa6c4e1197
records/full_2026-07-06__rec_001277/attempts/02_extract/stdout.jsonl,110386,02480cf3459cda891a64c81e27bc11b972274cb175e0cf45b2d3913012119002
records/full_2026-07-06__rec_001277/attempts/03_repair/meta.json,1690,304a1a59a0508f66f9c5bc980c1b15aedbbe30aa188a50b30a2f88cc10449501
records/full_2026-07-06__rec_001277/attempts/03_repair/output_schema.json,18153,fc4fd08860b2b19da00d319ef5a61b4493eede559424fa5e6129635e69da8656
records/full_2026-07-06__rec_001277/attempts/03_repair/prompt.txt,254007,ecb82cbed1f3a99938df399816fb6412de4b4ec2dd79b51e43d199e7c2893904
records/full_2026-07-06__rec_001277/attempts/03_repair/response.json,55422,d9512f841cd37994fb8a7b8cc34a12d68980b19fea5216dbcb31274859405bde
records/full_2026-07-06__rec_001277/attempts/03_repair/stderr.log,170,08cb959ca89c2289cd55c44b779cb4324d43d07ee019c8059ac04b2e227a28e0
records/full_2026-07-06__rec_001277/attempts/03_repair/stdout.jsonl,60141,2b440e20054d7622e76f106d6dc1d40eac7a6fde0c08d27f20dc2dc339e14812
records/full_2026-07-06__rec_001277/attempts/04_repair/meta.json,1690,ef83df540cf86db8a2f8a58770d1c15285756c5207cb4edf4f8879bb269f16e8
records/full_2026-07-06__rec_001277/attempts/04_repair/output_schema.json,18153,fc4fd08860b2b19da00d319ef5a61b4493eede559424fa5e6129635e69da8656
records/full_2026-07-06__rec_001277/attempts/04_repair/prompt.txt,249712,4544aa9732375cd8224cfa3150fb3507aebc1fb9c2ae0a5b076e4c6ccd50a06c
records/full_2026-07-06__rec_001277/attempts/04_repair/response.json,56118,a7ae97680dc912d9e3d0c887029b2f8ad358bdf4466a0bc0800ed81bb4129e6e
records/full_2026-07-06__rec_001277/attempts/04_repair/stderr.log,170,41701baa1412c1f153b3e506aec544a726ee05c86e71006a102c0be390ccb535
records/full_2026-07-06__rec_001277/attempts/04_repair/stdout.jsonl,60837,76c1536b70a5b240ed10eee3021efca1e76116f6a7723723b5e53cf1410790dd
records/full_2026-07-06__rec_001277/attempts/05_review/meta.json,1690,851c7cba36dbd5bac7050b1f75db8032938095019682187cb274e7ce3cd12a5f
records/full_2026-07-06__rec_001277/attempts/05_review/output_schema.json,2482,2f7fde6059c5725fd4066315b7082d9c732aec8fae93b90e64480ce47d95b8c8
records/full_2026-07-06__rec_001277/attempts/05_review/prompt.txt,202773,da112117c42e8378173a999c2c090f05b6875bf1a9f86ed94ee7514c1db39a37
records/full_2026-07-06__rec_001277/attempts/05_review/response.json,15043,41cc6e477b21c409d1cd5d023dfcd28cf502a26203d098979cefb90f4a7eb7b5
records/full_2026-07-06__rec_001277/attempts/05_review/stderr.log,170,8ac2bc21bca1201b5e3d075febd9c24085da1f82848a1f564ae507556be40ce1
records/full_2026-07-06__rec_001277/attempts/05_review/stdout.jsonl,16205,f97cacf3583a499833b5a078dfd1b4352e0cb48a84bfbc4bedd6bdf670c1c82b
records/full_2026-07-06__rec_001277/attempts/06_revise/meta.json,1691,8030c36b6d2211ea01902376aa88759fe778c2861f9e88143db4b2f126ae6cfc
records/full_2026-07-06__rec_001277/attempts/06_revise/output_schema.json,18153,fc4fd08860b2b19da00d319ef5a61b4493eede559424fa5e6129635e69da8656
records/full_2026-07-06__rec_001277/attempts/06_revise/prompt.txt,266075,167e8d823fe6a38b782eecd7fe238d3b71717852111d73823c2810d42edc7f7d
records/full_2026-07-06__rec_001277/attempts/06_revise/response.json,89207,d1fa91cf630cf498f5da45bffb7a331bc0931fa42013bde64d4479150f255196
records/full_2026-07-06__rec_001277/attempts/06_revise/stderr.log,170,4cb9c274faf788a52877472707417e756ede2b7f37e691af4429b7f7f59a4d3b
records/full_2026-07-06__rec_001277/attempts/06_revise/stdout.jsonl,96333,f45ff60e20c3d11c89fdda8627270e35df310ecb9b9a7884653cbcd6566f0210
records/full_2026-07-06__rec_001277/attempts/07_repair/meta.json,1690,d19e2c24b030182d7cc2477baeea6ff53463b82c8be21080304cfdf592a3dc34
records/full_2026-07-06__rec_001277/attempts/07_repair/output_schema.json,18153,fc4fd08860b2b19da00d319ef5a61b4493eede559424fa5e6129635e69da8656
records/full_2026-07-06__rec_001277/attempts/07_repair/prompt.txt,297750,deb7f385d05b2495b0310ca38d051cd407ee0240447d9138f16828733fbc0188
records/full_2026-07-06__rec_001277/attempts/07_repair/response.json,92617,39ad39ce0e85835d0ceb38a62b177255556e29c0d4c5c78e711aa57e581d9fae
records/full_2026-07-06__rec_001277/attempts/07_repair/stderr.log,170,fd433d2feb057ec9591fb0205cbdd4b9b2dfd76f268b973c8138fcaa531131c4
records/full_2026-07-06__rec_001277/attempts/07_repair/stdout.jsonl,99944,7ae32b92441d70ffe12da461869cb552e674eaca155a3f77d538f2af27e6fa39
records/full_2026-07-06__rec_001277/attempts/08_review/meta.json,1690,8427c66806c21cb15c9db46aa94a3a3352bc223bf3527f3bd28299451ac4430e
records/full_2026-07-06__rec_001277/attempts/08_review/output_schema.json,2482,2f7fde6059c5725fd4066315b7082d9c732aec8fae93b90e64480ce47d95b8c8
records/full_2026-07-06__rec_001277/attempts/08_review/prompt.txt,240652,846bd80531ae58905e17d401b94619eb0517ce03dc5421624744e3d4a239e613
records/full_2026-07-06__rec_001277/attempts/08_review/response.json,7311,89dbd3c857a09b4c8374d6e850bfc515f249d8b1671df36dcec1305c325185b1
records/full_2026-07-06__rec_001277/attempts/08_review/stderr.log,170,61c5997cf63aa70b8882f3c8b4edcfc9dc4fc7940883ace32d0144c455c22295
records/full_2026-07-06__rec_001277/attempts/08_review/stdout.jsonl,8074,1142f272fa4354ae15e3239912a677cbc840712855815ae32740b520c5c5dc3c
records/full_2026-07-06__rec_001277/attempts/09_revise/meta.json,1691,82432293b12c8927d72f044afa0209ff801cd3da72832ebb2243e77a27c49c6d
records/full_2026-07-06__rec_001277/attempts/09_revise/output_schema.json,18153,fc4fd08860b2b19da00d319ef5a61b4493eede559424fa5e6129635e69da8656
records/full_2026-07-06__rec_001277/attempts/09_revise/prompt.txt,295505,974b62d8863f85944c1c535161b0c9d9ecd55aac30c69f4efde894ffbce249c1
records/full_2026-07-06__rec_001277/attempts/09_revise/response.json,111374,1594434608d412ac9c6e38ec3b682ad773bf59ead888f35ed5146c4164c993d8
records/full_2026-07-06__rec_001277/attempts/09_revise/stderr.log,170,21d20c248239fe42130c97c691b37919f327fa1e14b905e4b7c44b44d5f2375d
records/full_2026-07-06__rec_001277/attempts/09_revise/stdout.jsonl,119964,15a3d8123b0cdf9f44df0c024988b2b4270ac266867ef86a7d036fe518e22acf
records/full_2026-07-06__rec_001277/attempts/10_review/meta.json,1690,d4634c6d5dbd4baad6079db35692d3a40a028a572cd33d7421fdbe3e6099bece
records/full_2026-07-06__rec_001277/attempts/10_review/output_schema.json,2482,2f7fde6059c5725fd4066315b7082d9c732aec8fae93b90e64480ce47d95b8c8
records/full_2026-07-06__rec_001277/attempts/10_review/prompt.txt,260065,00d7782792bc75f1df58e72cda7f856b192caa86cc8443d0efddc496e5292671
records/full_2026-07-06__rec_001277/attempts/10_review/response.json,8472,271224fad1a02b17c92aebb72b11aac572427a86fd76b78d41275f096d7fd4cb
records/full_2026-07-06__rec_001277/attempts/10_review/stderr.log,170,be16ed692db21ca5ad8bd98b183dcc9c94a5dab5460b976eeac88b49eff39937
records/full_2026-07-06__rec_001277/attempts/10_review/stdout.jsonl,9233,fd342db1421f4ab6b582b6073d09d242d55939116f8570ba0f7e20e147b331ad
records/full_2026-07-06__rec_001277/evidence.json,50889,f9bc9e44860e13b5425225d53618270a78f95bd890d2bb0cc2ccf831f421ef1f
records/full_2026-07-06__rec_001277/final_document.json,171147,8bb5b18158dcc328c061e90c04a0ae2c320c96529faad6e7c2abdb92d3c0a27d
records/full_2026-07-06__rec_001277/packet_manifest.json,18099,711907853efc842ea502cafd0a86df46faf9f44da799a0b09476737131d059cd
records/full_2026-07-06__rec_001277/review_round_1.json,17925,689a62cae3391a2664667560677b27954b51f8117dca32dd93971edb09b72a01
records/full_2026-07-06__rec_001277/review_round_2.json,8780,a3244b6f4441469d4a7204c05c4a73b1f4346465d6bdabbe66ad520fc88294f3
records/full_2026-07-06__rec_001277/review_round_3.json,9906,1a207ea17b3208d8b37e6253cca2d50256b951188a83b9e4cd86e97724d268a5
records/full_2026-07-06__rec_001277/sections/sec_0001.md,2250,1017ee9a531b2c9da3c741d105985a6bdef02c048cccd7f4313f2e775e244711
records/full_2026-07-06__rec_001277/sections/sec_0002.md,6312,89b50f762b1e82704138ca353fa6512ef1db1fbc37950bd4807dd90613b4818a
records/full_2026-07-06__rec_001277/sections/sec_0003.md,14,ff48152c586614d3305b4a0c9efc35bf5cc03d75e265ce43e76295e407729966
records/full_2026-07-06__rec_001277/sections/sec_0004.md,25,0b58a4eac34bf6b179fd60b459082148cc62bca8d403fdd639717b899a78c732
records/full_2026-07-06__rec_001277/sections/sec_0005.md,961,84edea97896f70de84b891048f5c1fa83c391e07513bb7f18b9a9c0a72eb9e46
records/full_2026-07-06__rec_001277/sections/sec_0006.md,2881,16015c6a4603db3ed4c6e7a129801916eb75d928d485a24cb5c17a14f1761909
records/full_2026-07-06__rec_001277/sections/sec_0007.md,3901,2775418e38ce42e515ce34389451a2688df4305b4b15d2760cbf2fda5f43a369
records/full_2026-07-06__rec_001277/sections/sec_0008.md,3504,fa3c4ecd9192123fbb70459be690dfaf68bd7f530184c6a6702f7011e4b868b5
records/full_2026-07-06__rec_001277/sections/sec_0009.md,2742,38ac0dcfb88f207ec5c743fec0437bc7e7cbfcbb7e08dca7ad22687ca838aff3
records/full_2026-07-06__rec_001277/sections/sec_0010.md,56,2ee154714d0af1cf561df6f661dd79fd6a1984c3c394042bc4952f9e8c36d3cc
records/full_2026-07-06__rec_001277/sections/sec_0011.md,3363,0c83ff5beb623292ab968013851c46641c862c8f7f12217cda096477274ad194
records/full_2026-07-06__rec_001277/sections/sec_0012.md,1197,b7a222b0b2f430e3bbeea82a380451e9af9df5e4cb2477aafa9fe4b95368cb36
records/full_2026-07-06__rec_001277/sections/sec_0013.md,1055,232f936025607a80d605cbde6799a0aba12c0812c8c639428b1e2b07c651d3c5
records/full_2026-07-06__rec_001277/sections/sec_0014.md,2635,4bf48d7b9d6adefe40b20bd71b306250e6f04cdd53bc98113f0e71a5f557e169
records/full_2026-07-06__rec_001277/sections/sec_0015.md,210,45edf7aba89fbf44b73332579839e7ef4328733fb839e4bfb1de9e9cb754d764
records/full_2026-07-06__rec_001277/sections/sec_0016.md,1712,bacb4e617fd98bf10918604f85a6c092adb03711c25a7bbf3320766045a6ca64
records/full_2026-07-06__rec_001277/sections/sec_0017.md,3676,f81e883c93fa7000088ce3d868c960ee56bf2111a148c6edb5fff3d5c5f357aa
records/full_2026-07-06__rec_001277/sections/sec_0018.md,2565,a166f3e8e2e1a9f341b79512947eccf55eb2c26a5cd4980cbcc35ab4fc2f45e2
records/full_2026-07-06__rec_001277/sections/sec_0019.md,5369,e24d6a7465829d3b162c057b039e07eb7841e3520f0487ceb8b959fd442da8ee
records/full_2026-07-06__rec_001277/sections/sec_0020.md,160,dcd3c45d05c92e7aba4c3796f59e736731233eb76326bf4359ec3914bef70a0b
records/full_2026-07-06__rec_001277/sections/sec_0021.md,249,b466a6d2893e54bc4b98741ba58cd10d15bdfcd26e90e07278f87aecbd1d887a
records/full_2026-07-06__rec_001277/sections/sec_0022.md,2562,dc249e982cd71bce849f5ea0ad98a6e46da5f9799d3fb0010eea2bbccbb447e8
records/full_2026-07-06__rec_001277/sections/sec_0023.md,2295,5a26c84737c0b89783d848ead87554020f87e543306b49b7c9d7ad643e89a1fb
records/full_2026-07-06__rec_001277/sections/sec_0024.md,554,e1cb6b267998957fc1de86a3e3ac8ac3e35d149b7e459670fae0ecbdb335488f
records/full_2026-07-06__rec_001277/sections/sec_0025.md,4151,91c314dc61e90b53bdc0acfdb4f708a12e6bb60c4215c92160f1df8d892df0a6
records/full_2026-07-06__rec_001277/sections/sec_0026.md,451,8609f677b25950a2d8740d93c89a3972d5642b4e688378245ab1ef537721f7ee
records/full_2026-07-06__rec_001277/sections/sec_0027.md,1682,38099115a7978d2b1f5f1e73e7c66fd403600f509b3bf4ff02505bd711ec8584
records/full_2026-07-06__rec_001277/sections/sec_0028.md,765,3fbf6548fced6256a7002f04439fec6c0f66f1e32fbde30dd069ec51181ce2a4
records/full_2026-07-06__rec_001277/sections/sec_0029.md,776,7856e035077dd636ef495ae339008acf66e401d069273dda38238163a6719981
records/full_2026-07-06__rec_001277/sections/sec_0030.md,3139,e716a2142700527e478cc87a275e82d9747a17fda12b5285fe2f176334fb8cc8
records/full_2026-07-06__rec_001277/sections/sec_0031.md,5289,4dfdc1a969af41bd035ff0976df5427a564de682b74717402e50ab94da0af99c
records/full_2026-07-06__rec_001277/sections/sec_0032.md,112,bde783cc0915ee06900952654daac79bed9f305fb30afb710e8ed0bc8bc41236
records/full_2026-07-06__rec_001277/sections/sec_0033.md,2096,a79203211a19ef074474b4fc9421b1641f1e8bc00c9534e550941c294e410eef
records/full_2026-07-06__rec_001277/sections/sec_0034.md,41,ec5247fbe91e0d3d71c7310f72100bf243eee10a1f95c792c6d5681254742b8f
records/full_2026-07-06__rec_001277/sections/sec_0035.md,1226,8c155c85fe885f86875b5c02559c9ac1630815a525784dc01be6be746dea15c7
records/full_2026-07-06__rec_001277/sections/sec_0036.md,9250,f6d189882817a80c5677fff861203c356a38d9a51f7493d81430ca0d42e16a3e
records/full_2026-07-06__rec_001277/sections/sec_0037.md,1284,16ae8cb28a9b4059e5110847c2fef887955c7f72d49997333e961707458ef9fe
records/full_2026-07-06__rec_001277/sections/sec_0038.md,635,55a645138a502e034d959cf9c897be09bf14915ba9b7dc8b287de64598edc135
records/full_2026-07-06__rec_001277/sections/sec_0039.md,1307,891d7cd23cc291a08e794714b5a53a3022fbba68a4a3e6fe2c8c9b2c864ad5a7
records/full_2026-07-06__rec_001277/sections/sec_0040.md,28,76e23b13892f458f2f9f68fcd843b95435f52e52586794d1424ec061634e258c
records/full_2026-07-06__rec_001277/sections/sec_0041.md,35,ad5a9156ffff9c076969a114aeb3538c1dbd60bcb51882b126d185c950176147
records/full_2026-07-06__rec_001277/sections/sec_0042.md,486,b66a7539a9efa8f51775309f49ea5bf79b852b179de1a4217f508c87efab2be3
records/full_2026-07-06__rec_001277/sections/sec_0043.md,644,e79391d370e7b0c7661ece5b4a10ca0f5d107627bc3bc0b71db534e250d4445b
records/full_2026-07-06__rec_001277/sections/sec_0044.md,1260,a762dfdb111c89944bf75758dc0ffea4bd4a11a57b4fc1d1c0a161730d459ff9
records/full_2026-07-06__rec_001277/sections/sec_0045.md,246,a093c986c7cd969a177d49a5bb40e7d73e2abb7fb1ca8de1e754c4e5a023b567
records/full_2026-07-06__rec_001277/sections/sec_0046.md,433,dbc7939345726c42d1c27996a35a12f6aea32def5d2297cc5ad5735c05a421f2
records/full_2026-07-06__rec_001277/sections/sec_0047.md,999,e241632f6cc3470e7a543a7210fc09509b361612230a003327c223bae7057b8d
records/full_2026-07-06__rec_001277/sections/sec_0048.md,836,d9673b8ad81946636abb7465df77cf1983a887ebe72de4c012d28b22ec98966e
records/full_2026-07-06__rec_001277/sections/sec_0049.md,41,7e4274b58c8b76b0831999db2204bb044e89c07179b67af6dc1b2a5c74da75d6
records/full_2026-07-06__rec_001277/sections/sec_0050.md,569,d411d428c0de3427877ed7a6a4de03635f3ee88facd52b0b639c55e2432d92b5
records/full_2026-07-06__rec_001277/sections/sec_0051.md,1001,b8d4647b2fd6f55cec2093b9874bf55059ac5268a0d75523fad3d11152bb6c71
records/full_2026-07-06__rec_001277/sections/sec_0052.md,500,96fcfcf6662c4103203cd616e1deb80b619000c5864185c58040d16888703ce5
records/full_2026-07-06__rec_001277/sections/sec_0053.md,12808,3a62c1e812ec8a95beedc7fc87d103e97e7159b1f7514b7f48273b659abb5483
records/full_2026-07-06__rec_001277/sections/sec_0054.md,29,25c51df4d184cf81b79515ac8a6eae1ba68288aa691a5b27ca0b0ba53870d42f
records/full_2026-07-06__rec_001277/sections/sec_0055.md,1570,ea280cd199c9bd0b7a7ff76e6ccfa1844f2678318ce4002a326bbd66c6a4945c
records/full_2026-07-06__rec_001277/sections/sec_0056.md,72,910b82eb2c4c977259edb53c5f8f5df692f1e3e5904b534c730cd59c5e7bc442
records/full_2026-07-06__rec_001277/sections/sec_0057.md,561,4693549100e31178a6c46ce249b0e8256959f96c6c5417ef75dfbeffd3be67cd
records/full_2026-07-06__rec_001277/sections/sec_0058.md,239,cbffcab4f317f699cfb54b2e3869758a02a5cc7a875ccc5f41dd4c77461f5ec3
records/full_2026-07-06__rec_001277/sections/sec_0059.md,2391,13dc7bd7ed195ee36a9582db37bd9adef3dc657920fc458aee4b20e655068ec8
records/full_2026-07-06__rec_001277/sections/sec_0060.md,564,889562fba34f0473c44366ddabaa39eeca7f7cf837fa6471bb1beb5080ac1100
records/full_2026-07-06__rec_001277/status.json,3373,fc2c9d3da810c72cc01a73dc50fc63ee550944db346fc75dbb324b5645c9aafa
records/full_2026-07-06__rec_001343/assemblies.json,46754,260eba4a1cc9633988cd396faeeabe10360ad01d9b8e423dad90d831e0cacec8
records/full_2026-07-06__rec_001343/attempts/01_extract/meta.json,1693,b6e88aeb3911318ba8ba652dcfacfa87265ec8defc81d471ff022e0d4d143487
records/full_2026-07-06__rec_001343/attempts/01_extract/output_schema.json,18153,fc4fd08860b2b19da00d319ef5a61b4493eede559424fa5e6129635e69da8656
records/full_2026-07-06__rec_001343/attempts/01_extract/prompt.txt,154246,a679c9165aa908a900e2e77927c2283a5887c3a5ad7376796f5cfc18c43d5053
records/full_2026-07-06__rec_001343/attempts/01_extract/response.json,77045,561ad5816a7b6dec6bccd42c59fcda05271a2abd9a43b2326f19ce517d769f2f
records/full_2026-07-06__rec_001343/attempts/01_extract/stderr.log,170,b7ecfb5a99a249a71835be011c53dd762b240f912a474c840578745d2324edbc
records/full_2026-07-06__rec_001343/attempts/01_extract/stdout.jsonl,83491,397c4c151800bed37705f209ba58761499d7c67e61237aa20a90946e93612ad9
records/full_2026-07-06__rec_001343/attempts/02_repair/meta.json,1691,1a738b11e5c9cb1dc999598555c31b998a4ce1ff0c324d53d35d9836a0241e52
records/full_2026-07-06__rec_001343/attempts/02_repair/output_schema.json,18153,fc4fd08860b2b19da00d319ef5a61b4493eede559424fa5e6129635e69da8656
records/full_2026-07-06__rec_001343/attempts/02_repair/prompt.txt,238308,c4535191c1e03c882e23ed3143b8b7c177a521e30be7a66fe0e44222c51f5231
records/full_2026-07-06__rec_001343/attempts/02_repair/response.json,76874,02d5cd95455f45b4debf310d205cfce5e60033d44f653b2dc84794ba8b554469
records/full_2026-07-06__rec_001343/attempts/02_repair/stderr.log,170,74d03d802dbb964f902aee307c34fe3d5ada3c44b32a382246e9c7e5649bb157
records/full_2026-07-06__rec_001343/attempts/02_repair/stdout.jsonl,166471,1064e9097072a151e8f8a89e544455b35efee955ad95eca548aa459e6390df05
records/full_2026-07-06__rec_001343/attempts/03_repair/meta.json,1690,12b41f7b0860faf064a86547321e0e1a9aef9d6fe706a1d734fb7802537357d6
records/full_2026-07-06__rec_001343/attempts/03_repair/output_schema.json,18153,fc4fd08860b2b19da00d319ef5a61b4493eede559424fa5e6129635e69da8656
records/full_2026-07-06__rec_001343/attempts/03_repair/prompt.txt,236328,83d0c2cbe5a60c5d068c1b0dc7b2caab9e34b8fe4792d7937fc2c25be754cf11
records/full_2026-07-06__rec_001343/attempts/03_repair/response.json,76882,68de1aee65b02458becd81dfc4258d2d275a01e8efb37f8e52166cf93a60c7e8
records/full_2026-07-06__rec_001343/attempts/03_repair/stderr.log,170,cab8489c445a7ac9fd710c21f9ae0e0dbc7e61ffed841007f92b90f53793f7b9
records/full_2026-07-06__rec_001343/attempts/03_repair/stdout.jsonl,83348,9ebe4789546b41c3ca9438fec62a17115396db6d6163f2b04bf08c99964b0bcb
records/full_2026-07-06__rec_001343/attempts/04_review/meta.json,1690,d2a9969c9ada39b6fa4ff5c3b534c3a2b15aefc53e943caa3fe42ff180e96955
records/full_2026-07-06__rec_001343/attempts/04_review/output_schema.json,2482,2f7fde6059c5725fd4066315b7082d9c732aec8fae93b90e64480ce47d95b8c8
records/full_2026-07-06__rec_001343/attempts/04_review/prompt.txt,187438,9769770870913c21ae5ec7cbd8a23331c1bd6710904f91f1e554c9b28f468fd1
records/full_2026-07-06__rec_001343/attempts/04_review/response.json,17726,ec0e8041aa6a0daa67d009b40e0f9cdbb70df17d272bdd7a72e94d2197248142
records/full_2026-07-06__rec_001343/attempts/04_review/stderr.log,170,38df09d732cac7dcd3fecc2c6a0bee2da349efa8aafdf13d224c7ad4ce33a635
records/full_2026-07-06__rec_001343/attempts/04_review/stdout.jsonl,19037,9353fe1b65e7d7a522045ce1d756ef9fc5e62c3f449a8367078c4d6cf39e7233
records/full_2026-07-06__rec_001343/attempts/05_revise/meta.json,1691,f457553a948e16edc8401b0947ed6c600dea50e516635f334c068fa3774351d2
records/full_2026-07-06__rec_001343/attempts/05_revise/output_schema.json,18153,fc4fd08860b2b19da00d319ef5a61b4493eede559424fa5e6129635e69da8656
records/full_2026-07-06__rec_001343/attempts/05_revise/prompt.txt,253557,6e19ca14856fc4fbcbbf5fdc8a78d5b00bfc8267c7e9c4b6e921c68e45faefe4
records/full_2026-07-06__rec_001343/attempts/05_revise/response.json,123811,f9aaea3e8cf1aed1073ebbd36923e412c09d1db598452846e63167629213e0db
records/full_2026-07-06__rec_001343/attempts/05_revise/stderr.log,317,8f5715ab1dca488c196ff73bc3d0c99965ce0ba911bdc9b309a21cfa946c2bb7
records/full_2026-07-06__rec_001343/attempts/05_revise/stdout.jsonl,134597,7f263de1d35d03635c29b99c4896315e190de85e06f7b60f21caec89df584144
records/full_2026-07-06__rec_001343/attempts/06_repair/meta.json,1691,1db2fac9fffe5ec4c12cdd633e0d120ff002e28a5e1de903a002e4d18467ba7c
records/full_2026-07-06__rec_001343/attempts/06_repair/output_schema.json,18153,fc4fd08860b2b19da00d319ef5a61b4493eede559424fa5e6129635e69da8656
records/full_2026-07-06__rec_001343/attempts/06_repair/prompt.txt,305442,fb8aefef5e129e0af754336ac58d1a991c5558af5516c47efa2bb9e50d250339
records/full_2026-07-06__rec_001343/attempts/06_repair/response.json,114543,0118ab9201b9655cd2c7f72e0daba99846a85d49ef067060093381ead9966b91
records/full_2026-07-06__rec_001343/attempts/06_repair/stderr.log,464,c6fdc1d16d49ad14e56f85ac91c3f58635ae023ad1f7997105d634951639b4e0
records/full_2026-07-06__rec_001343/attempts/06_repair/stdout.jsonl,126220,97916feaf0e04daeff104e039321aec217ce74f5c1479b1a6816c7bac517df39
records/full_2026-07-06__rec_001343/attempts/07_repair/meta.json,1690,619395ca778ae8a0612a62c241a9496bf23b927ee41cdc96808b6b12d7aa1275
records/full_2026-07-06__rec_001343/attempts/07_repair/output_schema.json,18153,fc4fd08860b2b19da00d319ef5a61b4493eede559424fa5e6129635e69da8656
records/full_2026-07-06__rec_001343/attempts/07_repair/prompt.txt,276331,05a2c0db98bd67460afdd42b771b50e8c0c2318537473c976ce97637de846a8a
records/full_2026-07-06__rec_001343/attempts/07_repair/response.json,23836,9e91fa5653c566ae8cfc956d535f47687c1b994ebeaf26324bb5ae8bb371825a
records/full_2026-07-06__rec_001343/attempts/07_repair/stderr.log,170,e05807fd0de7a6de2ec9de83078309ebc3e7cb98853aa7049a1e28b8929ad974
records/full_2026-07-06__rec_001343/attempts/07_repair/stdout.jsonl,26336,eccb91320d0bc27d92b9def3d8d1d72c95f46ca302e0b205a5b362fc762c5e70
records/full_2026-07-06__rec_001343/attempts/08_repair/meta.json,1690,562b6923df4ac65d13278f4ed5dc34a3a8f1d95e439baa3b850629f9abfa70cc
records/full_2026-07-06__rec_001343/attempts/08_repair/output_schema.json,18153,fc4fd08860b2b19da00d319ef5a61b4493eede559424fa5e6129635e69da8656
records/full_2026-07-06__rec_001343/attempts/08_repair/prompt.txt,179555,68b6244b6a752f9c016650d028f804a7fb67e2bc3cbc68ba3dfe7f99b825abeb
records/full_2026-07-06__rec_001343/attempts/08_repair/response.json,22954,e2ae3160c03c5e9c7eedc53c53f2bb77857f454898ca9fb7b84b7cd27daef884
records/full_2026-07-06__rec_001343/attempts/08_repair/stderr.log,170,935d640a9b3b42c8c24cae8d32238c3a2f7589404610e004da4f89b5acfa0e08
records/full_2026-07-06__rec_001343/attempts/08_repair/stdout.jsonl,25366,251e033eac447fbc66fc89383d815f6b9330400e01dcee93cf215a477d2fd1e1
records/full_2026-07-06__rec_001343/attempts/09_review/meta.json,1690,332dae91b8db51d095d22e999660344b1e4b4f6b1411347aef541fe84ef615d4
records/full_2026-07-06__rec_001343/attempts/09_review/output_schema.json,2482,2f7fde6059c5725fd4066315b7082d9c732aec8fae93b90e64480ce47d95b8c8
records/full_2026-07-06__rec_001343/attempts/09_review/prompt.txt,131313,ff1a2894061ce6c22f82746e7fc3cbb9b2bec06b6cc14bad5bea19193eb0b2c9
records/full_2026-07-06__rec_001343/attempts/09_review/response.json,7570,1d316e2bff058a2ce0c582a965915b1b1e1084d5b9e008a0ce91469eaf83d6c6
records/full_2026-07-06__rec_001343/attempts/09_review/stderr.log,170,648c619af6594c8a658d4ef32f531329c3831dbafceaea1e08febe01cc3a3986
records/full_2026-07-06__rec_001343/attempts/09_review/stdout.jsonl,8306,bb36429596ce2d8f4892f69088b19acce8c3277748abc71677d9b78d5aff3302
records/full_2026-07-06__rec_001343/attempts/10_revise/meta.json,1690,2ae46f10868157c2575dc14d82dd800bb93567863b75dd5e5d1418ee983770f8
records/full_2026-07-06__rec_001343/attempts/10_revise/output_schema.json,18153,fc4fd08860b2b19da00d319ef5a61b4493eede559424fa5e6129635e69da8656
records/full_2026-07-06__rec_001343/attempts/10_revise/prompt.txt,186321,aad5a9d870b376b4266cf1af4b1bb59c90df8b7df8d0d6877b909817cf7c474d
records/full_2026-07-06__rec_001343/attempts/10_revise/response.json,26783,f1d0639957dea9914e6854e3a77f0061c206827398ab0d513418d92d219fe912
records/full_2026-07-06__rec_001343/attempts/10_revise/stderr.log,170,15a0da7dea3a5059cb68371641ce460305870c3620e9c304ce61f52658952661
records/full_2026-07-06__rec_001343/attempts/10_revise/stdout.jsonl,29346,2152c03f669a54f9c66d14a8143649e652f9ad30e2b6e6a048f1fa0ec2d7eda0
records/full_2026-07-06__rec_001343/attempts/11_repair/meta.json,1690,5607968c94b515a63cd1b80572dea9c6a30226abce0913de99ae383e544c78b4
records/full_2026-07-06__rec_001343/attempts/11_repair/output_schema.json,18153,fc4fd08860b2b19da00d319ef5a61b4493eede559424fa5e6129635e69da8656
records/full_2026-07-06__rec_001343/attempts/11_repair/prompt.txt,182826,3e75daf0a614b33ed009f0e6b41c442cc2c4deae8c1624086253f25bc1d655b0
records/full_2026-07-06__rec_001343/attempts/11_repair/response.json,26802,ea26298c799ff9fce0a910534b19ca777262d2002dd0b99ac7425b1eacf18d50
records/full_2026-07-06__rec_001343/attempts/11_repair/stderr.log,170,65e7d26139614d45f95cbad0f37e3f5cd5c6556d142109eb416e438e79ac3e8c
records/full_2026-07-06__rec_001343/attempts/11_repair/stdout.jsonl,29364,fd66ef1fd5dedb5c6dd4cf1d234a7c4b8293322d55b259b0b020c8356605a565
records/full_2026-07-06__rec_001343/attempts/12_repair/meta.json,1690,032bf70175412b4f0898b03b196eda5d89161b378ca5128d99b8625a237d65c1
records/full_2026-07-06__rec_001343/attempts/12_repair/output_schema.json,18153,fc4fd08860b2b19da00d319ef5a61b4493eede559424fa5e6129635e69da8656
records/full_2026-07-06__rec_001343/attempts/12_repair/prompt.txt,183315,4ff2dc7cd1835ae93e492a83221c70b5ff5d69c6d6c8f11867ddbd333157062d
records/full_2026-07-06__rec_001343/attempts/12_repair/response.json,26776,f39a92b8318f5e589f4b50afc367ce13c143a8ed9ca5aa4e4843b7e2e2303199
records/full_2026-07-06__rec_001343/attempts/12_repair/stderr.log,170,5e93597383f71321b358094720b4010cdd52b1da6c9e7e0b59c4067cdbc3cf84
records/full_2026-07-06__rec_001343/attempts/12_repair/stdout.jsonl,29338,9039d3486c81eba075b413ec6c65129ece27a8a1629d948caa303b50a2e7e053
records/full_2026-07-06__rec_001343/attempts/13_review/meta.json,1690,b772e54f32308a47436652323aa6fda9712816c1596d8ac8a34fd1fb3e0b5a01
records/full_2026-07-06__rec_001343/attempts/13_review/output_schema.json,2482,2f7fde6059c5725fd4066315b7082d9c732aec8fae93b90e64480ce47d95b8c8
records/full_2026-07-06__rec_001343/attempts/13_review/prompt.txt,135209,b283d326180b4bc14650147d40e0e6576c95333257a05b022bcafc85845f287b
records/full_2026-07-06__rec_001343/attempts/13_review/response.json,3588,a37dbc828c0653ae8490e9a2d5be75dc530e249e3461450c00e1469e05f7c56c
records/full_2026-07-06__rec_001343/attempts/13_review/stderr.log,170,27c84068c29d0c658b6c60532afa35bbc15a32b18c13a04fd63e53027e103f30
records/full_2026-07-06__rec_001343/attempts/13_review/stdout.jsonl,4097,b2a426031891507a79e7bc35a397a5e8a1747803506170c01b0f131f0d2cc626
records/full_2026-07-06__rec_001343/evidence.json,27349,8a8f3ea4fcb3d1772e7f5d2e2835dac902a83d2e24055951dcc24b1fe6c83bf4
records/full_2026-07-06__rec_001343/final_document.json,42184,df3217cc05fce0131e8908d3c315a3cf32bac364c6d0fa60611ec7e3217bb607
records/full_2026-07-06__rec_001343/packet_manifest.json,8419,fdce94151c8fb20a4c76148c5b85b2b8530455456f4f4485d9799cd9ff6d8207
records/full_2026-07-06__rec_001343/review_round_1.json,21131,d261ba46cb29c8474ba96e2a9af9a6ad65cce623b0e30a910c0e5bbe948eb2b3
records/full_2026-07-06__rec_001343/review_round_2.json,8966,399b3ba45ebf21843b63464019c66bdbd4be7ce09e93d1fcff647184f6370296
records/full_2026-07-06__rec_001343/review_round_3.json,4152,cabb008cf41c4cea7581e15a3078d684da9879e5a3cc6833b9c21d0b045a4210
records/full_2026-07-06__rec_001343/sections/sec_0001.md,410,59d783f640fe6eaa969ab3086939a5685c648d0be183f5a6b596fb71b0edfa55
records/full_2026-07-06__rec_001343/sections/sec_0002.md,1047,c0c3923c6e33329d534d4e51bca4b48fff0efc9ba5c71024af484bd6d34fd8e3
records/full_2026-07-06__rec_001343/sections/sec_0003.md,4232,fe97cde501be2fd8663c356ba66409ab00bca187e905ece6ab60f11dea867e12
records/full_2026-07-06__rec_001343/sections/sec_0004.md,285,43abdd5dab737d50a02098bee74d346e990116e0bd14d04ddf3c152f6c386f38
records/full_2026-07-06__rec_001343/sections/sec_0005.md,5935,5022422e73efb85e7c41f36275b85fb011f848deb472f870706e55a665f4f268
records/full_2026-07-06__rec_001343/sections/sec_0006.md,7237,15ee5f25922b6ef04f1a9d92330c9dc06d87470abdc0519b930c1512baf1fc73
records/full_2026-07-06__rec_001343/sections/sec_0007.md,1706,23709219f389806a9df8245b4f91f325918e23f4780e55d3b48b8234669635c2
records/full_2026-07-06__rec_001343/sections/sec_0008.md,425,0cfd22a4557da87e97279fad306f967f8602e15a7eb68672b1540fd5956cb41b
records/full_2026-07-06__rec_001343/sections/sec_0009.md,448,1eec69fcf580596ee6f4fc6ebaf28fe9cf1d5dbea18fd4631320b7fafdd2dd52
records/full_2026-07-06__rec_001343/sections/sec_0010.md,3145,125c6bbdd5195495dcdee7391d85eff9b84ae571718af412bd053beee5fb5f24
records/full_2026-07-06__rec_001343/sections/sec_0011.md,3186,f4e15dcdb8705a921f3be3303494bb5380f5b4c458752b23407665a15026d4af
records/full_2026-07-06__rec_001343/sections/sec_0012.md,3011,d835729dabc6fdb99a6f98d9a3f4461fe5f72a8239e68a6dce4dde893a9bc9b6
records/full_2026-07-06__rec_001343/sections/sec_0013.md,702,ee79db38efc1e7173c5ff57e313d3ea9b824747046bb3baef0ca0cd9832e968c
records/full_2026-07-06__rec_001343/sections/sec_0014.md,2498,33cb61744c4fe3b3a6ba8c4bc080a2f638f8317c4cb30580a3afbdca063246d8
records/full_2026-07-06__rec_001343/sections/sec_0015.md,1787,670ee140ff33689be063dd064c8791d1cbb56ecbde03e2feb8a0c0a8e0d1305c
records/full_2026-07-06__rec_001343/sections/sec_0016.md,2660,f1d508f5a454656fd4a71e197f00c975cffd7e524d806dd8de4ddffdaed2de09
records/full_2026-07-06__rec_001343/sections/sec_0017.md,15388,a01afcc6068441914b4270ca54bac252e44a241b46118ab5b3f0e4155ad3c47d
records/full_2026-07-06__rec_001343/sections/sec_0018.md,650,e062ee5eac9a0f8394ad0984d7886847f887ff23272188bf17319d2951cd7e82
records/full_2026-07-06__rec_001343/sections/sec_0019.md,32,f69597078277268f7b7d83a3f8f96cc23f100eccd353752242b647245ce6ba26
records/full_2026-07-06__rec_001343/sections/sec_0020.md,793,d42494bda6e43a8cf817d1badef04262c966978d6af42c7a24d9247cd4aa7293
records/full_2026-07-06__rec_001343/sections/sec_0021.md,969,214e350247425900c1a23b7ac8296650f099cb9e9a359310305fc081074d87f9
records/full_2026-07-06__rec_001343/sections/sec_0022.md,190,fb7414c6c9ad88484fa2d52c19531165ad4c7cf92299c96300a58d3755aa25be
records/full_2026-07-06__rec_001343/sections/sec_0023.md,1237,0a091ffcecd7d5cef9bf10275570968146de294b579ec428876f5a7b12a828c0
records/full_2026-07-06__rec_001343/sections/sec_0024.md,1063,812d8331a275b1ad8b8f376cf52578c9d38c1f5c16bdbca4e5bdabd4ce3efe42
records/full_2026-07-06__rec_001343/sections/sec_0025.md,40,87d420b3d4191511a44e8ae94e6a155bc9b2d02f29fa9837fd5f740e26a0f4e1
records/full_2026-07-06__rec_001343/sections/sec_0026.md,4160,647e894aad289d4db2fd6cc2fac76623cccf3a2d71568c296080fd1664e82958
records/full_2026-07-06__rec_001343/sections/sec_0027.md,3831,7476c10d749a3560304c4a0aeda09ed62aa92c29be2ff25a76f08a48cb11bba8
records/full_2026-07-06__rec_001343/sections/sec_0028.md,3272,fe5578869181c188e12da1aab95c82a1dd1775f381dca613f642719804d637ae
records/full_2026-07-06__rec_001343/sections/sec_0029.md,4950,32e5afe7f9e733bab89de8d8ea3a398e8b1b32f98cf211a313ebb893bf67bee2
records/full_2026-07-06__rec_001343/sections/sec_0030.md,854,4c5eb1e7c1a22efd7976dcede11a2327dee7c06417eeeed14958cf176fc0f7e2
records/full_2026-07-06__rec_001343/status.json,1727,73879b3a84484f145c39d10b4f1a95db55056ddc0b686286d2aac412fd1badb8
records/full_2026-07-06__rec_001352/assemblies.json,104557,0d9fb549cce668f40f00e7cbac56a386a5f1a3b721471e469b944af84db93681
records/full_2026-07-06__rec_001352/attempts/01_extract/meta.json,1693,28d6fa7e76179bf7d02c72203782924a1481d46705b51b28eb57b68845a41393
records/full_2026-07-06__rec_001352/attempts/01_extract/output_schema.json,18153,fc4fd08860b2b19da00d319ef5a61b4493eede559424fa5e6129635e69da8656
records/full_2026-07-06__rec_001352/attempts/01_extract/prompt.txt,260545,38d31f39d0006debb93d1463c60d6c8520cd3a53e3efd4216c3ce6543fec3e82
records/full_2026-07-06__rec_001352/attempts/01_extract/response.json,92704,4c431fad62005d7d9f7ceaba9c11d23082c4f95174541068eb3166cd15ee2d0f
records/full_2026-07-06__rec_001352/attempts/01_extract/stderr.log,170,90583664181a212b2661c1b62fa779ea7cc96ad158b7b7e6cab424eb85a4ee36
records/full_2026-07-06__rec_001352/attempts/01_extract/stdout.jsonl,100708,4645a83a4b9b10603341adc1f28e0dadf47c38c56baf05ebb5e95dbeca40002e
records/full_2026-07-06__rec_001352/attempts/02_repair/meta.json,1690,b341fb03a3b7a906e6742a2dc1374e188e3d7e5e6a1248b2bdb3e9f0242a293b
records/full_2026-07-06__rec_001352/attempts/02_repair/output_schema.json,18153,fc4fd08860b2b19da00d319ef5a61b4493eede559424fa5e6129635e69da8656
records/full_2026-07-06__rec_001352/attempts/02_repair/prompt.txt,361428,92b5ef34d372af2e97a4065b6b255258ee068478a224b326fac04e54572fdec8
records/full_2026-07-06__rec_001352/attempts/02_repair/response.json,92733,c4980b9bc6428280b35f01085aca6b9a74a8d28827f487bc2b31cae347540385
records/full_2026-07-06__rec_001352/attempts/02_repair/stderr.log,170,d5dfb16017463d2c82e35eae7d309bf6d87faf0c07be0a161407f0d3fef470bb
records/full_2026-07-06__rec_001352/attempts/02_repair/stdout.jsonl,100536,dabdd6bebc4c53ba7a1579df060328e9ec08dfa8df7316dc660b01ba134192ce
records/full_2026-07-06__rec_001352/attempts/03_review/meta.json,1690,b96f6f63614f6db3029124325fb4a141b6467354ff288ed41ad378f13e0f2e55
records/full_2026-07-06__rec_001352/attempts/03_review/output_schema.json,2482,2f7fde6059c5725fd4066315b7082d9c732aec8fae93b90e64480ce47d95b8c8
records/full_2026-07-06__rec_001352/attempts/03_review/prompt.txt,310251,a7316e381a50e310f4cf8147ae031ce9439738f8251abeb2b677efbe4f9a75b1
records/full_2026-07-06__rec_001352/attempts/03_review/response.json,17712,284a7e2eec2260987fa25ea02522ca36f62ae43caa822303dc5983653f3d288a
records/full_2026-07-06__rec_001352/attempts/03_review/stderr.log,170,d01ae2b299683ece839363f4e450f6c022ffbe0c8f14751bffa36ff1259cb701
records/full_2026-07-06__rec_001352/attempts/03_review/stdout.jsonl,19206,9e8a9ce400e14d361ea245573b1ae6abfe3f5423ef4f4bd0b782f0ead49de97e
records/full_2026-07-06__rec_001352/attempts/04_revise/meta.json,1691,5445f83994740e9d4bfb5240fae7f8c478da5d4ebd226d22f2920abb9899681a
records/full_2026-07-06__rec_001352/attempts/04_revise/output_schema.json,18153,fc4fd08860b2b19da00d319ef5a61b4493eede559424fa5e6129635e69da8656
records/full_2026-07-06__rec_001352/attempts/04_revise/prompt.txt,376721,fba3ef051318da19ded06161eaa61128013754cf8ca956654f2d136e1ec4bd36
records/full_2026-07-06__rec_001352/attempts/04_revise/response.json,33103,68802598e2092d240838941493e446fdb20f930a40a5100dd3da87005727ce09
records/full_2026-07-06__rec_001352/attempts/04_revise/stderr.log,170,c87d02c26230fe69b4c25ed2d5faae6ab3d98c9450fc69a8cf5f11bf32ae4451
records/full_2026-07-06__rec_001352/attempts/04_revise/stdout.jsonl,173886,1e0f336d00d0bb433b4e59ae7d9a70370500ff3a2253c788d44acc9ed3bebf94
records/full_2026-07-06__rec_001352/attempts/05_repair/meta.json,1690,6e881c7ba8d4466fb88bc2a82ecbd46f639cabb73d93924d96e005a1b36b0ec6
records/full_2026-07-06__rec_001352/attempts/05_repair/output_schema.json,18153,fc4fd08860b2b19da00d319ef5a61b4493eede559424fa5e6129635e69da8656
records/full_2026-07-06__rec_001352/attempts/05_repair/prompt.txt,297274,816b514752f05fbed809b295eb6e1afa4ca757826542270ad927fbdad6a8d9a0
records/full_2026-07-06__rec_001352/attempts/05_repair/response.json,32845,c6428da1262fc0d47c397fa76bf0a5c3d2639ca72605916210db07645f680d88
records/full_2026-07-06__rec_001352/attempts/05_repair/stderr.log,170,dc84060d5cbfc073465d9bfa61a27389268b4e85b76a9d6cd8ace73e1e7566e1
records/full_2026-07-06__rec_001352/attempts/05_repair/stdout.jsonl,36053,d219c1c1c9cfe5cbe5d5a0344f7efda724911261204745dfa30e715d55ee99b6
records/full_2026-07-06__rec_001352/attempts/06_review/meta.json,1690,2cf6b4ee4d95dc3156312d7a0709854c387baf05506e8abe14c052266995347f
records/full_2026-07-06__rec_001352/attempts/06_review/output_schema.json,2482,2f7fde6059c5725fd4066315b7082d9c732aec8fae93b90e64480ce47d95b8c8
records/full_2026-07-06__rec_001352/attempts/06_review/prompt.txt,247879,a7e42cb661ef7e5de366d86a5e68df8bacda69afaed5f6b846b90040dfccc002
records/full_2026-07-06__rec_001352/attempts/06_review/response.json,8665,75abe35b51cd9a68c047e1580dd80e2048167470c3db1110d6af28e8172a5b2d
records/full_2026-07-06__rec_001352/attempts/06_review/stderr.log,170,41d4a7a785c04a28b035d862e5a70279e8adde423c70e1a74eb44b29ccef0bd6
records/full_2026-07-06__rec_001352/attempts/06_review/stdout.jsonl,9477,34bb4b5e5a94a8713dc70bcd01252e5295b1685ffdd59de9ef7df308f13e759a
records/full_2026-07-06__rec_001352/attempts/07_revise/meta.json,1690,88a0d8cc0f58fd04d9c1ef613ef74fa2bbd190b6c766e9d315df42dd6a4c89f6
records/full_2026-07-06__rec_001352/attempts/07_revise/output_schema.json,18153,fc4fd08860b2b19da00d319ef5a61b4493eede559424fa5e6129635e69da8656
records/full_2026-07-06__rec_001352/attempts/07_revise/prompt.txt,304222,272a9abbc6a8d40d6ebffb75958caa96364697ea488562fb3ecd54d0a37e1bb0
records/full_2026-07-06__rec_001352/attempts/07_revise/response.json,62670,22a3f84c9c1fbf935c0302dd5031a1d662fac5487b5c12c48a4432122531c8f2
records/full_2026-07-06__rec_001352/attempts/07_revise/stderr.log,317,40f298eab671300da8d5ea5c854e418c6bf87f4311e92aa2eda0249e7301a786
records/full_2026-07-06__rec_001352/attempts/07_revise/stdout.jsonl,67986,2d0f8d18e1004d126a8a7dd9898b136a0055dd5588c23f11db4aec9d55458c97
records/full_2026-07-06__rec_001352/attempts/08_review/meta.json,1690,a57572a3603810928e44e50911305e19c200caf5710cf9fba957b1cfadefd6e9
records/full_2026-07-06__rec_001352/attempts/08_review/output_schema.json,2482,2f7fde6059c5725fd4066315b7082d9c732aec8fae93b90e64480ce47d95b8c8
records/full_2026-07-06__rec_001352/attempts/08_review/prompt.txt,278822,150936f1f3b28a8b0343bcad5747055deb6ee21dd40a2fe61880c9d96a7a82bb
records/full_2026-07-06__rec_001352/attempts/08_review/response.json,10681,7676732ad0df4d4a083c5c02ee3dba31474b6307bc005946ed505ba784edf0a1
records/full_2026-07-06__rec_001352/attempts/08_review/stderr.log,170,da16c69f3fda564ca449455cd8fc41ba2de279175c7bb8e7a1acea43dec23c69
records/full_2026-07-06__rec_001352/attempts/08_review/stdout.jsonl,11498,5bc4b26e34bd8a7e96fcc16e66dcdd29854ad22299ba8bab2fdef234ae6d7548
records/full_2026-07-06__rec_001352/evidence.json,23875,2814a350a1546e88405f760c41f58d96b22ceb7a823cc3cf63085f3c566060c0
records/full_2026-07-06__rec_001352/final_document.json,98814,ddb9047a4df703624b5b45934f0a6d7f0046ca83931a45fcd6a4f86cc7a4cdff
records/full_2026-07-06__rec_001352/packet_manifest.json,11438,c1cf77268420b16ddade533858581c98486716910f884740ce8957c04a8ff6c4
records/full_2026-07-06__rec_001352/review_round_1.json,21807,73622ce0ee96cd948f9e6893ef71d2a911f91b92dc06383e2ae9e83e3d1145fd
records/full_2026-07-06__rec_001352/review_round_2.json,10280,d86ec4707db8ec5746fcdb6fe9762a1878576978847bd7dcb72cb57e3f1137af
records/full_2026-07-06__rec_001352/review_round_3.json,12385,a2377fa6501a6613819cfc2728d2c7cf7096f0f20be49b09cf00e586b54847e1
records/full_2026-07-06__rec_001352/sections/sec_0001.md,2617,c06bb4956fab00884859abfc539d258072b77f9b5b2ab3166fa06250e3e1218c
records/full_2026-07-06__rec_001352/sections/sec_0002.md,8811,2fb69885aa2106077e941e1c93b8d8d89e91eb0f8b2f3e0f4368e3cd9310683b
records/full_2026-07-06__rec_001352/sections/sec_0003.md,19,98ad71695b4ede14d67f8875c55eb9c321ada177b8fb6984619d46c5c547f94d
records/full_2026-07-06__rec_001352/sections/sec_0004.md,3073,0bae631e388d6e00c39865d30397cb7b4f53cca597af888797e4a6566f45dc02
records/full_2026-07-06__rec_001352/sections/sec_0005.md,1607,3c9c1f6a406725e805b7c0e83107c09570a47b842e784f22ce5309e09c1b7d33
records/full_2026-07-06__rec_001352/sections/sec_0006.md,732,77d8e9ac312946993e7ac7964e860d449cdc3e4a02087086b0e11f3b751a0a72
records/full_2026-07-06__rec_001352/sections/sec_0007.md,5248,d0e7c5b16022d5420e25719a3178c9743ee8fd981624262916bd4ee0e3d3995f
records/full_2026-07-06__rec_001352/sections/sec_0008.md,406,d42525ee393cb963d03111a7d72738bca94cbc74477e5f8b9171a4644b67f6fb
records/full_2026-07-06__rec_001352/sections/sec_0009.md,2674,8018338861f66e66e0821373dfb42261fd814831856ef474480f3ce56668aa14
records/full_2026-07-06__rec_001352/sections/sec_0010.md,6189,653187af681875d6bbe0c63b29c69a9bbc8dd15b9bf0d0dd23a4a01edb75333c
records/full_2026-07-06__rec_001352/sections/sec_0011.md,1338,a73208b0f00c2cd98567ea9ed7bd3a28a94718fc5db0d6786486e0169adcf8fd
records/full_2026-07-06__rec_001352/sections/sec_0012.md,663,03e9e26be823845f87b96d929e04da40abcb66ded4b94d65a8cf15c11a47a773
records/full_2026-07-06__rec_001352/sections/sec_0013.md,2298,27f1336c80eb9a24c2fe2f69f21646da4f730b913d5a8869e6899bb7af451b2d
records/full_2026-07-06__rec_001352/sections/sec_0014.md,3461,9892e7e366a4dadbeca99fd28acee820daca5a49b687d7c7c694ba248fcf97af
records/full_2026-07-06__rec_001352/sections/sec_0015.md,109,a25e40f33d3519575f52d34e55dc94560a7c0cf7590cad677a25e955ef7fa72b
records/full_2026-07-06__rec_001352/sections/sec_0016.md,19804,c636dc7fe527da4758d28d681b5c51c1dfe5a6cded3727e9a5bc20680277ad06
records/full_2026-07-06__rec_001352/sections/sec_0017.md,689,518f44e183c33888c4b5e6c7bcf7a699ef3d0cfe193cfb6df05a60caf0b7a5fe
records/full_2026-07-06__rec_001352/sections/sec_0018.md,1615,aed34c638e6673b3c9be6814e6fd7a7224c2ce233a311b12b67b1eeedb3ccdf7
records/full_2026-07-06__rec_001352/sections/sec_0019.md,1056,537fd4c42d08b6dcfefb658fd8e5cfc81b0da6d107e0c65d50b22d76af15028a
records/full_2026-07-06__rec_001352/sections/sec_0020.md,706,4a05071310fe1e3b1410bba718ff49feadb871cf5429231974b9d46c95a9439a
records/full_2026-07-06__rec_001352/sections/sec_0021.md,2817,85dbc6025e2254f479cf248d4917630c77135272b25161077d45b2579c2dccf4
records/full_2026-07-06__rec_001352/sections/sec_0022.md,403,d95557a35ff460d555e43f3304ccafed94e6523b2144e479dcb5f362e50903d2
records/full_2026-07-06__rec_001352/sections/sec_0023.md,5476,580217493cfae2d5a8acdb69880c0f5cdc0dfaed204a330b6ce4fda8b5de0965
records/full_2026-07-06__rec_001352/sections/sec_0024.md,6146,78b67e0664d7b57fa1f1a9c7fb83b5172a5f3099c84a0fbd01e74a3c0cc22622
records/full_2026-07-06__rec_001352/sections/sec_0025.md,6143,2bdcca75c858e82c4727fa67feaefc4561a6ab482567163c0cef2fc689d1ffc6
records/full_2026-07-06__rec_001352/sections/sec_0026.md,1213,28daae48d074318813192fb3bb29c44428e93c0adfd7fde33518fcc496866d8f
records/full_2026-07-06__rec_001352/sections/sec_0027.md,524,fe82b3224fd067d4c82c0737a9c2b1b5d98d029c3509364326a144cfd13d448b
records/full_2026-07-06__rec_001352/sections/sec_0028.md,655,2a2e937313f38d8ca3adf5748d56ac6d97b498817272a7a824c9e52a4c433331
records/full_2026-07-06__rec_001352/sections/sec_0029.md,210,4b36a0deaa24d991e9ccc6a001d80a335162826e0d17d493404a63a29d2c627e
records/full_2026-07-06__rec_001352/sections/sec_0030.md,308,f9f558f6da366acdc87cbae0660f16727dc287df0183c2c754a5ae41332f2ccd
records/full_2026-07-06__rec_001352/sections/sec_0031.md,25031,968a296a496d3046b9720d8a27e4c0e57fafef1260df2699e663271f29f379c0
records/full_2026-07-06__rec_001352/sections/sec_0032.md,733,eb7989e7505f20128a744371261c7a035be85517e886ed20acac5649dd7bab1c
records/full_2026-07-06__rec_001352/sections/sec_0033.md,251,17ca4c79996f5b8e5f15a57b6101aab08aeb6844bf3075c73c89122e10529c71
records/full_2026-07-06__rec_001352/sections/sec_0034.md,2092,04f5a3e082039539fa98d5c0b615b6772780831d6b5b91087272b1a827d317ea
records/full_2026-07-06__rec_001352/sections/sec_0035.md,14902,1028db069fec040c6dc38abdbba8ecb149cd16f618186d524c76038a5d1467d4
records/full_2026-07-06__rec_001352/sections/sec_0036.md,36,6358cc7b8712eb5c8ded807156ab665f6393747ddbdcc33db87d11378594a146
records/full_2026-07-06__rec_001352/sections/sec_0037.md,481,96e9d2d3cc36cdcd7aa9b288fd374bc2c5a7cdaefd3c0866e620ec0666662e3b
records/full_2026-07-06__rec_001352/sections/sec_0038.md,688,9e5a17833108ef46395886464d0d031e1e3e88ea4e4a1aa624e6d775695b5749
records/full_2026-07-06__rec_001352/sections/sec_0039.md,17992,a6d8d41d15df962aeebde3ca55e12b0556265bbaca79aa717da645c74a3d9f3e
records/full_2026-07-06__rec_001352/sections/sec_0040.md,5725,7254616942e5ac1538de8cd5ca2f7594e74b442ce5440cc2dd1603868cfe887a
records/full_2026-07-06__rec_001352/sections/sec_0041.md,25446,d4e1089e1a1934b672d4056d8bad222d42ef5b233c9db50a31405a2d643bc048
records/full_2026-07-06__rec_001352/status.json,2616,69c09eb78b3313ed447def00544f33476ecc4584da5a6a6afe95b351d365b187
records/full_2026-07-06__rec_001381/assemblies.json,168430,23d966b2c522b26f1f4648dcbcb81d3643911e0266595aabb92e3786e4cae375
records/full_2026-07-06__rec_001381/attempts/01_extract/meta.json,1693,e2015a29f2487688c89341783124bbfeeca517aade2c5be52eb40dcbb8298b0e
records/full_2026-07-06__rec_001381/attempts/01_extract/output_schema.json,18153,fc4fd08860b2b19da00d319ef5a61b4493eede559424fa5e6129635e69da8656
records/full_2026-07-06__rec_001381/attempts/01_extract/prompt.txt,199099,6de5e64a8d6e2d19b2df7d9f1f324c7163da5dbc2971dc7a21c738feb6a2521a
records/full_2026-07-06__rec_001381/attempts/01_extract/response.json,74641,f18c55d8e3930c604225e2cfb9c2d76ac21681cf9155acebf5a8f24a86c435a1
records/full_2026-07-06__rec_001381/attempts/01_extract/stderr.log,170,989787c894eb4ebb4e325546aa1567bb5ad5b3fb0fd697cca5896d4e9d968ecf
records/full_2026-07-06__rec_001381/attempts/01_extract/stdout.jsonl,80617,5a14e7e678c3db199a3d225054bf6beb44e29e7ebc2dfae4375fd5113a78c229
records/full_2026-07-06__rec_001381/attempts/02_repair/meta.json,1690,6e57bfa32be4068e1c6ed8930760ca5b5088b394deed97fdd6bbdcf40e3c2d3b
records/full_2026-07-06__rec_001381/attempts/02_repair/output_schema.json,18153,fc4fd08860b2b19da00d319ef5a61b4493eede559424fa5e6129635e69da8656
records/full_2026-07-06__rec_001381/attempts/02_repair/prompt.txt,277527,17a3c61d72d42f668e83fcd29442f8eab6d37c35bae3db36b0a014040de51e11
records/full_2026-07-06__rec_001381/attempts/02_repair/response.json,74670,6210d27d2dfb508e9e8da9889d5fe7248ad1fcc9201f90ebc8f392d314a196ec
records/full_2026-07-06__rec_001381/attempts/02_repair/stderr.log,317,3bc38c06f53b87907a768215855a4f3163113669534fbf32bbba18e639778a1f
records/full_2026-07-06__rec_001381/attempts/02_repair/stdout.jsonl,81823,b471e0092632406dc73da438771824ba3e8697c58a33959f50a564d15cf3fccf
records/full_2026-07-06__rec_001381/attempts/03_review/meta.json,1690,6bc522e6382616036a382a9478997943f8d394bbe992290595dbed083571698f
records/full_2026-07-06__rec_001381/attempts/03_review/output_schema.json,2482,2f7fde6059c5725fd4066315b7082d9c732aec8fae93b90e64480ce47d95b8c8
records/full_2026-07-06__rec_001381/attempts/03_review/prompt.txt,229803,2375f6aa861bf6b3d7e38a97cc9967f978c4b7c1de61565039547eda8dc5a98d
records/full_2026-07-06__rec_001381/attempts/03_review/response.json,8149,3305be35d736cd56d01337900301e956ac7264fe91711982b6c7a4733ce45f41
records/full_2026-07-06__rec_001381/attempts/03_review/stderr.log,170,bee55852cf3ab895db7114c42016e147e2876b582d0796fb16ed30c105c51746
records/full_2026-07-06__rec_001381/attempts/03_review/stdout.jsonl,8914,1d8ad8242434875594a13f866bcb1c892a6875ae3d3024e7668bbeddbce64f01
records/full_2026-07-06__rec_001381/attempts/04_revise/meta.json,1691,62650bbfc21cff850b7fbe5e4fb6f98cee36387af21b5786188bc06dd59f9efd
records/full_2026-07-06__rec_001381/attempts/04_revise/output_schema.json,18153,fc4fd08860b2b19da00d319ef5a61b4493eede559424fa5e6129635e69da8656
records/full_2026-07-06__rec_001381/attempts/04_revise/prompt.txt,285403,650e25895d27f96c3556cec10f2bf6f390d8c22b0ea9f9c124240760fb2c076c
records/full_2026-07-06__rec_001381/attempts/04_revise/response.json,98725,40d344824161512c5c433980a10642d757a91c1de4f503a18cc946b4cc2c93a3
records/full_2026-07-06__rec_001381/attempts/04_revise/stderr.log,170,f73c32bd603bc6848bf924499b4c3ff961a1a30986646c2df17ae882afb8a018
records/full_2026-07-06__rec_001381/attempts/04_revise/stdout.jsonl,106383,8755e69c7ee688602b8dbad10c6cd5549b76e27b594586e5cc78b58c1e64df2c
records/full_2026-07-06__rec_001381/attempts/05_repair/meta.json,1690,507dcaf99f767304573ccaf19de0a3246619159f0fdc7832d1aa91638e34288f
records/full_2026-07-06__rec_001381/attempts/05_repair/output_schema.json,18153,fc4fd08860b2b19da00d319ef5a61b4493eede559424fa5e6129635e69da8656
records/full_2026-07-06__rec_001381/attempts/05_repair/prompt.txt,303572,68f0d371abc2e369ccdd7e75264ed40f0d6264763e028951ac018e0c232185d4
records/full_2026-07-06__rec_001381/attempts/05_repair/response.json,60302,53b71f7a88f3a0ce8f0c44a98cf67684a588e676533d240263f41dd79d8d9fcb
records/full_2026-07-06__rec_001381/attempts/05_repair/stderr.log,170,d3fdc77e679a5b479c80297cb07d7f13bbbcd155b0149c64b3da14ae76d316cd
records/full_2026-07-06__rec_001381/attempts/05_repair/stdout.jsonl,65130,2fddfb32bc6a5b9801320be8f0d198bf504191fc75b43c42ceb2c70293a04ee4
records/full_2026-07-06__rec_001381/attempts/06_review/meta.json,1690,e8e6fec789e0ee424c1049644e47791dc6a7efb4ddc716a69ab90be36d2090fc
records/full_2026-07-06__rec_001381/attempts/06_review/output_schema.json,2482,2f7fde6059c5725fd4066315b7082d9c732aec8fae93b90e64480ce47d95b8c8
records/full_2026-07-06__rec_001381/attempts/06_review/prompt.txt,214784,0fe025b32d2b4182c060652569f721b9c014f965b91d11ad49fe7585bc2320fd
records/full_2026-07-06__rec_001381/attempts/06_review/response.json,9707,d511d916fea6d5a3ccc81e7f09f80e3597296e4c4e5baf422e220838e6031cd2
records/full_2026-07-06__rec_001381/attempts/06_review/stderr.log,170,2d7e597703431aa3242dfb8abde16fc7bc6e7acb595e8c10db08b4246c92318d
records/full_2026-07-06__rec_001381/attempts/06_review/stdout.jsonl,10505,6965ea99b1344dc2e7891cbc633154e06389df0c5ed46ed762890f48c13f859e
records/full_2026-07-06__rec_001381/attempts/07_revise/meta.json,1691,80a4844fb77bbe7daaa56eabe483faf0e0cea00972e71ec55abc3bdac25a5405
records/full_2026-07-06__rec_001381/attempts/07_revise/output_schema.json,18153,fc4fd08860b2b19da00d319ef5a61b4493eede559424fa5e6129635e69da8656
records/full_2026-07-06__rec_001381/attempts/07_revise/prompt.txt,271981,07c53966b704938c2a58a8cf40dd735c41d86ca7112481080ba2721a878217b2
records/full_2026-07-06__rec_001381/attempts/07_revise/response.json,99689,45f86ce8558244b86871f159bcc2bcef24bf0cee65164f408576219f2ccc1f4a
records/full_2026-07-06__rec_001381/attempts/07_revise/stderr.log,170,1f8a2183233f2287a1faae7eaca8dff2a7e78faea362eb3b4192c0473bca5e4e
records/full_2026-07-06__rec_001381/attempts/07_revise/stdout.jsonl,107298,af76ddf849476c0da779ce2b6afcf8d0e49d6cbc87d9c5d6973d5019c7e61197
records/full_2026-07-06__rec_001381/attempts/08_repair/meta.json,1690,b739f2da30be621f7d7d62d2ad6a1e13ff6697ac1a981751a403bf6cb98de802
records/full_2026-07-06__rec_001381/attempts/08_repair/output_schema.json,18153,fc4fd08860b2b19da00d319ef5a61b4493eede559424fa5e6129635e69da8656
records/full_2026-07-06__rec_001381/attempts/08_repair/prompt.txt,306030,bb7cdffac6c5d422cb2a18f4140e639cb31c96d751977e50b5fb98f376db67d4
records/full_2026-07-06__rec_001381/attempts/08_repair/response.json,100107,c7717136ca0772fb30a6c2bc156fe37fc9164b4f0d325f03d7a91a34d036a3ef
records/full_2026-07-06__rec_001381/attempts/08_repair/stderr.log,170,b8a1e3f1b62af67bc7b1640186b50238cb1f56ffd004180f98e8f0d178f94275
records/full_2026-07-06__rec_001381/attempts/08_repair/stdout.jsonl,107706,f11ac5b9a7611b2b796fed208d4e41248591389f0f76ab6678f078dd4fc17f1c
records/full_2026-07-06__rec_001381/attempts/09_review/meta.json,1690,b6e0fb52a4b33acfa22dff8827384bad5cdd7592df29f0f9aaf52468c3f688f3
records/full_2026-07-06__rec_001381/attempts/09_review/output_schema.json,2482,2f7fde6059c5725fd4066315b7082d9c732aec8fae93b90e64480ce47d95b8c8
records/full_2026-07-06__rec_001381/attempts/09_review/prompt.txt,256068,fd9d04671765de66ad154f3b4e096fce7e493ab6c5bfaee70fb72a38cceab73e
records/full_2026-07-06__rec_001381/attempts/09_review/response.json,11774,4838732171b2907a659605cf6facf0ef072ca4973e2b868badc8732729a1c873
records/full_2026-07-06__rec_001381/attempts/09_review/stderr.log,170,fe4ce7e19224986e04df4c3f782dc3808b8698813d680c1f31ba2e4908da60bf
records/full_2026-07-06__rec_001381/attempts/09_review/stdout.jsonl,12762,be211cae8046e1057daa3e87ffe6fd6d25df3e5eb0255bb4a735c7050d7b0050
records/full_2026-07-06__rec_001381/evidence.json,40283,f54486a16b2066db46ccdb308946cac26ea55e21f4f4984f68acdeaea3b7c9b1
records/full_2026-07-06__rec_001381/final_document.json,148936,05672c2db10bf2271450ed015c77521ea0ebf284d0bf780100830cbd547c4125
records/full_2026-07-06__rec_001381/packet_manifest.json,16598,50c4651bb8f2f6a018b5334e2b0b8ba5fded1c51d1687a6afe8daf8405f1a455
records/full_2026-07-06__rec_001381/review_round_1.json,9548,49e8ba1f8f9b56bba9161c383628e01956adc418f2b6673f62d18e388dff6b4c
records/full_2026-07-06__rec_001381/review_round_2.json,11338,b675faba3e864c22ed6bed6cf872b9640f84835fc70c2775818afb1910ac4fac
records/full_2026-07-06__rec_001381/review_round_3.json,14040,9fa28912eb6f50d21532a469153d36e51fb00d3abf43a6838a19b3deaff33bcc
records/full_2026-07-06__rec_001381/sections/sec_0001.md,440,649fb68edd7760b0cf1c500c218402ee07711e36d808a04a17cb317f0d6b0c6e
records/full_2026-07-06__rec_001381/sections/sec_0002.md,1073,26ad60efef04209fc8010e28d4638eadbbdf957f317402d6cb36a63298518471
records/full_2026-07-06__rec_001381/sections/sec_0003.md,11150,9c5a3032d4bd97bec4e8e078b5e843ad76d8d6f8d300267cd7b4aa5655072e2b
records/full_2026-07-06__rec_001381/sections/sec_0004.md,4179,6d3453a5e567557088bd308681bc72750a03c4c78c0bdd42dd406311f2a61f22
records/full_2026-07-06__rec_001381/sections/sec_0005.md,707,8c272f04c73452b9209177acc20c851855d87d73c12bbed08db3cfd00dd33e71
records/full_2026-07-06__rec_001381/sections/sec_0006.md,1289,8b807044916bc7925b9abff1462a9981805809b83bec612753384377e06ab1e8
records/full_2026-07-06__rec_001381/sections/sec_0007.md,2521,e3618e7c563363e2738e9d7bebbc931c74c2497cdc689ae1e338e4d449aa384c
records/full_2026-07-06__rec_001381/sections/sec_0008.md,226,9b36beb4fa5519cea75ffc341c2dcddab31b6ebd00a276c28eb61aa92f82a94d
records/full_2026-07-06__rec_001381/sections/sec_0009.md,883,f72ae33548446fa1162f3480683a8a9374ace27f17a45cf603c764340e54f1a6
records/full_2026-07-06__rec_001381/sections/sec_0010.md,4357,3f446f506e24cd42b79c5c695003ec56873f34b8b8bb8f427b3bc725b09205dc
records/full_2026-07-06__rec_001381/sections/sec_0011.md,1614,abcbe88f28bc02712ad3d8b777154538aefb2ca8906d0dbbbded99becb68a57e
records/full_2026-07-06__rec_001381/sections/sec_0012.md,948,29b7e74ef83032fb0e4e6deedd4376ec9ffa833759871c6058b98d2df3f0c4bd
records/full_2026-07-06__rec_001381/sections/sec_0013.md,59,5895776832bc051450a964eca06108ff15c593ee39ce8b0cd4fbad0be790af9b
records/full_2026-07-06__rec_001381/sections/sec_0014.md,6392,773907748cec5e0f89b3e0be49d1d1abf853e76409fb0273dd4ec97beb6179a9
records/full_2026-07-06__rec_001381/sections/sec_0015.md,1115,c15c552dc1716146a30d6233e093d9d5fb2058a32ae3010a3d23e49abb3b44a0
records/full_2026-07-06__rec_001381/sections/sec_0016.md,981,f080da6f2f4301ad3d73039359a95b75ea7c75aa3e33bda8092d83cae4a6ffc4
records/full_2026-07-06__rec_001381/sections/sec_0017.md,10293,d970f985f1767519e25a7d4dbe87e88447b27d4e79c1241d444fae3c0cb88e10
records/full_2026-07-06__rec_001381/sections/sec_0018.md,1151,10f3e40178d8de44dcfa680a14ddbe307551598b231fc94843f5f7b5771ad2b9
records/full_2026-07-06__rec_001381/sections/sec_0019.md,1025,f05aa1091bff25fb7dfb076a4a6d36be65dbd194de72107b61e9f8e9eaddb37b
records/full_2026-07-06__rec_001381/sections/sec_0020.md,18444,6ef96f5d01df1d041301fa4053ac41765c559598ea453f8426bc11bfe9be4721
records/full_2026-07-06__rec_001381/sections/sec_0021.md,1323,9628747e20a014c1a219b6d0e20a6d6395be1bade414c9984c9d1d444eaa3905
records/full_2026-07-06__rec_001381/sections/sec_0022.md,26,a636395fa79bcf07f14c879c5a47e0709f50659f7df45e72e6818ea650413ae6
records/full_2026-07-06__rec_001381/sections/sec_0023.md,48,ac85b85231888a0ff6fe8e26d6863cd7fef9edf3dd1764fbabe35eb2ba3d91e7
records/full_2026-07-06__rec_001381/sections/sec_0024.md,1757,127098b76cd6a33b8de5c871cc9463029ff88fa418cb43f19e06860ad0352c7e
records/full_2026-07-06__rec_001381/sections/sec_0025.md,700,395959cdc4b10b0f35e74cc16a9f628bba28c9cb720390f253dad69f92198d77
records/full_2026-07-06__rec_001381/sections/sec_0026.md,424,31d595a08449e98df26d35203c0f5ef7886cb11c891d70fc3943cdc70a724707
records/full_2026-07-06__rec_001381/sections/sec_0027.md,1231,48803660d32c8937426c16d9e4ccd248455f197dd2f355e191e6d50af28b98e0
records/full_2026-07-06__rec_001381/sections/sec_0028.md,3688,d1a499eeed9788d9fa73970cbc9e88ff106155980f40508cdbd2cc3f20b928a3
records/full_2026-07-06__rec_001381/sections/sec_0029.md,1197,bdb5dea05afb49120a4488c6542913f4f242975aebef3b919cf1d2336c2f17b4
records/full_2026-07-06__rec_001381/sections/sec_0030.md,1014,ee2f0c1f2e26afc9db1b0d9a223d8cee89bfafd47acc8b2f532495f658f733ef
records/full_2026-07-06__rec_001381/sections/sec_0031.md,799,6f4159c3ce49bd32f18985a7f968ef4d53b7e02c12eabf0acfb675aeb5ecd530
records/full_2026-07-06__rec_001381/sections/sec_0032.md,1216,2ed8ba9b8d70025f71ca627e473944efbdca25a0c54b8b509b3d789fc4dbda47
records/full_2026-07-06__rec_001381/sections/sec_0033.md,37,d86423285b1ed47ded68c7fc9c0f65bb7945fbd522d061b706226540ddc6ce05
records/full_2026-07-06__rec_001381/sections/sec_0034.md,2230,546c11889e7c501f01e2d28a5aad8c697b41fdc3d2f3c6d32bd215ae74e93739
records/full_2026-07-06__rec_001381/sections/sec_0035.md,2857,edd0f03ea81e87b4659fd618a5f61dbe2cf298a5962e8c5249bfd9155891b41f
records/full_2026-07-06__rec_001381/sections/sec_0036.md,20,f6f24161a48b28ab39629941b0056d58948441e725f9046fbeb3907f7fc1a6ae
records/full_2026-07-06__rec_001381/sections/sec_0037.md,795,f80f4a729dba23477dcb0c6f9b6fe8769a811b1ca3fb75711595324f5ce1abec
records/full_2026-07-06__rec_001381/sections/sec_0038.md,1395,05bbdd74c71f0e70c9f91eceae73d5f555dfe4ae992446ee4b2ff86c48eb89b1
records/full_2026-07-06__rec_001381/sections/sec_0039.md,2943,4ef2263bca20dcc0fbd00e391ddcb3bf38747f355a653c5c29ce3537059ab1c7
records/full_2026-07-06__rec_001381/sections/sec_0040.md,396,fab47c10e802b9d1781f7e48496ec14f4ad7f5674c7d574bdbb04873c61b0f87
records/full_2026-07-06__rec_001381/sections/sec_0041.md,504,93ad0e75286665ab97304349ca36744583b179765b8d57410557c4477e86410f
records/full_2026-07-06__rec_001381/sections/sec_0042.md,352,5ba9b6e5dee730cd35f108970cbc145d8b00b54ae0be91fb686e7d7a89200438
records/full_2026-07-06__rec_001381/sections/sec_0043.md,1531,1653c315f4a5f0b241ae93fe473587e06d2f3360fc89f2700a670e90431680ff
records/full_2026-07-06__rec_001381/sections/sec_0044.md,29,b42d4b3cbf6ac64ab9ef4132355f19e3a6e9d862e08a886c33b075a3df0de3a0
records/full_2026-07-06__rec_001381/sections/sec_0045.md,894,aa0343acd528a59223307b0343839d2d52604d9d57de3a7153b8a69e0c237e53
records/full_2026-07-06__rec_001381/sections/sec_0046.md,2164,c3de164a1d65b22ba3766e13c937a53eb89dddd2514435e3bea5ccda3b3c57b5
records/full_2026-07-06__rec_001381/sections/sec_0047.md,954,4b03ad6d027c4b2424e210b4ff6b3da8e4678a80d9942b28f83767ad945fa134
records/full_2026-07-06__rec_001381/sections/sec_0048.md,2731,ec8591a962919c20df8d6b41ac910c5cf01279201128858e50db2657cefd202c
records/full_2026-07-06__rec_001381/sections/sec_0049.md,227,27c88a5e2378c6adeb37db0576df33ecd982c527678f22bfb106f58f6e270166
records/full_2026-07-06__rec_001381/sections/sec_0050.md,157,3acc491a6b3a0730917387a8d29578e4564441860a6bb232be2da9758969f1bf
records/full_2026-07-06__rec_001381/sections/sec_0051.md,1415,fe5db0086e5391201f8d07c167ec18c93eb421056e9474cdc40619c9c4f74dd7
records/full_2026-07-06__rec_001381/sections/sec_0052.md,667,72baad579591f24c2f82080e3b6e0447d3b045ece53d84d4c088cb4960fb7042
records/full_2026-07-06__rec_001381/sections/sec_0053.md,1744,689da03305cc89152dffe5e2242c15142d7e04a8d5ebfb2389b5ecb274d3d742
records/full_2026-07-06__rec_001381/sections/sec_0054.md,890,6607c6ce1acb14930a0d0a179945183e75efec7795fe75ccbe38536433a10b7e
records/full_2026-07-06__rec_001381/sections/sec_0055.md,630,4aa6e063564dcc48a53e45fea616d110a09f31dfaa090db5e097d7e3e1e9dd30
records/full_2026-07-06__rec_001381/sections/sec_0056.md,2016,15d6661c67b63f5845799abc29f81684ba9cbba15cdcf58a584ca514e17f3ffa
records/full_2026-07-06__rec_001381/sections/sec_0057.md,989,1b2fd9f6bdc98eacd074e15fb581813a8e73816d050714b69dd3b32283486244
records/full_2026-07-06__rec_001381/sections/sec_0058.md,1331,360bc2f83a688c0e1806d7da624266e69740aab7234a441630be1262809a13ab
records/full_2026-07-06__rec_001381/sections/sec_0059.md,722,aa32ec70491377b0fbb1c6622d4100f5380a7fac171882a1655ff864413ac7a2
records/full_2026-07-06__rec_001381/sections/sec_0060.md,864,e126693f38bd8230c4f5e0a060f69449d41b1495d10c53113b40086bcd1a0d0e
records/full_2026-07-06__rec_001381/sections/sec_0061.md,1148,f4024409bbfc52d434f33f5526a3a63b288e27a3be0506f79bc10b0a1ee54c27
records/full_2026-07-06__rec_001381/sections/sec_0062.md,826,88d65b683f196bb62845b5b271bc1479ee7b9ab70b63e64afdb10623a9ff8d35
records/full_2026-07-06__rec_001381/status.json,3236,c374a2b2521d89a3f1ccd8b9a6f94a8c9248d7ab69262198ac0221bb13c991aa
records/full_2026-07-06__rec_001519/assemblies.json,134901,d6533c95e8db29e0677d45090313b449f7c69e43315b35836c326a70a182ca27
records/full_2026-07-06__rec_001519/attempts/01_extract/meta.json,1693,035179fef36fbfab2b0343461c83f549efd3a0356d392f1ee7ca8bb272c9b974
records/full_2026-07-06__rec_001519/attempts/01_extract/output_schema.json,18153,fc4fd08860b2b19da00d319ef5a61b4493eede559424fa5e6129635e69da8656
records/full_2026-07-06__rec_001519/attempts/01_extract/prompt.txt,120540,33089297384d25bd8e5647427c8b74b4984ba0dd53e23435d57741c94d288e89
records/full_2026-07-06__rec_001519/attempts/01_extract/response.json,59183,3ee0e2e367f996ae28b87c6bc9918b0df2f89d577e611fad60601399e3acc9a4
records/full_2026-07-06__rec_001519/attempts/01_extract/stderr.log,170,0cdd0c78fda570ef3aec2254e43ded87e830947dcf7c89edcde137b1c70fc8d2
records/full_2026-07-06__rec_001519/attempts/01_extract/stdout.jsonl,65041,2e9d932cd0e6eac368969be50f4bf2729dbf794d9c2ded6f20f18e119d946d87
records/full_2026-07-06__rec_001519/attempts/02_repair/meta.json,1690,f8b0755b484852bc05191e1fe3801abc0ca10374dc74dbab8425c02f33cd0d7f
records/full_2026-07-06__rec_001519/attempts/02_repair/output_schema.json,18153,fc4fd08860b2b19da00d319ef5a61b4493eede559424fa5e6129635e69da8656
records/full_2026-07-06__rec_001519/attempts/02_repair/prompt.txt,190382,1fa77ad78a82a4e65f8e527a16be6e565e085d785c3c7457b8cc9cc23f0fa30e
records/full_2026-07-06__rec_001519/attempts/02_repair/response.json,57694,39da94554db1abf9ff778f1d3d76a88b766c968770778183ee7d83c7a2587a7b
records/full_2026-07-06__rec_001519/attempts/02_repair/stderr.log,170,c770badfb1805c85666ef9b0a5ad20c09a601b1adcf55c1b336b69ad984ab23f
records/full_2026-07-06__rec_001519/attempts/02_repair/stdout.jsonl,63504,c53334184dfacf092a4faa36618e6b671279f42d700707acd61eb2a52a8dfb9a
records/full_2026-07-06__rec_001519/attempts/03_review/meta.json,1690,584d2607d281afaa3483e1ef54e5b5629307b2fb58ad899de3fb23d5b98374a1
records/full_2026-07-06__rec_001519/attempts/03_review/output_schema.json,2482,2f7fde6059c5725fd4066315b7082d9c732aec8fae93b90e64480ce47d95b8c8
records/full_2026-07-06__rec_001519/attempts/03_review/prompt.txt,134096,d3bcc09c15150ec1da6e57aa0b6af1e998f6402e32c408055f9aab6823a1865a
records/full_2026-07-06__rec_001519/attempts/03_review/response.json,7919,6786f9060b6ffb90d0d3ac745891a9d3502396d0d0cf0fa95ca465d7db99bf1c
records/full_2026-07-06__rec_001519/attempts/03_review/stderr.log,170,77973373c944afbac31f97087208144f3308d976056487f203c79f25e01c4e7e
records/full_2026-07-06__rec_001519/attempts/03_review/stdout.jsonl,8789,5bc4f93367c615872a571e29abcb36ff09521b1e1bdaf79dc3467dc11e399c1e
records/full_2026-07-06__rec_001519/attempts/04_revise/meta.json,1690,3887195d7c50950caaf0d0fcf6a525ed92783f388c42983232c2f4c147d7c874
records/full_2026-07-06__rec_001519/attempts/04_revise/output_schema.json,18153,fc4fd08860b2b19da00d319ef5a61b4493eede559424fa5e6129635e69da8656
records/full_2026-07-06__rec_001519/attempts/04_revise/prompt.txt,189709,7c57733da80f5cf2f63e0a3ee64265bec237b77dcb226bdbec0120d32feb7d21
records/full_2026-07-06__rec_001519/attempts/04_revise/response.json,75151,22230fcfcefe6fafa327717a70f7e4855bbf964d7c67743eb9d8123786dea1b5
records/full_2026-07-06__rec_001519/attempts/04_revise/stderr.log,170,28dcb47bcf27d0dbcb6c717e441e6fd5c0910499d481ec71988c5b2979c17cc1
records/full_2026-07-06__rec_001519/attempts/04_revise/stdout.jsonl,81917,abce2d319b7ffa5a8eb67077cec7cab64c43ada061daa45c11225dd68f0466ad
records/full_2026-07-06__rec_001519/attempts/05_repair/meta.json,1690,9e08faa4de03975d308d1a4e2f22710940751354a2c87b860c17410f598bc0a4
records/full_2026-07-06__rec_001519/attempts/05_repair/output_schema.json,18153,fc4fd08860b2b19da00d319ef5a61b4493eede559424fa5e6129635e69da8656
records/full_2026-07-06__rec_001519/attempts/05_repair/prompt.txt,201499,acc82784a893b54726818217c6ed152c023719320199e9a3ea763ffb98ff4500
records/full_2026-07-06__rec_001519/attempts/05_repair/response.json,76045,c88936e84d0bbf42e1970e5c2206c14b7b336cbdbf18fa75ef84505001d59f99
records/full_2026-07-06__rec_001519/attempts/05_repair/stderr.log,170,4ea18c477d09afd156d3158dc709a599fb90e316b30a4b1fc405735f9f70ddbe
records/full_2026-07-06__rec_001519/attempts/05_repair/stdout.jsonl,82810,c75760162a4e0f047cc78c0e8ce8b971abb4a509004c7155dd12500aa7cd6367
records/full_2026-07-06__rec_001519/attempts/06_repair/meta.json,1690,de69373d7a2748764a69db958e6bbe37a6edd63c9bb20fc811e04e4f50e6cb94
records/full_2026-07-06__rec_001519/attempts/06_repair/output_schema.json,18153,fc4fd08860b2b19da00d319ef5a61b4493eede559424fa5e6129635e69da8656
records/full_2026-07-06__rec_001519/attempts/06_repair/prompt.txt,206351,d01bfcc8e0e2e0e7e1c761b35c915d2b7dfe3dcf0df745c04e96fb67cfcf5f05
records/full_2026-07-06__rec_001519/attempts/06_repair/response.json,76172,363c4ab215d53cc16b930b9927e674d704ad2a6cfbfe56ae8e81ddaf99e45c3d
records/full_2026-07-06__rec_001519/attempts/06_repair/stderr.log,170,fefd978bd47f18b5762e8190af19df0cf9c2b8b7c38b091050eabfe00e28bf07
records/full_2026-07-06__rec_001519/attempts/06_repair/stdout.jsonl,82937,b7ff72947eeb3cdeec107559f5302b366cce90a3beab22820bc898652047ab36
records/full_2026-07-06__rec_001519/attempts/07_repair/meta.json,1690,89addd1e33c1dc2fe4e09fedcd912f031ac7d3da54a50aeb7569bc33c2d52dd8
records/full_2026-07-06__rec_001519/attempts/07_repair/output_schema.json,18153,fc4fd08860b2b19da00d319ef5a61b4493eede559424fa5e6129635e69da8656
records/full_2026-07-06__rec_001519/attempts/07_repair/prompt.txt,206695,b64f1557966847acd980f5898855d1c6c3d04d931ea09ff18385f0485a82acf8
records/full_2026-07-06__rec_001519/attempts/07_repair/response.json,76101,e09c06a78bf1aed38fd04c304edfb5055aa2f02cd90e6d46cdee9ad9c8d05446
records/full_2026-07-06__rec_001519/attempts/07_repair/stderr.log,170,59d244e57b773100964c9da9e5098e7a2a6d774deb05c3e54f53d80b4ea3b066
records/full_2026-07-06__rec_001519/attempts/07_repair/stdout.jsonl,82864,22abf42b8c1e8b838e16ae889d76b6347c1ef6a5a2d1dd34eab7432c7f000765
records/full_2026-07-06__rec_001519/attempts/08_review/meta.json,1690,247339d93791553ce99959e52c04c42c4fdafbf56718f6ec246b440cb21475ac
records/full_2026-07-06__rec_001519/attempts/08_review/output_schema.json,2482,2f7fde6059c5725fd4066315b7082d9c732aec8fae93b90e64480ce47d95b8c8
records/full_2026-07-06__rec_001519/attempts/08_review/prompt.txt,153081,9fba2800ab151d1be0911cbbd99a974052c34bbe3bc18db8b22be02f55614105
records/full_2026-07-06__rec_001519/attempts/08_review/response.json,6887,e17d4c240297f6f4b8670580e21a0f183cb39b0725fa5099985beba8ebe8ffd0
records/full_2026-07-06__rec_001519/attempts/08_review/stderr.log,170,c0b75ab884862035021f325d9df720be74ad125ce74b4251812f909261d999a0
records/full_2026-07-06__rec_001519/attempts/08_review/stdout.jsonl,7639,18ccade11ca2e6ba837f4c6795c8680f494d045b5c39723b182439360fde69b6
records/full_2026-07-06__rec_001519/attempts/09_revise/meta.json,1690,025bf0b259dfe00036550efb4bf93281ba9068b72b6ff472ce67e82b080b2ba3
records/full_2026-07-06__rec_001519/attempts/09_revise/output_schema.json,18153,fc4fd08860b2b19da00d319ef5a61b4493eede559424fa5e6129635e69da8656
records/full_2026-07-06__rec_001519/attempts/09_revise/prompt.txt,207392,a1452b374389137aa14827ffd9ff702498e140b489eea89c7d800ea2e22acde5
records/full_2026-07-06__rec_001519/attempts/09_revise/response.json,75945,3c79a91b91f725b94cfd265b5083773b4a73bc0dd18faee1c5bc4d60f410e722
records/full_2026-07-06__rec_001519/attempts/09_revise/stderr.log,170,8be9ee755a6f69b59723f51a7d91de5ba11d08226557b9d38b760b3909930ab2
records/full_2026-07-06__rec_001519/attempts/09_revise/stdout.jsonl,82571,81d8860d6b80cffc66bba00c04e52e98ba59004dd94f65459d14e8c952d4007b
records/full_2026-07-06__rec_001519/attempts/10_review/meta.json,1690,afcdc6813f805e973d8e18572670570208631bdc4d75dfddc62f6a9b4d4e9cf8
records/full_2026-07-06__rec_001519/attempts/10_review/output_schema.json,2482,2f7fde6059c5725fd4066315b7082d9c732aec8fae93b90e64480ce47d95b8c8
records/full_2026-07-06__rec_001519/attempts/10_review/prompt.txt,152860,ac5acbae23903c0ab4ad1fc4f414be7aea298749b31d46dded6f9ca21ee573c3
records/full_2026-07-06__rec_001519/attempts/10_review/response.json,6504,00681c747c9bff2eac4391e49e490a9441cb14f5fd0b54a8ef0a0f1773d1e7b7
records/full_2026-07-06__rec_001519/attempts/10_review/stderr.log,170,efda7bfb8f9103cd3c93bf050c0422d18df57d3bc95ad25900451bd85069b821
records/full_2026-07-06__rec_001519/attempts/10_review/stdout.jsonl,7176,0562f85f384bf703c8cd6310fd9653beee56787f0bc0991f23ef1dd6761d2ce3
records/full_2026-07-06__rec_001519/evidence.json,23202,f1c6c448271112334490a7a335057a608f04e6d4e5c3ff33c70a2fcf4a41a817
records/full_2026-07-06__rec_001519/final_document.json,119287,bebd7fb588f3d8d2d6bc30e5b14a258ea890078a2990ad95205dc3410dad7b7b
records/full_2026-07-06__rec_001519/packet_manifest.json,9239,2947bdb1625af2f19ef4a82d57cc4002570b452f6af2fca1be7587c863050a3b
records/full_2026-07-06__rec_001519/review_round_1.json,9769,0d4b42f63b8dc863de80f01b2f02c7ef7947b50f648743e6635e8da603e81763
records/full_2026-07-06__rec_001519/review_round_2.json,8232,09ae9572750fe6963b2c1dca2aa8771dbd63beb3aa2655b9c2aab4c43198bdbb
records/full_2026-07-06__rec_001519/review_round_3.json,7630,77608fa3a2dd57a6e3fbf6225640567247372944d5d6b98cdd20135964dca369
records/full_2026-07-06__rec_001519/sections/sec_0001.md,718,3d8597bda24c0d690371aafaf2d053a2ced89cfd5e1b4410f352861008339646
records/full_2026-07-06__rec_001519/sections/sec_0002.md,371,9c0fab9a6bab416bb3cf88364d81c8462e5b8b42d590982ba5930adb20523791
records/full_2026-07-06__rec_001519/sections/sec_0003.md,1428,e12232e566fe05d8c86e8607b1e1dd973dce6064652c68ca98fc83c791acb251
records/full_2026-07-06__rec_001519/sections/sec_0004.md,2577,4eea2ba2d4fb3fa427df27f6fd14337259146ba7bf7ac59bbbd84a9d0cfbcf71
records/full_2026-07-06__rec_001519/sections/sec_0005.md,1607,0094a08688787f7d0fa5d6bc5f92740ba0474a95050bd33dd4453add916a900b
records/full_2026-07-06__rec_001519/sections/sec_0006.md,4673,4648de3a524cb950feb571dd33fcd56a7399cfd1c0db11a4b6fdc7f1d392e4f1
records/full_2026-07-06__rec_001519/sections/sec_0007.md,316,4b14dfa7c4ebeb0b0bfd45b5cf254da55961a33eefa215feecdd6b56c280d910
records/full_2026-07-06__rec_001519/sections/sec_0008.md,2486,f9e9119e090dd6377f829a90e8a336b1bb74b659c5085aba3e59367c7980fb10
records/full_2026-07-06__rec_001519/sections/sec_0009.md,374,a40b89f4ff844cdbb19e4c1d10e2f09f717282c9d2a106286e3ab14feca07d10
records/full_2026-07-06__rec_001519/sections/sec_0010.md,247,111d5dad03610bd4cec9f7ed81cf3d85c05607cb421ed67a55ebf3df1965a684
records/full_2026-07-06__rec_001519/sections/sec_0011.md,322,6cc1fc5c6803c11e5cbb1848e71a20cbca1e14723ba4f363b017f75f91b90b11
records/full_2026-07-06__rec_001519/sections/sec_0012.md,237,9ed180cb25bb7057a4d061bd449acb619f0cea528c99a9298289a9525be2ec6e
records/full_2026-07-06__rec_001519/sections/sec_0013.md,396,b22dba33e39e27ef212e24074da9af37d2b322df0f3f80a6842fa4185d05d8f6
records/full_2026-07-06__rec_001519/sections/sec_0014.md,278,19c2cde52907bf88ee741b1968c46e5488201038fd7800d7f59db182d255a28c
records/full_2026-07-06__rec_001519/sections/sec_0015.md,396,1f4b3ed331908e0dbc9f89d8f8e50da0e1777b3c5018684064699dd865da922a
records/full_2026-07-06__rec_001519/sections/sec_0016.md,412,1c0787d55851d86e3bbaf1c127ff1d3803044e3d367cced7decf3a0764725170
records/full_2026-07-06__rec_001519/sections/sec_0017.md,1627,535a0c907bfa46bff2ad3c68ba5410c54730d4f51b45fbe255dd7350cec52570
records/full_2026-07-06__rec_001519/sections/sec_0018.md,1267,adc0927f1bdf39ac5921d2b2ffdfe3646da254925ecdbae89b8d3a47cc230b95
records/full_2026-07-06__rec_001519/sections/sec_0019.md,1216,487d8ffe2cb41053af770ae3e0d03ea3a329e1c42c7315128950140bbe6e452f
records/full_2026-07-06__rec_001519/sections/sec_0020.md,1134,532aa17c8b7c490ca8c302d24e44ff049dbe55c63a5f3d31f91eeda12e9d06b4
records/full_2026-07-06__rec_001519/sections/sec_0021.md,1085,dcfcf7e614e06cbcc9f7cf4e221b715ae9d43dc5479a3d1db4c8421bce1df24b
records/full_2026-07-06__rec_001519/sections/sec_0022.md,1067,27ed1d2204bcb135f7447e6f2058a5d23e3155e129fcc2cbb57dbe1d04312731
records/full_2026-07-06__rec_001519/sections/sec_0023.md,830,9f8d0d2331fb81d5ac79072200feb2ccb9241169961c4ec2e67eaf60e26166c2
records/full_2026-07-06__rec_001519/sections/sec_0024.md,1099,761519270b11e7c2f01360523fe278f23317d034f114afe9b237d20c98c45cfb
records/full_2026-07-06__rec_001519/sections/sec_0025.md,2734,d9f0cac6fa59d4e97d0794030095b7297c7a7819c580700e43c97d9a63f318fc
records/full_2026-07-06__rec_001519/sections/sec_0026.md,2679,c2d7bed4c9468ba85497edde3ca68446c8a4d3154f568487a744302d5b1e5a86
records/full_2026-07-06__rec_001519/sections/sec_0027.md,2370,edf9fab912acbb5e09142ffe029bceb253d47cbcd9900f31ee30ee934b002c8e
records/full_2026-07-06__rec_001519/sections/sec_0028.md,1082,3e25166a7330e0c3aa49b83a67c933240587a89b6d5d807893336994ec1b6e28
records/full_2026-07-06__rec_001519/sections/sec_0029.md,2329,f843b8d1edba5f082e233eba6e7628454984c2a7ffa9d478460ad91b9ac5fc8c
records/full_2026-07-06__rec_001519/sections/sec_0030.md,626,bff7a82ff94f85c57b50eab45ea731a0f531ec728cb66f9f6e91b6bef15019a5
records/full_2026-07-06__rec_001519/sections/sec_0031.md,384,700b08de97ab3a3511eba814de5040ee6bb7857cc61bf6243708dbef0a94a8ec
records/full_2026-07-06__rec_001519/sections/sec_0032.md,67,44e90edde28e721508d32d9cae592d1d64754e4a6ca3fe4f35f356c43a101534
records/full_2026-07-06__rec_001519/sections/sec_0033.md,113,3c720c03fd0316dced946473d46cda149d7a69ba2346bf1196947036c5b568f7
records/full_2026-07-06__rec_001519/sections/sec_0034.md,155,2c1da06fdb4740363a9f692fb031dd22e126298155a4c82fe7b5028f7c7ccc23
records/full_2026-07-06__rec_001519/sections/sec_0035.md,4019,a5e6312f3a97d7b15e9afe7ec7d7bc156874d9654f0c7cd795d7742b6679c50c
records/full_2026-07-06__rec_001519/status.json,2990,f9cc13876d96c8de637d671bb08b656441de35008860c7c451a5c5483ec6f8d4
records/full_2026-07-06__rec_001617/assemblies.json,64294,9322fbdc0090b348624f51950fd33374cf588ec37d0f9cc87ff5fc5b55275944
records/full_2026-07-06__rec_001617/attempts/01_extract/meta.json,1693,f1ba7f5f04a45b878754d50a586c34c37dd5804fb55cc4562748767600f33fbe
records/full_2026-07-06__rec_001617/attempts/01_extract/output_schema.json,18153,fc4fd08860b2b19da00d319ef5a61b4493eede559424fa5e6129635e69da8656
records/full_2026-07-06__rec_001617/attempts/01_extract/prompt.txt,237459,03dfca3b7928467a20da6c7790b0fe819b5967649f370609927529d496765762
records/full_2026-07-06__rec_001617/attempts/01_extract/response.json,65390,d1cd8b1ae8cdb3f3ddc635364f927087e22c29e2a537310d9e61642e9f2d9aed
records/full_2026-07-06__rec_001617/attempts/01_extract/stderr.log,170,df63031c83455b92720178d00de394ff31d111754ba92e0e10b4e9ab45466216
records/full_2026-07-06__rec_001617/attempts/01_extract/stdout.jsonl,72384,32d2426f57ef10c654533a9724371a431e2b388c699d7301731ce2999395e390
records/full_2026-07-06__rec_001617/attempts/02_repair/meta.json,1690,120f7f3b05639d9b53f86159fae218e04995a81e88e65343eff121f3cc33e80a
records/full_2026-07-06__rec_001617/attempts/02_repair/output_schema.json,18153,fc4fd08860b2b19da00d319ef5a61b4493eede559424fa5e6129635e69da8656
records/full_2026-07-06__rec_001617/attempts/02_repair/prompt.txt,312236,a9a04110abc9fc588896d3878222368f232c342aa1ef5b5d58ebefcfa0749697
records/full_2026-07-06__rec_001617/attempts/02_repair/response.json,48475,e96c5101961bc8da16754a2b4d14a3e79b6bba87a89e34d6be787b67ff268663
records/full_2026-07-06__rec_001617/attempts/02_repair/stderr.log,170,5365fcfc1a824923ba33a18849dc45f55e4a18cf4b73fd23d3cc22d74c06d5e8
records/full_2026-07-06__rec_001617/attempts/02_repair/stdout.jsonl,54067,d7df8d984ca188c104de3e93c5590dad94515c0582c9f7d6f0653b0cd88d191f
records/full_2026-07-06__rec_001617/attempts/03_review/meta.json,1690,ca3b60f52e125bd66e0836dcef8b4d187d67a94e859eaf99902b10a4eaa12601
records/full_2026-07-06__rec_001617/attempts/03_review/output_schema.json,2482,2f7fde6059c5725fd4066315b7082d9c732aec8fae93b90e64480ce47d95b8c8
records/full_2026-07-06__rec_001617/attempts/03_review/prompt.txt,242089,b744b5876d58f956db2dc336df0f8efc9455e4905bf43db4dec74f0e2569e083
records/full_2026-07-06__rec_001617/attempts/03_review/response.json,5919,51c9c15d00044e705eea6ed345602df2075f03546775deb6ad9e61982de05e8f
records/full_2026-07-06__rec_001617/attempts/03_review/stderr.log,170,cb9ab3ab60faaff253c995ca4a474cf10c52dbd52507a35a79a847ec08aa672e
records/full_2026-07-06__rec_001617/attempts/03_review/stdout.jsonl,6584,9b744eed5b9177fc6782c2cab79490fb534ea9c1e969684bacc3b88e8452a332
records/full_2026-07-06__rec_001617/attempts/04_revise/meta.json,1691,c89ab2b0788175c57fc5e79c1e3ce02fbbce45f5ed19d9edf2398b8fba304837
records/full_2026-07-06__rec_001617/attempts/04_revise/output_schema.json,18153,fc4fd08860b2b19da00d319ef5a61b4493eede559424fa5e6129635e69da8656
records/full_2026-07-06__rec_001617/attempts/04_revise/prompt.txt,294782,a69779ddab8db48a39463ceaad01ffaadb20ed5295b6bac5f2a8010e1ec14085
records/full_2026-07-06__rec_001617/attempts/04_revise/response.json,185552,560625f48ce5021f770b5625d74dfad27c7cdf32c71ff44547f3c3548bc62fc9
records/full_2026-07-06__rec_001617/attempts/04_revise/stderr.log,170,713ebaf722644d5e58fab46c875b239bbcbe644d0873ebb9bb3ef87aa7aa3174
records/full_2026-07-06__rec_001617/attempts/04_revise/stdout.jsonl,203726,ce4a6de09bd873b1bd307fd2fb2b21462de1d4717003077767e331060dcf9163
records/full_2026-07-06__rec_001617/attempts/05_repair/meta.json,1691,22a56b54e774e3a9209b611fec2fb62509ba6cbfe4a1f5944069309724411102
records/full_2026-07-06__rec_001617/attempts/05_repair/output_schema.json,18153,fc4fd08860b2b19da00d319ef5a61b4493eede559424fa5e6129635e69da8656
records/full_2026-07-06__rec_001617/attempts/05_repair/prompt.txt,434544,f0a77ea178366348206f639e0961e0cc9937a0fda612254bb8788d487b740070
records/full_2026-07-06__rec_001617/attempts/05_repair/response.json,158242,36f7c2355c14845a9de917b3e9ded2f21bfc0125ab45573f1188cfaf7436fa9a
records/full_2026-07-06__rec_001617/attempts/05_repair/stderr.log,170,5621938f3b881c0bf7884df3245c23ec38cbedf5f2b015572f020f265bff3b21
records/full_2026-07-06__rec_001617/attempts/05_repair/stdout.jsonl,174400,c514b6c4d9f5267357ee0fd4cc1f9ca3e0f2f13ae2213abfdbb83f4e46abf521
records/full_2026-07-06__rec_001617/attempts/06_review/meta.json,1690,24f263c98d9e8c3e835540f319f50805db26e36ff5ea8ce5a208adafce00b8cb
records/full_2026-07-06__rec_001617/attempts/06_review/output_schema.json,2482,2f7fde6059c5725fd4066315b7082d9c732aec8fae93b90e64480ce47d95b8c8
records/full_2026-07-06__rec_001617/attempts/06_review/prompt.txt,356851,1051b5b269232348e74afd44e3009121ab565451072bc3f42e69fc8ad5d2aea5
records/full_2026-07-06__rec_001617/attempts/06_review/response.json,7267,aa2ffe43b86ecb31310842bfceb3acedbba4be7c9630b73b79a412c0a1716561
records/full_2026-07-06__rec_001617/attempts/06_review/stderr.log,170,1bc540c2c8d9dc6f675ac8714bc6b6aecd62ed5271fc57168d61413c41dedf4c
records/full_2026-07-06__rec_001617/attempts/06_review/stdout.jsonl,8053,4509b95a03452a3099675d46be0d828f1e94f3c1f17e01a9b1f9ecbf60b923ae
records/full_2026-07-06__rec_001617/attempts/07_revise/meta.json,1691,5c5d1199928d177997caf72d5226cdc8f1d1254daacc2a3393a1c429ad125fd7
records/full_2026-07-06__rec_001617/attempts/07_revise/output_schema.json,18153,fc4fd08860b2b19da00d319ef5a61b4493eede559424fa5e6129635e69da8656
records/full_2026-07-06__rec_001617/attempts/07_revise/prompt.txt,411667,3abeb8488868bc4ab07cdca3a6ec4719b5a3f387566469a9cf326da75460c538
records/full_2026-07-06__rec_001617/attempts/07_revise/response.json,167287,0a243cb19b27e76a5abc81e612b248f57c876aab1f087c51a1aa454249c9f300
records/full_2026-07-06__rec_001617/attempts/07_revise/stderr.log,170,eb49dbdfb93df45973ac393e0c06c45b6ea7958516008d489c7359a69bd01f2c
records/full_2026-07-06__rec_001617/attempts/07_revise/stdout.jsonl,183664,eda1cc499e2ae5070614f8e2f9435513ce3f17470740a94d65d731cb90195449
records/full_2026-07-06__rec_001617/attempts/08_repair/meta.json,1690,3f8a3723f0da0aeffaf22b7e906dd44785c28e5d8a5ee9e493cd07cfc1b6656d
records/full_2026-07-06__rec_001617/attempts/08_repair/output_schema.json,18153,fc4fd08860b2b19da00d319ef5a61b4493eede559424fa5e6129635e69da8656
records/full_2026-07-06__rec_001617/attempts/08_repair/prompt.txt,415383,0904a97d0bde7d55d83f1a0ef4eba26c5a1c747f869ddfaa7a574281caffd337
records/full_2026-07-06__rec_001617/attempts/08_repair/response.json,37966,e64853aa55fbe63fa9fabc69cf42f3098c463cf7d7e29c90d702ce50ad12fffb
records/full_2026-07-06__rec_001617/attempts/08_repair/stderr.log,170,ffe55cfafc10ab4e3a891d6fa24a9497de3f067784d9e86082da09432e9efbbf
records/full_2026-07-06__rec_001617/attempts/08_repair/stdout.jsonl,41799,3c476c0883d421c8e9e1fbd92d2fab1f24c1ae989e10f7a60325bf694d998ccd
records/full_2026-07-06__rec_001617/attempts/09_review/meta.json,1690,c2a17cc380495c76615a1895b27b3bb1b527697f5456bfd573ab339a78d68fd2
records/full_2026-07-06__rec_001617/attempts/09_review/output_schema.json,2482,2f7fde6059c5725fd4066315b7082d9c732aec8fae93b90e64480ce47d95b8c8
records/full_2026-07-06__rec_001617/attempts/09_review/prompt.txt,230842,77fdbffd31243a2addd5019ffaee77859d449918ea058848fcc0352add0b7a71
records/full_2026-07-06__rec_001617/attempts/09_review/response.json,4293,eaecf7d15ff8aa073883e157fd83d054409fa38daefa1dd09a0a9864752b0fec
records/full_2026-07-06__rec_001617/attempts/09_review/stderr.log,170,d007774f977b33ecd07ec95bebae2725527e35024593fdab6c479d6b3d64baad
records/full_2026-07-06__rec_001617/attempts/09_review/stdout.jsonl,4885,5acd5dbd5acda1cd8ee8edf3e31c90478024665ceae318e7c4d82e6fb2cd27e3
records/full_2026-07-06__rec_001617/evidence.json,16977,959d61a5cd95391a789efc4e3f6c23372a6c762bd5d061316da9385301beab24
records/full_2026-07-06__rec_001617/final_document.json,62254,74107ba525a83a5b3532cf31a35c4594c963c40fc52cf10dbfe4ccfcef3cae50
records/full_2026-07-06__rec_001617/packet_manifest.json,13305,18035e8d8bfeb3939854ee580d5707bccf8b2624466bde314e9fd6ecad029d81
records/full_2026-07-06__rec_001617/review_round_1.json,7080,f015e169c0a1f7a1e72e5ff98f725f8da1425a4ee1917472ec298424fe8ec9fe
records/full_2026-07-06__rec_001617/review_round_2.json,8844,50ba01106db2c0a97996dab296b2b6e4a77bc5390906df7c33b66a2a47f04575
records/full_2026-07-06__rec_001617/review_round_3.json,5200,17139cf49310859312c4740d2a047818a5cb722509b8fdc9a7d71ad4e867cd20
records/full_2026-07-06__rec_001617/sections/sec_0001.md,330,0772da3ecc6e85ae7acb0220aa8ea485802f072114967b2a5293671bea4b365a
records/full_2026-07-06__rec_001617/sections/sec_0002.md,2771,e32c92d09cf6452d8dea49cab8dba2c0d4e7138a662fffdb7d203d9a700f7d93
records/full_2026-07-06__rec_001617/sections/sec_0003.md,3892,8883400d0dc089e48fe114e87501d68671ed97e2bf543ccd428a82678d4b3348
records/full_2026-07-06__rec_001617/sections/sec_0004.md,3233,ab7254d637ad3009fb9f7ef8566bdb24af7b34e983428378d75197390aad2718
records/full_2026-07-06__rec_001617/sections/sec_0005.md,4991,0adf71c9c158ca536e71c8330ebfc91f8447b23ecc8625b797671288c10e7433
records/full_2026-07-06__rec_001617/sections/sec_0006.md,840,1d579daf3521936778c4c2ce8e19d11f5eb52d199a96657c7a93105e488cef34
records/full_2026-07-06__rec_001617/sections/sec_0007.md,1352,d6350e6b96b83c32b3e333ca75442f8ac9e3c3982512a12201e4388686fc5318
records/full_2026-07-06__rec_001617/sections/sec_0008.md,840,60f7abd9cda54087215ab2db58b7907f9926c49932106113e00f2e81cf35a693
records/full_2026-07-06__rec_001617/sections/sec_0009.md,1212,d097ebc92bd4a0b249ef5aad7286c2fc8533968b28aeecd81caafc9910b0c46f
records/full_2026-07-06__rec_001617/sections/sec_0010.md,1145,63f45712472f4a95f18f11d13f1524b30005b63adc72a4fc7a6326cd12c294db
records/full_2026-07-06__rec_001617/sections/sec_0011.md,42,58338d4b9e34e154f259dd9a56e868e43e541de578bb711a35e2b0e28837a157
records/full_2026-07-06__rec_001617/sections/sec_0012.md,917,d8801a33b7bc4e94785e7c002fbb7bb8005378c6a9f1410eb70f35c5e3ea54da
records/full_2026-07-06__rec_001617/sections/sec_0013.md,979,19f7e48b9b7a18b73d61093979d8568d018e531ad627e0a41327b603c80d79aa
records/full_2026-07-06__rec_001617/sections/sec_0014.md,18,bfe59d3e06605c8590bfe324978d87b38eee673fc60a14adb6e452d9816db2ea
records/full_2026-07-06__rec_001617/sections/sec_0015.md,1120,fb7e706f8b39b72ecbae6d371264e9596f560a4359bedc3b5d64f9e14b4bd988
records/full_2026-07-06__rec_001617/sections/sec_0016.md,7521,2a71b54958f829d6586f5e9999a5c2d1e81f942a7900f2761a624d17fa451ef6
records/full_2026-07-06__rec_001617/sections/sec_0017.md,7739,112ad5c19742712f1c0c10900ecab98078ae402b0557f4d6e0cc7847ab4e860d
records/full_2026-07-06__rec_001617/sections/sec_0018.md,30,56ade6611e6c01e003da6bdcbbcd675b120a80cc889b7c9ae68764eb745fdb8c
records/full_2026-07-06__rec_001617/sections/sec_0019.md,2663,f91a00f160bc19e2c13c54823bcfa34a8a0d1f66a0455d3bd6b6a4b2c82f91bb
records/full_2026-07-06__rec_001617/sections/sec_0020.md,3178,01ff23febe64f3e639e4a1c8efc548c10fe0bf37d685fea2635072066f9809d2
records/full_2026-07-06__rec_001617/sections/sec_0021.md,1149,670885676b02a0bc238068da21c99272455347c7b9e8924fba23be23da2e6e5d
records/full_2026-07-06__rec_001617/sections/sec_0022.md,662,2e4e2faf7d02c668a11df5f6648f407bc344f8b404acbc3bb8512b0af1698b8b
records/full_2026-07-06__rec_001617/sections/sec_0023.md,170,0b5305491ab9f6c36ed4e600af8091d94af40192380d716584aa31fe1656c6ec
records/full_2026-07-06__rec_001617/sections/sec_0024.md,18686,acbc5ae6c4f4ca22958eab14dfa71b0943ed5d2eaab33093d2fc3312651b824f
records/full_2026-07-06__rec_001617/sections/sec_0025.md,14,cb684e318f0cb1b88e1337698bd441a92817f3a823c126c8d5f0901811349789
records/full_2026-07-06__rec_001617/sections/sec_0026.md,4421,69d4f3a5c2867dec8189c840ae0c6c743a93e7346650fff0010521c8ef8bd5f8
records/full_2026-07-06__rec_001617/sections/sec_0027.md,831,ea667b601c63a89daed37fab72671254ea118bae52d16bec99a60dd9be648d9a
records/full_2026-07-06__rec_001617/sections/sec_0028.md,4117,f9a3dc3c42830e79bcc4552c3663683299bcba980328b6caf4c9acb0b97d05b0
records/full_2026-07-06__rec_001617/sections/sec_0029.md,6452,06b05dad2fb4d704db406863e93361e2c902f3bd7065d7423f9305c227b94e0b
records/full_2026-07-06__rec_001617/sections/sec_0030.md,31163,5986474c22df6e8af43a10461cb49690437a79e599a6260e66f1c3354e6a89a2
records/full_2026-07-06__rec_001617/sections/sec_0031.md,33,8b657928b148b9e55a5a60d9f39ae9b61ab0b995d7fc44f47eeae9e8069cfa4b
records/full_2026-07-06__rec_001617/sections/sec_0032.md,114,390d863e86f0324899e5c2e01c8dd25d38c2dd73b23e8e47dfd6ff726e5a1f09
records/full_2026-07-06__rec_001617/sections/sec_0033.md,251,3675b7488f2d7c46c8cea64e417cb036e990753588ef0621ddf4595fbd9b4d1e
records/full_2026-07-06__rec_001617/sections/sec_0034.md,132,c5dd5bf980801b5b65c9f5a2baf6369d1a8a253504b9d2540aca13eb1720c119
records/full_2026-07-06__rec_001617/sections/sec_0035.md,236,1886b15cbc086149b91ed0cf506fef1c46055442dbaa3987094ffa0e66f4b62d
records/full_2026-07-06__rec_001617/sections/sec_0036.md,147,8c1161cacdcebdfb6e2d2e78e3936670b3d7b0f395eb61a79e124ecd24dfc0be
records/full_2026-07-06__rec_001617/sections/sec_0037.md,1025,009f1e3dba1f2f431f569e2bc47dd7af59794b808191ad7691be138ade4e5a06
records/full_2026-07-06__rec_001617/sections/sec_0038.md,1098,90d996c159f43a9ce2758bffa41ef5870e452fe7c24c5dc5024cb7712d381b91
records/full_2026-07-06__rec_001617/sections/sec_0039.md,1518,3b001c2dae9c8fdb4af2738d6bc72894a6c6979dd210875cc689065997409009
records/full_2026-07-06__rec_001617/sections/sec_0040.md,7980,24095993b2b2905346a6464d91127faa745737a2125130cf1625a9741a1bdcc7
records/full_2026-07-06__rec_001617/sections/sec_0041.md,5154,4ba29397ed5e82fba09d474429ee4f99c4f9c0366e9f2ca00a917e3c7ab0199c
records/full_2026-07-06__rec_001617/sections/sec_0042.md,2394,9146b2d2f07f592637831cfb136cce81012cbfeed3253fc71e09ee881c811f2d
records/full_2026-07-06__rec_001617/sections/sec_0043.md,349,87f0fe567d8b5f5826ab577944cf145a7968a04627ac74aa1ae623147c3c0f8f
records/full_2026-07-06__rec_001617/sections/sec_0044.md,902,41096d4e36e57c72a50f9fd8afb1d6908497321ed3c3c2a10aaafdecaef745a9
records/full_2026-07-06__rec_001617/sections/sec_0045.md,1183,8850452c27efead4f6ccdb85c3a2252109ef876836bdd5538faa4b56f760a16e
records/full_2026-07-06__rec_001617/sections/sec_0046.md,4053,fe3026cf072a157c4643bb29c6dbe5bff00592729a5d587887b45e1696a07027
records/full_2026-07-06__rec_001617/sections/sec_0047.md,12806,4f0fe6dfcedd37d5ce6b0fd4638006a262fe54d0c0c393fa0ac909093469de48
records/full_2026-07-06__rec_001617/status.json,1938,1c3aa42d25fae6812ccf534d72e0f98a020ec82a3bf1f26cd882026da80a1b83
records/full_2026-07-06__rec_001687/assemblies.json,251799,71ed7755c37a28cb01c52cdf091469ba05d796d063b1284add5177148c8379ca
records/full_2026-07-06__rec_001687/attempts/01_extract/meta.json,1693,1d5dd6841f2a61ed00569b04cc8420ccd4183f57933cb38243dcfa5524c6a367
records/full_2026-07-06__rec_001687/attempts/01_extract/output_schema.json,18153,fc4fd08860b2b19da00d319ef5a61b4493eede559424fa5e6129635e69da8656
records/full_2026-07-06__rec_001687/attempts/01_extract/prompt.txt,159984,36b94e1b5a987ba7c72dfb255a7f83de8720c3623571edfc36ecd87e52ac629d
records/full_2026-07-06__rec_001687/attempts/01_extract/response.json,74849,70ed64cf99e7f96c6f51869531f0e642c221a190fa3901e20e5206b8dcb3da8e
records/full_2026-07-06__rec_001687/attempts/01_extract/stderr.log,170,04aa6d4f964d17c5e035a56bb2bfe86a0d22fad086ac966848947780b310bc68
records/full_2026-07-06__rec_001687/attempts/01_extract/stdout.jsonl,81825,089433bbf90542b1e8194088b9c2ff07e323bdb4c7dd32b77372996f62d5d099
records/full_2026-07-06__rec_001687/attempts/02_repair/meta.json,1691,055b77deeb0a099b3ac6ed58a0fd1a18480a0702dd9fd66f6c65c652fa48f6a9
records/full_2026-07-06__rec_001687/attempts/02_repair/output_schema.json,18153,fc4fd08860b2b19da00d319ef5a61b4493eede559424fa5e6129635e69da8656
records/full_2026-07-06__rec_001687/attempts/02_repair/prompt.txt,244723,aab4a50af373a62a50e269f561b9d6fef732055644d6b34541b25bb430e18fd9
records/full_2026-07-06__rec_001687/attempts/02_repair/response.json,78798,839ccaab55b2c0312c13dbd68b1946817aead86c5167d3db6aefc3ba24ebaa49
records/full_2026-07-06__rec_001687/attempts/02_repair/stderr.log,170,49f8fecfdbfe4429f6017c59922afbb7568b4ba4409b47eb3ec182eb6f454bbd
records/full_2026-07-06__rec_001687/attempts/02_repair/stdout.jsonl,171792,401f7eb56798ac743e81f351cc1e4d86f475bf2066fdb68e649df359f5cd647e
records/full_2026-07-06__rec_001687/attempts/03_review/meta.json,1690,734163bc4a2b1d93fd1507107a4c556cfb30aef1c76a22eb76c50c82f7b46d1a
records/full_2026-07-06__rec_001687/attempts/03_review/output_schema.json,2482,2f7fde6059c5725fd4066315b7082d9c732aec8fae93b90e64480ce47d95b8c8
records/full_2026-07-06__rec_001687/attempts/03_review/prompt.txt,195426,5a6468e2fe2e811c83ed01960ee30fedbcd1810893c171aa20391258576f2fc1
records/full_2026-07-06__rec_001687/attempts/03_review/response.json,16530,64faf8765711d28952b381485f2eca7b758ba00e3e34111755d79a28017ba6cb
records/full_2026-07-06__rec_001687/attempts/03_review/stderr.log,170,87454b15fc61035934821904ba1c261e403b99cbd1193a17a3ffa258b744cdc0
records/full_2026-07-06__rec_001687/attempts/03_review/stdout.jsonl,17790,dc71019edb6defe249a679b0cfd3302e588d5bca0673aa6bb1dbababf3e290aa
records/full_2026-07-06__rec_001687/attempts/04_revise/meta.json,1691,893fd6830987abd04741f858f48b0da6509589218beb387c79b90922ec88d7f9
records/full_2026-07-06__rec_001687/attempts/04_revise/output_schema.json,18153,fc4fd08860b2b19da00d319ef5a61b4493eede559424fa5e6129635e69da8656
records/full_2026-07-06__rec_001687/attempts/04_revise/prompt.txt,260241,a8894aa2a99f1156da9a426e73ba69b59f23d6568f99f2f13fd62529d2181d21
records/full_2026-07-06__rec_001687/attempts/04_revise/response.json,115618,84381519c7c4a8c449162702a4c5709195079971f19efd5b1d40e35da106d8f4
records/full_2026-07-06__rec_001687/attempts/04_revise/stderr.log,170,b776ec674dc561080aaad33ccaed5667e8269679b89442c1de296669d4cf2c59
records/full_2026-07-06__rec_001687/attempts/04_revise/stdout.jsonl,125720,df0bf636bce378e545ca929a5ffca83cbf4b6992bb76ff35ed95bf19e599c97a
records/full_2026-07-06__rec_001687/attempts/05_review/meta.json,1690,1b4c1f97586f418513c3044b28f5c14be21076edf1828f91f23e00ffb45bf6ad
records/full_2026-07-06__rec_001687/attempts/05_review/output_schema.json,2482,2f7fde6059c5725fd4066315b7082d9c732aec8fae93b90e64480ce47d95b8c8
records/full_2026-07-06__rec_001687/attempts/05_review/prompt.txt,233824,2289ea5e904992d7c9bbd68ba14a3760b00aebda4ce891fd1aae9620a2b1d355
records/full_2026-07-06__rec_001687/attempts/05_review/response.json,14420,a297342e375bb0c712c71aeb5576d3f3b62d66ac7feb88b4f0d0ff7952ac652e
records/full_2026-07-06__rec_001687/attempts/05_review/stderr.log,317,ab0743a9b1ead29d2b411cf93dde03652a979c927de7cb23b87693d376a85a03
records/full_2026-07-06__rec_001687/attempts/05_review/stdout.jsonl,15543,86c58640d90329edf0d95b59bf4b4f7c6bee868add8909b9980783fe4b461344
records/full_2026-07-06__rec_001687/attempts/06_revise/meta.json,1691,6570e0d601a5a19256d1fea30d840d12cc77b4da19358a11af64c52217fe9258
records/full_2026-07-06__rec_001687/attempts/06_revise/output_schema.json,18153,fc4fd08860b2b19da00d319ef5a61b4493eede559424fa5e6129635e69da8656
records/full_2026-07-06__rec_001687/attempts/06_revise/prompt.txt,296401,06b12e83094ff120f857f99d77cb9ca06800c4ee0177eaaa092bafd74531d466
records/full_2026-07-06__rec_001687/attempts/06_revise/response.json,142103,0d2dbd41d6b77cbeffad8a7dca2323f437d9315e52aea10db264208f5d520373
records/full_2026-07-06__rec_001687/attempts/06_revise/stderr.log,170,3c820e0cb22dc06261367ae6ecdf6194e39ee57f3187fc1f2ffa5b8e44a8b778
records/full_2026-07-06__rec_001687/attempts/06_revise/stdout.jsonl,154037,e183b3d264dd78f8c079ed87313030abdff399db5a4a8c533613f83752300b1b
records/full_2026-07-06__rec_001687/attempts/07_review/meta.json,1690,356d697b09b762ab511fae9cc049950153bb2cdc25360cac2cad6bb1b38f5b41
records/full_2026-07-06__rec_001687/attempts/07_review/output_schema.json,2482,2f7fde6059c5725fd4066315b7082d9c732aec8fae93b90e64480ce47d95b8c8
records/full_2026-07-06__rec_001687/attempts/07_review/prompt.txt,261340,c297d257f87672f6ae3ab0c8f79dfe4a94c3c875a3d22752ac30a187bb5dc2ae
records/full_2026-07-06__rec_001687/attempts/07_review/response.json,9609,98ab4d3e3681aabfa217718bc5c14cbd314f9de5d4c8139a1852d663d0fef1e6
records/full_2026-07-06__rec_001687/attempts/07_review/stderr.log,170,4765e2fb7a2fc266df5d36096a0bf33740514fc9539cf376fb46c524163803b8
records/full_2026-07-06__rec_001687/attempts/07_review/stdout.jsonl,10433,9c0775b9ed5e0a11eb8b808ede68ed295475058096f97f3d62f8b47038ad61a8
records/full_2026-07-06__rec_001687/evidence.json,44898,818502fd455ce3c4dfb810aef78d2c67ed194e12db18a5ef0dfd2a4f1f974154
records/full_2026-07-06__rec_001687/final_document.json,224767,ffc23676a125fb8b005d8cd21f0941b9ca4df6b1fc1077dec809db0cc361f0c4
records/full_2026-07-06__rec_001687/packet_manifest.json,9270,d736ba06773d83072efa4c6128b51636b16a4721f3a25ab5e9248b24298ee521
records/full_2026-07-06__rec_001687/review_round_1.json,19809,d281aaf9032edb5ff53186af225303eea3bb7beb27573dc17a77707386a0788c
records/full_2026-07-06__rec_001687/review_round_2.json,17086,d3f275767036e4251cbb6af0e1640edc318b04284e208201bac895bf895f24de
records/full_2026-07-06__rec_001687/review_round_3.json,11224,ba9b43db6afa2f068d0f24eea8e041ed91665cd3ef5f98f78b003fcb0f0e7e60
records/full_2026-07-06__rec_001687/sections/sec_0001.md,470,049d5478681bb0772c8f5e919f3b36ab8508fa0f41643e2aaeb635c221415c32
records/full_2026-07-06__rec_001687/sections/sec_0002.md,1081,e431a20d15a041e7a26994aac39318435c6464f585ed01d564409a7db9b06f2d
records/full_2026-07-06__rec_001687/sections/sec_0003.md,4707,dda351fad51cdbcf6417a7c1a3ec27be467dee5a8db3440fa0ed194d9c8c20f5
records/full_2026-07-06__rec_001687/sections/sec_0004.md,2929,7adeee812c2db2e7a8eb9e811d8bed33792c8f13ad46628040fa2060946fefa4
records/full_2026-07-06__rec_001687/sections/sec_0005.md,29,45f86861241d71ecb62bd1cbf671fa90ef5b59744cff61b5e4a290cf2556bf3d
records/full_2026-07-06__rec_001687/sections/sec_0006.md,1603,71796d6ab8398bab12a31a090d7c7b8063a763a7446cc0d21a783e9aa3de178a
records/full_2026-07-06__rec_001687/sections/sec_0007.md,2398,dc0ef4cda0022550f93870f01e2e5e5786e4b1016f320dc12e332ecc21949cd7
records/full_2026-07-06__rec_001687/sections/sec_0008.md,1567,a8f6f4afa2f3ac482dd1097c830de6f67bc596e52b98d2df5474f16bc96cf4a8
records/full_2026-07-06__rec_001687/sections/sec_0009.md,215,84567006cd0f7a4ab9a4d4c2e5150f4e9dd6ebb9af2be0dc96bc247fd580b14b
records/full_2026-07-06__rec_001687/sections/sec_0010.md,1141,1edebdfbdd0f009ef445de6f063a40ea45d986acf41677e3c4ff1a3c22167fe1
records/full_2026-07-06__rec_001687/sections/sec_0011.md,695,100491ded4612a042ef3498a67528c814a543eb39c2b2a77d25e2567dce460fb
records/full_2026-07-06__rec_001687/sections/sec_0012.md,307,98d72f8b16cf1a14a6396379b51c611b9d6aaeb6c3b815962c386c6f8d4f4b16
records/full_2026-07-06__rec_001687/sections/sec_0013.md,28,a0b1c51ae7f6c73b23ab693625126f9014724842c0448688d595a06470c105e2
records/full_2026-07-06__rec_001687/sections/sec_0014.md,5019,b37b1ce3ce4a14cd76a323e4d748a16045d0e76f3504ef583fa3d2a4a75fbb9e
records/full_2026-07-06__rec_001687/sections/sec_0015.md,529,9226fcd5e8a38197811874bf975df95665fd343c836f908c5444d5cd3b8f95d7
records/full_2026-07-06__rec_001687/sections/sec_0016.md,8003,e2362612d48ed490de8908da25b52d31d4d3ffbc87c49f61a8320983bbb8dd55
records/full_2026-07-06__rec_001687/sections/sec_0017.md,4724,a92b28f3599a5f87e3805898c03da68e9ad3ff6de1645e8ddebd2a02b1903d32
records/full_2026-07-06__rec_001687/sections/sec_0018.md,3305,6f2a3656fe00e5eaff6038d22b4ac4a2157e99b89207629b7a51434b6362bc03
records/full_2026-07-06__rec_001687/sections/sec_0019.md,27,ec9ca9ed6bcccefed27b860b84343ae28caa3d19a1697929865ca3cd6946577e
records/full_2026-07-06__rec_001687/sections/sec_0020.md,673,427919ab8edb006be24e14185b2a0db220fd42e68fc5044f107136a626d6b865
records/full_2026-07-06__rec_001687/sections/sec_0021.md,526,4b5342add1a3b9db2b5627cc2d4e1bbced26053dc52c40d435e9e0731006032b
records/full_2026-07-06__rec_001687/sections/sec_0022.md,2819,4595fb61aa4e1deb041f1adb325e005fd2843e35b7463b3dcf81b7e2c1c743d8
records/full_2026-07-06__rec_001687/sections/sec_0023.md,1706,d6e2b981a1441ff637be8f8597ba5904215d289a784913e1c803edb48432543a
records/full_2026-07-06__rec_001687/sections/sec_0024.md,13381,b1745240cd57fc5f643dccd5c30bd8dd85b125b151cf798f94417285fdfde62e
records/full_2026-07-06__rec_001687/sections/sec_0025.md,483,9262d41c0c0196088d7650a0035eea79106785c67e8a5a5d51b263497bd4ddf2
records/full_2026-07-06__rec_001687/sections/sec_0026.md,32,959e35d8c15cf7252ec9803eb5a51efefb1e104ff9f18d744a67b6354b27d685
records/full_2026-07-06__rec_001687/sections/sec_0027.md,4976,b07682ea71fb5fdd0a08d7379a4ad46f0390871559d22fbf017bf6bfd3daf50c
records/full_2026-07-06__rec_001687/sections/sec_0028.md,1551,54ec21cb17a60bd9226bc48938fe7bd39e6d024c93e9fefa4cdc1c22bf4e52d1
records/full_2026-07-06__rec_001687/sections/sec_0029.md,2992,fec477633986b00422f74d67fc0130ffe3391e7e37a8c8594389c8e21df4c36f
records/full_2026-07-06__rec_001687/sections/sec_0030.md,826,5a423179e0a3201cea19e980cd111956231c660f7a0c12615359eb1c0ad606dd
records/full_2026-07-06__rec_001687/sections/sec_0031.md,25,e7aeb78748d1f4c24d9f2d31b33a9ef90b6228b27853e9a44c9d0a4e023b9ab4
records/full_2026-07-06__rec_001687/sections/sec_0032.md,10358,bbd09bc6556a794848dd05637bdd2bdc851420c33da233394b1220d9ef4131d5
records/full_2026-07-06__rec_001687/sections/sec_0033.md,1851,e174241a9f3e777ea194f33759020eba8516a1f15ad9f4bda467140331ba1536
records/full_2026-07-06__rec_001687/status.json,2467,9ebf21fb175aa2be370beef4bf0ea310512c2db45e54f7f5adcba73a1adcf872
records/full_2026-07-06__rec_001773/assemblies.json,60606,7d882d1e0243474650f10c215c861205c0a00dd034ec2986bad44c6b07b1af1e
records/full_2026-07-06__rec_001773/attempts/01_extract/meta.json,1692,32e229b4c5744cc63a0cd998d58b5522150d94717d052ffef704e5e7ba82e933
records/full_2026-07-06__rec_001773/attempts/01_extract/output_schema.json,18153,fc4fd08860b2b19da00d319ef5a61b4493eede559424fa5e6129635e69da8656
records/full_2026-07-06__rec_001773/attempts/01_extract/prompt.txt,208055,404da8207847aeb8b412f34ee33b8ce44e87bb6fb1006cf1700fb376f34199e5
records/full_2026-07-06__rec_001773/attempts/01_extract/response.json,46082,8c4947d557c868476d6922d4ac0deecaf854a1460d761d87f6a70fa5ff448cde
records/full_2026-07-06__rec_001773/attempts/01_extract/stderr.log,170,ff21563d44509753e6b951cc0927a21a7e7d47f285e5bdf308a438e24bf87819
records/full_2026-07-06__rec_001773/attempts/01_extract/stdout.jsonl,49816,399b76963f3f036245a7a93f0e635f92b8515cd62fce94ffd1762963ccd2e9d9
records/full_2026-07-06__rec_001773/attempts/02_repair/meta.json,1690,52b26926dc31d50078fdbb3fad61700ec4d87b760c8ee23091d5a2a5990fbc21
records/full_2026-07-06__rec_001773/attempts/02_repair/output_schema.json,18153,fc4fd08860b2b19da00d319ef5a61b4493eede559424fa5e6129635e69da8656
records/full_2026-07-06__rec_001773/attempts/02_repair/prompt.txt,258895,6b7c9c89d675ad8cf5e4259d66c93356039b5f152cab2579129069a297bfd75f
records/full_2026-07-06__rec_001773/attempts/02_repair/response.json,45412,4ae2935b7dae2a33dccde02a94bbeed490e511fb5ef86bc4b1ae4e651d90eefc
records/full_2026-07-06__rec_001773/attempts/02_repair/stderr.log,170,a8d2ad2c6ba27518f07ca28fe13a684bb4515d9868f8235dbedd0b5f72ae0b68
records/full_2026-07-06__rec_001773/attempts/02_repair/stdout.jsonl,49141,6ee0c0a4cf91bd0743a5b43f18371d5e298391f62d5ce90496bde959f87d4a09
records/full_2026-07-06__rec_001773/attempts/03_review/meta.json,1690,02a0cf125f2914518931ecfaa8509ab7b975e89c856235edb8591d22a37d8915
records/full_2026-07-06__rec_001773/attempts/03_review/output_schema.json,2482,2f7fde6059c5725fd4066315b7082d9c732aec8fae93b90e64480ce47d95b8c8
records/full_2026-07-06__rec_001773/attempts/03_review/prompt.txt,208244,b207456bba79349d23eb2ebe12bff23f2e59a5626ed48eb558749c4883d36231
records/full_2026-07-06__rec_001773/attempts/03_review/response.json,7794,72c1dabac8fdba9924c1d390b91fc04c348831cfab4ad5788bee663c484f0db6
records/full_2026-07-06__rec_001773/attempts/03_review/stderr.log,170,9bc78f898bdfd73c8f624da9b467d5979f87764cd55e489e2167c904da47dc79
records/full_2026-07-06__rec_001773/attempts/03_review/stdout.jsonl,8558,e4e1eaae0c1113af236e5099c3a5aa4bc02a7aa155ad8a3388fb632165052e72
records/full_2026-07-06__rec_001773/attempts/04_revise/meta.json,1691,9ad456263ff9d856abf70e5287bdf0409d80b237cb91f5ce935bc655ec2159df
records/full_2026-07-06__rec_001773/attempts/04_revise/output_schema.json,18153,fc4fd08860b2b19da00d319ef5a61b4493eede559424fa5e6129635e69da8656
records/full_2026-07-06__rec_001773/attempts/04_revise/prompt.txt,263575,e7c42374d483a101b3a0fd60155dda1e50a6208d419d2184a123cf4ae62ad829
records/full_2026-07-06__rec_001773/attempts/04_revise/response.json,71338,5e007b17a2512990adb0df72f65afb124688fa234d6d821a8791d81798faa24c
records/full_2026-07-06__rec_001773/attempts/04_revise/stderr.log,170,47db6ead41d1d7f3505d0bb1a441ae5f862340182b48940f4fd0338dfcc84cdc
records/full_2026-07-06__rec_001773/attempts/04_revise/stdout.jsonl,153379,a45c13d9025eb5f65d2282bccbe72b77609b7d38f42eda712fde723e952507ef
records/full_2026-07-06__rec_001773/attempts/05_repair/meta.json,1690,4e59a9a340d9758a654ed9a7cbace5de1672a445c45dfad18921d62aaae3eab3
records/full_2026-07-06__rec_001773/attempts/05_repair/output_schema.json,18153,fc4fd08860b2b19da00d319ef5a61b4493eede559424fa5e6129635e69da8656
records/full_2026-07-06__rec_001773/attempts/05_repair/prompt.txt,283276,0e0bf892a625dd29a210efecd70f725ca2ca02ae0b87655e8af9d1c7e3c1af02
records/full_2026-07-06__rec_001773/attempts/05_repair/response.json,71267,18a1b92c32cfb7cb917de2315997b706a5519b1bebaf4fc7b593eafcba1d8b27
records/full_2026-07-06__rec_001773/attempts/05_repair/stderr.log,170,4c628021d58e744ebd021c6692fba9e796948edf22b2b63fa1b355f00db8ec96
records/full_2026-07-06__rec_001773/attempts/05_repair/stdout.jsonl,77173,9153e734baeb7472d4fce2155ceab975742b663bb9e3494210b6180e55329d8a
records/full_2026-07-06__rec_001773/attempts/06_review/meta.json,1690,cce5c95001f858dfde8339b565298499f1adc4f5f82626e7b077c51300fbb4c9
records/full_2026-07-06__rec_001773/attempts/06_review/output_schema.json,2482,2f7fde6059c5725fd4066315b7082d9c732aec8fae93b90e64480ce47d95b8c8
records/full_2026-07-06__rec_001773/attempts/06_review/prompt.txt,235034,a9e98c37dc884ad0b0e8787783824f0bc2184e815ba3013b7f311fb6efbfaa47
records/full_2026-07-06__rec_001773/attempts/06_review/response.json,6149,7acb0ccf24c3dd9f5f152291ccbeb2b398331fe725e9bc02b5b6728324f784a4
records/full_2026-07-06__rec_001773/attempts/06_review/stderr.log,317,6114e5027df7578f0773fcd623e9353e30b22f358291ce2984a2993f1c6a5a89
records/full_2026-07-06__rec_001773/attempts/06_review/stdout.jsonl,6809,5a7d60cb7f6b7ecb8bf3105eeb4b400669e7e2cf24772287c7433d541720bd5d
records/full_2026-07-06__rec_001773/attempts/07_revise/meta.json,1690,17227147e187c7d5494423b81a202f54e4a0f24e09a0d130bf99b26da6d395a5
records/full_2026-07-06__rec_001773/attempts/07_revise/output_schema.json,18153,fc4fd08860b2b19da00d319ef5a61b4493eede559424fa5e6129635e69da8656
records/full_2026-07-06__rec_001773/attempts/07_revise/prompt.txt,288471,77287978d91e8e616c3b6e05afee56ba65b2e48634556fe31be450502c942f4e
records/full_2026-07-06__rec_001773/attempts/07_revise/response.json,40049,27ffab27ead1705384ebe8ed093a8b1dfd24e218ef1da7fc683d5cee96ae281a
records/full_2026-07-06__rec_001773/attempts/07_revise/stderr.log,170,51a8d57c9061cb5038c46af768ae065f8afeace4119cb5907677bf4dbb5374a1
records/full_2026-07-06__rec_001773/attempts/07_revise/stdout.jsonl,43150,f601dd16c00dd1d3af83cbd153048ce094e977c89c121f51bc7ffb8d873cbf68
records/full_2026-07-06__rec_001773/attempts/08_repair/meta.json,1690,a5b7db5393fbd1765b7546e329050102b82ba5e14eca87f06cec06e707c21378
records/full_2026-07-06__rec_001773/attempts/08_repair/output_schema.json,18153,fc4fd08860b2b19da00d319ef5a61b4493eede559424fa5e6129635e69da8656
records/full_2026-07-06__rec_001773/attempts/08_repair/prompt.txt,250097,6f02a51c60eee8b0347aae4ee1b40ef7d1e0018f28b8bf11fb320ea32bc4aacd
records/full_2026-07-06__rec_001773/attempts/08_repair/response.json,40055,ba6d3594ac7d6725000243ab7908d8f38770ac7dc233b2753a82804872bb1cc0
records/full_2026-07-06__rec_001773/attempts/08_repair/stderr.log,170,4208914a11391ccbc4e78fba0f002b87014527c49e59b512c30453c446c6eb51
records/full_2026-07-06__rec_001773/attempts/08_repair/stdout.jsonl,43151,d2f55f41577836a63b529bf21b07576b91e8bda9f590122034d83ff1ddf03d6b
records/full_2026-07-06__rec_001773/attempts/09_review/meta.json,1690,4a734f3da8827ab672d0dbcda6b51373000cc1057f3e7c1401a4293f693e7c77
records/full_2026-07-06__rec_001773/attempts/09_review/output_schema.json,2482,2f7fde6059c5725fd4066315b7082d9c732aec8fae93b90e64480ce47d95b8c8
records/full_2026-07-06__rec_001773/attempts/09_review/prompt.txt,202557,4da6d63f886092abe48961197d04f01fd23e06346e7b7ab43dc85932d9978dc7
records/full_2026-07-06__rec_001773/attempts/09_review/response.json,4883,4df3526eec19a54e26c39e9033a1e89a41aec213e38f479cdf70f3b993e038d9
records/full_2026-07-06__rec_001773/attempts/09_review/stderr.log,170,ae0e459e6c8b7561d071f8dd44c080575bfd8dd069ec35f5cbbb14f3ef517dcd
records/full_2026-07-06__rec_001773/attempts/09_review/stdout.jsonl,5489,d4e60e907fae657ffb77fb18392d2bbc92a5d55542b6388e1ed0a22e0f720ebe
records/full_2026-07-06__rec_001773/evidence.json,25313,ed2be6c9f856daf7f57ae138817af1d00970d167c23a25a3febb1570d7b8f075
records/full_2026-07-06__rec_001773/final_document.json,59113,d5b33a2d016f6b9fde455693f154cc7e1be1bf111dfd6c651d468c9af8516ac1
records/full_2026-07-06__rec_001773/packet_manifest.json,11876,0757a2366066dbda4ca7b1d1997443b64a141deb84825c2f4f09d38e3a967cfa
records/full_2026-07-06__rec_001773/review_round_1.json,9282,151b0e7244c2206eb3e1e7bf54a8a75058f2714c843650b33c8b057162c24314
records/full_2026-07-06__rec_001773/review_round_2.json,7291,e9acfa323d18ad5cb58ecbd2ea295790b700ebe291b91dda0a36ed6bce0c4363
records/full_2026-07-06__rec_001773/review_round_3.json,5844,c28075bbf39cb3b4196e39c2beef955dbdda088d7909e6f94137b7b0c53b08cb
records/full_2026-07-06__rec_001773/sections/sec_0001.md,195,6da5ba599b988f95fde09a9699d349fb7600d2bae348efaedcede4a98dfc7b99
records/full_2026-07-06__rec_001773/sections/sec_0002.md,1414,e7c92e22999bc90ee83af94c904e956b28c7098fd02a173ccc0422fa899325aa
records/full_2026-07-06__rec_001773/sections/sec_0003.md,5227,1ced8fc6cd47ba8129aed33ff0dbc3fe74782840dc66ce27c0e39041419adebd
records/full_2026-07-06__rec_001773/sections/sec_0004.md,1496,8fc276aa83f8c70db21849505bdd1cef2703fb1ad3e674f7484b7aff6c069c43
records/full_2026-07-06__rec_001773/sections/sec_0005.md,35,aa5d7083f3225bd1420097e64cfd7a18230343f71cc95d005c6565809941887d
records/full_2026-07-06__rec_001773/sections/sec_0006.md,1284,e4eabe8613850c13e5e70ce12f6bcf65984308165de00d77af1a1facc3a3b2ba
records/full_2026-07-06__rec_001773/sections/sec_0007.md,2310,0c3c1e54139100755580f018568e930ab5555134c082d4d2432cf3156626138d
records/full_2026-07-06__rec_001773/sections/sec_0008.md,255,10ef12ce30488e49cdeacb2cb124fadfb97fd438e253550fdee73c90cf74c1fd
records/full_2026-07-06__rec_001773/sections/sec_0009.md,2401,fbf3033a8a998a08a58ddb32bb058f1919ebbbe22b948ba2f11ce4edd873cb6d
records/full_2026-07-06__rec_001773/sections/sec_0010.md,3255,aa66fa6cc5342eb1db99746b4dd2a2d1c3dff0d981eff04da4f43cb438a7afbc
records/full_2026-07-06__rec_001773/sections/sec_0011.md,4010,03cf2e28e2850b9639c99a5bf54c09e6e1b11041527a2f97415c3c8d9b774e02
records/full_2026-07-06__rec_001773/sections/sec_0012.md,713,067a1f3462c9d5fde32fc071906e5fc1d20d1f64adb8957140a3b5bf9b6af133
records/full_2026-07-06__rec_001773/sections/sec_0013.md,1399,49bc01c3390f727ff2bb6297d0f6a079bd2496bd97305b3933510415cb43c142
records/full_2026-07-06__rec_001773/sections/sec_0014.md,838,e62f5a51d944e73a569866c0cec0726ba3f107a486365e181f088c07b6baa61b
records/full_2026-07-06__rec_001773/sections/sec_0015.md,7262,c12010ed217a4e4c6426490480377cb3823dfd02e7020329c1cd04582519a113
records/full_2026-07-06__rec_001773/sections/sec_0016.md,4058,ee0134b0486f265fd31eb4855d2f3e4f3190e3ba77f9cde7dc46eb74f2a4a788
records/full_2026-07-06__rec_001773/sections/sec_0017.md,2551,86bce67c1a7ee689fff9e7c2b9592b4b0c7a85578e358769367bd44f3e8e7e12
records/full_2026-07-06__rec_001773/sections/sec_0018.md,4749,f255d8618f63299d9d8ea799fe500b60f2c59c225701e7180473b140968a0c03
records/full_2026-07-06__rec_001773/sections/sec_0019.md,22,7201725e995d3e71537218405f77887a61e8c853b3c7369362fcdb2fb6d6a1af
records/full_2026-07-06__rec_001773/sections/sec_0020.md,522,d7f91c52cd2209f86259d954e2ecd15858d220c6fa873538ff9be349ae840525
records/full_2026-07-06__rec_001773/sections/sec_0021.md,2145,de24ee8934235eefbbcf47ef9a8f56d5af680ab24ca7e5fdabcbfd5887be00f5
records/full_2026-07-06__rec_001773/sections/sec_0022.md,998,c9fa4ca3a1f2502cdf34aab58310be58561ebe34ee81178bc7148beeef60dfe0
records/full_2026-07-06__rec_001773/sections/sec_0023.md,2500,bd0a393feaa6983860218f5ef6217515ec8c24f7b39c1076d7c802790544302e
records/full_2026-07-06__rec_001773/sections/sec_0024.md,10702,b58cf03f4e9554128ac28f01a0d43082b427fd90b23716742942266d57973f25
records/full_2026-07-06__rec_001773/sections/sec_0025.md,3955,b9a5fc07a8db2e02aab54c41129a719fab99943769b1709149ec84397e63047e
records/full_2026-07-06__rec_001773/sections/sec_0026.md,159,f204aac0bae575405f45dfb7b51a4ce092086d9d9c2e71ec1c1c2fcf8b272e50
records/full_2026-07-06__rec_001773/sections/sec_0027.md,40,eebda127cf81fb869fd2c70dcb022b19b9ead59dde0563c63e58426f8fa13870
records/full_2026-07-06__rec_001773/sections/sec_0028.md,25128,865acc7f61e847dfd0f691401f8fc11af718599f64c360b3180233e8fcacec6e
records/full_2026-07-06__rec_001773/sections/sec_0029.md,404,182149460067c57ceabb4d8c8587f48ffe9a2b4211a69fe8f9a9403767423d8a
records/full_2026-07-06__rec_001773/sections/sec_0030.md,250,0ec32c60c7fd1f3421b8b4668f7cf68294ddef17e91df61d901906a658244cdb
records/full_2026-07-06__rec_001773/sections/sec_0031.md,450,9ba5ee959406273bc7a90d9204d47f54b7de22029b3108d4c74dfd302b9f66fa
records/full_2026-07-06__rec_001773/sections/sec_0032.md,3257,3bcd9adce559b636ce18fd03b684d8faf2f408c5f0a5f04e14d34d41e773b474
records/full_2026-07-06__rec_001773/sections/sec_0033.md,818,6df6f552dd4a648a72f364ce831018af3c2802ba4b304d6715d74da41e1cde71
records/full_2026-07-06__rec_001773/sections/sec_0034.md,209,1d9f0e8790f20612f5e23b26868cbb4e0c7994ddafdfd923d6422b49ea193354
records/full_2026-07-06__rec_001773/sections/sec_0035.md,712,673053181b8e818c083af3aab38ac08fcb09a48bff0868a345e5d30d5e845ca5
records/full_2026-07-06__rec_001773/sections/sec_0036.md,709,3956ddda9755d7fffd0f3843a4df475aa85ee65f1b26cfa57b522e848b36bcb3
records/full_2026-07-06__rec_001773/sections/sec_0037.md,371,3ce2c891de30013ae2b37d1919b3b368689b1552bd8ae1a306cd8d6a0288e7ab
records/full_2026-07-06__rec_001773/sections/sec_0038.md,1425,e8871eb416fb15c5b8d068efad53e16a2c589719d51c316d897a1516652fa499
records/full_2026-07-06__rec_001773/sections/sec_0039.md,2282,5ed08caa95b1e1641f67471bb5996c230e4e372e5fdfa76f3025422dea5db98a
records/full_2026-07-06__rec_001773/sections/sec_0040.md,749,80cf704a5c71f3f15fd2d2886c194a0d8b49bdf5abaf3029037e1d1d28a0de09
records/full_2026-07-06__rec_001773/sections/sec_0041.md,410,e77a4a669f3369a7ffb212358003fca9585afc5b4da60f69add2f33db8b1d153
records/full_2026-07-06__rec_001773/sections/sec_0042.md,26726,3bda591338ef12c96e079d7f479f59e5f08c1778a54b1b774308da94d3a2157c
records/full_2026-07-06__rec_001773/status.json,3187,f5eab5028182f18af00bb48c9d4256e71fd009f35bad31282b5aa6350f89d464
records/full_2026-07-06__rec_001830/assemblies.json,167395,359c8005a23056cf231981af1d3611451035f35ba6a09bc92d3aab1f92f5c2b0
records/full_2026-07-06__rec_001830/attempts/01_extract/meta.json,1693,b2074276a7b4ec6928fae049f666884dcd4569b4758440a56cf90139c19348be
records/full_2026-07-06__rec_001830/attempts/01_extract/output_schema.json,18153,fc4fd08860b2b19da00d319ef5a61b4493eede559424fa5e6129635e69da8656
records/full_2026-07-06__rec_001830/attempts/01_extract/prompt.txt,300573,057c7fdc29c324ef01126a659fea12b470a6325eb306e72c3b55a5d1190e2ab4
records/full_2026-07-06__rec_001830/attempts/01_extract/response.json,90792,788819923f76f14f6004836ddb4298aebf54c21edbc422878b5a4bf3c4cd94a8
records/full_2026-07-06__rec_001830/attempts/01_extract/stderr.log,170,6b24203d49e3b3744ae63d4936268c1b087aa2e33e1930e064c8c988f43de948
records/full_2026-07-06__rec_001830/attempts/01_extract/stdout.jsonl,99486,f675de7addd1b5e742d5dce6e516873dcc72274381ed4e37483ad7314f4750f5
records/full_2026-07-06__rec_001830/attempts/02_repair/meta.json,1690,c447f0c93b9c24aeae0badd9babdce1f3db5c69f71471010e0655202131bb2e0
records/full_2026-07-06__rec_001830/attempts/02_repair/output_schema.json,18153,fc4fd08860b2b19da00d319ef5a61b4493eede559424fa5e6129635e69da8656
records/full_2026-07-06__rec_001830/attempts/02_repair/prompt.txt,407024,095de06bd6a3ad56a10fc6932c90c8e6cd8f71cfe19ac5fa61dd48eebb147e31
records/full_2026-07-06__rec_001830/attempts/02_repair/response.json,86597,ac4d10a3bb08ca7b81f4ea6b1d9a9228ec927c0abc6f5e85a671a9c22a40290c
records/full_2026-07-06__rec_001830/attempts/02_repair/stderr.log,170,c81ed48c37b7d8fcb6a49e6a1dbbe7f1486588f9a2e99ed80883d977737f2a1d
records/full_2026-07-06__rec_001830/attempts/02_repair/stdout.jsonl,95438,b51eb5275d074156b12ce16d38cb57597ac9f1acdfbb4e526e2771c2f6d187eb
records/full_2026-07-06__rec_001830/attempts/03_review/meta.json,1690,e66fe85949e2448cb651050f9e14881e0c1f2cfcbe89ddf4941b2870005482f6
records/full_2026-07-06__rec_001830/attempts/03_review/output_schema.json,2482,2f7fde6059c5725fd4066315b7082d9c732aec8fae93b90e64480ce47d95b8c8
records/full_2026-07-06__rec_001830/attempts/03_review/prompt.txt,344592,23033d05f7784111247b36dcc7685630821b276e645cfccc12924adc62132120
records/full_2026-07-06__rec_001830/attempts/03_review/response.json,7538,d35bfd831cfd8de87c346d62e00938df87c727486e7a5adc8c5972c33aae187b
records/full_2026-07-06__rec_001830/attempts/03_review/stderr.log,170,0dabf62d87f3a18f31e3abee0fd409715e44ad65dc380824fe3a7a3279a1400f
records/full_2026-07-06__rec_001830/attempts/03_review/stdout.jsonl,8286,6b2f774030fe97bcc720fb4c39eaafda36d064ee1c5123507131ad318944db2f
records/full_2026-07-06__rec_001830/attempts/04_revise/meta.json,1691,49aea5ecb9ff41e8b595c71296c3edd7789523b638d4c297f49af15a7adc2fc5
records/full_2026-07-06__rec_001830/attempts/04_revise/output_schema.json,18153,fc4fd08860b2b19da00d319ef5a61b4493eede559424fa5e6129635e69da8656
records/full_2026-07-06__rec_001830/attempts/04_revise/prompt.txt,399607,3ef954eacf63efc1b4b19c82214487c64805f610813157f29b258fe7045bf9fd
records/full_2026-07-06__rec_001830/attempts/04_revise/response.json,128533,afc647deaf1116349d96001eb185f24ec7823ea2cfb6b7e00511466478e31d9b
records/full_2026-07-06__rec_001830/attempts/04_revise/stderr.log,170,1501d205eb8896cd50a6905c426f7c17ddf9fc84cbe9b3859716c64a64a204a6
records/full_2026-07-06__rec_001830/attempts/04_revise/stdout.jsonl,140552,ee12148731404d8ca911abd72596ba3b25c9704ee18447984e19720b75fb0018
records/full_2026-07-06__rec_001830/attempts/05_repair/meta.json,1690,b13045ef996c2f8d1376551ffd4169ca2ffe144f9a1fa54487babb12dd62ea06
records/full_2026-07-06__rec_001830/attempts/05_repair/output_schema.json,18153,fc4fd08860b2b19da00d319ef5a61b4493eede559424fa5e6129635e69da8656
records/full_2026-07-06__rec_001830/attempts/05_repair/prompt.txt,447517,16aa4e2121365d119cd383a591467af13d2375faa38ec35bf056a78bc18b57e6
records/full_2026-07-06__rec_001830/attempts/05_repair/response.json,50242,dc8214e1529343fd49a4448dc80a21f956a1338ca1ae65b52daa76687b991e3f
records/full_2026-07-06__rec_001830/attempts/05_repair/stderr.log,170,c32cdd6d28b2cb7a08f6055dcd5ce235e6d341b09be7f69dece95755f40ec71f
records/full_2026-07-06__rec_001830/attempts/05_repair/stdout.jsonl,54593,a750c682a690417452a9331c8bd9f53cdaed1416d25296c4fb07d257204135b6
records/full_2026-07-06__rec_001830/attempts/06_repair/meta.json,1690,0ca3edf1f8085e8958b110f1489e2c7b7b6717e256f8ccbf3de9c13e593b680f
records/full_2026-07-06__rec_001830/attempts/06_repair/output_schema.json,18153,fc4fd08860b2b19da00d319ef5a61b4493eede559424fa5e6129635e69da8656
records/full_2026-07-06__rec_001830/attempts/06_repair/prompt.txt,353549,ea75bffb4423daa8a454ea2825e2cde2619bc339b29f88ca2e814875a6bd7f4e
records/full_2026-07-06__rec_001830/attempts/06_repair/response.json,50261,f8095185ef40078328c3f247560edf4816ce89de6d3898d073a86ab65862361c
records/full_2026-07-06__rec_001830/attempts/06_repair/stderr.log,317,4a65b15104ab58a8dea59d645c808b54b33ae0e9e800e3e4e69c37bf58760b52
records/full_2026-07-06__rec_001830/attempts/06_repair/stdout.jsonl,54610,0511ae52c9c6417e7f668165429a62eb6827a5df8fce0cbbad72d37a1cd61429
records/full_2026-07-06__rec_001830/attempts/07_review/meta.json,1690,54462ce4517cccf917b8138cf0ab797782312402c29852fd3f45ed7253dab2f8
records/full_2026-07-06__rec_001830/attempts/07_review/output_schema.json,2482,2f7fde6059c5725fd4066315b7082d9c732aec8fae93b90e64480ce47d95b8c8
records/full_2026-07-06__rec_001830/attempts/07_review/prompt.txt,305937,6783e824bf44da2e56baf1f51dacffa2f02716da3b515bdbb71fd8b55cc68d20
records/full_2026-07-06__rec_001830/attempts/07_review/response.json,6627,8b775704d24a2db0b9753f3a0b270170a6d41a27e61f0f5295277b3aedbce28c
records/full_2026-07-06__rec_001830/attempts/07_review/stderr.log,170,03ed7ca9736976897958aba32ff1ecb9ede2b98c34e55411d480a8d00a6540a0
records/full_2026-07-06__rec_001830/attempts/07_review/stdout.jsonl,7347,904abf76f24e5a217fe767a0b7263a5f690ac84a7fe6ae34a85fecdb6fa4eaad
records/full_2026-07-06__rec_001830/attempts/08_revise/meta.json,1691,6992fac44a8dd2be8194c5148c3baa24c4d46c4aad84dc672ce139b290beae80
records/full_2026-07-06__rec_001830/attempts/08_revise/output_schema.json,18153,fc4fd08860b2b19da00d319ef5a61b4493eede559424fa5e6129635e69da8656
records/full_2026-07-06__rec_001830/attempts/08_revise/prompt.txt,360102,dcd6b8d45ae23aeac1088859745b0ac8042f65964f73b923083a3133afddda7f
records/full_2026-07-06__rec_001830/attempts/08_revise/response.json,138090,8b1bda7a41bcfe0d6850e6aa86f081d62d2613382fb3c5f1abaa853e114ebae6
records/full_2026-07-06__rec_001830/attempts/08_revise/stderr.log,317,a82246c1cb7fb52f1f8ddc93022eb9a0ebe1595998a02e6b00bae2b07693a4de
records/full_2026-07-06__rec_001830/attempts/08_revise/stdout.jsonl,150914,3f4653901fcd54e2b0122fdfa6f1e8c0598559f41028468ed93c31bc29e81a23
records/full_2026-07-06__rec_001830/attempts/09_repair/meta.json,1691,eeff8ab6defb04360095ef7cfeba6dc5d55b50f83d1f7606fd0053ed3749cb63
records/full_2026-07-06__rec_001830/attempts/09_repair/output_schema.json,18153,fc4fd08860b2b19da00d319ef5a61b4493eede559424fa5e6129635e69da8656
records/full_2026-07-06__rec_001830/attempts/09_repair/prompt.txt,464814,a975359b46af4ed437024854177c2a9ef177887b86cf0f4909db0d8e70a70470
records/full_2026-07-06__rec_001830/attempts/09_repair/response.json,100884,bf5442339229f9a4f9960807ee2b293bfa16b708a5f58c2fd233ac7e14754265
records/full_2026-07-06__rec_001830/attempts/09_repair/stderr.log,317,b46fb389b63b3773b77231958ee2d4bc6e9d5f5cbc8de49ed430081fe1560e6e
records/full_2026-07-06__rec_001830/attempts/09_repair/stdout.jsonl,239876,af105e2333b357140e95287dbb10fd2fddd25f5a408268788e6e55e1b33086df
records/full_2026-07-06__rec_001830/attempts/10_repair/meta.json,1690,aaaa9860ed72a4adfa692c116b3e1fc8971abb144df82f3adf83bbe2eb464c17
records/full_2026-07-06__rec_001830/attempts/10_repair/output_schema.json,18153,fc4fd08860b2b19da00d319ef5a61b4493eede559424fa5e6129635e69da8656
records/full_2026-07-06__rec_001830/attempts/10_repair/prompt.txt,408038,d4db594acd15e06641344d054550a017b454a99252cc3dec921f24da46ba8001
records/full_2026-07-06__rec_001830/attempts/10_repair/response.json,101691,6c564d8bcf7ab622057599ba72c2f9f0e91bcca27c169be52a3f7f86e1c6bfea
records/full_2026-07-06__rec_001830/attempts/10_repair/stderr.log,170,19d7e9dd9920267e73e9880860e772bf8fde9635a5b18b9082e7992fd5318ee3
records/full_2026-07-06__rec_001830/attempts/10_repair/stdout.jsonl,111792,859a6d2ba0e3240d44d2b30c11a6cc53333a4f98b0069ac2de44f2996d04b51a
records/full_2026-07-06__rec_001830/attempts/11_repair/meta.json,1691,5d952a6ab72aab33bee0f443a545571fd74c7215e4b7effeb554fd24040c9d43
records/full_2026-07-06__rec_001830/attempts/11_repair/output_schema.json,18153,fc4fd08860b2b19da00d319ef5a61b4493eede559424fa5e6129635e69da8656
records/full_2026-07-06__rec_001830/attempts/11_repair/prompt.txt,407751,9276a89852bff9122721337664bea03a76c6e57c2c340bdef4298cb96942db67
records/full_2026-07-06__rec_001830/attempts/11_repair/response.json,91830,f4c0fa4c3e5eb548a39ff24068bb8d691aca7224f237a8250123831332578bce
records/full_2026-07-06__rec_001830/attempts/11_repair/stderr.log,170,7fe8ca95415b019b77b9aa9430bec8ed1a39c6d744558f37453dcfba85d54252
records/full_2026-07-06__rec_001830/attempts/11_repair/stdout.jsonl,144591,d579987137f16e096a92a24856d44d03343ec6f6c7ff7a9e07968834c3b59c91
records/full_2026-07-06__rec_001830/attempts/12_repair/meta.json,1691,eff1d89193a8e888636cd6549e57a8ef8a19432eb66bf6616cca70f7044c0201
records/full_2026-07-06__rec_001830/attempts/12_repair/output_schema.json,18153,fc4fd08860b2b19da00d319ef5a61b4493eede559424fa5e6129635e69da8656
records/full_2026-07-06__rec_001830/attempts/12_repair/prompt.txt,398891,77e625d118ecb949c5909e51b5dfd7df7daab5a6cb5f03283634f6cb99aa514d
records/full_2026-07-06__rec_001830/attempts/12_repair/response.json,92314,03971b866e221b186e8dec9bbcdbf7942ed18f4c815389ad37667205936caff9
records/full_2026-07-06__rec_001830/attempts/12_repair/stderr.log,170,e27355519181d67c2c825ebba1e03f4b14b83d67a96c2106c610710c9db4e6bb
records/full_2026-07-06__rec_001830/attempts/12_repair/stdout.jsonl,202385,904ee9f86e81027459b36d0e44d2b4070e65b37c9922df0ea50a7d10953ce296
records/full_2026-07-06__rec_001830/attempts/13_review/meta.json,1690,84cbe3365ace155593f22f6e14298ab00dd2fbc24ec6c593a16efd31898faf94
records/full_2026-07-06__rec_001830/attempts/13_review/output_schema.json,2482,2f7fde6059c5725fd4066315b7082d9c732aec8fae93b90e64480ce47d95b8c8
records/full_2026-07-06__rec_001830/attempts/13_review/prompt.txt,350556,d9c34da916395c1d4e9bff673a0e96ac385aec936f1bef18453a11127e799e67
records/full_2026-07-06__rec_001830/attempts/13_review/response.json,16257,830b765c7bf9583c24a5df1af1066142469951099eb7ae9402d730e56dce10bd
records/full_2026-07-06__rec_001830/attempts/13_review/stderr.log,170,d99385bbcd820d180f67a968d5c32ce4be4e4187394a335d692425348e49a521
records/full_2026-07-06__rec_001830/attempts/13_review/stdout.jsonl,17578,7c5c9a1e7280e692d49d21bf10baebebbc33a5d91a814b94a0c300002c10f5b7
records/full_2026-07-06__rec_001830/evidence.json,58070,84bea2a10b507c1a15a46b20dd90c908c032364678f2971dda3299b2e5db9032
records/full_2026-07-06__rec_001830/final_document.json,151724,66566c7ad77fc188e8dc1756b6b4d16199a7087cb716f06876f4f4b873ec10ad
records/full_2026-07-06__rec_001830/packet_manifest.json,23416,8160e6f0c2c54bdc7cb75426fcaaf9b578ed12855df24eeeaa42a13707154841
records/full_2026-07-06__rec_001830/review_round_1.json,8953,c20d3887df628a4a866c4ac89cb6ed02626c7270842f7e297860b9b54c1c512c
records/full_2026-07-06__rec_001830/review_round_2.json,7969,86a29c2614e769d26eaba1825c580072df9e32c1adfabe0614e52baa77840156
records/full_2026-07-06__rec_001830/review_round_3.json,19841,40e6e74a19ed6809db7c99e244c3668f41380fbd4c1820d47103677f63fcb874
records/full_2026-07-06__rec_001830/sections/sec_0001.md,315,4de480ef8d8250d42f6f1a8229f1eebff717d4f94c83bb76315ec8808f0b913c
records/full_2026-07-06__rec_001830/sections/sec_0002.md,2000,e6e1447b297d5843c0d91380b3af44c46c49b4eb8a4c9738b34db6adc5535157
records/full_2026-07-06__rec_001830/sections/sec_0003.md,1558,a190ded7a1e57b55a0ad5ccabec80f557ff05d2ba66df457dd0db18e98058a74
records/full_2026-07-06__rec_001830/sections/sec_0004.md,5355,50275aa39b3123b5bac197a457678cd127aafca8ec056a22793955efcfdcedde
records/full_2026-07-06__rec_001830/sections/sec_0005.md,20,89c331b87fca7716928651c23d682dcfeaddc1e274b995ce2ef456d4967a4af0
records/full_2026-07-06__rec_001830/sections/sec_0006.md,1872,815d8d59195c298b64d4dff0ed23ffb20d5d8675ff62343479b4c9bad7554029
records/full_2026-07-06__rec_001830/sections/sec_0007.md,1202,0df561acd6e61b35fc0321e9d2866f401b516fcb742b23707a0805d7d64148b0
records/full_2026-07-06__rec_001830/sections/sec_0008.md,18,9a567ebe84694eb7c39a3c9c025fbee0ac18a50c3dc71b2c56700b1f53c93022
records/full_2026-07-06__rec_001830/sections/sec_0009.md,1913,235a25b1fc6bd1d50bc4b99741227bf19e46ab93ca505fae94ae87e3f4b11595
records/full_2026-07-06__rec_001830/sections/sec_0010.md,2944,c400c4b596cadbc0235137449644e1ab02d6f18ec2d241e5168e54f2d68313ee
records/full_2026-07-06__rec_001830/sections/sec_0011.md,2280,db588ae7ba2c10447ecc7566874f0492ca5624377d24a521deb0fbf7682dfcd3
records/full_2026-07-06__rec_001830/sections/sec_0012.md,3651,6f9eb91941879b4d2760686550dd79ca3bd33df8af4e82e0e394106467fca6cc
records/full_2026-07-06__rec_001830/sections/sec_0013.md,1751,1ee131f2472200919917d9eba6b97269cfff2a3c511d4ee904912d744cd80b37
records/full_2026-07-06__rec_001830/sections/sec_0014.md,19,1d1537b4deb49a4bd07fce3e30b6cfd8484d840ee9df8d01c6ad73a3a6d12fe7
records/full_2026-07-06__rec_001830/sections/sec_0015.md,6377,7807641fef7d8c44b4241d9ec2fe83c36829bc72095f24e9aad5630ba1d761bf
records/full_2026-07-06__rec_001830/sections/sec_0016.md,23,b4a1bb201b8841067b4a3285cd745346a353e714ff90a75429e94f10c9f854b6
records/full_2026-07-06__rec_001830/sections/sec_0017.md,1649,1cc8e02210a6a4d074d5af015a48d02408e7b24e9827ceeb2864480a794fd04e
records/full_2026-07-06__rec_001830/sections/sec_0018.md,2124,b7ec5a5605403b0d5d8777b85865275dac77a24f785d70c1769f43dc125375c8
records/full_2026-07-06__rec_001830/sections/sec_0019.md,2036,f5bc4e505759f3291e5b1abb5901dec77c5063f8f98c21a129fc229ebb4cee12
records/full_2026-07-06__rec_001830/sections/sec_0020.md,3416,1f1418096f977a50ebe3b09e8e36927ca51b15f7b1f0e95362a9f44373983d60
records/full_2026-07-06__rec_001830/sections/sec_0021.md,734,be42284b850e901e2e0b47ab7c49ccd27bc1faafed7d79c2b52828a60a3b1ec3
records/full_2026-07-06__rec_001830/sections/sec_0022.md,2592,a9e091dc3d2fb0171bcad426dc90a1f9d953952370bad6332438cb2729fced5e
records/full_2026-07-06__rec_001830/sections/sec_0023.md,1559,3b0211347c4b196bc0e2dbb60696f2ba455ad9b7af046e633700869249fa4c16
records/full_2026-07-06__rec_001830/sections/sec_0024.md,2841,dc2f34f0809e3825b9559850d5b896613165d0bbe0cd97e765c3ba5bd47d52d6
records/full_2026-07-06__rec_001830/sections/sec_0025.md,1335,adea9bee149fe0ec37d4150ec2902fedde8b9eeaf875f678dc25a4cb1f7d0ffe
records/full_2026-07-06__rec_001830/sections/sec_0026.md,691,cd1c2b4f075e0a532e2e06b6431991142a9e43d246fa23673520d2517de4244f
records/full_2026-07-06__rec_001830/sections/sec_0027.md,540,9c31925cbf8d7de71c4c36d5648df0ba1a1a029637b8a18dcfaf21f5db4666bf
records/full_2026-07-06__rec_001830/sections/sec_0028.md,1373,ff434988c432dc259ab97980a4fcf9b5acdb934ac4b482828075d0f9c74f27ca
records/full_2026-07-06__rec_001830/sections/sec_0029.md,11484,c7cf1476ff68e469a947af7b30aad3a2eadd4a77ac5cb0c07b2509dbc769d86a
records/full_2026-07-06__rec_001830/sections/sec_0030.md,64,557c1aab8ce140f1ba56d315526e0b5b35e806c9c3ffb67181a5b22c2399bb56
records/full_2026-07-06__rec_001830/sections/sec_0031.md,4439,8aa53adc3d4eb7114fd26558325da52c6c41f244926ee89670327d6201a638c1
records/full_2026-07-06__rec_001830/sections/sec_0032.md,3632,24b35768e1060d6442981ca7a1620e3ce13e2d9f83bdeeebb8b89a4d7160cdc5
records/full_2026-07-06__rec_001830/sections/sec_0033.md,1230,c1eb394b35734ed4b55e213174c59ff40f7c585ec0ee4026ce10a3a1d96c1ea8
records/full_2026-07-06__rec_001830/sections/sec_0034.md,2778,9bdbe760c9952cb39b7734708e26d062c91c81717c111660fe1df4259916c061
records/full_2026-07-06__rec_001830/sections/sec_0035.md,5011,bf73f11c30ba8d90fa7bd61f0809458155406c1872f3bc0798074afbbb77e11d
records/full_2026-07-06__rec_001830/sections/sec_0036.md,4449,b2ec4eee0dc1f0323996d77e3d5e8f2f42dfc83d78a70443b373f339faa87b7a
records/full_2026-07-06__rec_001830/sections/sec_0037.md,355,86372899c5a3548f3f7134ce1b36b52f7ac1c3090d68165001e872c852249b4b
records/full_2026-07-06__rec_001830/sections/sec_0038.md,5789,584f008e4f3e856c006257f01b3074b4dfb2ba13ce6378ea20f6c1417fa2980c
records/full_2026-07-06__rec_001830/sections/sec_0039.md,5382,ce95978c4563510d4bd4dac4a34ad0e54ab04d27721bea10a0320884fc41ace1
records/full_2026-07-06__rec_001830/sections/sec_0040.md,1542,cd8650414a8775078e3291b820a1a5b626ef2e1e410160936d3bde2ad9f08d42
records/full_2026-07-06__rec_001830/sections/sec_0041.md,525,622d3629bb31884a022223593f8f9fb0f89364746764b5581deeec8e044a1788
records/full_2026-07-06__rec_001830/sections/sec_0042.md,2277,a0906d64573347070c42ae4b1e41e4295fbfe86186192c431e9bf37d2a5d8dc8
records/full_2026-07-06__rec_001830/sections/sec_0043.md,4663,c6233f916e30d4039af033e7dec1c23c5ea78e60196784c20b208ed13302a3d3
records/full_2026-07-06__rec_001830/sections/sec_0044.md,5472,8ca8de9c577664c0f8e552ddcfb6c0a7de7cef58f17fa75cd47420463f463b36
records/full_2026-07-06__rec_001830/sections/sec_0045.md,4937,03c43e0837115ced60c2c10feb4ece46b434c10ac2c1373745e6da3d8f4f7d58
records/full_2026-07-06__rec_001830/sections/sec_0046.md,5881,6cb67d58011da2d221f0cd62e4b55c355f42e7fcda699de740de22442db2e20e
records/full_2026-07-06__rec_001830/sections/sec_0047.md,2593,ef2e2dff792358e50b10729dc7df2ca0142e5b78fb140fa472359596a5ffdd36
records/full_2026-07-06__rec_001830/sections/sec_0048.md,37,87361a55b8a41dbe03df12d5bb368e0fe07683159f63bcaab92be613681eb5fd
records/full_2026-07-06__rec_001830/sections/sec_0049.md,8121,3a1044825a3d3a7fab05c206fc82cdb171d3a4fb4035738c4c080643381c2320
records/full_2026-07-06__rec_001830/sections/sec_0050.md,3892,ba75d3db465e779b05568fb6f1d22a66d55b73343a0c913d86c6ae262f4bd24f
records/full_2026-07-06__rec_001830/sections/sec_0051.md,42,1ee14dc6e2e0a660b692a2f518015a21160f84d4d7321b2575c161bd0b447bb4
records/full_2026-07-06__rec_001830/sections/sec_0052.md,197,0a6db5d6c7b7334eb03415d47cc8878e47612f5d38eddc8d1ac450b178abdc56
records/full_2026-07-06__rec_001830/sections/sec_0053.md,3826,9b3c3e8afdf8f563ae0a2599ca6a6a2af87a96a6fc3eb43e65cfeb2aff5331fe
records/full_2026-07-06__rec_001830/sections/sec_0054.md,3320,d3731240122c57ac350262729ae3a6a918e854175865fdc97bbb081731c5fa8d
records/full_2026-07-06__rec_001830/sections/sec_0055.md,3043,2ecd5e1b75bd26afa82590fd4ed0201e106649521ff413a18c1df725a665c79d
records/full_2026-07-06__rec_001830/sections/sec_0056.md,229,e578091324fee5f2dff1908d985f9afbe53105d13b1625fb48acbc068c3ea13b
records/full_2026-07-06__rec_001830/sections/sec_0057.md,964,8876cc80e8d8e4f860afe13b9cb4698f34e8ef0272be7aceca8a6ac7a50e7ac4
records/full_2026-07-06__rec_001830/sections/sec_0058.md,1889,9f00fba34b1ac597bdb2b70b21fee5fbc1805f2f44ad0c4c5a5be91af016df8f
records/full_2026-07-06__rec_001830/sections/sec_0059.md,696,bdadcc218106c5fd7267db8ec651751561278e9c4bd5e4e1fecc2864c498a710
records/full_2026-07-06__rec_001830/sections/sec_0060.md,3525,ce9a6baf1ad75604f3d25428ad3a97678376ef00b772fae880cfc3c6a24b5685
records/full_2026-07-06__rec_001830/sections/sec_0061.md,4140,8c1af0faa0e404ec520dc4772b97639163c8e67cb142ba86f96fe6a26b673a72
records/full_2026-07-06__rec_001830/sections/sec_0062.md,2500,698eac657c79b9556e7730adb1e070f8b67fe21d1c1ada1adaa8ab4cd0d4addf
records/full_2026-07-06__rec_001830/sections/sec_0063.md,38,4e5fbb052448ff401c5bf232fbc6293fa64309d6b53cf66c2cf3870810d00c7e
records/full_2026-07-06__rec_001830/sections/sec_0064.md,1313,3ca04f6889e27abcc392ddf98d92bf21cb7b4dee7222058a58f980908c039852
records/full_2026-07-06__rec_001830/sections/sec_0065.md,61,0feac154260fd119dc50e7524184ef45bc1f84056c8eaa74db6ed5edd95d1c07
records/full_2026-07-06__rec_001830/sections/sec_0066.md,1732,59aec2e3c87ecbf9ab620f03dc318612a2fd0f57a1086524ef1e20f22e895b14
records/full_2026-07-06__rec_001830/sections/sec_0067.md,5813,91c384f72f6c6201682adcc9eb1bae39372365e906deb8f48560ab79c0d8e1a6
records/full_2026-07-06__rec_001830/sections/sec_0068.md,3787,554cd729c2f7c4918f60ff667e61c800b4e9a5659da0259a2f92ea4d266baf1d
records/full_2026-07-06__rec_001830/sections/sec_0069.md,5837,b6d696c03f5399e01e09d9ca1a12dd41c6c32dc6d4221c56f39ae1cd966c7e35
records/full_2026-07-06__rec_001830/sections/sec_0070.md,10213,d9c580533efed6ae9a1197c4043db6588d918c9b5d19a192d9021ddf19db2965
records/full_2026-07-06__rec_001830/sections/sec_0071.md,1241,b73401bcdcbb13a2b3b371d5acf32438d1a2ddebc8d33aa9b3dad2535c3992a6
records/full_2026-07-06__rec_001830/sections/sec_0072.md,4425,1bc566ec03285d1a333eb85b380df35b65c09417d138bac68d7b0cc7a8b53e28
records/full_2026-07-06__rec_001830/sections/sec_0073.md,2884,deb9c74e465ba8c7fa2bc24a367213d6f8c750592f801df3ccf507c3f0d3001b
records/full_2026-07-06__rec_001830/sections/sec_0074.md,2334,8082ea8636aae17f590b5770480d9bcb68eee0d93a83193b7234074aefb55706
records/full_2026-07-06__rec_001830/sections/sec_0075.md,668,1f9ea9da9a98c56a115997fa99b80472686a626d226e7864b9787a868c494e69
records/full_2026-07-06__rec_001830/sections/sec_0076.md,5005,435333c686348f75e70a82c71c7b7e5503999bef8bd0a8c70db8026ee759188c
records/full_2026-07-06__rec_001830/sections/sec_0077.md,1341,34fa73e03ca1d018d4e2fb0d7c4d8d23228ec0a5566fe93c1dee23efe54e5c47
records/full_2026-07-06__rec_001830/sections/sec_0078.md,3469,0fa2cc0efa3004132efdd43a1f72e4df1b1b3fc6c6b2a111acd35f6b53328413
records/full_2026-07-06__rec_001830/sections/sec_0079.md,1854,625c952460074b3601ee5ec497fc048a27f79fd5385853c23201af31cb09230a
records/full_2026-07-06__rec_001830/sections/sec_0080.md,496,58240e96ddd8a00d9b15e3a6d52d3bca830e95cd450dcae7169200bcfd4655d1
records/full_2026-07-06__rec_001830/sections/sec_0081.md,1916,5523634decdd1f1cb2185ea37929d437b810adf5211b2491bee7301e7a094e88
records/full_2026-07-06__rec_001830/sections/sec_0082.md,945,65359db774e575975dbe10e40f6488ec0c613309c63cd77b03e7751987ba4de1
records/full_2026-07-06__rec_001830/status.json,4015,62edcc6cbfbd9f6aafad148effc0e93fe0b4bbb57c99a8c16b4c3fedb55f4a78
records/full_2026-07-06__rec_001838/assemblies.json,75048,ddddcfab2f7703c06203331d9ef032ebebc15fd86a3525191c0b9a84e6095e60
records/full_2026-07-06__rec_001838/attempts/01_extract/meta.json,1692,41aed916bff7f817a99306acb305e8f50507d3ffadcde3c4b7e1cad56dba4534
records/full_2026-07-06__rec_001838/attempts/01_extract/output_schema.json,18153,fc4fd08860b2b19da00d319ef5a61b4493eede559424fa5e6129635e69da8656
records/full_2026-07-06__rec_001838/attempts/01_extract/prompt.txt,148594,31152aa224fe0ca2b221331ab9b60916b553fdfa8484d78ee7466a191347ed1b
records/full_2026-07-06__rec_001838/attempts/01_extract/response.json,39974,7cab96e16fe29a2ccd4ed0ced8cf92d6c81b04ed7c188f28cdbfa34d300c4474
records/full_2026-07-06__rec_001838/attempts/01_extract/stderr.log,170,dd8776152fa84097ed775a807a13f872d4ba3ce98e5d22f1abd9a111581c526e
records/full_2026-07-06__rec_001838/attempts/01_extract/stdout.jsonl,43044,eaa6ed45ad54de380bf490d09d3c0c7fa52490133b8c99c721988e72b10cedeb
records/full_2026-07-06__rec_001838/attempts/02_review/meta.json,1690,62ea67d8b50dd7cd5c492bad79f8e4fc24ff13d8f7d79651762e79580e7d273d
records/full_2026-07-06__rec_001838/attempts/02_review/output_schema.json,2482,2f7fde6059c5725fd4066315b7082d9c732aec8fae93b90e64480ce47d95b8c8
records/full_2026-07-06__rec_001838/attempts/02_review/prompt.txt,143011,c91bbc135440e6976a57fe6ebe9fa317bc9d937ecd79854c60531241f20fc3b3
records/full_2026-07-06__rec_001838/attempts/02_review/response.json,6628,ed791b7216387b54ea8b4a1fed4f5b9d9dea02a4dae424a7f4b1e6c3e2135390
records/full_2026-07-06__rec_001838/attempts/02_review/stderr.log,170,28a333238a05f97c496084d05d2411860a728c041f5590031eba82ac296ee6ee
records/full_2026-07-06__rec_001838/attempts/02_review/stdout.jsonl,7251,37ce01a1b866bc75b5d27660131c8f6f02026f0641ff77b8a5388a0585df9280
records/full_2026-07-06__rec_001838/attempts/03_revise/meta.json,1690,a0bc261e82183c6258125c3b3a63580e187e2949ba6deff7be7e6536f61c865b
records/full_2026-07-06__rec_001838/attempts/03_revise/output_schema.json,18153,fc4fd08860b2b19da00d319ef5a61b4493eede559424fa5e6129635e69da8656
records/full_2026-07-06__rec_001838/attempts/03_revise/prompt.txt,196873,c022d6721e315529af8fe49e6bdd9bbf815a13b0da7861880ee0d579806c082e
records/full_2026-07-06__rec_001838/attempts/03_revise/response.json,37919,276eeccf1aca85a3ade3f7937f715848b97ca4517e29f49eae44ef5bea4f8200
records/full_2026-07-06__rec_001838/attempts/03_revise/stderr.log,170,ed5a71e8fc2ce6f757e675a5f5ae7c4b8253fa48795b007636477fffd47a25a7
records/full_2026-07-06__rec_001838/attempts/03_revise/stdout.jsonl,40839,d6a976feebe41930ec3939084dcd2ca8bbf7a9f7cde07f199e00df10c8645b4f
records/full_2026-07-06__rec_001838/attempts/04_review/meta.json,1690,fde7f1b64566f127805e7f4362e3bc8e15c20a07e6833a19f7f4eb2462342773
records/full_2026-07-06__rec_001838/attempts/04_review/output_schema.json,2482,2f7fde6059c5725fd4066315b7082d9c732aec8fae93b90e64480ce47d95b8c8
records/full_2026-07-06__rec_001838/attempts/04_review/prompt.txt,140884,82d528975ba6d8bf385bfc8b38e02d4ac040213b6a23bceecbbc23cb959ab999
records/full_2026-07-06__rec_001838/attempts/04_review/response.json,3313,0dad2b4f1d666a493e1acb72f021d236ce9eb8bd625332644f4c932503f03e6d
records/full_2026-07-06__rec_001838/attempts/04_review/stderr.log,170,1af51b2e04bdce83e4b5edaba64eeab4439a52c45a350146da3b4963e1e9aaae
records/full_2026-07-06__rec_001838/attempts/04_review/stdout.jsonl,3825,188a21b4be47850cc8d9c688284865d264a07cd51b61065961859005442bc197
records/full_2026-07-06__rec_001838/attempts/05_revise/meta.json,1690,510d03cd61840c756920530485a1f7e545c8067cfb5b1431e2418a2f9c04af2d
records/full_2026-07-06__rec_001838/attempts/05_revise/output_schema.json,18153,fc4fd08860b2b19da00d319ef5a61b4493eede559424fa5e6129635e69da8656
records/full_2026-07-06__rec_001838/attempts/05_revise/prompt.txt,191330,7e3672917932a6108bd25953544795cfff2adaa97bde735485c30622e454ebb5
records/full_2026-07-06__rec_001838/attempts/05_revise/response.json,43827,646b048f70fda61464de29786a7d9b1b0a92faf51b7ae1e2596459c9cdfd24c5
records/full_2026-07-06__rec_001838/attempts/05_revise/stderr.log,170,8c1efd39881872c663a36c82012c2f8c1b1a64383b8e42b8aec2da1ec85cf490
records/full_2026-07-06__rec_001838/attempts/05_revise/stdout.jsonl,47157,9e9cdf7dd638a1763b823ce345b8e22d76d464fe6184a398abd4d1cb481c7245
records/full_2026-07-06__rec_001838/attempts/06_repair/meta.json,1690,bb9ff26b8c488ad5f0b826c06269d9ab03f65b83f973787824efbf8089308a63
records/full_2026-07-06__rec_001838/attempts/06_repair/output_schema.json,18153,fc4fd08860b2b19da00d319ef5a61b4493eede559424fa5e6129635e69da8656
records/full_2026-07-06__rec_001838/attempts/06_repair/prompt.txt,196209,75878c89c3a6fad7a1f514c623668ef138c33021fb74154bd6052d58bce31250
records/full_2026-07-06__rec_001838/attempts/06_repair/response.json,43827,d05b31bed861d0b3dbe6fca3367d6755a107d92c9e35eb3e37809dbe1fbbf791
records/full_2026-07-06__rec_001838/attempts/06_repair/stderr.log,170,995e5f15071724fa613447aaeb6a9c6e6240f0b548ab0d57aa764b7b99d4afdd
records/full_2026-07-06__rec_001838/attempts/06_repair/stdout.jsonl,47157,17f9da8527a74ea1db8c65291f01ceb7e6ca29891f38c79655009a757d6f7073
records/full_2026-07-06__rec_001838/attempts/07_review/meta.json,1690,5ca7de29219c9be7c7872f9da69c255569bf2166115152c8834830ce2bae31d9
records/full_2026-07-06__rec_001838/attempts/07_review/output_schema.json,2482,2f7fde6059c5725fd4066315b7082d9c732aec8fae93b90e64480ce47d95b8c8
records/full_2026-07-06__rec_001838/attempts/07_review/prompt.txt,147019,e13d3477a117db111f96067770ecdfa6bff89874e6449b03a0723443e6d61e57
records/full_2026-07-06__rec_001838/attempts/07_review/response.json,5315,b377cb2c7340b814d5b05544b1f6f19fd68a57a63efcb91834fc0320f011b8b2
records/full_2026-07-06__rec_001838/attempts/07_review/stderr.log,170,84518405e9728365acb4730be18171d4b31c5e3347f02e6cb9d829a1fd861096
records/full_2026-07-06__rec_001838/attempts/07_review/stdout.jsonl,5941,aab104519d75a24faa7ed309894818d71b6a0f969f7311eecc0de5becefdb945
records/full_2026-07-06__rec_001838/evidence.json,16036,22c038d1ffe6be384154ab1099062b37ee96370dd99be804f06c38d1e158c757
records/full_2026-07-06__rec_001838/final_document.json,64658,8e4067dd59bc5244c98c51f0371bb42ed80ac47c40fa2df899c03ccac695c5b1
records/full_2026-07-06__rec_001838/packet_manifest.json,10839,b5e51f67f50888f586f837900a8a91bc995b85dab3e1dd12a8a9c2168faebf62
records/full_2026-07-06__rec_001838/review_round_1.json,7573,dc0d38665d53b83469e973e9badba865b537f5436ab9ab9e289dd4f5ee3a5293
records/full_2026-07-06__rec_001838/review_round_2.json,3877,8d2a304b98e84a67da2234cefb18bfeee4de4a879556045445acd066698e13d1
records/full_2026-07-06__rec_001838/review_round_3.json,6260,e36e475dc3e0dd7c196298b63c4b010b1d183f3002c6a10d8ddcede2b899d8ce
records/full_2026-07-06__rec_001838/sections/sec_0001.md,88,01e66937c466265ae062b6de396c3c874e2c08d2e3bf474850e4c81397e0b72d
records/full_2026-07-06__rec_001838/sections/sec_0002.md,161,62dc70e0b5dbcebd33e480ad02f72beabf298a8a3e4ca99109ca456ac8ddba73
records/full_2026-07-06__rec_001838/sections/sec_0003.md,265,b8d7ffe5a62d1fabfc0f2cd3188144faccd07f57047ef735b0bada922a61d2d3
records/full_2026-07-06__rec_001838/sections/sec_0004.md,1478,d6c4db5d2c8080b231b42ad2eec7aee275d44e4ecd93951a7585ddd41962c6dc
records/full_2026-07-06__rec_001838/sections/sec_0005.md,3005,cb8c861dc872b147a392a19b830e3e02befb768d3fa0b7daf8623cb625a28ba5
records/full_2026-07-06__rec_001838/sections/sec_0006.md,5021,ad37140d4149097c1ec95006919320ab46c6be33137c7be08bc041923d612f55
records/full_2026-07-06__rec_001838/sections/sec_0007.md,2118,e653d161867c4762b98bf972b6a9d7ecd068850854cee561192543c650d07de1
records/full_2026-07-06__rec_001838/sections/sec_0008.md,28,4eef0d8cf3a4668208ee95961457007615a8b2eb9a8f39bbc8df3b784859e2cb
records/full_2026-07-06__rec_001838/sections/sec_0009.md,1946,754c0615b566c6dd184e6f83d24279b528505c249765c55a3570735a6c8bc27e
records/full_2026-07-06__rec_001838/sections/sec_0010.md,454,65b959626df9c0c005ec6f04f608a66d1d3f142eaed3f3783239204a31c824fb
records/full_2026-07-06__rec_001838/sections/sec_0011.md,976,ad51e4c3c082fa7da84c62df18e6db7f3f66aab76daae9dd7e08ffcc73696437
records/full_2026-07-06__rec_001838/sections/sec_0012.md,456,479c89b7c33029c516262bf7f8c7f27ad0b139044e9e6d8299005db24cf48239
records/full_2026-07-06__rec_001838/sections/sec_0013.md,1017,a33f7ea43806dc1ad3e0ff955c522fc1b3a33e795be9f911d36e1927cc4998c8
records/full_2026-07-06__rec_001838/sections/sec_0014.md,771,591a9e73482c9a1f191914275e5f30c9b74834e6f399f9b5e45cffff7e0d3a68
records/full_2026-07-06__rec_001838/sections/sec_0015.md,1958,653380c5e6d223c5488f70c9947d0366bff13251f8d1ea24181dce8e53c9ff09
records/full_2026-07-06__rec_001838/sections/sec_0016.md,410,bd459bb100b6ac04ec073dbc6a8078f855d47417f3e60228111851c7abac746b
records/full_2026-07-06__rec_001838/sections/sec_0017.md,28,f8aafed0b620a78e178de8c6befb62ca8ecbef5b19bcbfd8d33dd2667f376d65
records/full_2026-07-06__rec_001838/sections/sec_0018.md,1515,fc146ec3a0f80c49c7a3b0e5dfce107a32f104ccf48f2145f37c77512f918868
records/full_2026-07-06__rec_001838/sections/sec_0019.md,1395,b81c7e9f39a1ebe11e8d9dd85cdf8a6918e4ac5c31713cf47b63c2c726e3fb33
records/full_2026-07-06__rec_001838/sections/sec_0020.md,17,774ac24800ae36e8b339206865509a3cb08b4c393e3f387e837b56ac57fffe41
records/full_2026-07-06__rec_001838/sections/sec_0021.md,707,2b3442bab0d7a2b1eefdbab90704a573e9bed44534a05fc92ce60a927e5ff5bf
records/full_2026-07-06__rec_001838/sections/sec_0022.md,3269,6ca92d472ba2d4798504f90bd24ebf3675290750e800465bfe52cf42dc064809
records/full_2026-07-06__rec_001838/sections/sec_0023.md,774,6a9add811131888bef83200a4e839b7468dd603384bf39b0248f501c6db3a52a
records/full_2026-07-06__rec_001838/sections/sec_0024.md,2224,f3f93d173eb42a2c395e01b45364e76cad037aac89825898b44745aa9b0d96b2
records/full_2026-07-06__rec_001838/sections/sec_0025.md,1330,d1dec9bd0350f80df2751a24ac991f78246499009a1307f43c8c69717744582e
records/full_2026-07-06__rec_001838/sections/sec_0026.md,14891,0fe6a0c45918dfadc5b644143c465212e752afeee2643df2b57f3e6d1d7371fa
records/full_2026-07-06__rec_001838/sections/sec_0027.md,35,c9e15f2f69bc9e99a9dbc8cadb988e68eb35be5e442936a5fc526f8042bdeba2
records/full_2026-07-06__rec_001838/sections/sec_0028.md,2267,4cd3b65b465b5542c9bee38f2761be79974793b7bba9084a64b6a76c86eaa333
records/full_2026-07-06__rec_001838/sections/sec_0029.md,1224,acaee85a5b0088fe370a99c46343966d143b32d440c752dd96c40c0b2ec2e135
records/full_2026-07-06__rec_001838/sections/sec_0030.md,1315,047d821fe3fc1ba7b81c88cbdd25b813a6fa0cba4ccebfb04f66aefa369232a0
records/full_2026-07-06__rec_001838/sections/sec_0031.md,8382,8a6d196be76888b5c45ee30d693326dbfe800d628c0d5e3a7aca23020fb44f41
records/full_2026-07-06__rec_001838/sections/sec_0032.md,3613,95078988e6ccef83fa344567e49b8578822378f8574a6702752e5d01f05ed3f9
records/full_2026-07-06__rec_001838/sections/sec_0033.md,43,dd0602f8d4fe9e95e176f61d656325f79d6415fbd4c9b02d9f421e8832ccdc2e
records/full_2026-07-06__rec_001838/sections/sec_0034.md,1589,1051f6697240f247d2d9952f4fbb5ddaf281feadbcc3ca2f0df41db795232ae0
records/full_2026-07-06__rec_001838/sections/sec_0035.md,1566,02d1cde1c8314e9cd5e57e68c4f69c226a558229ea1c5fcfe9192b6a2a37c3cc
records/full_2026-07-06__rec_001838/sections/sec_0036.md,36,572e0a0411e07af2ca0f2116a6beefd9b706d0d436541ea542ddeb36e39fd57c
records/full_2026-07-06__rec_001838/sections/sec_0037.md,1346,529547cd9de32d13c2d9544dec146fea09e78995c19cf0e417cda665b8542f77
records/full_2026-07-06__rec_001838/sections/sec_0038.md,767,8e83201ff905ad0e56caebfc0e9b50306c7320207818562a734d9f654c85c5a0
records/full_2026-07-06__rec_001838/sections/sec_0039.md,252,3e40429c065530c0d62c26fe930df0050b39235fd3d6d8f93569e899dc05840b
records/full_2026-07-06__rec_001838/status.json,2622,50dc20fe5bcbf83eafcbbf9cd76516da83f40e521efc4d0684253c799399451e
records/full_2026-07-06__rec_001889/assemblies.json,236963,0cf33882bc6fd22a85180b703a356faa7a22ecc490a443eff7299b89e046d975
records/full_2026-07-06__rec_001889/attempts/01_extract/meta.json,1693,32c2dec818a5221de6d4fcff2bf52f796fc4e4229fe2aaedd00b24eda1bc83d4
records/full_2026-07-06__rec_001889/attempts/01_extract/output_schema.json,18153,fc4fd08860b2b19da00d319ef5a61b4493eede559424fa5e6129635e69da8656
records/full_2026-07-06__rec_001889/attempts/01_extract/prompt.txt,186555,8a1f1d468f2bf974c2ac32ddd96a237c7832b62592bf4c8f63d78e4249699a0e
records/full_2026-07-06__rec_001889/attempts/01_extract/response.json,110959,81ed27d3b6f6f2029cb07bc29db41dbb4084669e698162c9927c5e9963fb8e28
records/full_2026-07-06__rec_001889/attempts/01_extract/stderr.log,317,dc80cc0c569e78dfb609f9971a722c9db9e607c59ff8722092ec60a43328bf72
records/full_2026-07-06__rec_001889/attempts/01_extract/stdout.jsonl,121131,b2bb389ef7fd60595a2cae01895074f07eaffb387176619877d794bbe8ef501c
records/full_2026-07-06__rec_001889/attempts/02_repair/meta.json,1690,260bdbd99f9ecb0647f22b3fe2ca56731c4ce58719d9e52f55581d037d30bd77
records/full_2026-07-06__rec_001889/attempts/02_repair/output_schema.json,18153,fc4fd08860b2b19da00d319ef5a61b4493eede559424fa5e6129635e69da8656
records/full_2026-07-06__rec_001889/attempts/02_repair/prompt.txt,308990,c3c68c11b60227da4ac09d523c35e21a5b923d2c5b7572c5b00f6ee93dd7a044
records/full_2026-07-06__rec_001889/attempts/02_repair/response.json,110969,9b1b492ed32d3ce7557fb7263a7dd319bceb2b9db87a7e1c3fa666ca2a394131
records/full_2026-07-06__rec_001889/attempts/02_repair/stderr.log,170,93358668e1179beac1755679f929d41a17716bb3b690462c36fd9db29ce72426
records/full_2026-07-06__rec_001889/attempts/02_repair/stdout.jsonl,120068,b1637ea424880342f6b736c787e97f4ecad79ce7765199164e4b52664248821a
records/full_2026-07-06__rec_001889/attempts/03_review/meta.json,1690,37186494f6f420687881f379b922ba0251894b36d47ff565b8d45cbde5cb8b53
records/full_2026-07-06__rec_001889/attempts/03_review/output_schema.json,2482,2f7fde6059c5725fd4066315b7082d9c732aec8fae93b90e64480ce47d95b8c8
records/full_2026-07-06__rec_001889/attempts/03_review/prompt.txt,255378,7f83f706fa7581830ea092bb6791341c3f5a00853f1d45a65a093085329c82c1
records/full_2026-07-06__rec_001889/attempts/03_review/response.json,18003,a65be5ad4dc5b709303425c740cd00de6908999c4b6bd4d92f8938162d22afd0
records/full_2026-07-06__rec_001889/attempts/03_review/stderr.log,170,a32fcaf905801d21f415f6785ae160f5cb88533b0eae9435993ecf3f40ca08b2
records/full_2026-07-06__rec_001889/attempts/03_review/stdout.jsonl,19374,32a941a5927d82d46b965a9cc4fcbd2f1ba01a7516821392c7871eb79869bb07
records/full_2026-07-06__rec_001889/attempts/04_revise/meta.json,1691,e51545fd51d29be80bc572dd2b84c07492b7c261366e0d0127e27de23dbb8856
records/full_2026-07-06__rec_001889/attempts/04_revise/output_schema.json,18153,fc4fd08860b2b19da00d319ef5a61b4493eede559424fa5e6129635e69da8656
records/full_2026-07-06__rec_001889/attempts/04_revise/prompt.txt,321839,e7b2993f07b8443db272ad4d8b09644b763e2c91c0059e55922d9ff1c4d01db2
records/full_2026-07-06__rec_001889/attempts/04_revise/response.json,147820,b8a6dfa8b0e44efa5861c107676b2e07c2da16175bbafca57ae5a63056e80752
records/full_2026-07-06__rec_001889/attempts/04_revise/stderr.log,170,392c610f62a167e1bde915b3acd3bcc37d6ac3fdb23941ae1a1d1b8f9db347f4
records/full_2026-07-06__rec_001889/attempts/04_revise/stdout.jsonl,322020,6d4563944be4c92f827c937b387f69beb436b5eae881f403d2ea3525dbbab375
records/full_2026-07-06__rec_001889/attempts/05_repair/meta.json,1691,976acfaeccc5c7f0eed0c75bdebafe78e2752d3a3b123b077186e71b3230ce9c
records/full_2026-07-06__rec_001889/attempts/05_repair/output_schema.json,18153,fc4fd08860b2b19da00d319ef5a61b4493eede559424fa5e6129635e69da8656
records/full_2026-07-06__rec_001889/attempts/05_repair/prompt.txt,343832,3ff56be96c7168938842908830a921b3268216b88b4674c953630467864f3a2c
records/full_2026-07-06__rec_001889/attempts/05_repair/response.json,147438,92fd6cbd511b4a1f696068e9b0c4030417172839cc91c77050cfc7e9265d72c2
records/full_2026-07-06__rec_001889/attempts/05_repair/stderr.log,170,02e7f02daf75afba472e8adab9b02b6cf6ea33880d219ba411a0abc18c44f9b4
records/full_2026-07-06__rec_001889/attempts/05_repair/stdout.jsonl,160264,e54933afa38210faf6878f7ee8efc76caf6ccd5cfc18571aec7c469ff6bfeb57
records/full_2026-07-06__rec_001889/attempts/06_repair/meta.json,1691,4d4a00543bf9166002b16e73e2c5ad28a14696e25d493e02a1c7efdc0625b67b
records/full_2026-07-06__rec_001889/attempts/06_repair/output_schema.json,18153,fc4fd08860b2b19da00d319ef5a61b4493eede559424fa5e6129635e69da8656
records/full_2026-07-06__rec_001889/attempts/06_repair/prompt.txt,341069,ab00e170c6d6557e32538bdc9ad7c2b621470b58086a373e34683c3ceaec6cc2
records/full_2026-07-06__rec_001889/attempts/06_repair/response.json,142463,fc9f2f861336e7f121ccc06c720dca3369e4b15cc94a5375999a84a89523713d
records/full_2026-07-06__rec_001889/attempts/06_repair/stderr.log,170,89c4a43c4c0011f13efa134b33b4a40d5dac749aadb3d06c17023c1949b4ac13
records/full_2026-07-06__rec_001889/attempts/06_repair/stdout.jsonl,155547,89dd85f31d614af8e250b2b1dfac77f9199901945e5a98e67f7f0066784ed97a
records/full_2026-07-06__rec_001889/attempts/07_review/meta.json,1690,24d637c90188d344295a1c6315e3021f4f39a0a98e8f325ec190eabfc4b4a9d7
records/full_2026-07-06__rec_001889/attempts/07_review/output_schema.json,2482,2f7fde6059c5725fd4066315b7082d9c732aec8fae93b90e64480ce47d95b8c8
records/full_2026-07-06__rec_001889/attempts/07_review/prompt.txt,288652,561ffa4ae0fe21e370b8223131b1e5422f0b323f616ec0888670f4de48db233d
records/full_2026-07-06__rec_001889/attempts/07_review/response.json,16338,ccac5ca56893c3bdd544e9c2044544eb4e9057bd2b0a00b229ecd63bca0e7905
records/full_2026-07-06__rec_001889/attempts/07_review/stderr.log,170,866d74771983f412035914fd296b9a5db06dee4b34911a083ca4e0c148446ccf
records/full_2026-07-06__rec_001889/attempts/07_review/stdout.jsonl,17653,aebfdc35c890d1cee255dd5b6e0d7fb23b7978e799abd9e1c574fac22a275cf2
records/full_2026-07-06__rec_001889/attempts/08_revise/meta.json,1691,6d55ebd5563321d997acf42baec092dd2f041cda6623e6ac74e49b2a069060c7
records/full_2026-07-06__rec_001889/attempts/08_revise/output_schema.json,18153,fc4fd08860b2b19da00d319ef5a61b4493eede559424fa5e6129635e69da8656
records/full_2026-07-06__rec_001889/attempts/08_revise/prompt.txt,353344,f713e4fbb3a014f9a193d71c179cf44ba5e640fb273c630a13fb57d49c93e322
records/full_2026-07-06__rec_001889/attempts/08_revise/response.json,168034,964160278d6ba6b16b632ba45102a4eefb5db8df837bbc64aaba15beb12d1eed
records/full_2026-07-06__rec_001889/attempts/08_revise/stderr.log,170,0227dd818c9a7deda5b22de8d9242a62f6e972320065f715496e339265f8fb0d
records/full_2026-07-06__rec_001889/attempts/08_revise/stdout.jsonl,182668,02bb3ab961009f40feac7cfd7335298a345be8da6c5cb886b7c42684b5a0c2ea
records/full_2026-07-06__rec_001889/attempts/09_repair/meta.json,1691,1e04d8d46e144087c53f10f009303854f241033aaab51481989835f21bac52e1
records/full_2026-07-06__rec_001889/attempts/09_repair/output_schema.json,18153,fc4fd08860b2b19da00d319ef5a61b4493eede559424fa5e6129635e69da8656
records/full_2026-07-06__rec_001889/attempts/09_repair/prompt.txt,363737,e74f505d51ba264e335df31c85139fdd3722aea9b0f73db6a4ea543e7e0fb0cf
records/full_2026-07-06__rec_001889/attempts/09_repair/response.json,132747,df8bf44969f4e01c609493dfab93173a483f143d7554b6c68ed3454ac1496598
records/full_2026-07-06__rec_001889/attempts/09_repair/stderr.log,170,9516711b9aa7bd2f860a5cdfc78835367607bdb854cf7259ac99c7588c4ce2bc
records/full_2026-07-06__rec_001889/attempts/09_repair/stdout.jsonl,144552,7c9ad0c6187d8b8c1899a39335e261bb4306c0ce549ce205b6cf7249bcc0bd1d
records/full_2026-07-06__rec_001889/attempts/10_review/meta.json,1690,064a986b3388c0524d3e5b3de41280a5563af30aad73d358d062739b7b5fefc0
records/full_2026-07-06__rec_001889/attempts/10_review/output_schema.json,2482,2f7fde6059c5725fd4066315b7082d9c732aec8fae93b90e64480ce47d95b8c8
records/full_2026-07-06__rec_001889/attempts/10_review/prompt.txt,278486,98466e2d213b52a169beb477c6a421bc2953d2ce85cc54dd1c64358edc1f416d
records/full_2026-07-06__rec_001889/attempts/10_review/response.json,12024,0ce50c543a022dc68bc80eb3403262f02bbbbff6ad26ef0c76bd4247a50bea26
records/full_2026-07-06__rec_001889/attempts/10_review/stderr.log,170,7b8278f2cdaa8373e57351c5d3a923c75d9c984f7748785a6d2ee5d8a9ec56e2
records/full_2026-07-06__rec_001889/attempts/10_review/stdout.jsonl,12970,5aae7c8bce1a38f73dc9df866108794c872b3bbc1ca764bb6026c48e1fc8cf70
records/full_2026-07-06__rec_001889/evidence.json,52611,60082841ce72ab7edb3eeef9afb5c82b324eff98774fe1fdc00e4800146af0eb
records/full_2026-07-06__rec_001889/final_document.json,216728,81871d2a4b7a492e2d218fefdbfbd3dd080fc2b1297054e80c0a3cd074c979ba
records/full_2026-07-06__rec_001889/packet_manifest.json,16143,0a5c37df8387f546ae0fd041435377d36ea41cbff9d29817d21d4e1150385f4e
records/full_2026-07-06__rec_001889/review_round_1.json,21558,1ed99c83325ed2e56a57ea2714c5502345334670f9143f1f3ef4741093b04865
records/full_2026-07-06__rec_001889/review_round_2.json,19763,7c5553e4877d45d4389ef4f878c3bad5efef5655dfa675b1dff0d443d2b43437
records/full_2026-07-06__rec_001889/review_round_3.json,14128,9c10b68ab0d95d06cd7d54767ce3a626a329906563fa27fbf635024a59e5a099
records/full_2026-07-06__rec_001889/sections/sec_0001.md,985,0de59b34daccee49be59dfe20e0d7bdc4399a6ac64648970c4c71013a3eccf19
records/full_2026-07-06__rec_001889/sections/sec_0002.md,157,590dca6548dab1de002fbe3502e7eb9d7be3ac8b7b6d513fa33e5a5c11f21384
records/full_2026-07-06__rec_001889/sections/sec_0003.md,1457,34725944173fcf89238da3e2ef03c10493016d738a60527133ee1b858675d31b
records/full_2026-07-06__rec_001889/sections/sec_0004.md,6512,df7d854d716ce1a065e2eac2f15f604df50753180838b62b92335178d1841cc8
records/full_2026-07-06__rec_001889/sections/sec_0005.md,13,61594c6f7a317049dd031c967133eb945d8767eb7797ffa2bcc4d308022d65ad
records/full_2026-07-06__rec_001889/sections/sec_0006.md,4433,39c2c73de97ab064eb5d3af3e90c3231bc44f253887f3ab4aebaccac2d345407
records/full_2026-07-06__rec_001889/sections/sec_0007.md,5662,296c3ae3c0322214b3b115d654a39cb98e7e57534681d4073634489f2690bcd9
records/full_2026-07-06__rec_001889/sections/sec_0008.md,4785,ea0d408d06e32d75cea8f91b1eddb283af59c7e1c2889097c082cca0272ca6df
records/full_2026-07-06__rec_001889/sections/sec_0009.md,4201,557164b0d652563a470c20b8f233615e6931ca573a68ca8dd169ead14962cc05
records/full_2026-07-06__rec_001889/sections/sec_0010.md,4802,55613c45a999e9cc17d38221c12f17eee1cecfe838aa6ccdffe359e2559154a1
records/full_2026-07-06__rec_001889/sections/sec_0011.md,6546,996e249c407500d0eaa0bb9bd89f3806c35b1ff95f2424f1f8e6b01076739880
records/full_2026-07-06__rec_001889/sections/sec_0012.md,679,a2cdf919cd575b47bb8919c760b934b82ae4f37ae38902767342a2b5c9c0f1c9
records/full_2026-07-06__rec_001889/sections/sec_0013.md,371,9d50c5ed954fad1d0e656af694f07dd76985dfcffd71ea666f97cbeab923a48e
records/full_2026-07-06__rec_001889/sections/sec_0014.md,70,e0f7dafce6b2f07f5109311f063324de159accdd2542d7b32969a25aef8bd567
records/full_2026-07-06__rec_001889/sections/sec_0015.md,13,eae53f5efee4ccdd85eb18d88d9fb559dc9a153e7557c023b0bef31f509b9034
records/full_2026-07-06__rec_001889/sections/sec_0016.md,30,b475c66c2a6de50bcb4eb6913a05425b4b3d65b41d7b83b79a0b954f940b1330
records/full_2026-07-06__rec_001889/sections/sec_0017.md,16,36ef0e4557b4599aa9d687c478f16d99497af8f54342c441659ce56fb0e72444
records/full_2026-07-06__rec_001889/sections/sec_0018.md,946,04a939c7ef5c8cfbbe68d03105965ef51f9a2e2e304b809947aa9f037252a6e4
records/full_2026-07-06__rec_001889/sections/sec_0019.md,46,575cba67d3a16b2eaafb8a87e3ff4e287e2029c7e2b112365d1caf7789afe40c
records/full_2026-07-06__rec_001889/sections/sec_0020.md,548,6af2fd54a1c9c9eb5936e077d18323e64f778863bf5228773b5029a442769b1c
records/full_2026-07-06__rec_001889/sections/sec_0021.md,519,e6cee7bd6146169fd878566690bf1d00cf9d9ff262c0857b547fe076cfc2dc94
records/full_2026-07-06__rec_001889/sections/sec_0022.md,952,5d2ca0d468d926525f917eae37eb17190c41b34166da15edf7b4fa1acd595283
records/full_2026-07-06__rec_001889/sections/sec_0023.md,582,ce4a45f2aa77a1bcc8a8d0c4013119ce78849a1bd5bfd81dd3e37d05a2f930c4
records/full_2026-07-06__rec_001889/sections/sec_0024.md,571,401490ae9dda6e6bc41d96db9aa38378d8171bbae3adab890aa66a1139f7c5b3
records/full_2026-07-06__rec_001889/sections/sec_0025.md,729,61ef4fc8874020a59bcf31e8a18a960d88c1bb43e26b939ad9bb3dc5b2d5b390
records/full_2026-07-06__rec_001889/sections/sec_0026.md,388,86b2fbc1fb48b153b04bd200f2f820dc3d3b828b2701d8c2a507bd1dcdc22b46
records/full_2026-07-06__rec_001889/sections/sec_0027.md,173,a55dd18f4c209424c8b68c4c04e39e6e7ecc76395633c60e222574b86d34fe3b
records/full_2026-07-06__rec_001889/sections/sec_0028.md,165,207afb646d4cc70fcd8014846e3c00731bca58019660d987d4c7d2eb59410be4
records/full_2026-07-06__rec_001889/sections/sec_0029.md,2429,af2b2b1f937f795519c2ce5c3474a91bf2f08e4c63355da3678c04d221e98b78
records/full_2026-07-06__rec_001889/sections/sec_0030.md,52,e6d750f5d9d1712e9a86b28fb9b804df5f8636561268e8f6e30f46f922f1a488
records/full_2026-07-06__rec_001889/sections/sec_0031.md,2346,109d1646b20ae84893db94c644eada89a5fbddb83c0516e16cc27110e993e609
records/full_2026-07-06__rec_001889/sections/sec_0032.md,2201,2f9f368f2fd726ac910b66a23b45276562571cbb0dd104b00619c6ab13ebf7d8
records/full_2026-07-06__rec_001889/sections/sec_0033.md,1015,ae22176aecab45a114b4604f18e6a8135beda2deebc5cc9a5ee7cff362794db4
records/full_2026-07-06__rec_001889/sections/sec_0034.md,1516,bcb641b48f4af34de6ad1224a7f03a63fa70a60fa30f15415db51f7c83156c95
records/full_2026-07-06__rec_001889/sections/sec_0035.md,277,fe901bb7b587b0b38d54d11355ec4ee4db27ad830276ced155eeae5fe1fac061
records/full_2026-07-06__rec_001889/sections/sec_0036.md,1005,3ad654bcc0347d019f906e094ad8d49312509d6abf1ad87403edcf0e629dfaf2
records/full_2026-07-06__rec_001889/sections/sec_0037.md,1694,a3c70b0a49faf573f4474d39f7df759191df42bb4d33c2105031935f22f2ba6d
records/full_2026-07-06__rec_001889/sections/sec_0038.md,818,cfb8d775d26c0dd4f4e6d0571fe5d517ddfb18e2a51fbf4a98d79b8756b586a3
records/full_2026-07-06__rec_001889/sections/sec_0039.md,1422,86c1ee1111d9e3c9d633d31e6e3927d627955b4f43c79b5820558e8274147fd4
records/full_2026-07-06__rec_001889/sections/sec_0040.md,965,bd496b5f0900220c7a4a3afd0f18191416303e7e902c3c26f75db9bcb74ea1f7
records/full_2026-07-06__rec_001889/sections/sec_0041.md,390,a5884b49e0cc5c5b5292251c87102b33358103fb4a69df4e8b9530f2532879ff
records/full_2026-07-06__rec_001889/sections/sec_0042.md,36,1ff813b6f7015394f2a82433a7e570d7a9090900849a8b2578ac6d405f3310da
records/full_2026-07-06__rec_001889/sections/sec_0043.md,819,a6e93386f01e04d4e1280b70bb8263a5123c4fdaa257a3671f681b6ebb528f99
records/full_2026-07-06__rec_001889/sections/sec_0044.md,1432,8b0636dcbff5e8e83d34620161f83b79fa1e70a8a4963f9ccbf78f87dcb11bfb
records/full_2026-07-06__rec_001889/sections/sec_0045.md,1428,8a33089adcf984bc9df1f151037bb582a9987e842baaece115c7ae25b6ea055b
records/full_2026-07-06__rec_001889/sections/sec_0046.md,10945,e51ea80ee28caf33c09d348862ba9559fa03af5d694e861e77d4c6680e69e943
records/full_2026-07-06__rec_001889/sections/sec_0047.md,3994,7ffd5f9d84f020b45be429137bab3f60bff533cb863359613f255bcfe103595d
records/full_2026-07-06__rec_001889/sections/sec_0048.md,11628,6dfc5f3cac16a9ce960f8c58beb95b4e1ea89d1aa7cf8acd2aa8984021b2fbe9
records/full_2026-07-06__rec_001889/sections/sec_0049.md,11667,e2e5e177a164727825ed4200bf072bfb7a76c566d8541fb49ae60df2371ffa95
records/full_2026-07-06__rec_001889/status.json,3891,fc47c0cce86d2aa4056f8e962a6a2d70050fa69ea82399c5813cbc18b72b1c0c
records/full_2026-07-06__rec_002049/assemblies.json,43391,57a69d396edc73ccb8b08c76037a91b78867f14e6dd5299c0be9a1dbafcff9b1
records/full_2026-07-06__rec_002049/attempts/01_extract/meta.json,1693,60c6885cc74201746d7ad51ad57e0745bd5c119a214704023b40c001b1f8e15a
records/full_2026-07-06__rec_002049/attempts/01_extract/output_schema.json,18153,fc4fd08860b2b19da00d319ef5a61b4493eede559424fa5e6129635e69da8656
records/full_2026-07-06__rec_002049/attempts/01_extract/prompt.txt,123876,104b48b9916ac40a963021a5f5ee5581f18051ba006bcd902f29e42342ed46e4
records/full_2026-07-06__rec_002049/attempts/01_extract/response.json,92295,964d79feb3eb0e669110e3e2872c52cefae67bb413e41c7ed9c801a5a69d92a2
records/full_2026-07-06__rec_002049/attempts/01_extract/stderr.log,170,18342cae7d5fb9744ca5f5f8c3761bcb0844ff555f350dfd08fc842c5f75474d
records/full_2026-07-06__rec_002049/attempts/01_extract/stdout.jsonl,100607,183195c0b06d77655ed078a004c73be9340c0dd106bab45bd5314f40de545da2
records/full_2026-07-06__rec_002049/attempts/02_repair/meta.json,1690,8cb476055e94da17d50a7f3631eed97a8c48d12405f0bc95c3047ab51ad0aa81
records/full_2026-07-06__rec_002049/attempts/02_repair/output_schema.json,18153,fc4fd08860b2b19da00d319ef5a61b4493eede559424fa5e6129635e69da8656
records/full_2026-07-06__rec_002049/attempts/02_repair/prompt.txt,221454,6edf8383c53ba83a7711395e44284db7d791b20a0901495c3bfea04cd24731c5
records/full_2026-07-06__rec_002049/attempts/02_repair/response.json,33024,b4fcf1c9a77f81e20fdf171f50e1b95aa70b6a40243a609e79fe0e031ccdfa10
records/full_2026-07-06__rec_002049/attempts/02_repair/stderr.log,170,91da3976669105a7ac9dedb4b7025d6e7c10b845d9a757c3c424823ccda0b8a3
records/full_2026-07-06__rec_002049/attempts/02_repair/stdout.jsonl,35936,25db73e44cfce61a9464fee122517cc1e89c4eef3611a151d849286210411061
records/full_2026-07-06__rec_002049/attempts/03_repair/meta.json,1690,65cb0a70fd0bccbbfb6c7ba792533a6843e56e803938257fc4a8ccdaa34a2163
records/full_2026-07-06__rec_002049/attempts/03_repair/output_schema.json,18153,fc4fd08860b2b19da00d319ef5a61b4493eede559424fa5e6129635e69da8656
records/full_2026-07-06__rec_002049/attempts/03_repair/prompt.txt,158853,ba09e88099e2e8f16351f3934308ab768af1eda495754ec7e651ebe188bc1568
records/full_2026-07-06__rec_002049/attempts/03_repair/response.json,14712,5e9e1af48286767ac9bbf2f660deb3b2eba175bb5d49f5c6e35531ed313506f2
records/full_2026-07-06__rec_002049/attempts/03_repair/stderr.log,170,2793cfd72394c28329346dddcdb7de806ac8adc5ab44cb24b59b6b57128c06b5
records/full_2026-07-06__rec_002049/attempts/03_repair/stdout.jsonl,16098,ffb730a2c0cba3b155818ebcbf1a347d5885052392d122ad2ae5b95d00581186
records/full_2026-07-06__rec_002049/attempts/04_review/meta.json,1690,a3a08ab53d81e3eeed44d0ebf84ed4beed37364bd1629edbffe13c1f71721a78
records/full_2026-07-06__rec_002049/attempts/04_review/output_schema.json,2482,2f7fde6059c5725fd4066315b7082d9c732aec8fae93b90e64480ce47d95b8c8
records/full_2026-07-06__rec_002049/attempts/04_review/prompt.txt,92124,bdda4b2aeec9b01aefa43b64f90550d9a5b0f553deeaba23247e4c83f3908a1e
records/full_2026-07-06__rec_002049/attempts/04_review/response.json,5622,69d4465fbf4e3d9539a5b07a111bd60e09460bb12a85c13a45b9f54ced3e997e
records/full_2026-07-06__rec_002049/attempts/04_review/stderr.log,170,1ec69b46dad4cc052f7a5fbd12068ddf9b653365db00bd4e1665e0685c640a54
records/full_2026-07-06__rec_002049/attempts/04_review/stdout.jsonl,6208,d5c47d1fba85b37a6b1729942a18e4dd3d2419c2e047bea155836cc2e407b010
records/full_2026-07-06__rec_002049/attempts/05_revise/meta.json,1690,1518a41a631b85db496eb081c0fc5eee1085ba325d62854b486345f3ef27dd59
records/full_2026-07-06__rec_002049/attempts/05_revise/output_schema.json,18153,fc4fd08860b2b19da00d319ef5a61b4493eede559424fa5e6129635e69da8656
records/full_2026-07-06__rec_002049/attempts/05_revise/prompt.txt,144895,74899ff2a5ac0e2c5478c1a5d25acce3b1c9e32a79db4d60bd72e0674597fb33
records/full_2026-07-06__rec_002049/attempts/05_revise/response.json,26303,9dc58c84af9d9b204689a04fc71756da6e0304a4fdf4108082036273ed9c92d9
records/full_2026-07-06__rec_002049/attempts/05_revise/stderr.log,317,3f7304f4ce9aad7008e396d5043b32196c018a22d1fe8862c849645a512aad9e
records/full_2026-07-06__rec_002049/attempts/05_revise/stdout.jsonl,28424,39caf89a4714664be8ac16780744bdb21c6eca339fb19cdf35925d5722f39d4c
records/full_2026-07-06__rec_002049/attempts/06_repair/meta.json,1690,192f7649ec2c19bd42bfece419132d297aab56f5db27631823e7b31b241ba475
records/full_2026-07-06__rec_002049/attempts/06_repair/output_schema.json,18153,fc4fd08860b2b19da00d319ef5a61b4493eede559424fa5e6129635e69da8656
records/full_2026-07-06__rec_002049/attempts/06_repair/prompt.txt,153919,4b36743f31e6eb3a23f96d91fb6a5cfc00f05feb3678203282faebac7c5fcc8f
records/full_2026-07-06__rec_002049/attempts/06_repair/response.json,26235,c1820120c77f8d34ae5fa23048e042ebbb8aad09fd4c83880f0561b7cd217e55
records/full_2026-07-06__rec_002049/attempts/06_repair/stderr.log,170,5cf236d6a81a36b8421b190980a4cfeb7b6fef4511705d80c101016d8d208d64
records/full_2026-07-06__rec_002049/attempts/06_repair/stdout.jsonl,28364,256620ba4264f8605c55fdf429a30514fb82243e855d0782f993b67ea0b35b47
records/full_2026-07-06__rec_002049/attempts/07_review/meta.json,1690,4087089fa1e54a18c70469a88e01fb1014927a0ca2cb6223844a925a138f49fb
records/full_2026-07-06__rec_002049/attempts/07_review/output_schema.json,2482,2f7fde6059c5725fd4066315b7082d9c732aec8fae93b90e64480ce47d95b8c8
records/full_2026-07-06__rec_002049/attempts/07_review/prompt.txt,104047,1473e50365576c2fae3f673733f227d9aa3147e1d268bee1c54c4c5e1fc07534
records/full_2026-07-06__rec_002049/attempts/07_review/response.json,2173,eeaba4beca056f9d120a1c47ef5b2e39fd5b1af804f90ef58568079f13e8ba54
records/full_2026-07-06__rec_002049/attempts/07_review/stderr.log,170,80849a2b68fb54e145f6a78fc4b60278b8f2014a814e0bef48070430d23f3217
records/full_2026-07-06__rec_002049/attempts/07_review/stdout.jsonl,2620,111d7d293fc9329d4e47743ab400d41ff35e997533c716f8197f5c9b700b8a9f
records/full_2026-07-06__rec_002049/attempts/08_revise/meta.json,1690,393d92ad7a7478af95f897b88d57d7a4fd95b25e26d8d73facad7c88d5a4f488
records/full_2026-07-06__rec_002049/attempts/08_revise/output_schema.json,18153,fc4fd08860b2b19da00d319ef5a61b4493eede559424fa5e6129635e69da8656
records/full_2026-07-06__rec_002049/attempts/08_revise/prompt.txt,153235,264509952e5438e75e06f377b28f224f4919439cc9076aee000a5c32df5aba1e
records/full_2026-07-06__rec_002049/attempts/08_revise/response.json,27440,0e7ce977b81a880a91ce87b3510b4b759fc3a3690ab6eeb4b547ffeba1302cc6
records/full_2026-07-06__rec_002049/attempts/08_revise/stderr.log,170,db7286efd510ada8415c741f3d3aa3871170d2e59ea726741fdd68f2c093ee50
records/full_2026-07-06__rec_002049/attempts/08_revise/stdout.jsonl,29614,ffaecd88b44cc2b45cb5e090b8b10071386928e71b3083a29862c5e5f9517ebd
records/full_2026-07-06__rec_002049/attempts/09_review/meta.json,1690,5c2c83f62a4ba6aba7740c7837670fae55ad7605ee1eba7a9e4579abae6b6d59
records/full_2026-07-06__rec_002049/attempts/09_review/output_schema.json,2482,2f7fde6059c5725fd4066315b7082d9c732aec8fae93b90e64480ce47d95b8c8
records/full_2026-07-06__rec_002049/attempts/09_review/prompt.txt,105276,3bde7e5a258a0d688a46fc7c4a3b57ab1280a5328269d8ea05cec2789111a45a
records/full_2026-07-06__rec_002049/attempts/09_review/response.json,5398,743fba089705aec34c3c644455b9fccad26c0943e876fbd5dbac0bff4f8ed597
records/full_2026-07-06__rec_002049/attempts/09_review/stderr.log,170,0db4f9c9f665e1b3587cc3a4dc1cb1e33e27e1bffea7e3f720111007c40da40b
records/full_2026-07-06__rec_002049/attempts/09_review/stdout.jsonl,6001,f3e8f1c3e1dbc66be4e1fb7664c55c0769fe5a4915f5449524cbac615f719f97
records/full_2026-07-06__rec_002049/evidence.json,15384,cd1721c54cddb715677e9f79770b283e76872c5750d50f47a2e171b707a8925e
records/full_2026-07-06__rec_002049/final_document.json,40287,9fe95eaebfaeb078f597db07c4d160bb7960bf65ae5f924a167796ac05ca70a9
records/full_2026-07-06__rec_002049/packet_manifest.json,6225,56ecccfb8b157fd9846b0d1579567cef0ee929e50dec1bd71e1981036c141206
records/full_2026-07-06__rec_002049/review_round_1.json,6440,eb531a17ba479f3c34710594fd079cc5f31b70dd3767d6acdfaac27c75855d40
records/full_2026-07-06__rec_002049/review_round_2.json,2502,1e62d6f272c1be926dc620cce8d854418293ce610096913d65a72a33adf8a772
records/full_2026-07-06__rec_002049/review_round_3.json,6324,48d2128826a2b2d607002421f8b49d83e91e1657b8b984eccfe29353f2fb3176
records/full_2026-07-06__rec_002049/sections/sec_0001.md,341,0be670d005a6daf38dabba4bdb0f68360abddf53fee8fdffbfb84a34dae80184
records/full_2026-07-06__rec_002049/sections/sec_0002.md,1285,cf9965262e90760638bfbdfe47cb94da589dd5da809ef7c289408026cf6529b7
records/full_2026-07-06__rec_002049/sections/sec_0003.md,2635,74e26d439b0f734645b03ec625d25bbe1cff8ba7936eadedb581998ee32a73a2
records/full_2026-07-06__rec_002049/sections/sec_0004.md,6089,125fc01756bb4ff4b7da8ebec65a8a19d7e4df41aa9f4982ebb2f278b4fbed39
records/full_2026-07-06__rec_002049/sections/sec_0005.md,13,babdc48a1fd8d033d12ecf1eba79815beb6a4deeba977a1048addc92be048f13
records/full_2026-07-06__rec_002049/sections/sec_0006.md,668,e712e30d1b214e051267c3eb3ac4b5a428822cbfd05f9b525de9b8195ef3d140
records/full_2026-07-06__rec_002049/sections/sec_0007.md,1932,4183f8caccd4a0e4e12ea803667e30e2502765c3880762d859bf909a26a0a56c
records/full_2026-07-06__rec_002049/sections/sec_0008.md,3022,3fb056e401712a581af3e5907e524e107ef0d90ec665b1f53eb8964f62002cbe
records/full_2026-07-06__rec_002049/sections/sec_0009.md,2272,7df33d0fd1567be16366bd5076c0b242f682205a667b1f5dcddc3120840c1e05
records/full_2026-07-06__rec_002049/sections/sec_0010.md,25,62c7e0664d32ca4f99127e935fbeccfa705b7664d7ae10dafda63a1852530cfd
records/full_2026-07-06__rec_002049/sections/sec_0011.md,2115,4d6c1161071ae49463017ad4921c4d0d1e695082b429bcbfe95fe7595544ed54
records/full_2026-07-06__rec_002049/sections/sec_0012.md,33,fdaa59d03bc848e1c135c624a1fe662c960b3ffd7232e6c11ef8afba3aefa2b6
records/full_2026-07-06__rec_002049/sections/sec_0013.md,1652,7f376538646ec3e4269402096d78823d0d9b4aa9d08e14d4aec6cb99029df983
records/full_2026-07-06__rec_002049/sections/sec_0014.md,758,f1409e6d6f721e0ef8a3a3d3f2a62d8f24efa22ad4586df396bb515802dac23f
records/full_2026-07-06__rec_002049/sections/sec_0015.md,2819,9659138c5ce5654b637b5e8f03b4186cfdec8de2a92ffb6b4f0a022cb51ba5f3
records/full_2026-07-06__rec_002049/sections/sec_0016.md,14,96a28075f75893abea8ba8e9fbcfcf08018ef22d82a66b6bf151bc5151489a71
records/full_2026-07-06__rec_002049/sections/sec_0017.md,602,8d404914687689ccf80b0ffcb4759e64a7b3af37c15374da02851d8c89eb3ebe
records/full_2026-07-06__rec_002049/sections/sec_0018.md,22,3a38c1ed712d7170974a82c24b25c45d86a401a1387529a28b5e20e59715dcae
records/full_2026-07-06__rec_002049/sections/sec_0019.md,4343,436a1ac79ce7d26f8fca7ef5b05da845d0424c143ea60fe3617cb2aabf4c0b0d
records/full_2026-07-06__rec_002049/sections/sec_0020.md,3517,cc8649a49349c1a9156ff062a1b9358324f0b42cab05b5a65ce2626d096ec4ba
records/full_2026-07-06__rec_002049/sections/sec_0021.md,2329,9350ed836ac0a4869e2310e4c48b37fe766f270c5a3ccd4d8587cd2edfc6ba1d
records/full_2026-07-06__rec_002049/sections/sec_0022.md,2632,850d753f39e6853e47cb1cdc890735b90f5c36ddb293a6352cac47fe81a00d28
records/full_2026-07-06__rec_002049/sections/sec_0023.md,8218,188132bcd6d72d89b237f064a43b48f33ab51614890e0041b9e48cc4317cd4fd
records/full_2026-07-06__rec_002049/status.json,3075,c347459a9697383579162a5b6850793939fc4bce3060dbb8965704483bdfd5b4
records/full_2026-07-06__rec_002105/assemblies.json,162327,474ec2ed16bcad30790e23d1cb98f7a87535e67eb313f1527fb24e1e58af1b70
records/full_2026-07-06__rec_002105/attempts/01_extract/meta.json,1692,52e12d93d1b5d97c63625ec0a40cb221907fc80ccd8c9dc185823483c106f2df
records/full_2026-07-06__rec_002105/attempts/01_extract/output_schema.json,18153,fc4fd08860b2b19da00d319ef5a61b4493eede559424fa5e6129635e69da8656
records/full_2026-07-06__rec_002105/attempts/01_extract/prompt.txt,179693,66d8044d2f5c5becc068218025fa5705e1b8b82788222132a4c2caebb3318c8d
records/full_2026-07-06__rec_002105/attempts/01_extract/response.json,51248,54ce674974cf7a765fc74420d3c6a2a39cf1f88f92ba7e208f658dd9054d29d5
records/full_2026-07-06__rec_002105/attempts/01_extract/stderr.log,170,8543f322a4e238082d7f47a735ac1fad4897832027d54484584470fbde33db1f
records/full_2026-07-06__rec_002105/attempts/01_extract/stdout.jsonl,54992,7246d6db65d3f3cc60cecfae5bec312f5a73fa880ae01ac741cbe00834e7f53c
records/full_2026-07-06__rec_002105/attempts/02_repair/meta.json,1690,a6a07a3df7a5df3c9e29eb869ac14a043da8b656b9190315f7e8e8276ef6beb2
records/full_2026-07-06__rec_002105/attempts/02_repair/output_schema.json,18153,fc4fd08860b2b19da00d319ef5a61b4493eede559424fa5e6129635e69da8656
records/full_2026-07-06__rec_002105/attempts/02_repair/prompt.txt,242569,a13adbe73389212dd6d955dc7da8c195b45c531243b0719f4eff2ee736503e8b
records/full_2026-07-06__rec_002105/attempts/02_repair/response.json,47691,14418fe9e5d173406beb7963871660915e0711c0f5816d55ca94edbd5e796df2
records/full_2026-07-06__rec_002105/attempts/02_repair/stderr.log,170,13d2b2e7fa9ae1e4fa0b4bde4538fa5e130fcd3c917474e78f8b3cdd8a9415a9
records/full_2026-07-06__rec_002105/attempts/02_repair/stdout.jsonl,51336,1151888a8548eb9106644cf79600f679cda2545b335a9ec847286c652a9bfed7
records/full_2026-07-06__rec_002105/attempts/03_repair/meta.json,1690,058fe9012a9e51e2409745f93ea1a7fd5971c8537d0762192cdf0d451b29c480
records/full_2026-07-06__rec_002105/attempts/03_repair/output_schema.json,18153,fc4fd08860b2b19da00d319ef5a61b4493eede559424fa5e6129635e69da8656
records/full_2026-07-06__rec_002105/attempts/03_repair/prompt.txt,230847,37ec78fd5536f311458f5651af43b676dc913cc7500b3bebd6b7247d17788e3a
records/full_2026-07-06__rec_002105/attempts/03_repair/response.json,47659,12800c39b66ac9311f0c126c37544b8671fe92698d6d460f441c046a1fb78fbb
records/full_2026-07-06__rec_002105/attempts/03_repair/stderr.log,170,5022021d18e5a09cca8cd26d666fe94c03bceb2eb22182b7ff25ab288212138a
records/full_2026-07-06__rec_002105/attempts/03_repair/stdout.jsonl,51304,b981cee19dc5e134ef4ce14e5b087a78d5be5159c86e1441aa62f4cc21a2bbd4
records/full_2026-07-06__rec_002105/attempts/04_review/meta.json,1690,41730418389131dde5fbcddcebbc84115f3b732b58f277b494abbcdc03859821
records/full_2026-07-06__rec_002105/attempts/04_review/output_schema.json,2482,2f7fde6059c5725fd4066315b7082d9c732aec8fae93b90e64480ce47d95b8c8
records/full_2026-07-06__rec_002105/attempts/04_review/prompt.txt,182094,f431a8efe3df84dfdac7b5af6cc026c044d5f8e6cd686ddaf5351a69cbee2e59
records/full_2026-07-06__rec_002105/attempts/04_review/response.json,7859,184a208644c2545b01eff0124a11d5b5cb618231b79866d96e9e5eb6c9fffb86
records/full_2026-07-06__rec_002105/attempts/04_review/stderr.log,170,46acc0227497994320067375be225a7686f242f417a3e52ffba932bb1dee15d6
records/full_2026-07-06__rec_002105/attempts/04_review/stdout.jsonl,8632,e60c8a4bd8385b8b592aa99bd5314f6118aaa326556ae25dd5f3a9c9c089ac0d
records/full_2026-07-06__rec_002105/attempts/05_revise/meta.json,1690,b8f1699bfc82d7b144184dd7f1440c349a9e7ba5b85fa263548af2f25dad091a
records/full_2026-07-06__rec_002105/attempts/05_revise/output_schema.json,18153,fc4fd08860b2b19da00d319ef5a61b4493eede559424fa5e6129635e69da8656
records/full_2026-07-06__rec_002105/attempts/05_revise/prompt.txt,237450,a1ff1845fc12db87c95803076811c5811918307dc7789b52e2767fea991aae27
records/full_2026-07-06__rec_002105/attempts/05_revise/response.json,73653,230d884876ed1d24fb9aac025914f1ab22ef4acab488b04d342294f2818bc76a
records/full_2026-07-06__rec_002105/attempts/05_revise/stderr.log,170,2f2de9f753ff89946b0870bfd4da748d99d70062a4893e369cd0b91863d23913
records/full_2026-07-06__rec_002105/attempts/05_revise/stdout.jsonl,79075,75fd9bf3e1582ea1b13d20065202533821cc3bf3664f54814b77ffbe347530bb
records/full_2026-07-06__rec_002105/attempts/06_repair/meta.json,1690,78d017906387d6d5525c9a0b355b15a769646f2f40d136d0818925aea7a42ea6
records/full_2026-07-06__rec_002105/attempts/06_repair/output_schema.json,18153,fc4fd08860b2b19da00d319ef5a61b4493eede559424fa5e6129635e69da8656
records/full_2026-07-06__rec_002105/attempts/06_repair/prompt.txt,264384,5623e48b3f76021b0b1392c5441387b27a021b7f5b3d28458868a1ce627b713b
records/full_2026-07-06__rec_002105/attempts/06_repair/response.json,72810,ab396b59ff21da8e0480e44f74dee58df98df55db8de386067a796822de5706f
records/full_2026-07-06__rec_002105/attempts/06_repair/stderr.log,170,96b0a4219f4baca6eb93fbfb83bba72de00c9d8c0e5543f497a70b1b0ad36c19
records/full_2026-07-06__rec_002105/attempts/06_repair/stdout.jsonl,78396,1ca536496db7038c261b466d1fda6ca8fac39c1efe443f1b36ab73e762466bad
records/full_2026-07-06__rec_002105/attempts/07_review/meta.json,1690,d85ac7f7786a036c73e829da1b208b86751ad91069c1275175b14989b7f31763
records/full_2026-07-06__rec_002105/attempts/07_review/output_schema.json,2482,2f7fde6059c5725fd4066315b7082d9c732aec8fae93b90e64480ce47d95b8c8
records/full_2026-07-06__rec_002105/attempts/07_review/prompt.txt,208276,198bad697d7a67101e83d8c0c60b6672bd90dad8610e993f4e5dd6d2b0bb1dbd
records/full_2026-07-06__rec_002105/attempts/07_review/response.json,8413,e929d5ccc7dedca190244fca38d680dc18195ba4a67857e0d7af30693a08098b
records/full_2026-07-06__rec_002105/attempts/07_review/stderr.log,170,80acc231c7c819c78dc91ea6bf091924e9163bc7d05b5f7a5362b0549570feec
records/full_2026-07-06__rec_002105/attempts/07_review/stdout.jsonl,9211,9622a6f15a02e582f6f958252a0563a4059306926482862d0d15d4c69d94d562
records/full_2026-07-06__rec_002105/attempts/08_revise/meta.json,1691,74bee4e652297e4508b45c18a9819ec9afd30627979047bae6b548d725aee89d
records/full_2026-07-06__rec_002105/attempts/08_revise/output_schema.json,18153,fc4fd08860b2b19da00d319ef5a61b4493eede559424fa5e6129635e69da8656
records/full_2026-07-06__rec_002105/attempts/08_revise/prompt.txt,264244,e695498bc2a8056141e78fc9250f70d004d05076503674833f1523f2acde9ad3
records/full_2026-07-06__rec_002105/attempts/08_revise/response.json,96932,5e604e2fdf5ce2035d52007faff67f9d4ec517bf1491e97a6a777d3a0623adcf
records/full_2026-07-06__rec_002105/attempts/08_revise/stderr.log,170,45784e099f4e0c12e448fdb427743be73f2b4a4d62d17eebd6b68927fc02e862
records/full_2026-07-06__rec_002105/attempts/08_revise/stdout.jsonl,104392,73e3ce217d79228e6561b95a51d9ca1af2b857ac851cf8429eef7bfe3a40830a
records/full_2026-07-06__rec_002105/attempts/09_repair/meta.json,1691,a88021186f64ddf09a3b8f083e12f23ccc085a8a04dacb5d7db5aa7fe082985b
records/full_2026-07-06__rec_002105/attempts/09_repair/output_schema.json,18153,fc4fd08860b2b19da00d319ef5a61b4493eede559424fa5e6129635e69da8656
records/full_2026-07-06__rec_002105/attempts/09_repair/prompt.txt,285633,75d896f259c8c2c4f0e244b9cbe03fe44926b16196d56e920fd7180d562b4ce3
records/full_2026-07-06__rec_002105/attempts/09_repair/response.json,97734,152af399c71edc50b0a358360d3b89c95744a55cbbae4bc584817f8be9b7fed4
records/full_2026-07-06__rec_002105/attempts/09_repair/stderr.log,170,58d0bff1a6cd4ba185c2c18853b6b1dd4cc0659b51f8a36dc5ff71188e7e95d5
records/full_2026-07-06__rec_002105/attempts/09_repair/stdout.jsonl,105394,4ba5d4bed2a1993649a86c073536807c7c0495613a34473d9a391fc9aa5118be
records/full_2026-07-06__rec_002105/attempts/10_repair/meta.json,1690,5b102001929b539d62f0ae600c627a1b8f05da5b060e2f36f6937a5d0f75a9bd
records/full_2026-07-06__rec_002105/attempts/10_repair/output_schema.json,18153,fc4fd08860b2b19da00d319ef5a61b4493eede559424fa5e6129635e69da8656
records/full_2026-07-06__rec_002105/attempts/10_repair/prompt.txt,281683,bbce29ecc6b9dacf1c856996546b38540959ba89b665f72f8cd48414a78033a5
records/full_2026-07-06__rec_002105/attempts/10_repair/response.json,97703,5512256c2fef79d981c571bcf3aeeef1f64e6fa1b85bbe52372270c5e6e1876a
records/full_2026-07-06__rec_002105/attempts/10_repair/stderr.log,170,0b2182e72f9ce15d153c68dd57dc798bfa0a43e1edc5ec42f459e8d1b24ecb65
records/full_2026-07-06__rec_002105/attempts/10_repair/stdout.jsonl,105360,e616cd21e97463c82130e1f662b6a091164e993973186a82e6e3b5eb5b5bf96f
records/full_2026-07-06__rec_002105/attempts/11_review/meta.json,1690,54ad888f6032cec3877b63a93852d4a9ac607eda1aadecb3f5d9890bcf9cb33a
records/full_2026-07-06__rec_002105/attempts/11_review/output_schema.json,2482,2f7fde6059c5725fd4066315b7082d9c732aec8fae93b90e64480ce47d95b8c8
records/full_2026-07-06__rec_002105/attempts/11_review/prompt.txt,234254,762fc86379579d12d3c2bd459cb682d0b0549da5f70d8ccf2d7f65995b222272
records/full_2026-07-06__rec_002105/attempts/11_review/response.json,4321,b47dd3ec23a0cf37a4ce87b0964f74c41625d68e74a37e800899576424764a01
records/full_2026-07-06__rec_002105/attempts/11_review/stderr.log,170,e991188632512291f7c82ee15233d128bcc8d460e1cd5e7e67f1669c6b68a1ea
records/full_2026-07-06__rec_002105/attempts/11_review/stdout.jsonl,4907,b0c3865e52cb5f904d2719d5f09dbafff5ef1ca9bd768b097886f23be64658b4
records/full_2026-07-06__rec_002105/evidence.json,61403,42dd69fd7016435cb109ed0b72ef4a716cc937d8d90488e0249e595d172e617a
records/full_2026-07-06__rec_002105/final_document.json,148906,e1baaa1d731310daebf3af6569e6f246c22dc0832a514c60bada6023f96071fa
records/full_2026-07-06__rec_002105/packet_manifest.json,13675,954e0ef00e1d7361a161192e76469c5f06377fedb49fe6745813a258d9192d97
records/full_2026-07-06__rec_002105/review_round_1.json,9347,72535a5b79d9b8f9d3123a13b67168612beba2976f326a753eb4cc02eda5c92d
records/full_2026-07-06__rec_002105/review_round_2.json,9974,125ec7bea35ed9906fd6d59c1e77e451588a492f937d4f0230f69e1e17a4afe0
records/full_2026-07-06__rec_002105/review_round_3.json,5174,8bdde34828b282c9dff85f75d12f823d59fa522b4e6a193e2882f425e5d87a0a
records/full_2026-07-06__rec_002105/sections/sec_0001.md,380,f8a6452133f8aff8c9e2e0403cb77f0e5eea90f2844a9d71f2ef095a5d4fe99e
records/full_2026-07-06__rec_002105/sections/sec_0002.md,960,205e80daba0b1ba49148a2c015e64539e31609ab1551e365caa8ec5edfdbabf0
records/full_2026-07-06__rec_002105/sections/sec_0003.md,1538,bccebb725d5dc9bc30462d7bd0defa0b3c429bda516d675b26b9794fda06b481
records/full_2026-07-06__rec_002105/sections/sec_0004.md,4166,ec388fb57f3f2f18a9185f0e12e592a1a2b42cf9f3a8ef3d4c27ba9133d42896
records/full_2026-07-06__rec_002105/sections/sec_0005.md,12,10ed80fa9ba26560ee8bdeaa261423961428238c12bd0b249dc775f4e1ab94f3
records/full_2026-07-06__rec_002105/sections/sec_0006.md,4716,800fa6a3580eeacf5d5f4fbc0881e00c3f3990be06cccb850111311d0b061870
records/full_2026-07-06__rec_002105/sections/sec_0007.md,2737,79c4735787791b9c0049439172b94d5ffc01dd1210315b54caf4497525559785
records/full_2026-07-06__rec_002105/sections/sec_0008.md,6095,2d4502a85ae63583aa65004ac518ff0bb90fa4e27e1922a36386727053d8c985
records/full_2026-07-06__rec_002105/sections/sec_0009.md,3844,db655a94d5c5928281ac8f80918592dfd3ece9ee3986e13e857ef58db91cee4b
records/full_2026-07-06__rec_002105/sections/sec_0010.md,3199,7935d352f78d3f14aa92e7ee38a69c4a389a7cc4c02cfb005d363c8919ff82ff
records/full_2026-07-06__rec_002105/sections/sec_0011.md,6842,c1bf384c00bc40661587410f4da9bed9adb7d6b78ba1d517aa7c145491ff2dd3
records/full_2026-07-06__rec_002105/sections/sec_0012.md,18,b4e6243fe14c15ecc55b1d73d482679958daac2f186ad50048f1701dae9ec5b5
records/full_2026-07-06__rec_002105/sections/sec_0013.md,3244,b5a689e2fa099d5a63d0f36e11c6e5357eefabe1370f32a781e2aaf7accbe8aa
records/full_2026-07-06__rec_002105/sections/sec_0014.md,2122,46352140c4a7a8e2d7902a62d62ec1eb016dab556852873bbb015b4a70b86ddf
records/full_2026-07-06__rec_002105/sections/sec_0015.md,2778,8562f26d99f76d54d4b361f84b4dd6a1b46dd977f3378258b5d229fe207e50e4
records/full_2026-07-06__rec_002105/sections/sec_0016.md,3078,33923e0cae6d3fa9911dec114965e129d8e8c7051380f625b241f414a657a72d
records/full_2026-07-06__rec_002105/sections/sec_0017.md,3486,3aea75f4f8d99380dd551bca582b3aacdfa6c3bc1c89bb3f7960dda865ce57ba
records/full_2026-07-06__rec_002105/sections/sec_0018.md,3790,98f5c9ca73e664414b5807afa7245bd2a2aa47be7fb21c8bed38b37ff93de765
records/full_2026-07-06__rec_002105/sections/sec_0019.md,2677,5d1da1b6e0715a1c44ab7c1a40351209fe929e21dacb4a72849a1d099f1099cd
records/full_2026-07-06__rec_002105/sections/sec_0020.md,3122,b943695e388b2b526c8abb1bbb697ddb46eed15e66bd30692553760d40b99f21
records/full_2026-07-06__rec_002105/sections/sec_0021.md,573,b0d729d38740b1f0eabe11eb290c8e8fba6c7e24b58434368c44784a340407c8
records/full_2026-07-06__rec_002105/sections/sec_0022.md,958,e31ced44be6f2825ed6494962af44ed5489dc0aca20d71bcdc9fcef1119e44f9
records/full_2026-07-06__rec_002105/sections/sec_0023.md,503,e8a427f8a887d5a05ca309785b1f43db4976f7a4eee21d7a610ca94f87b44e04
records/full_2026-07-06__rec_002105/sections/sec_0024.md,442,85623b883d24ae84496cb33d8507e16e2fae95af6edd042f92d8bd04d85e2eea
records/full_2026-07-06__rec_002105/sections/sec_0025.md,11388,564406b8ef75df59d5702658d898f2ae01850d9b0d4bf130677cb144ab6c302c
records/full_2026-07-06__rec_002105/sections/sec_0026.md,7939,c03aa42a522fdf47228acb60ea555d2e4bb9dc7f3a056252245c82f7d827cda5
records/full_2026-07-06__rec_002105/sections/sec_0027.md,1274,abd5e5936a2b12de81645c0c55e46eb34471643fa576d54e8fc09316900816a0
records/full_2026-07-06__rec_002105/sections/sec_0028.md,324,037457846368ae62f89c65202bbbf25ae4519e06375356b595ea4582c413cb1b
records/full_2026-07-06__rec_002105/sections/sec_0029.md,13103,4fa2df14975a42fb97772c3fe8a7becc9518e83f37fe766d626b9719b237ba88
records/full_2026-07-06__rec_002105/status.json,2560,0e5bd783d199d299f697940b350f9acd9d3d1907bd42fe761c7f3ed678afe0cc
records/full_2026-07-06__rec_002243/assemblies.json,170203,ea2266c258c249a3db68fc496ecd6e65143b6a1fa35b6ebedc3ad0692b241baa
records/full_2026-07-06__rec_002243/attempts/01_extract/meta.json,1693,75b85b37728de5e95198aab02daeef5e71ef1ef3be5b20efbc3c9ba67d178d29
records/full_2026-07-06__rec_002243/attempts/01_extract/output_schema.json,18153,fc4fd08860b2b19da00d319ef5a61b4493eede559424fa5e6129635e69da8656
records/full_2026-07-06__rec_002243/attempts/01_extract/prompt.txt,120973,66d2ff87a1651bd14642190223fb78054aabfc4df1cad5e9727466c28f3e6bad
records/full_2026-07-06__rec_002243/attempts/01_extract/response.json,79747,2fae57d94098e09b98c3bfdaeeab5a4593becc26594aa71979df0ae94ebe4c07
records/full_2026-07-06__rec_002243/attempts/01_extract/stderr.log,170,7f0cdeba045e9c2bfd80eeae39d63434a1b3ee6bce008d3ad0527e45c9832134
records/full_2026-07-06__rec_002243/attempts/01_extract/stdout.jsonl,162995,5736dac9b8024a6cbbdfc448143b9488e32fa0ce5e092774f194442c73542825
records/full_2026-07-06__rec_002243/attempts/02_repair/meta.json,1690,0573012255c8a85f25b90041ebde8293733bd02e0045883061079891f04744c6
records/full_2026-07-06__rec_002243/attempts/02_repair/output_schema.json,18153,fc4fd08860b2b19da00d319ef5a61b4493eede559424fa5e6129635e69da8656
records/full_2026-07-06__rec_002243/attempts/02_repair/prompt.txt,220412,7d06bf309abb33a1b3df8f9401eda568de3f3d16739d3c82e8b72b6e3825f1e2
records/full_2026-07-06__rec_002243/attempts/02_repair/response.json,78344,3cbe881e55cb63cc6b83e10421dc7e21b454e6008e87a2d613f39d4aa1160cf8
records/full_2026-07-06__rec_002243/attempts/02_repair/stderr.log,170,fe37a0d59c4111a35107c7000eb1c8f3c63a82077f4a91da7c3223a0a524686e
records/full_2026-07-06__rec_002243/attempts/02_repair/stdout.jsonl,84532,0a5ed490891771ed842c5de4ddbb4c2cdc77a3b5fd7e220cb9480b86b4eefeb8
records/full_2026-07-06__rec_002243/attempts/03_repair/meta.json,1690,9f65a517da02757bcc5f2c832b97c3f05eac3a1e31185ee621011d0a99977fc1
records/full_2026-07-06__rec_002243/attempts/03_repair/output_schema.json,18153,fc4fd08860b2b19da00d319ef5a61b4493eede559424fa5e6129635e69da8656
records/full_2026-07-06__rec_002243/attempts/03_repair/prompt.txt,204125,abe3002a5d8bf16e4ea755d8ce995973cbe9c11217e8a83b9a0936e75c7b0dfe
records/full_2026-07-06__rec_002243/attempts/03_repair/response.json,75460,f4ec6102718d42c959f33825e9897e4daa920627bec6e1662e2582a9b4faa224
records/full_2026-07-06__rec_002243/attempts/03_repair/stderr.log,170,6c19f8cb9c24a513829d88df9c93c7fc6d24f837ba85314e1c81c7833dc70ddb
records/full_2026-07-06__rec_002243/attempts/03_repair/stdout.jsonl,81501,84c25b20b51809b09a2d4642cb85f8052dadc3306751f745622ec474ecad4758
records/full_2026-07-06__rec_002243/attempts/04_review/meta.json,1690,583ef4164f990d3ddd530518762654c42cc55b297f85e1fb2bd73355cd64d042
records/full_2026-07-06__rec_002243/attempts/04_review/output_schema.json,2482,2f7fde6059c5725fd4066315b7082d9c732aec8fae93b90e64480ce47d95b8c8
records/full_2026-07-06__rec_002243/attempts/04_review/prompt.txt,152347,48a58021e7e52cfeef91a74442da6c0cb957a5441b7ad2a31e531c68e54859ed
records/full_2026-07-06__rec_002243/attempts/04_review/response.json,10301,2a04f1c594d92885868e36be5d4670128d8a3fc6acb41ff2778b937883a77da1
records/full_2026-07-06__rec_002243/attempts/04_review/stderr.log,170,bbcbd5485b9d4ef8aebc16b1a26027d29e7fad6af3ca31334573f384a30c7a26
records/full_2026-07-06__rec_002243/attempts/04_review/stdout.jsonl,11183,7562c98127e826040970a3a72c9d08fe979d0e9f7047a2576a95fcf8eb5aa98a
records/full_2026-07-06__rec_002243/attempts/05_revise/meta.json,1691,8cb4be157d3e28fe017f8fee97ddd4852b975c3d2435cfd99e7eaa7c5a663b0d
records/full_2026-07-06__rec_002243/attempts/05_revise/output_schema.json,18153,fc4fd08860b2b19da00d319ef5a61b4493eede559424fa5e6129635e69da8656
records/full_2026-07-06__rec_002243/attempts/05_revise/prompt.txt,210439,7f8951b4cc60c7e89370bbb94d2760ba9296dd59617bccf25d46e86a2d4ebecc
records/full_2026-07-06__rec_002243/attempts/05_revise/response.json,92974,ab273fffd7c4ffdf8dd239699e6b50d583ce0e75952686b48316a31de73fa674
records/full_2026-07-06__rec_002243/attempts/05_revise/stderr.log,170,70394961bab39ba3d3d567334e92b6cc8e45dbb938b77627fe3bf021dbaa645b
records/full_2026-07-06__rec_002243/attempts/05_revise/stdout.jsonl,100376,31b25b75ee96cb22c104bec2f3f2a702a76e51bb46d7c13f3268609a75877db9
records/full_2026-07-06__rec_002243/attempts/06_repair/meta.json,1690,1087af83dd0ed3a68abc2135459887770e914d60b906219172b9e48b7fa79203
records/full_2026-07-06__rec_002243/attempts/06_repair/output_schema.json,18153,fc4fd08860b2b19da00d319ef5a61b4493eede559424fa5e6129635e69da8656
records/full_2026-07-06__rec_002243/attempts/06_repair/prompt.txt,220604,77a2df98b7b87bad489c0e471a72f142e1361eb359e3b8b1aa41370acd4f29ae
records/full_2026-07-06__rec_002243/attempts/06_repair/response.json,92823,de58003a23ce1da50b05de6ab4ed56df3b4a0e434e718dcc76acf09105b418c3
records/full_2026-07-06__rec_002243/attempts/06_repair/stderr.log,170,8081189238cb88d0f1521f8c51a8b8fe8d9fc07111383cc841cbf75d75d6b470
records/full_2026-07-06__rec_002243/attempts/06_repair/stdout.jsonl,100615,a430f08edc5ebdb65a9d6d22fb835b9d7ea6fc4859b789df738049304cfa1b07
records/full_2026-07-06__rec_002243/attempts/07_review/meta.json,1690,ec009a5db732f0cef496e6e290ddaedf0271425217c974934a75bf0b6054121f
records/full_2026-07-06__rec_002243/attempts/07_review/output_schema.json,2482,2f7fde6059c5725fd4066315b7082d9c732aec8fae93b90e64480ce47d95b8c8
records/full_2026-07-06__rec_002243/attempts/07_review/prompt.txt,170545,481cb78f8c82d3182dfdf714dfc1bc1ef829dc53df42c282e907e8ce9aef7c77
records/full_2026-07-06__rec_002243/attempts/07_review/response.json,8067,532e6c2909799befcc58c44ec47148e612abd33c30036132f0de14489ca23c0e
records/full_2026-07-06__rec_002243/attempts/07_review/stderr.log,170,eca11c2929053337a4f8ca2afcbbbb291062b36d8dd8850bc54a52d30c2ffc20
records/full_2026-07-06__rec_002243/attempts/07_review/stdout.jsonl,8805,52bd7fe0a19740a06dd8b057151759605d6e1ff8e7f03865b30381fe1bf148e5
records/full_2026-07-06__rec_002243/attempts/08_revise/meta.json,1691,bf70a84285550387fffb4e62f31cd839cbd2dc3cdbd334d23c79119c6e926058
records/full_2026-07-06__rec_002243/attempts/08_revise/output_schema.json,18153,fc4fd08860b2b19da00d319ef5a61b4493eede559424fa5e6129635e69da8656
records/full_2026-07-06__rec_002243/attempts/08_revise/prompt.txt,226001,9e285f023d1c22918cd22397111aab72954ce1ab68ce58acf3f4a2cae658c40a
records/full_2026-07-06__rec_002243/attempts/08_revise/response.json,98291,e649c06029b5260ceab5562890f1ede384d9e10315d635885951ec411746c733
records/full_2026-07-06__rec_002243/attempts/08_revise/stderr.log,170,6c0ff1c39e730ec59449b26f42bdfb1b8565305daebe023e75d19e9154b1b2cc
records/full_2026-07-06__rec_002243/attempts/08_revise/stdout.jsonl,211630,586f5ca97b74e1218818cf74c865b456367b7bb7a7a9dcb8af3eb97ecfd13a3b
records/full_2026-07-06__rec_002243/attempts/09_review/meta.json,1690,37a1e29038f51c47416bb530950eca9b9d03edac96cd14268bad9cae24a6f568
records/full_2026-07-06__rec_002243/attempts/09_review/output_schema.json,2482,2f7fde6059c5725fd4066315b7082d9c732aec8fae93b90e64480ce47d95b8c8
records/full_2026-07-06__rec_002243/attempts/09_review/prompt.txt,176164,cc71bfaa1e8250b509f7307045475f54d30e2ea7e087210f86192b4d5c31c484
records/full_2026-07-06__rec_002243/attempts/09_review/response.json,4061,49538c6d3f275fd4910e4fe80ad2541ce786cddf70ede2a821162561bf8a5cea
records/full_2026-07-06__rec_002243/attempts/09_review/stderr.log,317,bef06faf307d9a2f1e635afc760d0af9037a2d386a4d3739186ef9e6473ce9a3
records/full_2026-07-06__rec_002243/attempts/09_review/stdout.jsonl,4625,cfe8e3165452054025bccd75b43e5182a5670f062cb9270e9c694eba1f5cebe3
records/full_2026-07-06__rec_002243/evidence.json,47682,23ae4ce6c97cfa5d6e31a829eb86660d84e6b5e40fd6112057dca9424e03c142
records/full_2026-07-06__rec_002243/final_document.json,146694,568284ff595311d0718c2955e73cdd8d0aa2098e910eb3351a2355a37eb03432
records/full_2026-07-06__rec_002243/packet_manifest.json,13918,056a75fcb7bea16c721baaf0723924a28a6edfc55498dd2c11f4f9cd8cc5a4f8
records/full_2026-07-06__rec_002243/review_round_1.json,12205,40d4bb122df55ae955759f737b20404bd4c4552a3485ddb8e7c108cd5c339bbb
records/full_2026-07-06__rec_002243/review_round_2.json,9374,6ee44c536413b89be9990e23ee90e5b439dee15993590dc1dfe36780d9c0f3f9
records/full_2026-07-06__rec_002243/review_round_3.json,4806,832b3e74cf6c2a87592b7234a1c5fb60761ed794ee7d79459ab983a3b6ef3979
records/full_2026-07-06__rec_002243/sections/sec_0001.md,23,18ea8f458a261d86907cc29050e641e949dc934743129ae9693ce47c89c058dc
records/full_2026-07-06__rec_002243/sections/sec_0002.md,55,e9ae9f58bff331587a866167e52cd2cb2c50e32915949ab4768ae2df77ef197f
records/full_2026-07-06__rec_002243/sections/sec_0003.md,1869,77b89c4a17cbd3387594d8d924790ef3d2c9523da666fbeb6407f22897f969fe
records/full_2026-07-06__rec_002243/sections/sec_0004.md,97,cd8819ed3db864bc915a0835aa0854dccc579637952a6d9b2d5f2128ec58ad97
records/full_2026-07-06__rec_002243/sections/sec_0005.md,4420,1849d05498a94376fc9348713bbd720df4a36b3966f4e1850b258257257ed458
records/full_2026-07-06__rec_002243/sections/sec_0006.md,30,0118d59f0373c72933620f74a13e4ec72e82c82906821d24b5d8987678855488
records/full_2026-07-06__rec_002243/sections/sec_0007.md,204,dbfcc5168dd3a8f79eeaebcc00b5300b2b52fc7a5a17fc61ebf87aac9a98af13
records/full_2026-07-06__rec_002243/sections/sec_0008.md,3497,efb17791217a3e4dbf2586d8542d15759819f50c355c4491359195d78fc5d645
records/full_2026-07-06__rec_002243/sections/sec_0009.md,174,4fe59a71c6cebb8f5789a4edce0627e36f33edb6ebc8222dd8d00239cf01547d
records/full_2026-07-06__rec_002243/sections/sec_0010.md,310,8ab1df261b5cbf7f5f74af74f504cb46b9a5c28143f970ea99c8c5133a4baba4
records/full_2026-07-06__rec_002243/sections/sec_0011.md,183,8b52f2555e1139ffe238a81106ee53cedd13d5f7a5e6ee3a9b99739d679695e9
records/full_2026-07-06__rec_002243/sections/sec_0012.md,2570,d7af249056d095ded79b2385739cf36f4b2e2dae0030647dd84314067fcc339f
records/full_2026-07-06__rec_002243/sections/sec_0013.md,3003,05a93838a246d340b1b7da6c153cd83a6eb2d4f68c84de7bb43d2bfd5eb2e65b
records/full_2026-07-06__rec_002243/sections/sec_0014.md,117,727e765e1b3bc9b512a625ea6e96c8eb6e95af929e5359db1c7dc6c270dcc26c
records/full_2026-07-06__rec_002243/sections/sec_0015.md,138,c4c8031ea9c3d2575190f06fb0c863a900519c390cce9a87551d8b1264aee020
records/full_2026-07-06__rec_002243/sections/sec_0016.md,389,2d1778d871fc92245b8f799185c7919b69c4ff0c9cc00e0e42c465083feff2b2
records/full_2026-07-06__rec_002243/sections/sec_0017.md,847,60d593481f6d18e1d5e5dfabbb03e36954c53a61da2e161ed6005d4d2c41085f
records/full_2026-07-06__rec_002243/sections/sec_0018.md,1284,b44c7da3cba353cbcbb385f6d5d2e6cf562f968aaf52df5e89dbd1b3088ff3c0
records/full_2026-07-06__rec_002243/sections/sec_0019.md,1130,afcc65aeb842034119ee393d59e6cc403576e08839a675c288f91e44a5a6b9d7
records/full_2026-07-06__rec_002243/sections/sec_0020.md,25,c2eb382be1bbb675ca9e6c9998acb025aaa289b054063de5d2dc82e1866615fc
records/full_2026-07-06__rec_002243/sections/sec_0021.md,602,b24cd70e2b44b694373662fa8269abcf81c7fd1736fb8648e98e0be0beeba0c3
records/full_2026-07-06__rec_002243/sections/sec_0022.md,774,06bc2655e62f72585d105c8c2aa0bcff9e9ef9b7b89b9845685613255e475cf0
records/full_2026-07-06__rec_002243/sections/sec_0023.md,615,be038cfb5a9ea1c24d2fccd156b6b1cc35284a5d46ad04ffbd79c8d26b8937bb
records/full_2026-07-06__rec_002243/sections/sec_0024.md,281,44f25113f2b9c84dec564168b8dba4702441c7063541034ed9f44a795f09741a
records/full_2026-07-06__rec_002243/sections/sec_0025.md,208,d026341ff8cd919df81bf0106384e3f4a23f1b9907dd2aa6a81c124c3674d3d7
records/full_2026-07-06__rec_002243/sections/sec_0026.md,280,1eca55d7126ceca3ad9fd16c03e6a1b1ceee8c9f20990e9ac17c3a548cdd66df
records/full_2026-07-06__rec_002243/sections/sec_0027.md,346,baf45414d2cc69f8f38c698f21546cdc7dba07a04572dd049a8dc81b046f8eca
records/full_2026-07-06__rec_002243/sections/sec_0028.md,2036,a4c5726eb0fb6e208bae328aff6c01f8048f523968b47b9619ead44c1f9bb2cd
records/full_2026-07-06__rec_002243/sections/sec_0029.md,266,02a97c09388c626fc4d1b3124fc4019fee548bcbf6b78a6890fb0cea266d8869
records/full_2026-07-06__rec_002243/sections/sec_0030.md,497,c0ac80ccaf2da72dafda9c997cfa7b385c112e60fd943b25aaa2d12682f12b9a
records/full_2026-07-06__rec_002243/sections/sec_0031.md,1862,1eefd005fa70387e34bbebefdf0f3e85a40b0b3e3501365fa8070b97d4283549
records/full_2026-07-06__rec_002243/sections/sec_0032.md,434,193af9c4d10d8645eea8bae60183949226bc2185766178f3bfa621c14773ed24
records/full_2026-07-06__rec_002243/sections/sec_0033.md,571,85878469afa12fb57e83b1872069a0afd223e5b3ec8bd2656e888dfa11c95565
records/full_2026-07-06__rec_002243/sections/sec_0034.md,162,0b31f84de49151bfd200fbd25c2e97e94e46b49bec9c34b15e5b3a88e091eccd
records/full_2026-07-06__rec_002243/sections/sec_0035.md,223,c62fe0516af637b813cae022190dfcc5ce435c7a9eda6e0b4d470a8da10878f0
records/full_2026-07-06__rec_002243/sections/sec_0036.md,445,754b35c7b24ce24cc2168d97babd3c03590aaf76fb2d7d8fe319570f0680b6d8
records/full_2026-07-06__rec_002243/sections/sec_0037.md,120,354dd1e65cb20e72b909fccff4a54726a94442f6337d825de177a7a7a312ff7a
records/full_2026-07-06__rec_002243/sections/sec_0038.md,113,56d177fd79af005d62f49bfd33980a082f7511921bf0d7a0b61243fac749cb9a
records/full_2026-07-06__rec_002243/sections/sec_0039.md,385,ab8ca2aec18ec2534e17debe15590f377bbe5ba9dd833b30d8d6f836ce3e4b3e
records/full_2026-07-06__rec_002243/sections/sec_0040.md,1117,bab8c906a3ee5b182daac05c8103921e6f9d4eecb1dd3dbb87f94325d15179eb
records/full_2026-07-06__rec_002243/sections/sec_0041.md,4916,4c05846ca4c9271030695f3fc380af17b59602b28b21d11dbaaca79c5ed69ea8
records/full_2026-07-06__rec_002243/sections/sec_0042.md,151,323f56d68b354c82a9ceedeca6437ef8671e217f6d1b4e8a35630620d0c1b28a
records/full_2026-07-06__rec_002243/status.json,1851,59557d0fc43daf1eed0af3c0021554caa7039da592e12a78ccba12e086693738
records/full_2026-07-06__rec_002304/assemblies.json,194071,992a1f1f35992286454915379516182070648071abfd702e27e9ba9179bba640
records/full_2026-07-06__rec_002304/attempts/01_extract/meta.json,1693,52e703099ea0ab7e1138cd1d9c1318a7f750409a61a08338a4c26de2b212bc41
records/full_2026-07-06__rec_002304/attempts/01_extract/output_schema.json,18153,fc4fd08860b2b19da00d319ef5a61b4493eede559424fa5e6129635e69da8656
records/full_2026-07-06__rec_002304/attempts/01_extract/prompt.txt,173489,a4b874e85c0de1e3251e22c59ea928bf948f66b3b91a57ded7f9c16dd0cf1402
records/full_2026-07-06__rec_002304/attempts/01_extract/response.json,124755,b5e1bc86332b3ef0a7f8fc6d8099e486aad58510c3e808e83cb21e6b72823075
records/full_2026-07-06__rec_002304/attempts/01_extract/stderr.log,170,125919744516f8eb260f0dcd37762d641b2eb9e3d8839a27f71ee50054b3dd95
records/full_2026-07-06__rec_002304/attempts/01_extract/stdout.jsonl,134301,891669c84d0137a90d417cb219cf5bdafc383923883444c87cf7ded282873241
records/full_2026-07-06__rec_002304/attempts/02_repair/meta.json,1691,8086cb9870b4d0d49087d4bb260ba68d6cc8459fc212a474247de5ff54604c35
records/full_2026-07-06__rec_002304/attempts/02_repair/output_schema.json,18153,fc4fd08860b2b19da00d319ef5a61b4493eede559424fa5e6129635e69da8656
records/full_2026-07-06__rec_002304/attempts/02_repair/prompt.txt,313229,cae7efa742a7a80bcc5a155e5e1f91323aabeaa99acbb3dfed693bb327a09034
records/full_2026-07-06__rec_002304/attempts/02_repair/response.json,124779,a4e59b54006bef9c7b080e7470cbeb6526bf2237fe497be121fd48d6ef740b06
records/full_2026-07-06__rec_002304/attempts/02_repair/stderr.log,170,dc53cd2171903ca03bb93a5da67a889371066501c57fa2fd45112c6652c3fce2
records/full_2026-07-06__rec_002304/attempts/02_repair/stdout.jsonl,134325,c971cd736032786f630c36d2d75308c945a9336772d9c3cc291678771f297c2d
records/full_2026-07-06__rec_002304/attempts/03_review/meta.json,1690,5d96180a71bfa1f2be953dd9e7b3ca311d6e93202dbb9f547c408a5760ac54c6
records/full_2026-07-06__rec_002304/attempts/03_review/output_schema.json,2482,2f7fde6059c5725fd4066315b7082d9c732aec8fae93b90e64480ce47d95b8c8
records/full_2026-07-06__rec_002304/attempts/03_review/prompt.txt,256177,cb579b740a491de5b59b065d8076f7f2fed7fe187ff4e6292a8aa0a8ca6f395e
records/full_2026-07-06__rec_002304/attempts/03_review/response.json,3624,a5f7bf213bc21bbb923373aadaf266b02b4e42994711ef74530afd1320f63038
records/full_2026-07-06__rec_002304/attempts/03_review/stderr.log,170,162347c70ca736582992bbd250f42db7e0f72bd82f1fbe08dac8229586be7657
records/full_2026-07-06__rec_002304/attempts/03_review/stdout.jsonl,4138,303dc9b382bf82c6b2df944b620ba14ff4c34ac30a528dc0d91627823f91f193
records/full_2026-07-06__rec_002304/attempts/04_revise/meta.json,1690,00ea68330cc405fe845d89ce97479422facf61b76a6b387e0e56f06c6df01530
records/full_2026-07-06__rec_002304/attempts/04_revise/output_schema.json,18153,fc4fd08860b2b19da00d319ef5a61b4493eede559424fa5e6129635e69da8656
records/full_2026-07-06__rec_002304/attempts/04_revise/prompt.txt,306861,a165ab1c180136fe85bfb99054e45b367d953f074460422004f7361a63e83348
records/full_2026-07-06__rec_002304/attempts/04_revise/response.json,94142,40841711153e698ca4ed286d816800867fb11d41df297a1ab23cc0b58af47dd1
records/full_2026-07-06__rec_002304/attempts/04_revise/stderr.log,170,d129656801f62744a389fea26f0e955705f7a945acbcf1c876128b651e928c39
records/full_2026-07-06__rec_002304/attempts/04_revise/stdout.jsonl,101393,0cb97766e0cee17340b93bd95fd4943b9a894fa9263c2b5aca37a1ba4bcd8f24
records/full_2026-07-06__rec_002304/attempts/05_repair/meta.json,1690,6d8a69abc2bf376bf893ec0516aab6c2c1bc38ce2fd357fc28574af83243b0e4
records/full_2026-07-06__rec_002304/attempts/05_repair/output_schema.json,18153,fc4fd08860b2b19da00d319ef5a61b4493eede559424fa5e6129635e69da8656
records/full_2026-07-06__rec_002304/attempts/05_repair/prompt.txt,284342,e07ef7dfb8cd253ca81d723365573cd7ad61c2ff7ac6bd22e3b5470f5ea7571e
records/full_2026-07-06__rec_002304/attempts/05_repair/response.json,30894,5059703ac468b31eaadae515016392237a9e66351365eb549c7b131ab72b4b62
records/full_2026-07-06__rec_002304/attempts/05_repair/stderr.log,170,3a7e670f49e81b0bb93603ca75e7c463db35bfede41a73f5a73e7789dee09199
records/full_2026-07-06__rec_002304/attempts/05_repair/stdout.jsonl,68320,f5a961a955cb96df5b213f599d6871d0a5e53a6009d0e4bd4509f03368ef3a05
records/full_2026-07-06__rec_002304/attempts/06_review/meta.json,1690,4bfbba3e10a9b6e31f6fcc194fb4b4096294a25a6152aa8562393c8e29d13e7b
records/full_2026-07-06__rec_002304/attempts/06_review/output_schema.json,2482,2f7fde6059c5725fd4066315b7082d9c732aec8fae93b90e64480ce47d95b8c8
records/full_2026-07-06__rec_002304/attempts/06_review/prompt.txt,158614,daa1b0e4c26b85337e83e22f00e630b12b87e153078c0054483de510a71d969f
records/full_2026-07-06__rec_002304/attempts/06_review/response.json,2286,b42bda9ebedaa629770ae04a2f014fad1fba79eb2a290eaf319c06742515063e
records/full_2026-07-06__rec_002304/attempts/06_review/stderr.log,170,66da00d784c3f067e5eb6d2d850d4d7d8b02a626984b85724ba6c79d3ddbd509
records/full_2026-07-06__rec_002304/attempts/06_review/stdout.jsonl,2744,6bd27563dff23d634c6839790605fae77879df239f3231a0ec47fe7425a26d1f
records/full_2026-07-06__rec_002304/attempts/07_revise/meta.json,1691,4cbebe6b2620db713ef611f99ef4d087a8bca616ed6ba12a1e41d5ca7e4df3dc
records/full_2026-07-06__rec_002304/attempts/07_revise/output_schema.json,18153,fc4fd08860b2b19da00d319ef5a61b4493eede559424fa5e6129635e69da8656
records/full_2026-07-06__rec_002304/attempts/07_revise/prompt.txt,207877,4b530d471e1e8c9f289c1256d8f3bcc3cd20a37fae62d8866635363958809d4e
records/full_2026-07-06__rec_002304/attempts/07_revise/response.json,111615,07e15deb852d13519df9429e9eceb0cafc6a3e2771b5c65a4457941c528a2cdf
records/full_2026-07-06__rec_002304/attempts/07_revise/stderr.log,170,aa796b8f9a7007c6d4de8aab707ab812d669957f8836bef0dece8ccb1215f4a8
records/full_2026-07-06__rec_002304/attempts/07_revise/stdout.jsonl,120829,a0c80e20af50e4a751521ed49c7d08ec5bce0d5fa3e44139d0f8dad437a3bee6
records/full_2026-07-06__rec_002304/attempts/08_repair/meta.json,1691,8804d45223565c50afc5f1e6beb165fdd2ed1d0d254eefbbc9b295d3212eacf5
records/full_2026-07-06__rec_002304/attempts/08_repair/output_schema.json,18153,fc4fd08860b2b19da00d319ef5a61b4493eede559424fa5e6129635e69da8656
records/full_2026-07-06__rec_002304/attempts/08_repair/prompt.txt,302633,e001900d8cdfb4b9e9c9fdf4913306c363abc382c5053cf91a047bc92d8c0f4a
records/full_2026-07-06__rec_002304/attempts/08_repair/response.json,111477,64672dab6ec4deae22a3ebd5baf12ca7176c09406d8649d99910362d728c1a8a
records/full_2026-07-06__rec_002304/attempts/08_repair/stderr.log,170,2ac197184173bc32437a73b6dc1c378ef048113fec810c07f03f2877b2abb7d2
records/full_2026-07-06__rec_002304/attempts/08_repair/stdout.jsonl,121064,74da70c7e04e074c36ccb37ccef81ff8e635d28f35d3176fcbfd4545c7be6f0a
records/full_2026-07-06__rec_002304/attempts/09_review/meta.json,1691,f2d98129c7ac09bfc6be340a74a0159894391485b837046e89a3bb8a01327ed6
records/full_2026-07-06__rec_002304/attempts/09_review/output_schema.json,2482,2f7fde6059c5725fd4066315b7082d9c732aec8fae93b90e64480ce47d95b8c8
records/full_2026-07-06__rec_002304/attempts/09_review/prompt.txt,242765,4c6027efa0703a435fb7d0a2d8a3b02297f2cb0d17abce1f1e79db606ac3a103
records/full_2026-07-06__rec_002304/attempts/09_review/response.json,382,d594b277c1f3acca7b548697dac44452db0d1acd2ad30383099fe2e6d327a0d4
records/full_2026-07-06__rec_002304/attempts/09_review/stderr.log,170,9e2eaf124fda8f8575b4240d946155f5a583b504ee13cf008282012ca9d68e96
records/full_2026-07-06__rec_002304/attempts/09_review/stdout.jsonl,745,ad8242166f0e7eafe3a23b63fe74b89c245f0ca20594f0aba10977e38e71ba56
records/full_2026-07-06__rec_002304/evidence.json,19775,1b0195c3fdb9a283266e96191bb762c3219d4d53229f0160ac32f3be418dc78a
records/full_2026-07-06__rec_002304/final_document.json,175251,2b87b51c980f233031e599ff835e2ccdb9afc751e89e12267278ccd916e952c8
records/full_2026-07-06__rec_002304/packet_manifest.json,9071,6677a14cf80f22f6f075d89b0b1b87708899c6b95d37f6ea622b2ea9f9c8b918
records/full_2026-07-06__rec_002304/review_round_1.json,4153,1d83cf1d2599293332a61c90fbd8dd336a671c934615f15e3f7b9b60a2f7644b
records/full_2026-07-06__rec_002304/review_round_2.json,2669,75798e170dfffd0459b149e7e198729454f076b432a5928b674e197a0242484b
records/full_2026-07-06__rec_002304/review_round_3.json,400,0bb56e019f205c9554715006aca301862e112b0918f3f417a68b64c23d5054f7
records/full_2026-07-06__rec_002304/sections/sec_0001.md,551,8ecc9e2367b19fc95df6ca076c018fe60c72b76a6830e0a75a3a10cebec3d4c0
records/full_2026-07-06__rec_002304/sections/sec_0002.md,2342,5fa26856961b52858b87e2164a9cf2859a43302af4f6a116cb90382eb704dcfa
records/full_2026-07-06__rec_002304/sections/sec_0003.md,4325,8aae99965e265f11cb745f114f58172fab25ceca997f3df4fb520ad922415b26
records/full_2026-07-06__rec_002304/sections/sec_0004.md,27120,31419b19f29551dac7e6fb8cd02e991a98178d15b9f56e67c00f5723949bd07c
records/full_2026-07-06__rec_002304/sections/sec_0005.md,8171,397667b899e8348d06065c0e44a727c5f3da390836d4a90be4575c741c8a6204
records/full_2026-07-06__rec_002304/sections/sec_0006.md,2369,4a92f2c3cc09ccd49386e37a772635f8e03137ef2fb1918245f1a4e3bb937916
records/full_2026-07-06__rec_002304/sections/sec_0007.md,2781,37754a1e0ead0997914a4bcca08a85f29b80de4bb438f2cf860565313bbbc152
records/full_2026-07-06__rec_002304/sections/sec_0008.md,3136,b0d98312f0df2a0849e4960bbdce30cd18a2865130c9fc08a5a8f4574fcfb672
records/full_2026-07-06__rec_002304/sections/sec_0009.md,4057,d2dde247ef95a0c7d82bf169605e846ad4976273547a04d5cb6f91ea65e95a21
records/full_2026-07-06__rec_002304/sections/sec_0010.md,6929,d8463062a23271593f95f693610df3fd348816be436fd0191f83bbcad088781e
records/full_2026-07-06__rec_002304/sections/sec_0011.md,1335,2da5ff4a5a91ce6378abdc17ef51d1d6af69c2f5113b2cbac1a1b5979a9bf39e
records/full_2026-07-06__rec_002304/sections/sec_0012.md,16,199ffea6f441f8638e760a3c7f34e7325f37eaff98dba32b567a30a8750bf011
records/full_2026-07-06__rec_002304/sections/sec_0013.md,5207,9abe97d9e6fc51876089fdd627485410ca7bcaee8906669b0a543b05709bf968
records/full_2026-07-06__rec_002304/sections/sec_0014.md,697,137b54125e1938741c05573c114b26b8ae256ee79a481127f7da0147d02b6a15
records/full_2026-07-06__rec_002304/sections/sec_0015.md,918,3a2d4a7ad5a0956a270ae6316dd77f18fec51206b016c0ee3e8dc8de0b22e633
records/full_2026-07-06__rec_002304/sections/sec_0016.md,807,5c77273170779973423c5df8f6c38ba160d8f38e0734769e3f05c7f267e8c7b8
records/full_2026-07-06__rec_002304/sections/sec_0017.md,321,07b9b072eb75ae3e194bc52af4bd8951ca490d7248b8b6dccebd92d49b7a6694
records/full_2026-07-06__rec_002304/sections/sec_0018.md,2977,f8787b663f00733f2af97e9178ba735d7ebfdb8f423e0499ad207e7bc6f9dd2d
records/full_2026-07-06__rec_002304/sections/sec_0019.md,1770,07b3d1eac6c9dd60336199d849237fb873badd1cbd138aae80bcd30b88033fbc
records/full_2026-07-06__rec_002304/sections/sec_0020.md,648,0fa512cf4713f7416cdc60a7967c7364ee03ccdc442afc1a13f36c5edd92fef0
records/full_2026-07-06__rec_002304/sections/sec_0021.md,23,8a8822167c8cc007676f0d4e232be7b4bfb5c6db3a9328bc61b5f21aff49399d
records/full_2026-07-06__rec_002304/sections/sec_0022.md,1005,b199b3beb6afbe90269423919c65bb4214c55e9c3abf230e4e67637688907efc
records/full_2026-07-06__rec_002304/sections/sec_0023.md,820,2530877370e6eb1a47e0a1eb71d8709a04d8bc2d0461444a26be9cfe5aac5026
records/full_2026-07-06__rec_002304/sections/sec_0024.md,2084,45f3a40a2464716d86941088251b4f456ae03c3920f4b89d13c371308d1fca11
records/full_2026-07-06__rec_002304/sections/sec_0025.md,380,5bbac25e1970aac8628257e051edd63558ee30d0b456427c409b9e4136787c3f
records/full_2026-07-06__rec_002304/sections/sec_0026.md,1567,8f24cc940d10ca9e34dcf493dac799242fa8b97cd8f96805b359497970e776b8
records/full_2026-07-06__rec_002304/sections/sec_0027.md,1901,85ec38f2f06522ce2bdf3c75d1004a6ab4aee2904738312fec602d61a7c7b5c1
records/full_2026-07-06__rec_002304/sections/sec_0028.md,21,a6a07d66aded515cd823ba635e4f9318078343197d72bd244a603f74e4c985c5
records/full_2026-07-06__rec_002304/sections/sec_0029.md,64,7e8e403a2f9a7da27dff2b2a94a7356222234162572c1fa8b46d9645cdc21364
records/full_2026-07-06__rec_002304/sections/sec_0030.md,45,a1d38cbe353b8d15437d7fb11503f87ad9016a1ad1d04edc0a69c2fe8e9cb24b
records/full_2026-07-06__rec_002304/sections/sec_0031.md,370,2f3c6d79d6ef299e3fcdc96ec50113bf90771837b8e3134999a5b606e254b289
records/full_2026-07-06__rec_002304/sections/sec_0032.md,417,2afd79af0b6c0186c48a76889efadd3bf2e0897954ae2f3ebc100b1eb035111d
records/full_2026-07-06__rec_002304/sections/sec_0033.md,155,952c73d0637976f09f2483dc70b5effc862978b0f4d89804a6e5415f49648b97
records/full_2026-07-06__rec_002304/sections/sec_0034.md,10230,8f24e840cde9011c79ba4f93313d18fbd480c13636bba72a630ca89e3587a205
records/full_2026-07-06__rec_002304/status.json,1795,37fb14b6c18886beea855d06f165ca1e354761f865285ea8c7a499a5a22ac777
records/full_2026-07-06__rec_002327/assemblies.json,66547,7426e7d10132f80b4d3cecc670b123fede85d212273da86b34052f622eeccd68
records/full_2026-07-06__rec_002327/attempts/01_extract/meta.json,1693,c4c1ef086ad794cb1de010c3b223fc2a23cf557de2ed985152220ac4f139487f
records/full_2026-07-06__rec_002327/attempts/01_extract/output_schema.json,18153,fc4fd08860b2b19da00d319ef5a61b4493eede559424fa5e6129635e69da8656
records/full_2026-07-06__rec_002327/attempts/01_extract/prompt.txt,143600,7fe17653342c022c624a5396800da2240d3fc04f7015ea9152e8515d7902b33f
records/full_2026-07-06__rec_002327/attempts/01_extract/response.json,67541,cfacb9048ffe9305084d5b4def634b5ee3fdaa684cd76f44a277b47c05c1e44d
records/full_2026-07-06__rec_002327/attempts/01_extract/stderr.log,170,f553d4571814b5c380fa483e751ae23da6b8fefaff7a42ebd7650aebeae456e5
records/full_2026-07-06__rec_002327/attempts/01_extract/stdout.jsonl,73439,b4c28061d9ba88cc1f6f173b251e03b3ea58b32ddbd48fbedc10d28e00319a01
records/full_2026-07-06__rec_002327/attempts/02_repair/meta.json,1690,5e889e0264f425a9b72993b8aafe5551f28dd1294ab0324dfbb1390bcd5f47ad
records/full_2026-07-06__rec_002327/attempts/02_repair/output_schema.json,18153,fc4fd08860b2b19da00d319ef5a61b4493eede559424fa5e6129635e69da8656
records/full_2026-07-06__rec_002327/attempts/02_repair/prompt.txt,220013,c3575f6fa9fb7052032dba72f14b4c3ddba6b913791b4083b7848e226cb0883e
records/full_2026-07-06__rec_002327/attempts/02_repair/response.json,67567,f5ed094a104443435aed7e125ebb4b79cde02034d24a83fb1635ee57373ce04a
records/full_2026-07-06__rec_002327/attempts/02_repair/stderr.log,170,8b51c98b7b06a8f25c852b7845d9f441b6097f7449e130688c6fa9f78bc9d1f6
records/full_2026-07-06__rec_002327/attempts/02_repair/stdout.jsonl,73474,b95517a005acef0213a3f5496c45a67f71d891443c028a52004dcc07da1e2bd1
records/full_2026-07-06__rec_002327/attempts/03_review/meta.json,1690,b00f364bdf61a71fcd70a494b25e3602c58f927bf066069a857fe4f30ea13c2c
records/full_2026-07-06__rec_002327/attempts/03_review/output_schema.json,2482,2f7fde6059c5725fd4066315b7082d9c732aec8fae93b90e64480ce47d95b8c8
records/full_2026-07-06__rec_002327/attempts/03_review/prompt.txt,167105,21e001b1e81565790cd564b7e309c5a52c1c10b88675072346daaf06eb39e4e1
records/full_2026-07-06__rec_002327/attempts/03_review/response.json,12075,73bd89ac6cb8a66bee875dc7bff11e498043a3c163b9811432648a4591362ac1
records/full_2026-07-06__rec_002327/attempts/03_review/stderr.log,170,91a18376d94d100efec304fe77c5fbcfc9849329b113f85b0a4763ee89c04061
records/full_2026-07-06__rec_002327/attempts/03_review/stdout.jsonl,13124,154718489e5a76e937ecfb02e11629c4b3b4213a4462cf70db89bc5838702cc6
records/full_2026-07-06__rec_002327/attempts/04_revise/meta.json,1691,148fba5d555742b7f885b541ed3f8a9a43fb131af6a689986e3b1ba57b11907c
records/full_2026-07-06__rec_002327/attempts/04_revise/output_schema.json,18153,fc4fd08860b2b19da00d319ef5a61b4493eede559424fa5e6129635e69da8656
records/full_2026-07-06__rec_002327/attempts/04_revise/prompt.txt,227197,b8a44e79dcf5fb2f6a677f8ea30a3997cf90637f5b22c3d4cd97a374b30546e2
records/full_2026-07-06__rec_002327/attempts/04_revise/response.json,135760,1f4a8ceed1bd7859b6e232553145b5386bec842639cf559ed9bf5f8e28f3659b
records/full_2026-07-06__rec_002327/attempts/04_revise/stderr.log,170,647056f28486638787e79ac13ba7dbef2dece294ecc459e997767c23e72ec095
records/full_2026-07-06__rec_002327/attempts/04_revise/stdout.jsonl,147412,a0fb9d509ae95ec34e83716cecb67b7fc5ef5841e67698d589211c02e17232d9
records/full_2026-07-06__rec_002327/attempts/05_repair/meta.json,1690,2a2d0b903d4b9cf73f5c092cbe229ca5c83cb3ba942ed42ba6424d9801000b91
records/full_2026-07-06__rec_002327/attempts/05_repair/output_schema.json,18153,fc4fd08860b2b19da00d319ef5a61b4493eede559424fa5e6129635e69da8656
records/full_2026-07-06__rec_002327/attempts/05_repair/prompt.txt,289638,b379d43be259752f96a3179bd8394da3510b3cbdee85022ecc6f5cf4bb91e1f8
records/full_2026-07-06__rec_002327/attempts/05_repair/response.json,22673,e413367119bf15bbd0cb3fe34925cdc68909bfd8198c39daff98a01f865a261e
records/full_2026-07-06__rec_002327/attempts/05_repair/stderr.log,170,ea1b8fb4cba02262d5af8fc0044f787de8c5774a71a08213b41bf7fc27b7ad9a
records/full_2026-07-06__rec_002327/attempts/05_repair/stdout.jsonl,25166,16df653410ccba1ad9005273985ed43632734ba71923b0ef9e5eb1ca401f37c1
records/full_2026-07-06__rec_002327/attempts/06_review/meta.json,1690,b174289343f05236ee85c6cfcd88f1ae9da4fb48ce7469c5770228939b9e9f0b
records/full_2026-07-06__rec_002327/attempts/06_review/output_schema.json,2482,2f7fde6059c5725fd4066315b7082d9c732aec8fae93b90e64480ce47d95b8c8
records/full_2026-07-06__rec_002327/attempts/06_review/prompt.txt,120189,ab7b604688555195815ac54160eb8c183cd84eb91acc89e2c5d724e1fa22ca0b
records/full_2026-07-06__rec_002327/attempts/06_review/response.json,9375,eb4fce5c9f8e95b3a79b637a3a88129d11d42146b0561d60f366cc20b7c7c2b0
records/full_2026-07-06__rec_002327/attempts/06_review/stderr.log,170,c10c878360bc2eb03f9abc3e6b6c20da30784040f7e7d53753798610f1917e46
records/full_2026-07-06__rec_002327/attempts/06_review/stdout.jsonl,10167,0061fc81f96339a82694175dea869481987ef920c43b89645f41a7bdfe6162ca
records/full_2026-07-06__rec_002327/attempts/07_revise/meta.json,1691,4e997160718f7f43237d071d34f8a4e5ace6b9d49cba3ff8da5b147c166f3c76
records/full_2026-07-06__rec_002327/attempts/07_revise/output_schema.json,18153,fc4fd08860b2b19da00d319ef5a61b4493eede559424fa5e6129635e69da8656
records/full_2026-07-06__rec_002327/attempts/07_revise/prompt.txt,177106,60cb7aebb8387463e2d1eef4f99606d48e01b739c3cf1bbcdb261d703ed12e9c
records/full_2026-07-06__rec_002327/attempts/07_revise/response.json,79408,3cc44e25657920f2222e0f57b4f4d937a50e6b501acbdb4edcb2abf40b1f3140
records/full_2026-07-06__rec_002327/attempts/07_revise/stderr.log,170,f4272ab36fd79b97f859c3a97e2e9c79be9e9add2893d35c939ba975832875db
records/full_2026-07-06__rec_002327/attempts/07_revise/stdout.jsonl,85956,48ee86afb51e23131e0bec16b1689b372b6d3c7ba487e0185127e86a17f0c2e8
records/full_2026-07-06__rec_002327/attempts/08_repair/meta.json,1690,8fb9e5e30c14199d119933dea0684b79973bb3abcc1b39f66f82be2f8a2d23f8
records/full_2026-07-06__rec_002327/attempts/08_repair/output_schema.json,18153,fc4fd08860b2b19da00d319ef5a61b4493eede559424fa5e6129635e69da8656
records/full_2026-07-06__rec_002327/attempts/08_repair/prompt.txt,231826,e77bbce11761006d4cad676de505eb9ccc8aff36ad4362e46dfed90c35f91eb0
records/full_2026-07-06__rec_002327/attempts/08_repair/response.json,79420,9d7dc7b2fbd45be4ad19fa1003ae3bf00572a7278842cadfd710d336ba1c4c7b
records/full_2026-07-06__rec_002327/attempts/08_repair/stderr.log,170,8d4d35783b136a95c5f0e3c997a3e4cc59d5e051ef50916bf9bdba84e963f131
records/full_2026-07-06__rec_002327/attempts/08_repair/stdout.jsonl,86343,101cf5184f9627b884750c81e258244bd8eaf45b1ed0a1bbb5f3bfd58f31e978
records/full_2026-07-06__rec_002327/attempts/09_repair/meta.json,1690,1c8608fac327d6438d2b273c963891324712efb187ce5e646a1e74113b117d28
records/full_2026-07-06__rec_002327/attempts/09_repair/output_schema.json,18153,fc4fd08860b2b19da00d319ef5a61b4493eede559424fa5e6129635e69da8656
records/full_2026-07-06__rec_002327/attempts/09_repair/prompt.txt,226941,f87d882b2806f80f7a390ba17004cbdcbb357a7d4c44e4f1c1cba9c4b6a1aa38
records/full_2026-07-06__rec_002327/attempts/09_repair/response.json,41958,027a4e5d3d99f9b7b13952ffb07a480e6037835d8c732200c9de9ff587268e0c
records/full_2026-07-06__rec_002327/attempts/09_repair/stderr.log,170,c33f25f2d9f0666b4fecba9a7c88592525250a1dfa7f525aa3d731d223bfc679
records/full_2026-07-06__rec_002327/attempts/09_repair/stdout.jsonl,45588,fb820880424ad00171c81cf2e5e402a20dc3e3f883c75ce9bdaf54c3d2a2096f
records/full_2026-07-06__rec_002327/attempts/10_review/meta.json,1690,9a9366b2e848c3dc32753ca50c13e8b891428dbd5af00ca0b4d55c581eb29825
records/full_2026-07-06__rec_002327/attempts/10_review/output_schema.json,2482,2f7fde6059c5725fd4066315b7082d9c732aec8fae93b90e64480ce47d95b8c8
records/full_2026-07-06__rec_002327/attempts/10_review/prompt.txt,140301,27a243ff587a49cd145ea12d6661c316802aad976f4875bc3f2bffc85cf73b4d
records/full_2026-07-06__rec_002327/attempts/10_review/response.json,10333,ec2fa74aad0fc09e2056ee36cae4943555adfba9ed06398364427fd48e967609
records/full_2026-07-06__rec_002327/attempts/10_review/stderr.log,170,2c58034293948c98e647e07e7e856e97b21f664bd40bd90cdfe31a315d52249a
records/full_2026-07-06__rec_002327/attempts/10_review/stdout.jsonl,22079,d2f03c5f7a3ec4855d1c4c1ade7705bc38b52016f3042c5a52482f66b5ae31ca
records/full_2026-07-06__rec_002327/evidence.json,20633,17df837641df50defa2f14ddfd9b7640c9a791deed156b08c42a4b633a051a22
records/full_2026-07-06__rec_002327/final_document.json,65428,b9315e1702455000fff4dab784b016f22985c0a578e643b8806f8942b6279635
records/full_2026-07-06__rec_002327/packet_manifest.json,6484,4c42191f64e779b3db841d693c7036ad50fbc5550a0b41f6548899c54496b096
records/full_2026-07-06__rec_002327/review_round_1.json,14506,c73eafef8e528e86452ce24f0b3416156a6c5deefa529cf6b749b30c887f981c
records/full_2026-07-06__rec_002327/review_round_2.json,10971,d5d4a9aceb6405d9986dc16ffeb1a800a85d8b05940325b0ec5e6f601655a718
records/full_2026-07-06__rec_002327/review_round_3.json,12145,a27e1cf88550fa79a31c36f8f3e77165f7351960f96b59fa2720e8dcfcefed3f
records/full_2026-07-06__rec_002327/sections/sec_0001.md,923,9cf575031c1865952ff62d5ea28576c28e68a896f498b60bbf2b046bc8ba623b
records/full_2026-07-06__rec_002327/sections/sec_0002.md,1529,f5d5349fd36b09bc147be80e1fbb095a08ac9fe3f7a753a383543ea61b321b99
records/full_2026-07-06__rec_002327/sections/sec_0003.md,3293,2b637a4064c206b463185e6ddfff71fffa8302dc674b960f9615b63dd9edb67d
records/full_2026-07-06__rec_002327/sections/sec_0004.md,980,ff4293c0cbba2b6b3cd17189bb6d72a03b0a41f7776c08944d8ba07c530c10d7
records/full_2026-07-06__rec_002327/sections/sec_0005.md,3376,7983ffb4b90483d8a9e4d335bf1a2a6725acde5c54dbb0eae4b361768ed616d7
records/full_2026-07-06__rec_002327/sections/sec_0006.md,3326,7979ada0b6b3097e71e765ac5468d3424a6673fd1de20dcaf9b48ad79eff5c32
records/full_2026-07-06__rec_002327/sections/sec_0007.md,2886,32c2791739e4382d733e7eb5b014b430ef30f515f8e0cfdd198ef786a9b70fc0
records/full_2026-07-06__rec_002327/sections/sec_0008.md,2621,878b9f7b460c5bcaa33085ed675c11f0055f33f8fc0d2fa87bb215afc075cf92
records/full_2026-07-06__rec_002327/sections/sec_0009.md,684,8c8ef2b6e89e88d285fe2b09c50bd4feea3186e4eee9b141f120266451e2a83a
records/full_2026-07-06__rec_002327/sections/sec_0010.md,1631,6c345867de0b42c2562c41de3acc518d4cb72ccbe614870d3181de13a1a5d500
records/full_2026-07-06__rec_002327/sections/sec_0011.md,1117,c53878b4b619e01ea3ac3f4b5d6c17fe229f8331bf66a7e98f584ca1529b0e4d
records/full_2026-07-06__rec_002327/sections/sec_0012.md,561,4b3e2a94bbb11a026871eab506343b62dfcbce4d0af1aba35352bb086e7b987f
records/full_2026-07-06__rec_002327/sections/sec_0013.md,181,9c7eda817a2ea91bfb9c3c5a1aa4524e41ba2a35c102acd2d19247c5b91aa0ce
records/full_2026-07-06__rec_002327/sections/sec_0014.md,12,10ed80fa9ba26560ee8bdeaa261423961428238c12bd0b249dc775f4e1ab94f3
records/full_2026-07-06__rec_002327/sections/sec_0015.md,1564,374a2c81805444823b0d875513e333fbf83c52dd1b4d0a69db46562ca4c408c1
records/full_2026-07-06__rec_002327/sections/sec_0016.md,2391,c3c70571cf47f2d6099bb9cfdd816b8f5b20505a50ff0e7b3043dfe76fc308d8
records/full_2026-07-06__rec_002327/sections/sec_0017.md,2636,57656eacd8b52fb1406b84ac2ccff957e17e84e99e7e5113f6a92ca240145782
records/full_2026-07-06__rec_002327/sections/sec_0018.md,2276,948473e7a7798dec5d79cb4c72241a01eb994a432ffbe87fb4ef4442c50a622f
records/full_2026-07-06__rec_002327/sections/sec_0019.md,2287,0e809039e30a682e2d068859c3754bfacec8b566b518718d5e390396e93ef0ce
records/full_2026-07-06__rec_002327/sections/sec_0020.md,1016,9d8e63d7066831a3b0f183a60ade13b43e7c5b5205cd70dcf1ee78e3299f95dd
records/full_2026-07-06__rec_002327/sections/sec_0021.md,6739,17419903a39baf89d026035b5309f08bd0c8e9f03a33a27c598cc76f00c512d7
records/full_2026-07-06__rec_002327/sections/sec_0022.md,473,008ba99212efe3b347c6b86e903d8b2319164a89d97e2ce7992edc0b4dfc9afd
records/full_2026-07-06__rec_002327/sections/sec_0023.md,307,7e58e74f61ba4414cecc09bc32d9a77d4dc40043e620d9417f8659c8a21e8bb3
records/full_2026-07-06__rec_002327/sections/sec_0024.md,5734,038cfa867657c1b7e4a237393bc3e26ce07e8413c5b7bc17c43880d2b02a65d5
records/full_2026-07-06__rec_002327/sections/sec_0025.md,7906,5a735fd66262d8cdd23f381a08b1992c8f1c049c34296d0fd03a3f1df374ae2b
records/full_2026-07-06__rec_002327/sections/sec_0026.md,10152,ba1e5d7f53ceb1ea462239b1b6726c8e6152922410750dc5a846cae3b1c0de8c
records/full_2026-07-06__rec_002327/status.json,3424,c73b7d35caa3cfd6a2e50ce4153ce5a009bc5f5cf2144d346c5cb4759d7ae9ab
records/full_2026-07-06__rec_002517/assemblies.json,92642,c7e3d47a636f64ebafc1335367500156e83bb81a92d2c4a5da4b2e08521a659f
records/full_2026-07-06__rec_002517/attempts/01_extract/meta.json,1693,8a288aee6156c7509b76281c90dae794c871fd4216854c3217580b4e3058b83a
records/full_2026-07-06__rec_002517/attempts/01_extract/output_schema.json,18153,fc4fd08860b2b19da00d319ef5a61b4493eede559424fa5e6129635e69da8656
records/full_2026-07-06__rec_002517/attempts/01_extract/prompt.txt,149583,c5f30e06597303346b46c639fc6c54fa60433739041c66287619b8870cb3c225
records/full_2026-07-06__rec_002517/attempts/01_extract/response.json,135302,c6db4e67a1bd2dab2534570a5eb7735aa14a8e3eb942303f5d75e19f0fa4b802
records/full_2026-07-06__rec_002517/attempts/01_extract/stderr.log,170,4806ee20674fd291961d839ba8de3d70f68aa97b0febd29607377332c20a9d00
records/full_2026-07-06__rec_002517/attempts/01_extract/stdout.jsonl,147430,45917d8e9601b91bbae23c1449865e80af3f6a1e509ac5bb274d340639060935
records/full_2026-07-06__rec_002517/attempts/02_repair/meta.json,1691,12a483277ee7908f73596c5547f97dc65357a35e62388ec274f194b4320b6ed4
records/full_2026-07-06__rec_002517/attempts/02_repair/output_schema.json,18153,fc4fd08860b2b19da00d319ef5a61b4493eede559424fa5e6129635e69da8656
records/full_2026-07-06__rec_002517/attempts/02_repair/prompt.txt,303048,49ff45643ac46de51703006f49a566ba64fb0e4a1bc2efb4c46815dbee4c37ce
records/full_2026-07-06__rec_002517/attempts/02_repair/response.json,129312,d7b8f3a917b51dea5f05fef5ac772fd40aaafa97a0e9b99e3e8084160f3ed6de
records/full_2026-07-06__rec_002517/attempts/02_repair/stderr.log,170,dbbfbacf1defc9cc70a684c146d2d467134317754b674ce7ad3e47e915beae12
records/full_2026-07-06__rec_002517/attempts/02_repair/stdout.jsonl,141542,a49ba524776f06f82a1f6b216629a5f24f8c24db81b655c7f684b289bf870ded
records/full_2026-07-06__rec_002517/attempts/03_review/meta.json,1690,6e0e4b0fd0deaae552d6f75e6cbccc73535585e14cb5e1852cb41383952881e8
records/full_2026-07-06__rec_002517/attempts/03_review/output_schema.json,2482,2f7fde6059c5725fd4066315b7082d9c732aec8fae93b90e64480ce47d95b8c8
records/full_2026-07-06__rec_002517/attempts/03_review/prompt.txt,238229,98d8e98725ec1b6e82d2825cf8b823e4df38d82862ff18d6fbbd605d3e1ef2eb
records/full_2026-07-06__rec_002517/attempts/03_review/response.json,3432,8cce903977bac2b423a873f47b65d8b1b8b21d892b2edfc6d36fd7400295f6d3
records/full_2026-07-06__rec_002517/attempts/03_review/stderr.log,170,1133dbc756748b2cd434db88a95288423f3ae9a271e544344338866b3f41c3e2
records/full_2026-07-06__rec_002517/attempts/03_review/stdout.jsonl,3926,4aa1be3a4f9ec1973f8993a6f5ab9ff1b36171f12a4d63af6dcb9466a1236c76
records/full_2026-07-06__rec_002517/attempts/04_revise/meta.json,1691,ee4c24df1d17977ec24bab6ef5e59f9af08e645e36d1c1f9401f6ec07efe13f2
records/full_2026-07-06__rec_002517/attempts/04_revise/output_schema.json,18153,fc4fd08860b2b19da00d319ef5a61b4493eede559424fa5e6129635e69da8656
records/full_2026-07-06__rec_002517/attempts/04_revise/prompt.txt,288612,ba46b157aeeb95bf150089ea83d8d7c1ff195380143f6eb21c5173966c69fd16
records/full_2026-07-06__rec_002517/attempts/04_revise/response.json,160929,67589c215d7f8199febc48452b8ec49a2d8008043929bb545c8b4a05b11833e9
records/full_2026-07-06__rec_002517/attempts/04_revise/stderr.log,317,9630acac0c7964a99f05133f1d2280436a7c20532696cfa83a5a66d43384bb68
records/full_2026-07-06__rec_002517/attempts/04_revise/stdout.jsonl,176039,3f9983233a89a79b6dae8572d5cbaad1b8294132cb89b393026fa4290615ddbd
records/full_2026-07-06__rec_002517/attempts/05_repair/meta.json,1690,4a316ed7e3d843b4b59ce78c5df5ddd1fdcd8bdd1e38ccc2c2665202535447cb
records/full_2026-07-06__rec_002517/attempts/05_repair/output_schema.json,18153,fc4fd08860b2b19da00d319ef5a61b4493eede559424fa5e6129635e69da8656
records/full_2026-07-06__rec_002517/attempts/05_repair/prompt.txt,323787,bb2e8727073484c2b118622e840d4fa9c07d5315b13f1fa9cd1afbd4c87e0af5
records/full_2026-07-06__rec_002517/attempts/05_repair/response.json,56504,190f21a7689160607fca75f6b5aa0a6edb7cde9e7bebd3039279f7088f42cd80
records/full_2026-07-06__rec_002517/attempts/05_repair/stderr.log,170,c69196d89c6dd28b2461b874b5ec62f769b71fb480e160fe57833592b1d6045f
records/full_2026-07-06__rec_002517/attempts/05_repair/stdout.jsonl,61890,b3a8e59d5277c18ab7be16912c438b3ce52e7e4d78333c2eff4ee018f6377a48
records/full_2026-07-06__rec_002517/attempts/06_review/meta.json,1691,f3bb17f15e256a9946683e413c7fb74f9b1beb0566817655bf89117adfce8445
records/full_2026-07-06__rec_002517/attempts/06_review/output_schema.json,2482,2f7fde6059c5725fd4066315b7082d9c732aec8fae93b90e64480ce47d95b8c8
records/full_2026-07-06__rec_002517/attempts/06_review/prompt.txt,161732,379d05df5268e703b03648dc9fcb910fb939afe0ed69bbb98a864a557462f594
records/full_2026-07-06__rec_002517/attempts/06_review/response.json,6446,bfe0377519e5652ccd7dcab221eebcd826770d04324f791f5dbb2ccc7299fa93
records/full_2026-07-06__rec_002517/attempts/06_review/stderr.log,170,b07f568a0579665990ffdf66192d0a63123289295a10fac29aa248bbd0cc3293
records/full_2026-07-06__rec_002517/attempts/06_review/stdout.jsonl,7121,59d62d1d014e86aefd9fdcced8e7b45ecf310adaa0b524d393a099ad8d1f3f46
records/full_2026-07-06__rec_002517/attempts/07_revise/meta.json,1691,2377bc71fee7876223b01d45feb14d38dc55c92ec85bbd09d55e82d265930ea5
records/full_2026-07-06__rec_002517/attempts/07_revise/output_schema.json,18153,fc4fd08860b2b19da00d319ef5a61b4493eede559424fa5e6129635e69da8656
records/full_2026-07-06__rec_002517/attempts/07_revise/prompt.txt,215580,dceeccc71730ede36a2cd0e50d9840e9fad894fda512c5e2e02d81e29a9d51c6
records/full_2026-07-06__rec_002517/attempts/07_revise/response.json,54476,370b72511689b75f897c2d68bf188371482ba760b5fc7caa192e49f4bb77095e
records/full_2026-07-06__rec_002517/attempts/07_revise/stderr.log,170,62dcc47e3e2aef534b1160744e86b5a5143d7f6917253f53064ddcba401c27c0
records/full_2026-07-06__rec_002517/attempts/07_revise/stdout.jsonl,120707,79764335ffa0df0c8de8f2e2ebfcbe227b15bfdaeff358222e0ccd28ea7eb919
records/full_2026-07-06__rec_002517/attempts/08_repair/meta.json,1690,e6aecc91194af4afaa40f7fd52ffc57e083c3963bbe230dd635643fe91d0939d
records/full_2026-07-06__rec_002517/attempts/08_repair/output_schema.json,18153,fc4fd08860b2b19da00d319ef5a61b4493eede559424fa5e6129635e69da8656
records/full_2026-07-06__rec_002517/attempts/08_repair/prompt.txt,207543,e21395f7ecb01c9ebf6f75c98d62d07d27478b54c17237cd3696973c7a87061d
records/full_2026-07-06__rec_002517/attempts/08_repair/response.json,54470,638676983a9483c44c68c97e6d3ad84fab2a9ba7cff4ba6f4b8e18741c6f0179
records/full_2026-07-06__rec_002517/attempts/08_repair/stderr.log,170,7793fdba147f6f7e4b671151b1020d330886275620e8b8a86df9e729cf9ccc97
records/full_2026-07-06__rec_002517/attempts/08_repair/stdout.jsonl,59551,4f50971414d3720d9191a7958b5ede969492cc86eba46f7d1eba8982194d14e6
records/full_2026-07-06__rec_002517/attempts/09_review/meta.json,1690,9fbe2953342430986e2666a3d5a787daf3dbe0d28d8a66d629b408b68db31271
records/full_2026-07-06__rec_002517/attempts/09_review/output_schema.json,2482,2f7fde6059c5725fd4066315b7082d9c732aec8fae93b90e64480ce47d95b8c8
records/full_2026-07-06__rec_002517/attempts/09_review/prompt.txt,159569,92bc092a5e86d8340bb9b2b64179bfcab98a5a8937301b39cd575026d3b75476
records/full_2026-07-06__rec_002517/attempts/09_review/response.json,3954,0fbc73f49e0a960eaf151f3cf7a1cd9e274f4be734faa4dc435964165fd9cd9a
records/full_2026-07-06__rec_002517/attempts/09_review/stderr.log,170,7f49433dd11505b79668c7f71ca93e375648f81a1f65b7308d806700088687a4
records/full_2026-07-06__rec_002517/attempts/09_review/stdout.jsonl,4516,8d6e65f143090d3078bd3618635f570feaad7be986a489728568ca0159b964fd
records/full_2026-07-06__rec_002517/evidence.json,16988,c72efe7f9511a35628416e1b55c75f758524f4ab9915a07d33f8786fc7f19522
records/full_2026-07-06__rec_002517/final_document.json,88901,36f8b57753aaca4da0ae020937d3d573f2ada7b3a81b1185ea8cc2e9176539d9
records/full_2026-07-06__rec_002517/packet_manifest.json,8520,1293352e651aa65bea161bdfa9e60040eeb45a653de425a0f31fa4c6b1e0c28c
records/full_2026-07-06__rec_002517/review_round_1.json,3888,690d54f37e02cdf98becb8f33cbd530003ba77800473df9f1f05e05bdbcabe0f
records/full_2026-07-06__rec_002517/review_round_2.json,7572,d279ef2061071d6c015c6e6ed106982f5df04118a7462ed87840926447c2e548
records/full_2026-07-06__rec_002517/review_round_3.json,4664,b59cf75747300be04bdc79f0b67ab5baa49e90862294d0dad42759d641f5f7b9
records/full_2026-07-06__rec_002517/sections/sec_0001.md,747,662a984a716a4f477c9293851152b4e82bd0548e6265fee3fbf88ceec0f17985
records/full_2026-07-06__rec_002517/sections/sec_0002.md,1127,6aace625824c57328c92a493222f41a6023298fbaa5680bb3fbad9a727862be4
records/full_2026-07-06__rec_002517/sections/sec_0003.md,5901,ca1c1ebe28b72fae5e69f2fb737cf4583fcbe035ef702aad034a203dd8bc0b13
records/full_2026-07-06__rec_002517/sections/sec_0004.md,4173,d8dd094599b0eaa54a50dcdf5c506e578d2d42bcfe86bf028aac10dce9f8f605
records/full_2026-07-06__rec_002517/sections/sec_0005.md,1551,4460017f26ab9a15a8af4a134f9b2c61f6ec0f6438064cdfe4c6c982a2749888
records/full_2026-07-06__rec_002517/sections/sec_0006.md,789,2e23e2564b85587304072fb19ee159fe4b037d015d31bf93e6ec56dd4ee315d7
records/full_2026-07-06__rec_002517/sections/sec_0007.md,3606,ece5c368207b0ca80a6c5f6ee75d05cc0de4c84f4867c8c16201a95782380110
records/full_2026-07-06__rec_002517/sections/sec_0008.md,805,c7f0539692b2501d98f3031df9f3ea9e9be2f90eb4cb79ff7b34ef3df1869b3d
records/full_2026-07-06__rec_002517/sections/sec_0009.md,1326,04d22a66ef7d1c50940f557bed10e2b7f61fdd72c6638fa56e61e0d00d108256
records/full_2026-07-06__rec_002517/sections/sec_0010.md,1788,86d6df450a752117c4388c6784784fe3639f9e8649491b821e3d2d0ca4c9b684
records/full_2026-07-06__rec_002517/sections/sec_0011.md,18,6184215ae83ba4668481357ca6bbf17b212a3ef66d9cb1fc2a500953eae5b70b
records/full_2026-07-06__rec_002517/sections/sec_0012.md,1049,d923b9b4b62667a3e3cac58a4fc4670f137de828286a147a2712f4b05f58f85e
records/full_2026-07-06__rec_002517/sections/sec_0013.md,8070,5e59f63419e18d30ad94b468f4cdfa1d66fbe3a9f3a441e496111a97f8d529f5
records/full_2026-07-06__rec_002517/sections/sec_0014.md,1252,06630ca24daca27900ba27ac33315e8cf5d61bde768ede19d6fa7bab901bb7db
records/full_2026-07-06__rec_002517/sections/sec_0015.md,1950,b90e4ae81bedbb6ca9b5661a056fb43b515dc2b3f51da8c06b98b447bfddafde
records/full_2026-07-06__rec_002517/sections/sec_0016.md,4211,d75a4a153de15084279a6b3f02d50c53a93f03b128a8a60d69db71abdfe3c485
records/full_2026-07-06__rec_002517/sections/sec_0017.md,8156,c62c17bee33e6fffdb995273a796b101e250d845a37335330fa67c00252752a7
records/full_2026-07-06__rec_002517/sections/sec_0018.md,615,3b2a344fec7f46060be147afbc3128102d555b2e632cedc38d0c67f2756e9781
records/full_2026-07-06__rec_002517/sections/sec_0019.md,1820,141a90e5a0d3876b19775e61d0366752ea3207f751c9130d4603deb7fd7d4338
records/full_2026-07-06__rec_002517/sections/sec_0020.md,250,d28be5c81e0557a5edfa930d69123563e31a8748ce46a57868f067b9b4730340
records/full_2026-07-06__rec_002517/sections/sec_0021.md,12146,5a71c4c177749c79dbdb4aa9b8e3a35d0421ed0b6174a03bb64aac48153ee0d6
records/full_2026-07-06__rec_002517/sections/sec_0022.md,215,a2c048d36ed52ff260a7a74f096be98cfea64c76db2e100edc21b3757242dbd4
records/full_2026-07-06__rec_002517/sections/sec_0023.md,2335,8333ba14ef436760a63de7ad2505948b90fa1d8594ba332bda4d15cc638c4fe9
records/full_2026-07-06__rec_002517/sections/sec_0024.md,1539,4fef775ad2c3e93b6b170bfa7a6c2a48f7db5e07cb9cceaae8a561fe6312979a
records/full_2026-07-06__rec_002517/sections/sec_0025.md,990,0ef3fb82599382ff6306cdded97326233061fb5fa9575b93cd3671125b617894
records/full_2026-07-06__rec_002517/sections/sec_0026.md,25,1f5fa06ac28b5ab58d1d5e714a00ce3a994ad8cfb224ff08ec612065449be185
records/full_2026-07-06__rec_002517/sections/sec_0027.md,902,18cc2395078201693f7ef74dd61ee84a05a91fe4d723ff3196c3ce6efd9f69bd
records/full_2026-07-06__rec_002517/sections/sec_0028.md,405,a50d6e0a6bb5cd73fd860c6cd07b399540c1f66362355caf264b3ff4784a400f
records/full_2026-07-06__rec_002517/sections/sec_0029.md,350,03f52224beb3c20b8d27fd3b594a318dae77b1b67247acde009f874e8103a79b
records/full_2026-07-06__rec_002517/sections/sec_0030.md,443,a2e646c040af69ec1ae274aae3e383afa1c040708606e54ff8ed954934bb4642
records/full_2026-07-06__rec_002517/sections/sec_0031.md,456,e5490505a7a5463f2f3e65c928db111005b821e4de6d2c141c2056a5f06906ad
records/full_2026-07-06__rec_002517/sections/sec_0032.md,2779,089131dc80cbe5d4644dc450b0e69798af25a838970b1aac6245f74cdf0f1dbd
records/full_2026-07-06__rec_002517/status.json,1970,0e7212450530d601bd13f5a9c96cdc985316891d13de24664f83750246032252
records/full_2026-07-06__rec_003008/assemblies.json,205656,8a82fc99063faf76a0ad509bc4dba68c260a76e1b462c442311cb8781d976f40
records/full_2026-07-06__rec_003008/attempts/01_extract/meta.json,1692,071086cd9c8a9b93b26199797e7eac5647994e34af7be06ddbe0db1a38f486ed
records/full_2026-07-06__rec_003008/attempts/01_extract/output_schema.json,18153,fc4fd08860b2b19da00d319ef5a61b4493eede559424fa5e6129635e69da8656
records/full_2026-07-06__rec_003008/attempts/01_extract/prompt.txt,149017,182918a275c0b13cb7793da3ea43c6666b703b4adf6c0d1e946b75c295b8a9cb
records/full_2026-07-06__rec_003008/attempts/01_extract/response.json,43974,b18ef4beb9995a2d97ad0db6980a4f2d3b93cec010d2a52d5feb63a81f7cc6d6
records/full_2026-07-06__rec_003008/attempts/01_extract/stderr.log,170,d26e637bba7eb57764d813c0f00909c9264d5a02d2e42031be4ef75489e3209d
records/full_2026-07-06__rec_003008/attempts/01_extract/stdout.jsonl,47450,54e8caf5dc0c51819fa0b310ff7e650dcea35fb37db357d06dbe538c9651b8e7
records/full_2026-07-06__rec_003008/attempts/02_review/meta.json,1690,e1213cfb8ffc998f65e18047541d5de68b40f9282a3933e8f70635cd91bcd53e
records/full_2026-07-06__rec_003008/attempts/02_review/output_schema.json,2482,2f7fde6059c5725fd4066315b7082d9c732aec8fae93b90e64480ce47d95b8c8
records/full_2026-07-06__rec_003008/attempts/02_review/prompt.txt,147814,3e3996a7b8d56b7236dcc2128d33383dae89c2391cb6a6a710ad7af89f0479d1
records/full_2026-07-06__rec_003008/attempts/02_review/response.json,9583,04ad38b9df8f2fed2e3a12bd1811b7a84d6640a0d0c96d9747592b69c9ff10cb
records/full_2026-07-06__rec_003008/attempts/02_review/stderr.log,170,ccb20c0b5f74fe31dd3aa4743b3d38f04375ff0e13359fb2ba9550e0b8a48d32
records/full_2026-07-06__rec_003008/attempts/02_review/stdout.jsonl,10377,818b416ac44ffc4232150abbf19112bb8f2ec840254c037e2322ebca3db5ce04
records/full_2026-07-06__rec_003008/attempts/03_revise/meta.json,1691,e7fa86c7795198678ef1970b957b4a46d7241799541f3e0976286ec16e23ce1c
records/full_2026-07-06__rec_003008/attempts/03_revise/output_schema.json,18153,fc4fd08860b2b19da00d319ef5a61b4493eede559424fa5e6129635e69da8656
records/full_2026-07-06__rec_003008/attempts/03_revise/prompt.txt,204620,1f3eba19e6ea245a06a70aa8dca91fd9a39fdd1b4f145edeba373815b19e3ea9
records/full_2026-07-06__rec_003008/attempts/03_revise/response.json,74019,35f9a4496609a5e9838e11a77076272962770ab150a6b6f497208da3f4c88f6c
records/full_2026-07-06__rec_003008/attempts/03_revise/stderr.log,317,ee3cbd37a2ae231b926483637299a05e203682e249d91c5ad2b1e5d809342a8c
records/full_2026-07-06__rec_003008/attempts/03_revise/stdout.jsonl,79663,8518744aa089eb4bcaf1049a3861cbad5fe86cfea104fa04afd57f2d261bdf54
records/full_2026-07-06__rec_003008/attempts/04_repair/meta.json,1690,a0ea94dc55860459c64b015867950e93bfe92a4ddda2f901edb47e9b840d2778
records/full_2026-07-06__rec_003008/attempts/04_repair/output_schema.json,18153,fc4fd08860b2b19da00d319ef5a61b4493eede559424fa5e6129635e69da8656
records/full_2026-07-06__rec_003008/attempts/04_repair/prompt.txt,226862,247bd27a58f49959b521a537f1be26268194f8f3d4ff09c91d8ae3bfa412c054
records/full_2026-07-06__rec_003008/attempts/04_repair/response.json,74156,83878241ca754e5446200ba6f25d9f7c2e43e6f21b56f6fe64357dcad4d131e2
records/full_2026-07-06__rec_003008/attempts/04_repair/stderr.log,170,7138536678d1e640576ba1a8e7ee5dc835018153356bbbdaef0e0a94e8302b00
records/full_2026-07-06__rec_003008/attempts/04_repair/stdout.jsonl,79803,0b6a932aef88f5c702ad3efa804a403a6d82378c22ca6dae8c479fe4efbbdbd1
records/full_2026-07-06__rec_003008/attempts/05_review/meta.json,1690,0321c1be467cb625991bc109e49356540ae9d090f5751356c76f620a0c2ddf2b
records/full_2026-07-06__rec_003008/attempts/05_review/output_schema.json,2482,2f7fde6059c5725fd4066315b7082d9c732aec8fae93b90e64480ce47d95b8c8
records/full_2026-07-06__rec_003008/attempts/05_review/prompt.txt,179195,0bf17d7f4cc0a04ced40834c333a2c3021fa01725aa19cc8c2ade8f0a15327d5
records/full_2026-07-06__rec_003008/attempts/05_review/response.json,4702,5094161448b43461d943bbaf6a7c7c0db075743cc14556e84bd7e0c093072f55
records/full_2026-07-06__rec_003008/attempts/05_review/stderr.log,170,eea1612a7cd9440dbb2f45979e8ad3a7b23cbae5c4fd9f83c5092d6322e6ca73
records/full_2026-07-06__rec_003008/attempts/05_review/stdout.jsonl,5264,0fe31cdaafdc14a19f25c5014f948eeb99cac238eae51d6ab1ac2935d1902899
records/full_2026-07-06__rec_003008/attempts/06_revise/meta.json,1691,458548479c5dd6f41a0110f43e1193de78b2ef3b6f4c9817703a867ceb009d13
records/full_2026-07-06__rec_003008/attempts/06_revise/output_schema.json,18153,fc4fd08860b2b19da00d319ef5a61b4493eede559424fa5e6129635e69da8656
records/full_2026-07-06__rec_003008/attempts/06_revise/prompt.txt,230842,343d42094404ed5c5012322259229c9f1e4dd51b16f469d9243f8f1dabe21fe8
records/full_2026-07-06__rec_003008/attempts/06_revise/response.json,119662,2b27afcff1485907688193cb51c6b4e6dc4b7bca93c562bf1e0040e322e96daa
records/full_2026-07-06__rec_003008/attempts/06_revise/stderr.log,170,43e4eb194b721edea5e49eac7a81914bb36369b9be9429bee780f39d7cfcb6c9
records/full_2026-07-06__rec_003008/attempts/06_revise/stdout.jsonl,128654,7ed0ae01e65275dd214867085010fd1ea5a4c88119fe265d40f5140d64c0ec19
records/full_2026-07-06__rec_003008/attempts/07_review/meta.json,1690,480867e39332222235c9371f17bc0fa0a78fc62f37c93e8fc994e68335c407ff
records/full_2026-07-06__rec_003008/attempts/07_review/output_schema.json,2482,2f7fde6059c5725fd4066315b7082d9c732aec8fae93b90e64480ce47d95b8c8
records/full_2026-07-06__rec_003008/attempts/07_review/prompt.txt,226503,69f1cd845b0cbf6aeaffc0a7e04eb230e42de66f0440319aa4bb1d99280a102c
records/full_2026-07-06__rec_003008/attempts/07_review/response.json,2635,8bb11229f68a497177458fbdbd734c48f2b3739e6d8096d023956e69d5b2f42c
records/full_2026-07-06__rec_003008/attempts/07_review/stderr.log,170,ea4b41b22d066db48bb3b7b2143b4dd26bcdf2e3bcf0191f6344e2d534af7a13
records/full_2026-07-06__rec_003008/attempts/07_review/stdout.jsonl,3092,a872070fe1ac44d98989a560c213a9089dd4e03ce6c11c1e582e46a0cd746a6c
records/full_2026-07-06__rec_003008/evidence.json,37426,5dfd575ad0aa68f56cb7360d34f9fb8d1fa9d1832a2d9c1ae67c1b3842cbf361
records/full_2026-07-06__rec_003008/final_document.json,171236,d1fe0cd7d3897ba1c8310d672a0af1505fafc6a8698d77983ade7720db00d645
records/full_2026-07-06__rec_003008/packet_manifest.json,7179,7ad12ffa55d49dd331222a08b434af86641e001fbf989252d99a8934cb5689f1
records/full_2026-07-06__rec_003008/review_round_1.json,11144,5624a37dc34fb99377b1599adbb47261fdddaf08e4bc0fe28b9f88a6dae8a329
records/full_2026-07-06__rec_003008/review_round_2.json,5412,24295d1e6dc80740898bf6968c6d5fe3b345d4f994ce483a2e2110103a0dc585
records/full_2026-07-06__rec_003008/review_round_3.json,3018,6eef1425b30b8d89a411af25a7bbfa176c29d48189bdbe2c8feaca385b19c97e
records/full_2026-07-06__rec_003008/sections/sec_0001.md,646,845918780eebd711acc871df42d79ff0abf2be9a1900c835e23ee0d274c32ab8
records/full_2026-07-06__rec_003008/sections/sec_0002.md,1676,87cd2e5b9555723f8645f7193d2ab0b3b00894977b9ee559e887aca112823034
records/full_2026-07-06__rec_003008/sections/sec_0003.md,9699,ef3ee766f37ca3a5df790f0074cdaafe1435d0aee7131473d2b8e861d53332d7
records/full_2026-07-06__rec_003008/sections/sec_0004.md,1929,11361bb831726ed57f5e71fd2a4143682c8fd520f78922958036c1e6f2cc9146
records/full_2026-07-06__rec_003008/sections/sec_0005.md,1699,35c9e727692d7c0766949d6542e08727424d4f0aaae91bf6c1bddf0286741593
records/full_2026-07-06__rec_003008/sections/sec_0006.md,7796,41422c7cb553057f6fb6a978a8547e51028866a351e1e3e2ae323e47b79426c3
records/full_2026-07-06__rec_003008/sections/sec_0007.md,25,7afcf44b211170a7359c3a3ab15401394273822e39a3df617d7fe415bd0de38f
records/full_2026-07-06__rec_003008/sections/sec_0008.md,1848,b67fe009da5f3dd64ed0d9a89f527f407380c62697eea59311c12702db87d6e9
records/full_2026-07-06__rec_003008/sections/sec_0009.md,6144,e6ab38a3e945f591ee7d808574d7141602722e47d409c4d1742ab026fc33ac21
records/full_2026-07-06__rec_003008/sections/sec_0010.md,14,9d2eaef21a0e51732dad9bda066990889a5bfcfe8b22a9624c20cc14450d58c7
records/full_2026-07-06__rec_003008/sections/sec_0011.md,1778,6134879f05362fc18fb3ed83af78b73c71d144ad6057ea6b720c9cb621584ee2
records/full_2026-07-06__rec_003008/sections/sec_0012.md,1337,d59cf2b5cd597bcae58ee908039a014df9b48f80cd642bcf4c8ff57945e40204
records/full_2026-07-06__rec_003008/sections/sec_0013.md,1427,20d1d29c2ab65f6da9b88264a083127497d9335fb70cc5ab42d79c2cd0c78cde
records/full_2026-07-06__rec_003008/sections/sec_0014.md,2973,10844493b4d764f7fe0f7c0298c38f5bad942e0aefab3398f9b8e9104325185e
records/full_2026-07-06__rec_003008/sections/sec_0015.md,1210,357477329a8062612fa69335edcdbadd6058e754ca3fbc979a064c1ef5e07b28
records/full_2026-07-06__rec_003008/sections/sec_0016.md,801,d01cf30e27d72e165e0da3b7ada4941ff773f9d00e3653fb6a6b4f662e6f19a1
records/full_2026-07-06__rec_003008/sections/sec_0017.md,70,86d2dff65a456085ce017d8dfb17712af52326ce731b82155134356a9c3cdd08
records/full_2026-07-06__rec_003008/sections/sec_0018.md,11176,98177382b33259f8192587071738b86a48f827b2cfd708e0ec6045e13cac606b
records/full_2026-07-06__rec_003008/sections/sec_0019.md,21,499c0490f169528621effc57a7b9caec54b1a6971d2e5bf427d093962a1f58a2
records/full_2026-07-06__rec_003008/sections/sec_0020.md,3234,44bbe6b71ca74f48c09b1a121f4e3a160fb322e119f6c8661eeb5900a17bef40
records/full_2026-07-06__rec_003008/sections/sec_0021.md,3427,9914abd757200046e8aa6bc4473eaf4751eb19ace5b0882324c2df7bdb99b882
records/full_2026-07-06__rec_003008/sections/sec_0022.md,5424,85c8675c5c68f62b26741fa7ebe04c6aa5a3cb165267a12a61740786b076aa66
records/full_2026-07-06__rec_003008/sections/sec_0023.md,23,42923766f3676067f1f0d6745048dfcdbe15066a21b6d94e9660793b0a686925
records/full_2026-07-06__rec_003008/sections/sec_0024.md,1331,fbb2d93812572b5aba15ab9dd02ed1e62f7e3cc439ee6912a1795af07175d36b
records/full_2026-07-06__rec_003008/sections/sec_0025.md,1226,4331dc44f36dfb8b0e69dd4a7b1f28420b24bb67151e824bb71b9f2209705607
records/full_2026-07-06__rec_003008/sections/sec_0026.md,1351,73a0352313ca8b05905ef91c50b30032fb5250a5fb2040fdf8adaf0b52f63b8e
records/full_2026-07-06__rec_003008/sections/sec_0027.md,1084,56f244903e632f93db72c9544ee0bb6e0d764a09b0c0808b202b24cdee3ae5a7
records/full_2026-07-06__rec_003008/status.json,1952,8bedc67396bb39a79c6033616548da641dbac23fe2e82372bd9b106c6716a0af
records/full_2026-07-06__rec_003043/assemblies.json,118913,932aebf5c1c0840a619d280ef6744cd24ae46d30dc7e97467ad7f805c0e87683
records/full_2026-07-06__rec_003043/attempts/01_extract/meta.json,1693,f9a81da5d1d05b1f5456a37ed40dcb2e2355c7244f4ae558490715b985e91e48
records/full_2026-07-06__rec_003043/attempts/01_extract/output_schema.json,18153,fc4fd08860b2b19da00d319ef5a61b4493eede559424fa5e6129635e69da8656
records/full_2026-07-06__rec_003043/attempts/01_extract/prompt.txt,148470,b25b18ae1a29a512af74836abbc70ea50550850763a4c47963c37f818e578f31
records/full_2026-07-06__rec_003043/attempts/01_extract/response.json,52158,9e911ff5da94dd39b09e1c393cedf35b31310f939dc377c9e2ef27dd0041d891
records/full_2026-07-06__rec_003043/attempts/01_extract/stderr.log,170,6c3312f35f22e39359aa6ec8f59ece4af6cf9539db6d281130ad2abcea71d3e6
records/full_2026-07-06__rec_003043/attempts/01_extract/stdout.jsonl,113122,bb57e8d80318155238b30202f48947ada589b6455d92e53965503c6a82b41fd8
records/full_2026-07-06__rec_003043/attempts/02_repair/meta.json,1690,3b8ff3f972aeb96d32315f0b8880efc0a1b3a1330128fc6ac4550080a09d83cf
records/full_2026-07-06__rec_003043/attempts/02_repair/output_schema.json,18153,fc4fd08860b2b19da00d319ef5a61b4493eede559424fa5e6129635e69da8656
records/full_2026-07-06__rec_003043/attempts/02_repair/prompt.txt,218156,46b6bde155494c5e70471c0ff678e5340b02e3f7ba943d920ad13b12b5d2fbbf
records/full_2026-07-06__rec_003043/attempts/02_repair/response.json,54123,049ca67a5111cce540637539a6b82e91f99cf7dd3c6d86a83db0ba4ef4d9d938
records/full_2026-07-06__rec_003043/attempts/02_repair/stderr.log,317,25b1a9b58f2d84986b075b8b26038689bcf4d0e7662ea97ec32e93395fb88374
records/full_2026-07-06__rec_003043/attempts/02_repair/stdout.jsonl,58859,0d78a3d56feedf6fc836b30f595dc175fbe820c50752eb6864b28659cd55cb81
records/full_2026-07-06__rec_003043/attempts/03_review/meta.json,1690,750e504d2205e7077e972103cc99b8200606c223b5993385e8658d888a52b5b2
records/full_2026-07-06__rec_003043/attempts/03_review/output_schema.json,2482,2f7fde6059c5725fd4066315b7082d9c732aec8fae93b90e64480ce47d95b8c8
records/full_2026-07-06__rec_003043/attempts/03_review/prompt.txt,157893,a9572c3f5ec91d9055c7b6547db14c7b2a48d2e36cadeaee046b8a54cb9b427b
records/full_2026-07-06__rec_003043/attempts/03_review/response.json,16564,2cdd248dc44965cc8616bc117915c4cdb8e0a71182b23228aa31d0fcf7b73730
records/full_2026-07-06__rec_003043/attempts/03_review/stderr.log,170,fc724921d2291721a7d2b8f2d7b3353fddf0e7e301ed9a4f89cf7ca91ddd4355
records/full_2026-07-06__rec_003043/attempts/03_review/stdout.jsonl,17935,e2c749d645d3e851c48d31d899c3eb82e6681c9fda712ff2cc075e3e2036d10b
records/full_2026-07-06__rec_003043/attempts/04_revise/meta.json,1690,cadc195e1aa3069268cd8177cfb7809792dd905f166805a6ad37763e817ffd3a
records/full_2026-07-06__rec_003043/attempts/04_revise/output_schema.json,18153,fc4fd08860b2b19da00d319ef5a61b4493eede559424fa5e6129635e69da8656
records/full_2026-07-06__rec_003043/attempts/04_revise/prompt.txt,223063,b15828cc11a1a33386cc52867392947233c08ad0ea334041796c112ce2e0303d
records/full_2026-07-06__rec_003043/attempts/04_revise/response.json,45185,0eef0e83d380b72023079f9fdb0917a2a1477bd80f1190e848d09ff975b4f3c0
records/full_2026-07-06__rec_003043/attempts/04_revise/stderr.log,170,71b6b4628564994e52df6668b988860e9bd1594cf874304a06898aa2c5d02e18
records/full_2026-07-06__rec_003043/attempts/04_revise/stdout.jsonl,48991,c1ebb613a66fd155daf27a345ec9b634efca4e8db17ecfa1b830d3fa843dec58
records/full_2026-07-06__rec_003043/attempts/05_review/meta.json,1690,250513f338eda14fa7a7bb71bead857010cb93aeb5c3827ae1b97a4fda858f74
records/full_2026-07-06__rec_003043/attempts/05_review/output_schema.json,2482,2f7fde6059c5725fd4066315b7082d9c732aec8fae93b90e64480ce47d95b8c8
records/full_2026-07-06__rec_003043/attempts/05_review/prompt.txt,148567,34df639c2cb174f1d5d0147258ef0ef51d226e5851243ac6aa928196d3c50b57
records/full_2026-07-06__rec_003043/attempts/05_review/response.json,7506,cb1b06c71866cac633c162f008677349f9a090fe1f6de3998e7b65fdf131fc17
records/full_2026-07-06__rec_003043/attempts/05_review/stderr.log,317,d33023c161e9007bb2dd16f9b10f3261747cfed2d3d6865d081f0817542e0691
records/full_2026-07-06__rec_003043/attempts/05_review/stdout.jsonl,8226,c0a23e36e98f96f4c48eca97b36fb129b48c8504dc732986075646a012a40bc7
records/full_2026-07-06__rec_003043/attempts/06_revise/meta.json,1690,294d0518144bc8a259b7fdbcf6b6bf83b955d941785684befeeb16fb556722d7
records/full_2026-07-06__rec_003043/attempts/06_revise/output_schema.json,18153,fc4fd08860b2b19da00d319ef5a61b4493eede559424fa5e6129635e69da8656
records/full_2026-07-06__rec_003043/attempts/06_revise/prompt.txt,203483,6819b14537d02b9e654a4d566eec2563a9736b109ac2b2166ac22909683aafb0
records/full_2026-07-06__rec_003043/attempts/06_revise/response.json,66540,b47a124645bc4347a074eeb4d4a00b51e21a1d9515d11a05fc96c3ffd7d445ab
records/full_2026-07-06__rec_003043/attempts/06_revise/stderr.log,170,0ab315fcb427941b755c4da3fe6d68efc2d1b38f051eca0b0dd854fee7758551
records/full_2026-07-06__rec_003043/attempts/06_revise/stdout.jsonl,71862,5875aa9e07d0e2687ca2aa5a11509471d92b73ca38cba5d9b8bceb044bf68c9e
records/full_2026-07-06__rec_003043/attempts/07_repair/meta.json,1690,51e90e6c3abf233c33b237ec27febafcaa89ad859df4e02b6a80795f995074a3
records/full_2026-07-06__rec_003043/attempts/07_repair/output_schema.json,18153,fc4fd08860b2b19da00d319ef5a61b4493eede559424fa5e6129635e69da8656
records/full_2026-07-06__rec_003043/attempts/07_repair/prompt.txt,218959,329b81cbb522722518581d016cae90fb14ce91a9384246f08b407713b267ec7d
records/full_2026-07-06__rec_003043/attempts/07_repair/response.json,66534,7c1b9c613edb4edce697bfa9fbb34af3c7e8b7ce931e10ee19922fee9a318e56
records/full_2026-07-06__rec_003043/attempts/07_repair/stderr.log,170,5a00ba87a3cc35c21a8e11f20751a1d20bf69c2955daf39eab1991f3a3014f5a
records/full_2026-07-06__rec_003043/attempts/07_repair/stdout.jsonl,71855,eae6987bce7b59ee2bf2a7c6159ed6e764d17a3e045805706c823668f5352371
records/full_2026-07-06__rec_003043/attempts/08_review/meta.json,1690,2c5f41b55cad985fda6c7ec357683e7695d9258e74f94aaf97824d118b763af3
records/full_2026-07-06__rec_003043/attempts/08_review/output_schema.json,2482,2f7fde6059c5725fd4066315b7082d9c732aec8fae93b90e64480ce47d95b8c8
records/full_2026-07-06__rec_003043/attempts/08_review/prompt.txt,170777,c2acf38046701ac91796c9b8b40a83e4d0d7c5eeb949cda94e970fdbd17adf93
records/full_2026-07-06__rec_003043/attempts/08_review/response.json,9781,b0491e581c7c22e8846ab6f4f44a7507ec3f74ca6f203f3cdb68ea3518a9230c
records/full_2026-07-06__rec_003043/attempts/08_review/stderr.log,170,99d4e542ee25be52f9b516bdfba7f8fa5d4557d2560b97f451e82568717ee7ac
records/full_2026-07-06__rec_003043/attempts/08_review/stdout.jsonl,10594,00728b8de3f39d00155befbe366ed522445bcbf23e16abaea0b8c58d7131e6d5
records/full_2026-07-06__rec_003043/evidence.json,24170,e285c9cb58bc099c4384411cd01df67205f262af406dc47e7cd88149812375b8
records/full_2026-07-06__rec_003043/final_document.json,95962,6a6b0ab09c847b37a2fe902b4025565b14f2e6aaecbed20f66fc15e375efe658
records/full_2026-07-06__rec_003043/packet_manifest.json,8913,f66f0d9c3f8086b2b817d3513493213af0788d7b9d41e6de2a3cfe08340a20c3
records/full_2026-07-06__rec_003043/review_round_1.json,20294,2a6adb6b4cd1c68a55066acbdc1235ab73e9499bcb949b010ec31368047934b5
records/full_2026-07-06__rec_003043/review_round_2.json,8848,73627332e0561c5ee43f5ea905fb13df173888b35a5fc3c2384b6f209ee71134
records/full_2026-07-06__rec_003043/review_round_3.json,11361,4eeb7ba08f0c7d20c988bcc88cd83ede0d7d4d80e039c1537ae58e2e012325fd
records/full_2026-07-06__rec_003043/sections/sec_0001.md,111,1bdbff4f3672fe4c1c42d45a1cdb4739026bbf69aa8de2e4c268383d0d759640
records/full_2026-07-06__rec_003043/sections/sec_0002.md,222,29ffa656227d9678c33fa53107aa62104220916c5fdf15e43ca040770ba8736b
records/full_2026-07-06__rec_003043/sections/sec_0003.md,59,1e5f0b2121baa6c1274dc871144f67a08d4557566330e955e290a9d82698349c
records/full_2026-07-06__rec_003043/sections/sec_0004.md,1180,3808d288e5bb977a504ca07f980c84662931c15fee4f72e74f2a31e6e8bb1d98
records/full_2026-07-06__rec_003043/sections/sec_0005.md,5314,9aeba2524f2ffd50303f256962367dbcc17b29166703a539bc7629113d6fd9c1
records/full_2026-07-06__rec_003043/sections/sec_0006.md,20,53294130b67230c32202591699d97f7b60a21efb7dc10d2708fce64fedcc0f17
records/full_2026-07-06__rec_003043/sections/sec_0007.md,981,f9a65bb5259bf601964b559127cbb1b1b40de4d12ab535c2836e856ab419d039
records/full_2026-07-06__rec_003043/sections/sec_0008.md,2766,adb5b7f267c6e3bf42d1d9cd936db431ff8c38d71715fa5ff66eecf3af43a1f4
records/full_2026-07-06__rec_003043/sections/sec_0009.md,15,f9d8d2aeb4236d232270ddc1cdacd803d15de08d70d896ca0b6ac8e4a44a5751
records/full_2026-07-06__rec_003043/sections/sec_0010.md,596,bfd8a2e59fdf2a0f7afdc7a009aebb72be407ea12d95a195a98017daf6e76ff0
records/full_2026-07-06__rec_003043/sections/sec_0011.md,1177,39d25fe984826dbede6f67f28680bdf66cee3565e45715de2914b8ce8170ff76
records/full_2026-07-06__rec_003043/sections/sec_0012.md,791,2f995abb0327ffa9e26b1fb42aed46d633c7aeaa22eed0e4dd5f4446bc724562
records/full_2026-07-06__rec_003043/sections/sec_0013.md,1252,637addb5b114104716383fa4a4fba2c9160657aec254031ac476db1642fc2eb8
records/full_2026-07-06__rec_003043/sections/sec_0014.md,844,c23165a582319187e9b10fa5afe7e95fa504635868997f903e1c87ee42c91884
records/full_2026-07-06__rec_003043/sections/sec_0015.md,2041,0cbe420cefe46b5a689dc581f89bf4480bad4a3d606d5e68dae7f7ec76a82289
records/full_2026-07-06__rec_003043/sections/sec_0016.md,15,f2104b4bb01b345f0b78bb81b12b1fc2996cc75bd55dc406512b5e4b28b19d40
records/full_2026-07-06__rec_003043/sections/sec_0017.md,6237,28b671f0779a7d63459420b16beaa62b6e2ed78ad07518a29d5899f0eb5dbd3d
records/full_2026-07-06__rec_003043/sections/sec_0018.md,2183,4be7e60242c907f5392a13f9e5dee6fdb94fa41504183c6fa5829d0fa3f7e9da
records/full_2026-07-06__rec_003043/sections/sec_0019.md,6647,ab0fd3db69cc82def86ca85a191d582c8f787a02b313adb964d339378df4ea1c
records/full_2026-07-06__rec_003043/sections/sec_0020.md,4787,cc5c7e782e6ba9e6a387ffdc93f3b12a7449d4962b87c052d514803ca81e7ab3
records/full_2026-07-06__rec_003043/sections/sec_0021.md,1184,aea085aba2e95b04ce0c6ed1c50f5294a40990b858e8ce964aa393c42905a83e
records/full_2026-07-06__rec_003043/sections/sec_0022.md,971,3f2c53e6d72578295b04a4f4cc6efbeba591481a5fd2747b335b5d730ab4eddd
records/full_2026-07-06__rec_003043/sections/sec_0023.md,558,37e4f73653df9b608b077b95bed0ff4a71a9c3d96d0fc59134613e41727f4348
records/full_2026-07-06__rec_003043/sections/sec_0024.md,338,3fd4fb01d61b724c57a922f0efad886523c03525b54afc3608b3b379483f706c
records/full_2026-07-06__rec_003043/sections/sec_0025.md,177,df4ce6dea230f227a904dc1ed914dbea8d70b30e090e9fc1059f6182a3e58722
records/full_2026-07-06__rec_003043/sections/sec_0026.md,74,81cb86e7c979cbda153425e475ea61c0f13c8fc544dd2694939c1fe8731bc3f2
records/full_2026-07-06__rec_003043/sections/sec_0027.md,15978,9ef037073c5c3758b8160e7f5c8c883463cdcc06e6a378838cc548347b464280
records/full_2026-07-06__rec_003043/sections/sec_0028.md,3061,1f3801d55ac248e7b043e77aec68a24ddf5e336cd6746e9791e115ca43abce7d
records/full_2026-07-06__rec_003043/sections/sec_0029.md,3005,9ba0f10e9907a55de0b9f90b1e16946d052016ef2d655803964b4cfb0c6cfa34
records/full_2026-07-06__rec_003043/sections/sec_0030.md,157,466e5fd3f889f578f5862b29e19d814a3e0920a34fcd5eafc8f13f41952af6ed
records/full_2026-07-06__rec_003043/sections/sec_0031.md,870,e1ac989aaa35a8250b83e962d5be74ff2bfb2c6ea92805fe01bb8a7ff4815681
records/full_2026-07-06__rec_003043/sections/sec_0032.md,3187,d5d7da89f6c0ffbdba6c4fea1f50971464bff7840faa2c9f86063f4907072b8f
records/full_2026-07-06__rec_003043/status.json,3403,50a2608a202387b4cf75439501c526e9976852b0696acf678b14bb94c6fd4229
records/full_2026-07-06__rec_003131/assemblies.json,50193,cfd828e6e8561670bf8598f0c44b5184d7bd8a04e48137d44f2df9c6dc0dfb1b
records/full_2026-07-06__rec_003131/attempts/01_extract/meta.json,1693,30a44bfe0729b13909a8b0e5b812b81c861e39353882b83ba8ccd2c80b450286
records/full_2026-07-06__rec_003131/attempts/01_extract/output_schema.json,18153,fc4fd08860b2b19da00d319ef5a61b4493eede559424fa5e6129635e69da8656
records/full_2026-07-06__rec_003131/attempts/01_extract/prompt.txt,179118,c5a12001ecb65fefec01ca16842bddb3b66bce62526afc64b0230949cb7daec8
records/full_2026-07-06__rec_003131/attempts/01_extract/response.json,30616,bac4e67571b0128210c095cb8f1d184140962ca6f2425ab19502b1b80e55dc26
records/full_2026-07-06__rec_003131/attempts/01_extract/stderr.log,317,416c62cd9819c62b65133d50a26a78c2bc6dcce08d08acb3457d460b0d21a652
records/full_2026-07-06__rec_003131/attempts/01_extract/stdout.jsonl,134379,ee36c8cd6420b14dc630f79a578a312bdb88726a019143ed4eb8621f6f37cec3
records/full_2026-07-06__rec_003131/attempts/02_repair/meta.json,1690,86486ddca078b846836ba78fab9f2706cbb84214edbda9509ad9cd07ec1dc79d
records/full_2026-07-06__rec_003131/attempts/02_repair/output_schema.json,18153,fc4fd08860b2b19da00d319ef5a61b4493eede559424fa5e6129635e69da8656
records/full_2026-07-06__rec_003131/attempts/02_repair/prompt.txt,211669,c02dcf54f7df123c614e402161d1b17ff2e714a39caab6aa11a077c32ef63ba7
records/full_2026-07-06__rec_003131/attempts/02_repair/response.json,30561,88305ea837c9984f932f344d04f7f19f1bd89c760bf0a497b21df72865b2af1d
records/full_2026-07-06__rec_003131/attempts/02_repair/stderr.log,170,ca5e2c3b502b3ad65365169b10d435e4e36ee6cde008e348fd73877d9b96dc89
records/full_2026-07-06__rec_003131/attempts/02_repair/stdout.jsonl,33407,797026ec7766da30c57531806692d2104fb1db2487e3fde1f19b9cb843691ca1
records/full_2026-07-06__rec_003131/attempts/03_repair/meta.json,1690,028b122b91bddb362573b77b963d942c322c8b47a5aea98b934c24f77f1c7923
records/full_2026-07-06__rec_003131/attempts/03_repair/output_schema.json,18153,fc4fd08860b2b19da00d319ef5a61b4493eede559424fa5e6129635e69da8656
records/full_2026-07-06__rec_003131/attempts/03_repair/prompt.txt,211421,5a95222c96c59f87117fb48a2f6900995888b064a9ca07bb839af73eb3a6c340
records/full_2026-07-06__rec_003131/attempts/03_repair/response.json,30581,0a2ede548341572160d9d6f200d27bebf201be12da3c3f26258cda18ec3222e5
records/full_2026-07-06__rec_003131/attempts/03_repair/stderr.log,170,423541c2d8f4ea021a08fd8676413260b5bf0bf7dac5082cd71fc5d1fdab239a
records/full_2026-07-06__rec_003131/attempts/03_repair/stdout.jsonl,33427,d071280fe973b99a2a3a14575e9826e9a49812f5f0ca29d232ec1eae81596036
records/full_2026-07-06__rec_003131/attempts/04_review/meta.json,1690,cfe8e8d3ded68035ab159152bd50b8eb38f21cb1119314d5e6e68dc547f837b8
records/full_2026-07-06__rec_003131/attempts/04_review/output_schema.json,2482,2f7fde6059c5725fd4066315b7082d9c732aec8fae93b90e64480ce47d95b8c8
records/full_2026-07-06__rec_003131/attempts/04_review/prompt.txt,164011,4e1233591429d76203b0aa420acf9b0bd3fc296bc25d2115fc58a615639530b9
records/full_2026-07-06__rec_003131/attempts/04_review/response.json,12051,7e6123600804ba3b93e06d3dea67d2001514b9a3ea48c2e62d0af302463f4622
records/full_2026-07-06__rec_003131/attempts/04_review/stderr.log,170,44b4a67e7ede6fe9a066e9f66b098625e3abb700db42eb5e07d61aa06ade5ca5
records/full_2026-07-06__rec_003131/attempts/04_review/stdout.jsonl,12973,754d5635f409a13503df679050e50afcba8f94b53a66e15c724a2311540ced7e
records/full_2026-07-06__rec_003131/attempts/05_revise/meta.json,1691,f4f4b5e8cfdb531a7a4da741c0033709542440806452f9e368b783999a369178
records/full_2026-07-06__rec_003131/attempts/05_revise/output_schema.json,18153,fc4fd08860b2b19da00d319ef5a61b4493eede559424fa5e6129635e69da8656
records/full_2026-07-06__rec_003131/attempts/05_revise/prompt.txt,223878,6d68c1e0f1ebaa7283b36c2b5a304a423361cd1ed353e02f598adef2dcb915e0
records/full_2026-07-06__rec_003131/attempts/05_revise/response.json,120365,b67e9267ce79782b19c56c370947ac653a419b353fe162d1add1862bbdc5866a
records/full_2026-07-06__rec_003131/attempts/05_revise/stderr.log,170,c62fa51a0ff1f7acae7d13cefa5df33de8f1e481313b0afc03b4837beaef681b
records/full_2026-07-06__rec_003131/attempts/05_revise/stdout.jsonl,129891,c8a94e3b25380e949a05df1fd8af11c47639fb6643b5b354391f3251db459bb1
records/full_2026-07-06__rec_003131/attempts/06_repair/meta.json,1690,4fce17997df75714b5c4f298ec1fd37da02664cd3a4b206d75c5709e628ffaf4
records/full_2026-07-06__rec_003131/attempts/06_repair/output_schema.json,18153,fc4fd08860b2b19da00d319ef5a61b4493eede559424fa5e6129635e69da8656
records/full_2026-07-06__rec_003131/attempts/06_repair/prompt.txt,308806,0c87297ff3c500d4b24cd6bac63a8f22a9bc549e45ece78b8f04d2a553469137
records/full_2026-07-06__rec_003131/attempts/06_repair/response.json,86914,42be433a3b2ee5c6d089393d68211b2a0a7f7b52bd0a8a9412caf9b0aae653f1
records/full_2026-07-06__rec_003131/attempts/06_repair/stderr.log,170,002d074940e3b8c128e98e4949f201ed272083d4b1dfc4c8b827c179315ee6b4
records/full_2026-07-06__rec_003131/attempts/06_repair/stdout.jsonl,93908,44602fd13ca94758c62910b8bb91ff5936584d21df142bb783044c9a1d9c0420
records/full_2026-07-06__rec_003131/attempts/07_repair/meta.json,1690,0af3d5aa08a2fb2b59780c988cafb4b47e18985a15f3a5d0af5e5462dbfb6b79
records/full_2026-07-06__rec_003131/attempts/07_repair/output_schema.json,18153,fc4fd08860b2b19da00d319ef5a61b4493eede559424fa5e6129635e69da8656
records/full_2026-07-06__rec_003131/attempts/07_repair/prompt.txt,270295,ddfd821e258fe07b758e44ec9db52df9c34caef2a34d7d1f364501f4104896cb
records/full_2026-07-06__rec_003131/attempts/07_repair/response.json,82970,db9b98b45b1f5d23a95bd9d8c5a5e4825bd2cfb20de53c07f22fb95084e308a1
records/full_2026-07-06__rec_003131/attempts/07_repair/stderr.log,170,c21d72da459d28b748112587a8ce528f2b50c1cc2fdfeb308b46dd9d43090345
records/full_2026-07-06__rec_003131/attempts/07_repair/stdout.jsonl,89691,f484f0c1908ab99c17373548c33dd57e00bc43a8e1292802a51e35fd0598645b
records/full_2026-07-06__rec_003131/attempts/08_repair/meta.json,1690,2fa856c5b039e01ddd18e0ad2d3959d576235d770a9ceea2d4c154a7575975e3
records/full_2026-07-06__rec_003131/attempts/08_repair/output_schema.json,18153,fc4fd08860b2b19da00d319ef5a61b4493eede559424fa5e6129635e69da8656
records/full_2026-07-06__rec_003131/attempts/08_repair/prompt.txt,269224,5c79b9fbe25ab789050d88457ef8c27e1eb9a9f1857a5744aff522984ea02126
records/full_2026-07-06__rec_003131/attempts/08_repair/response.json,70839,f1e40edc0490584bf88bc470c96144ddbc9a2756376e08c42a944bb77bc52526
records/full_2026-07-06__rec_003131/attempts/08_repair/stderr.log,170,6e4b45e959b245d4b4d937ea77e652dc8f0abc21eea69c32c5bfe3a10e3400af
records/full_2026-07-06__rec_003131/attempts/08_repair/stdout.jsonl,76978,6441715c3310ea5e68146deb70b66afff774006a450fc7383bf337ce1f0f3759
records/full_2026-07-06__rec_003131/attempts/09_repair/meta.json,1690,9274cf1a9b00fb2ffb1f59aa9656b3c05ec5be88e51b4a61a28484448b7c7bda
records/full_2026-07-06__rec_003131/attempts/09_repair/output_schema.json,18153,fc4fd08860b2b19da00d319ef5a61b4493eede559424fa5e6129635e69da8656
records/full_2026-07-06__rec_003131/attempts/09_repair/prompt.txt,256026,bff0454b0b5236efb9e6bf5a88646ad3b90d24de8924055e06ac71288edb8e4d
records/full_2026-07-06__rec_003131/attempts/09_repair/response.json,70872,8b783150dce94e012c4409ce5bab5a50f9cab3f9e262d446d463b0ad96aa4445
records/full_2026-07-06__rec_003131/attempts/09_repair/stderr.log,170,2ef8ac51d17f658e05cbb4f42bcf856804441161cbb3e07cae42babc82b353a6
records/full_2026-07-06__rec_003131/attempts/09_repair/stdout.jsonl,76621,4d085483f55e419d6c66c05aa980fef7ece9bc950266326d1f4de389292e24a4
records/full_2026-07-06__rec_003131/evidence.json,23671,2cda84497f65fb181c8950ec6ce47d0a67cdccd19bb1b29a52a5fdbcdf126a33
records/full_2026-07-06__rec_003131/final_document.json,48664,8c585bad37b8291df1f4cfbb5c19a6fe6277b267e96b0fde917e1f2c2b85d6d4
records/full_2026-07-06__rec_003131/packet_manifest.json,10135,9fd532d00ebadb42f435e7b32df9e30c77ff9444b57f13ad51bd51ca0ab02d78
records/full_2026-07-06__rec_003131/review_round_1.json,14117,0bd81cb72cacd55ba65e9875764abffa8b73cf5d7c6aac4bc2fe134ba40345a4
records/full_2026-07-06__rec_003131/sections/sec_0001.md,891,ac0ee8fb860085738cf6716dd4984242fe53b83a09c498829e86b736e8fc36e2
records/full_2026-07-06__rec_003131/sections/sec_0002.md,1475,7947103c25487fcf4599db0ca191980ba7a8be6ffefc77b56589860533a93fcc
records/full_2026-07-06__rec_003131/sections/sec_0003.md,6382,2740dc4cdc4af05f46910d15cadf051ed301a51a09c3d6810a4c3fd6ccc7e5be
records/full_2026-07-06__rec_003131/sections/sec_0004.md,19,98ad71695b4ede14d67f8875c55eb9c321ada177b8fb6984619d46c5c547f94d
records/full_2026-07-06__rec_003131/sections/sec_0005.md,2983,8a92909eaec7a2409ebcf9cb3fad4db215e203d4f50e6da5b2eb023493907b7b
records/full_2026-07-06__rec_003131/sections/sec_0006.md,2624,4f673d4a6c8b25df221f9cc873a61025a32acbad7fdcabfd9aa2b21878d16115
records/full_2026-07-06__rec_003131/sections/sec_0007.md,5168,12e12b771c9efe7fcb8aa404d1957a54835eebd203de15e56fc26809d88604d9
records/full_2026-07-06__rec_003131/sections/sec_0008.md,2752,d5b595ee8350ee3b0b17329b420e8a53ee6af74abcd805229a2ddfefc16d46ac
records/full_2026-07-06__rec_003131/sections/sec_0009.md,2183,4d3fe033a108e58bc64c0b116dfe8715711e90f157f576ce67468593729413a4
records/full_2026-07-06__rec_003131/sections/sec_0010.md,13,129446328f81de65e25d6569b6fc2cff0c5745cfc0c87f807a02f3350ffc5909
records/full_2026-07-06__rec_003131/sections/sec_0011.md,1598,64f02169c05ae36bf23aca494a7f4afd3f0392ce9cd93406a7ccbe1be57d46fa
records/full_2026-07-06__rec_003131/sections/sec_0012.md,2403,c5614242715e629ee8046250ff34049a2af557fdba641976364bcb921afaf184
records/full_2026-07-06__rec_003131/sections/sec_0013.md,7341,9df600fcf0b840cb416d780e7a7de2e052c406facb5202beb76ee7717163f89e
records/full_2026-07-06__rec_003131/sections/sec_0014.md,947,145720772a686b06e4c77ef4d04f16b0bbd5a3c7329eedf674f1ffd7e0292378
records/full_2026-07-06__rec_003131/sections/sec_0015.md,1768,0263469646a4e43bf8353aac616e3aa6d12342ad30f3b5921898234edef0fc28
records/full_2026-07-06__rec_003131/sections/sec_0016.md,3389,997fcb85baa48ba80b4d2b5e5a941567988db354d8511927dceb8d5534a7622d
records/full_2026-07-06__rec_003131/sections/sec_0017.md,665,f36a94ede1899f7351288d6ff8b59690cb3e9cbd2fec769372f854914b965f62
records/full_2026-07-06__rec_003131/sections/sec_0018.md,2745,6fdc380d0d9850b608d7502be63d5d331db19c1b609ca52608c5698721da63d4
records/full_2026-07-06__rec_003131/sections/sec_0019.md,1214,c4feee1a49723e9dc4f4bbe205886c80e80d8c7616b3cb9dbc7059bc96c22ad5
records/full_2026-07-06__rec_003131/sections/sec_0020.md,938,afbce66f5b9636a39f0fef0097816d7c214d3f113a365b3a8e77c2ae9a7a9bbe
records/full_2026-07-06__rec_003131/sections/sec_0021.md,14,0c608fddb54fa7e4cf10f4aba61f49845139a8bd7fcece292040b9296cb2989f
records/full_2026-07-06__rec_003131/sections/sec_0022.md,1319,b29ea0d164b8329e7aa520c55ae4650a8d7729cab38181c4118e3732818a0e33
records/full_2026-07-06__rec_003131/sections/sec_0023.md,21,c84655df6170a8a9d6b1097be28ac826c449ff81222d86340655a6d271cc7f3a
records/full_2026-07-06__rec_003131/sections/sec_0024.md,3058,7030074e0c24e328493be18d1f01ad1b6ba5dd4b77456b0c6f75cd1b38d84404
records/full_2026-07-06__rec_003131/sections/sec_0025.md,1048,38d93367e8cee0a0fc10efdd3e1b4d9983f0f0c5f8bb17c4f39ecda8adf9178f
records/full_2026-07-06__rec_003131/sections/sec_0026.md,5869,570f18fd44d4ec110b6ae8068586a785e299e627647c0f42f3cc5e9d791d46dd
records/full_2026-07-06__rec_003131/sections/sec_0027.md,33,0e0bed56baa873ce603ad51bcf281f4c8210a64b85d3d9ef4b0e1aa0a169694c
records/full_2026-07-06__rec_003131/sections/sec_0028.md,306,815e19ca908629a9b2d1672ddd6f4ec426c8daee082e23ef8445c4621453a2aa
records/full_2026-07-06__rec_003131/sections/sec_0029.md,1132,e3382ef4fffb31c55379865e2dd31c1979dd541bffe7474252f673e3117f585b
records/full_2026-07-06__rec_003131/sections/sec_0030.md,1099,374e4b868691d741daa689e151e26fdd97ea59780f4e6462f8173d0f4cf3775a
records/full_2026-07-06__rec_003131/sections/sec_0031.md,1830,260079ed692f2e3ed30bed6aa1a3f9b7754aa86f9e3d5695d01d46b504d64bdf
records/full_2026-07-06__rec_003131/sections/sec_0032.md,29,98c7fbe5cca33d1cdaa6e022c57c5094e1a757fec0890466cf5c0ea25bfda894
records/full_2026-07-06__rec_003131/sections/sec_0033.md,1684,555fa13f68aeb422aab490b9b2871ff03e4d9dff5fe096a25e564dd5351024d1
records/full_2026-07-06__rec_003131/sections/sec_0034.md,3277,9593da078b32978b0684c824bf44af092a4c48850b104d5f137e0022e1a8d45b
records/full_2026-07-06__rec_003131/sections/sec_0035.md,2757,6824d4462defe05e6e7c37893eb279936fbf90e966ed2bcf3000295ea044c87d
records/full_2026-07-06__rec_003131/sections/sec_0036.md,232,0bb6239c4c114a5d67db81cfe8666ddbde77b3431b02903f9b2436c647226710
records/full_2026-07-06__rec_003131/sections/sec_0037.md,29578,36d9c26767320ae025cffdad444f602dc0f12eb93c3a91e5a8d1f0b87b4332d1
records/full_2026-07-06__rec_003131/status.json,1347,9b6a23b0b32bce9328f6433b879ec79a56430a5a39dbea88db10b1331726b135
records/full_2026-07-06__rec_003188/assemblies.json,100006,47daa36bf1ff311dca1c27ede0480ceed6ad20de6b49ac05356f64e3af6694d0
records/full_2026-07-06__rec_003188/attempts/01_extract/meta.json,1693,e96ff4423c11a9f50b32f955002dd26c2c81c4df8f04a94b0457479725ab8404
records/full_2026-07-06__rec_003188/attempts/01_extract/output_schema.json,18153,fc4fd08860b2b19da00d319ef5a61b4493eede559424fa5e6129635e69da8656
records/full_2026-07-06__rec_003188/attempts/01_extract/prompt.txt,110762,4fcbc2f2686a4107391b719b938bcda9172dc1441cafe33a5f8b56fa320bed14
records/full_2026-07-06__rec_003188/attempts/01_extract/response.json,67822,10725837aaed204d453c08cad85661ea7c7b7bb3c8679a52165f54821c336763
records/full_2026-07-06__rec_003188/attempts/01_extract/stderr.log,170,6cc5b2bdd5b7065792cec2ad703aa644c6a2a762bfcced54d4211fde4e442780
records/full_2026-07-06__rec_003188/attempts/01_extract/stdout.jsonl,152469,599c9d8d8fda205fb53b4f7aee92b0ac69c4c5ca22b46bc822eedbf5024ccd2c
records/full_2026-07-06__rec_003188/attempts/02_review/meta.json,1690,bbe681dc96e06f2ffdc72c0ee5edf533e167fd0af7ebae52d0c3e59b4bc4e057
records/full_2026-07-06__rec_003188/attempts/02_review/output_schema.json,2482,2f7fde6059c5725fd4066315b7082d9c732aec8fae93b90e64480ce47d95b8c8
records/full_2026-07-06__rec_003188/attempts/02_review/prompt.txt,133990,8c2677320a81020d572ddc9de8edba0af7192a20d26170f06528065715c07bea
records/full_2026-07-06__rec_003188/attempts/02_review/response.json,11198,55b884b261edde990808a1315c24d463055457ae699d6ef6575f4c1b5ef741f2
records/full_2026-07-06__rec_003188/attempts/02_review/stderr.log,317,d7bad3cebba5c5973c5a148c3f6dc8f34bf8169f92daaf631c5610f1ce83a18c
records/full_2026-07-06__rec_003188/attempts/02_review/stdout.jsonl,12085,5199b7327aaaeeb5340b9637725822b4f05c204bd11811d7c3b897447c97b23b
records/full_2026-07-06__rec_003188/attempts/03_revise/meta.json,1690,eb10dcd2a1de05ae72a866710cb43a6532970497f940bfe2404703fbf4e1eb97
records/full_2026-07-06__rec_003188/attempts/03_revise/output_schema.json,18153,fc4fd08860b2b19da00d319ef5a61b4493eede559424fa5e6129635e69da8656
records/full_2026-07-06__rec_003188/attempts/03_revise/prompt.txt,192849,1c70dc62bf554f797cc3ef59df005ef97f371dfdeac995c171f0035e7472fa82
records/full_2026-07-06__rec_003188/attempts/03_revise/response.json,34167,e6b885374add825e771d743a154556ae59a3cec045515f9b05a9909951e76d5b
records/full_2026-07-06__rec_003188/attempts/03_revise/stderr.log,170,1f140e0b7202f2f84a6080bb0695d581be1e864c55843764f1eef2efeb40a3f3
records/full_2026-07-06__rec_003188/attempts/03_revise/stdout.jsonl,37008,21e4c41eab2a193c8721b7ebab331aa7f09bce6b34d58f382a29dbf884ab8339
records/full_2026-07-06__rec_003188/attempts/04_review/meta.json,1690,a2bc152c90ecba45ba684b78c713444b0b4f7e58fda27f335e5b95dbdf7ae98f
records/full_2026-07-06__rec_003188/attempts/04_review/output_schema.json,2482,2f7fde6059c5725fd4066315b7082d9c732aec8fae93b90e64480ce47d95b8c8
records/full_2026-07-06__rec_003188/attempts/04_review/prompt.txt,99335,2ca1f91bc5c85ac791cd71d83e956adbb39c17c52d56ccdfddab2f3f83179b21
records/full_2026-07-06__rec_003188/attempts/04_review/response.json,4524,a94586821c93d321f3e9c921a2d40b3b6e808b23b5671971fca6794f489f6a00
records/full_2026-07-06__rec_003188/attempts/04_review/stderr.log,170,3be7134ae603c8243eb37886d56914d0b5eca90550e432df0c78617f2d8e8445
records/full_2026-07-06__rec_003188/attempts/04_review/stdout.jsonl,5115,740fea647ebb178f6c5be01c3ae287f3a8218b4941f654fc5fb8e8ecc065dd85
records/full_2026-07-06__rec_003188/attempts/05_revise/meta.json,1691,fc161dadbf2edf2598c36c7ff5b30bbfe9b51ad18085e1de9a4faed832a75f2b
records/full_2026-07-06__rec_003188/attempts/05_revise/output_schema.json,18153,fc4fd08860b2b19da00d319ef5a61b4493eede559424fa5e6129635e69da8656
records/full_2026-07-06__rec_003188/attempts/05_revise/prompt.txt,150932,7c3db080834033b8067d9e1fc46ab1783b3a6e26113f8a81cef8c9aa6215be53
records/full_2026-07-06__rec_003188/attempts/05_revise/response.json,62839,308d0668404d7beb21b4045eee17498d9451c682e9dd65f009b84b0a840908ab
records/full_2026-07-06__rec_003188/attempts/05_revise/stderr.log,317,f6d6e806c8b2fa709d06ce2312464fcd05559cad4d072853a036e64e65dc016c
records/full_2026-07-06__rec_003188/attempts/05_revise/stdout.jsonl,134347,70c66abafd999f81f1fe25b6e4961b78be58fdbc950818edb824bec564dc86b6
records/full_2026-07-06__rec_003188/attempts/06_review/meta.json,1690,a4e5c73e72b98c5f1a22a16d43b6787954134d1e0f52043a3004570f54996a4c
records/full_2026-07-06__rec_003188/attempts/06_review/output_schema.json,2482,2f7fde6059c5725fd4066315b7082d9c732aec8fae93b90e64480ce47d95b8c8
records/full_2026-07-06__rec_003188/attempts/06_review/prompt.txt,128951,888e202416838c5b949cae103972d78443647877c6dd726283af20e073bd0d46
records/full_2026-07-06__rec_003188/attempts/06_review/response.json,3088,0bde5cbe3d5f06afe9e590d58f1749b470a418ddb1e7d1e6ba13c05e2220cc73
records/full_2026-07-06__rec_003188/attempts/06_review/stderr.log,170,c4c62aa58e31554e9efb51a75e6dc8ad7f016aa755472371aecf5a6824443088
records/full_2026-07-06__rec_003188/attempts/06_review/stdout.jsonl,3551,839bb3c615bf3b2851bb3b3c93860610d6c09d7935ac1e8b6fd38cd8309d0388
records/full_2026-07-06__rec_003188/evidence.json,15952,1c9d588a7310d978222a9e498a6985763e9c2010cfefcc2816c1628fe5a448be
records/full_2026-07-06__rec_003188/final_document.json,96084,5a5cb1444a5a4b1ec2ac82466e0a5c446000281185da3271d356ec5ff95da2eb
records/full_2026-07-06__rec_003188/packet_manifest.json,5697,5ed51373f6eb0e6e6e83b8e8a8c49d77c0373f5a6bcf3e68c7e85d9f2d32ee0c
records/full_2026-07-06__rec_003188/review_round_1.json,13051,2ed00d6fc3ef689eba3a7df0b4b6b925317c6fd8ce73009be6b08590a982c40d
records/full_2026-07-06__rec_003188/review_round_2.json,5396,1d6ecd50535ee89b9955a1f2697827bf965e2fd282bf4cacdb5349b276e24881
records/full_2026-07-06__rec_003188/review_round_3.json,3471,bad658e450f63a00193276ac0501f2154bfe0e4691e830ad500bc0052c1e665f
records/full_2026-07-06__rec_003188/sections/sec_0001.md,254,615ac41794a9093d5bbc09fc8317bb636fdd51d2107f12fec7b7a62c2770ae90
records/full_2026-07-06__rec_003188/sections/sec_0002.md,262,de1c28f502ada3fa3aaa13115e72cf5b3f145e232324b82e13ba68bf0927b778
records/full_2026-07-06__rec_003188/sections/sec_0003.md,1316,575a9caf69f789113f1b16a0add3d2b15e144f0835f6979a91516fbb08e54064
records/full_2026-07-06__rec_003188/sections/sec_0004.md,103,f5793f91d5bfd8e49e49247dfd1aae7e54b36b2f81e31a30e32389ce05e91c36
records/full_2026-07-06__rec_003188/sections/sec_0005.md,4419,55301ec8df8eeb135bb1e5998f13e76da205d48412d0bd9d896c68c29a84b80b
records/full_2026-07-06__rec_003188/sections/sec_0006.md,20,b6774a2616e381d84d14a44548c93d518715a29560e0f360f9ee31dc30ac986b
records/full_2026-07-06__rec_003188/sections/sec_0007.md,2010,dad130eb953716625e0bb1d4f7f0f3d624d1eb65005801e1f259e4f600783c57
records/full_2026-07-06__rec_003188/sections/sec_0008.md,2478,564a89c581b8d2a50130fe2de03901bb82d9f168102c9f774b00e1d898bd527f
records/full_2026-07-06__rec_003188/sections/sec_0009.md,1549,e6a3b1151f7c5152de1e19f2440edeb288bf82630de6d067674ac513c79eca5e
records/full_2026-07-06__rec_003188/sections/sec_0010.md,31,a31ee957bf878bd1e67e995137452fb6344ebaab4474f32f47414015d26d4d87
records/full_2026-07-06__rec_003188/sections/sec_0011.md,904,b9b448c007b139a8d4f8c363018c97d9cb5abf3cecca7ecf52864facf6924d3a
records/full_2026-07-06__rec_003188/sections/sec_0012.md,1318,193bd5e3d083c3da3a60bff7d7f78c799546ac25227fd5916645018094aa66d5
records/full_2026-07-06__rec_003188/sections/sec_0013.md,2515,dcdb9d1eed104a763d7883e692785e5aab192f5b3bcc845bcc8b7acf26d8ac64
records/full_2026-07-06__rec_003188/sections/sec_0014.md,18,f43a49d3649d14fa2aee88a3c5686059e5b3ab99473b5fd772c83f15199427b9
records/full_2026-07-06__rec_003188/sections/sec_0015.md,4408,5506f0c59e2844eb87a6b462b97244d8a675337e06e705d799c7ba849269b1b9
records/full_2026-07-06__rec_003188/sections/sec_0016.md,1028,cd51f5d89db2e945067094a64cad06bfef5f111f8e36b8286e45753093e50f96
records/full_2026-07-06__rec_003188/sections/sec_0017.md,770,1fbc32eada836e9e30cbdd34d466c9d04200258a142dcb998485b29342f09eda
records/full_2026-07-06__rec_003188/sections/sec_0018.md,97,bc301e71ea1a3c282e7c102dde0e5f390fe5f1cbd943a8307971349e9add4ba2
records/full_2026-07-06__rec_003188/sections/sec_0019.md,112,153573ef4f59cddece81845897461929f78369b6a512a05a3d882d56af8e009f
records/full_2026-07-06__rec_003188/sections/sec_0020.md,5169,af52746262fc692ec5a8918159b4219c92c74690cdaa3fd283998583a9e1cba2
records/full_2026-07-06__rec_003188/sections/sec_0021.md,4428,bace52d5ce7fd436a438307b5d7655c767eeb38f222bfc2b276383db7e3d39a9
records/full_2026-07-06__rec_003188/status.json,1061,1f703679d025cb796de7f70698a966b6e1a9b68023335792e600a4174981a254
records/full_2026-07-06__rec_003206/assemblies.json,211902,6615ec225c72a80aeb5351351f789641d0bacdd01abaf7ea7f3eadf11dd5ad27
records/full_2026-07-06__rec_003206/attempts/01_extract/meta.json,1693,f0ba4e2d08435e05d4c18e5b09537beea0b26bf4416ed19832afdedd9374d84a
records/full_2026-07-06__rec_003206/attempts/01_extract/output_schema.json,18153,fc4fd08860b2b19da00d319ef5a61b4493eede559424fa5e6129635e69da8656
records/full_2026-07-06__rec_003206/attempts/01_extract/prompt.txt,148663,daca271e67067afcfc8fc5f7668c1b7e4f5cbaff3135fd27bed7cc42ee3e9c10
records/full_2026-07-06__rec_003206/attempts/01_extract/response.json,125368,20a52488088885524aa53a1da2e2b538fb3832f12df326eb2fcf91e3595a0d79
records/full_2026-07-06__rec_003206/attempts/01_extract/stderr.log,170,39aab789f792fe75b323798425378e4cfbdfd29945d32d663326502c7d182ffe
records/full_2026-07-06__rec_003206/attempts/01_extract/stdout.jsonl,137369,abb824a620ebbe7300a91d201d6fac40749f0c5bdedb8a645800f72ac415462f
records/full_2026-07-06__rec_003206/attempts/02_repair/meta.json,1691,06cffeb8bef3eb4912a5d9d08e2de7b6da9f00cb574d2aaa658816b632b03316
records/full_2026-07-06__rec_003206/attempts/02_repair/output_schema.json,18153,fc4fd08860b2b19da00d319ef5a61b4493eede559424fa5e6129635e69da8656
records/full_2026-07-06__rec_003206/attempts/02_repair/prompt.txt,294656,f35cf6de738fb2bdb60c1be30671700e05ee37b53abf3baf05e1dd4f56809d6d
records/full_2026-07-06__rec_003206/attempts/02_repair/response.json,48448,e3c4796c669fffcade96467ae5ac48b1e94830b1501f68b40bff2477c93e7704
records/full_2026-07-06__rec_003206/attempts/02_repair/stderr.log,170,cf1ee05e37fef43017543e3389a6c25ce391c93b641b85f5be249a9766369095
records/full_2026-07-06__rec_003206/attempts/02_repair/stdout.jsonl,123562,954b82be602e8dc9f9a46a4c3313c592c093a6bce122df112141a87cda3d5ba7
records/full_2026-07-06__rec_003206/attempts/03_review/meta.json,1690,803f626fb7445e1cc6e65c15ed1515ec232279c7fcdcd049ab14170fbf832164
records/full_2026-07-06__rec_003206/attempts/03_review/output_schema.json,2482,2f7fde6059c5725fd4066315b7082d9c732aec8fae93b90e64480ce47d95b8c8
records/full_2026-07-06__rec_003206/attempts/03_review/prompt.txt,152447,6cac91a2bfcc4a68194fc19f518d48d363af2d3214ec2f3240f5e0b8162ecdeb
records/full_2026-07-06__rec_003206/attempts/03_review/response.json,8575,1bb9829d2a8464e759b3b79ce40192e0b9b4f62664044663f4e6bf25e417c359
records/full_2026-07-06__rec_003206/attempts/03_review/stderr.log,170,436c61bceb0a4134e5f7df449a716b0af1523dd41a3fd41b0568ff27e1fe80ca
records/full_2026-07-06__rec_003206/attempts/03_review/stdout.jsonl,9321,d5c5bf6c3dff699ae948c69336cdc50e96f9c665754dcea73f78b858f8b17a3a
records/full_2026-07-06__rec_003206/attempts/04_revise/meta.json,1690,4a36a225ed33995fd4c8a94d9120b19f66aedabddff6519077b3e32ae42eea1f
records/full_2026-07-06__rec_003206/attempts/04_revise/output_schema.json,18153,fc4fd08860b2b19da00d319ef5a61b4493eede559424fa5e6129635e69da8656
records/full_2026-07-06__rec_003206/attempts/04_revise/prompt.txt,208525,62184a196b3886550de4c714f343216661bc94ff4fe2812a6fde368db116ddcc
records/full_2026-07-06__rec_003206/attempts/04_revise/response.json,49249,03e4497c7735cca15cdff6358894ff4450ac1d66194e0d6091f5d67860d9bc42
records/full_2026-07-06__rec_003206/attempts/04_revise/stderr.log,170,0790f06662d9bad6046ba69d95f46c294eb9a0b28949bd5b9877fe1fbbfa08ae
records/full_2026-07-06__rec_003206/attempts/04_revise/stdout.jsonl,54039,4b66192ad1f62d37158f64af9c46d483020d6cbdb9014b7255cb2a0e30cb1378
records/full_2026-07-06__rec_003206/attempts/05_repair/meta.json,1690,a5db3e653b037e7e9d1167031a1cfebba322780422c5adf192495fcd6a2fb510
records/full_2026-07-06__rec_003206/attempts/05_repair/output_schema.json,18153,fc4fd08860b2b19da00d319ef5a61b4493eede559424fa5e6129635e69da8656
records/full_2026-07-06__rec_003206/attempts/05_repair/prompt.txt,201318,cd1da5c889d9a3ea678c16b6782dd2608ad208ef6bd47f505c4bcf503979905e
records/full_2026-07-06__rec_003206/attempts/05_repair/response.json,49657,8b9447b23074ccc57ce4eea4ca4539eab8671e3912a78668c2a5b2a4bfdb0a67
records/full_2026-07-06__rec_003206/attempts/05_repair/stderr.log,170,91be84a935af492544b4355e2e5bb2a6590c8f882b7861c5317c3bef1bad6f01
records/full_2026-07-06__rec_003206/attempts/05_repair/stdout.jsonl,54470,d80cb6bf9d9e14d1164f2699186005b5ed6279b4bc922084eaa300833bdb51e2
records/full_2026-07-06__rec_003206/attempts/06_review/meta.json,1690,0a2d55f66dd353e984bac9b4d5b58c248764103ccf3a6838341d717cc6a33a50
records/full_2026-07-06__rec_003206/attempts/06_review/output_schema.json,2482,2f7fde6059c5725fd4066315b7082d9c732aec8fae93b90e64480ce47d95b8c8
records/full_2026-07-06__rec_003206/attempts/06_review/prompt.txt,153784,f22aee26e24a498d74923535c567956c37237c6ecc7ae6a27f121e606d9c36f9
records/full_2026-07-06__rec_003206/attempts/06_review/response.json,8836,beb52768b67a44982edc555f792dc091af3add4dd748108fb118031d0fd66be4
records/full_2026-07-06__rec_003206/attempts/06_review/stderr.log,170,de4a31280f28d77187a400b9a53f5edbaaa404e516c2e9df45da5f1d48223b2a
records/full_2026-07-06__rec_003206/attempts/06_review/stdout.jsonl,9675,cc4d002db9273b7665e868b77350befc42219d0a42d37fc2024bf3316acb86de
records/full_2026-07-06__rec_003206/attempts/07_revise/meta.json,1691,dfe8422a42e82485e14fdb52cfb982b85027b62fe178efb143e0a5a4632993b4
records/full_2026-07-06__rec_003206/attempts/07_revise/output_schema.json,18153,fc4fd08860b2b19da00d319ef5a61b4493eede559424fa5e6129635e69da8656
records/full_2026-07-06__rec_003206/attempts/07_revise/prompt.txt,210142,ff109a8dc76ba085e9eb200cd78db1dd4daad2d8fcf3d26850ee82934472c581
records/full_2026-07-06__rec_003206/attempts/07_revise/response.json,105604,183c547f8e33eb0110f603ef1636162fbd38dd148c5f984da099a120caedc965
records/full_2026-07-06__rec_003206/attempts/07_revise/stderr.log,317,671ffac929b6e6b33c7849e7bbc201320db6f449748385c40ad8972b6c7e56c1
records/full_2026-07-06__rec_003206/attempts/07_revise/stdout.jsonl,115740,3a751b13edaf674bee1fe35827336bab8b3e1d3c6223f3308a65bab04313bf37
records/full_2026-07-06__rec_003206/attempts/08_repair/meta.json,1691,94208ab64d6f2d9996ac7ac38ad077e6d7ad592ddbaef1ad87ef5f73c12ac370
records/full_2026-07-06__rec_003206/attempts/08_repair/output_schema.json,18153,fc4fd08860b2b19da00d319ef5a61b4493eede559424fa5e6129635e69da8656
records/full_2026-07-06__rec_003206/attempts/08_repair/prompt.txt,278067,d95b98f0887d6868851f9fc22b1fdb8b1e2b6bfee238994221e5fd49ebf3220a
records/full_2026-07-06__rec_003206/attempts/08_repair/response.json,114716,5f149867da3f3de6259bc23f3c0729ca77d190921edcad194f69acdb26ee9e69
records/full_2026-07-06__rec_003206/attempts/08_repair/stderr.log,170,07900bc023ec291f1f454cf64354faca2c8b5f3908cae6a4a4ff7e098cf97dc8
records/full_2026-07-06__rec_003206/attempts/08_repair/stdout.jsonl,125516,3076d2b480e4aee83118374fac0be51995e333bfd0295910999913a863d80053
records/full_2026-07-06__rec_003206/attempts/09_review/meta.json,1691,67ad7a42bc78a2e58a687f73d0c7ce8f4c89e98a50dd0080c55efecef9f5a3b9
records/full_2026-07-06__rec_003206/attempts/09_review/output_schema.json,2482,2f7fde6059c5725fd4066315b7082d9c732aec8fae93b90e64480ce47d95b8c8
records/full_2026-07-06__rec_003206/attempts/09_review/prompt.txt,221883,7646084deebc2d536ee10c52b58f12283c3a079c4dc32bac5e881ab527d53c2e
records/full_2026-07-06__rec_003206/attempts/09_review/response.json,13732,31109aa69b37180787b40e5eb8b2c0b33bb7af79a1ef9fbaf18bd15eadf03cf6
records/full_2026-07-06__rec_003206/attempts/09_review/stderr.log,170,fadf73d4dff04082aac032eea1274958dbacdf4e2db3847361c94ca6b0d87b8e
records/full_2026-07-06__rec_003206/attempts/09_review/stdout.jsonl,14843,d8584401b27ad3458c6d8020d897dba6ab8681967465f44f5ee471b344263bce
records/full_2026-07-06__rec_003206/evidence.json,31246,c2ed0efffeae977f443c0a744939adfdfd3fa498fe99f4c1c4e014d29b468aa8
records/full_2026-07-06__rec_003206/final_document.json,196207,b02d09b36e82efa8a2318f5e1973fe47dfbdc6cccd2b98b0ebe5c13ecb3c35a4
records/full_2026-07-06__rec_003206/packet_manifest.json,6987,63653c42193164c195a68faf8daecd8f6cbc957f14642957de09873e54258473
records/full_2026-07-06__rec_003206/review_round_1.json,9955,98396040fd1b1a002fa4cb9176c595e7ee2150a2b7d21a46ec431047d2167333
records/full_2026-07-06__rec_003206/review_round_2.json,10613,b7b4185c2fd31a4cd01a10180dfca6c3655cad08694ff48563ca255557f26dd7
records/full_2026-07-06__rec_003206/review_round_3.json,16468,634d788c178e74b54526773eec66661b37123221ec81e0c7371948eff538e26c
records/full_2026-07-06__rec_003206/sections/sec_0001.md,74,68ceaca40dd1aacd3b6fac8c23c0a96aaee220f06190f741a1b42c99feb2f955
records/full_2026-07-06__rec_003206/sections/sec_0002.md,66,6b43b27ea91c6dcf6a92e6618eb5ca8c1a623869ad1377ab16a6082d008a582f
records/full_2026-07-06__rec_003206/sections/sec_0003.md,72,71f39d3b5061474d2b411b057310f3fd976abc48dee835fe280f06f1ac861195
records/full_2026-07-06__rec_003206/sections/sec_0004.md,123,37289ed8de3c2c0c27004d13204a5491f9de5879ac6c64426e6b147380bce0a9
records/full_2026-07-06__rec_003206/sections/sec_0005.md,173,190a7b8e0563e0c484a9b9684ce7af7778e945c555bbdf3f9cd93cb569f03594
records/full_2026-07-06__rec_003206/sections/sec_0006.md,58,3bff280b47097174d03f1c11ede4c645884b2a4c2a0e2499153107db36c151c9
records/full_2026-07-06__rec_003206/sections/sec_0007.md,67,d68f4da41a6ee38b3266876d0c994c91cecd4bd799cdb8b4aa2f33a9b87ad1dd
records/full_2026-07-06__rec_003206/sections/sec_0008.md,94,3df391ddb77000726ab18cd17257fd3ec16e40aa28c965cb4870efa1ebc7763c
records/full_2026-07-06__rec_003206/sections/sec_0009.md,1454,3a08ff2a07bdbe3efa6d5e0ce62fc4f9b9a8d984f41499ee065507fe9561049c
records/full_2026-07-06__rec_003206/sections/sec_0010.md,5569,61fba134515e7845dd1e9770268460e719ed7cbd429a9896d91136698ab72760
records/full_2026-07-06__rec_003206/sections/sec_0011.md,2796,7dca38f09a8a88838f868dca0853f20c51ad497a1548b9abac012b8efd2df78e
records/full_2026-07-06__rec_003206/sections/sec_0012.md,2064,1ed5ae7e1a0241bb258b2b057747170d528c722e1378474f3394a46e2edaf463
records/full_2026-07-06__rec_003206/sections/sec_0013.md,4731,2b8b4f5baaadbefddc41d78dc195b1759892b6087f85c850431cab2a2841ac25
records/full_2026-07-06__rec_003206/sections/sec_0014.md,12491,12c0e2c4eda4291ca9d13491af78d7f74c53907062506db2749ed46bcbba9e28
records/full_2026-07-06__rec_003206/sections/sec_0015.md,14,c28498ddc4fcc6dd77f1d52eeb80c2240396b0117a1b750647f0190ab0da2ff9
records/full_2026-07-06__rec_003206/sections/sec_0016.md,2237,626721365482b83eb7d19605abcfd6a0a2418bf84ceb172b976ea5437469c8af
records/full_2026-07-06__rec_003206/sections/sec_0017.md,599,e112379cb8fe95d64139c9f22e636d569c2f43625a4125ddcbe873d79b4e9d99
records/full_2026-07-06__rec_003206/sections/sec_0018.md,974,44d2758a20c5b6f39a95090abf7504b7418ee36fce2fb13fe65062eb9b2d7352
records/full_2026-07-06__rec_003206/sections/sec_0019.md,3025,2886a2d50c62bc0ac8b7e4a219669f7b69a8f838823e4cc11fe02f75ea3c2654
records/full_2026-07-06__rec_003206/sections/sec_0020.md,1523,dc8807d28877778a71a44de399c24632eb106247b459e4e7a6ddaee98d6123c1
records/full_2026-07-06__rec_003206/sections/sec_0021.md,4618,68c3ff34cacc0b027de818234e36b04a5be8b89c59ccf471ebc74a15c194b658
records/full_2026-07-06__rec_003206/sections/sec_0022.md,1987,cfce0cec6866284c11d8182736993ad2ce2c31e2e1547cf000eb8044949127f5
records/full_2026-07-06__rec_003206/sections/sec_0023.md,3733,7ac39b679b9f748daef0f2969aad7be645068a21e3f3901613b045f64d92b2e7
records/full_2026-07-06__rec_003206/sections/sec_0024.md,10324,bbe97fa145f54d4837f0eba9624442327d5319e9840d026c84699c9214c3b158
records/full_2026-07-06__rec_003206/sections/sec_0025.md,11317,0775f37ea28ba3e560fc90632a633d1f7c111f1ec590db5e81008bccc56d8a35
records/full_2026-07-06__rec_003206/status.json,2773,7e40072b67022ae64822e9f3964ce207bd31fa827ccf447ca6814c336f3226de
records/full_2026-07-06__rec_003214/assemblies.json,114333,27f1e1fb8712c1ff8b303bcf53ee1ed21dbad1a915ecb27df577e101665562d2
records/full_2026-07-06__rec_003214/attempts/01_extract/meta.json,1693,13d8b1e15aa8d912c337d9c5ffe594f53e7c760ee16a75fb72cae8a20be1787d
records/full_2026-07-06__rec_003214/attempts/01_extract/output_schema.json,18153,fc4fd08860b2b19da00d319ef5a61b4493eede559424fa5e6129635e69da8656
records/full_2026-07-06__rec_003214/attempts/01_extract/prompt.txt,124665,2bc4d84f964e4582c01dbe0c310522d6c6e148f4caabf55d9b085ce865ee3077
records/full_2026-07-06__rec_003214/attempts/01_extract/response.json,60063,93751cb83d60fa115df5c0e5a0c0f0afd4f8fdf92e27365a9e1a249a65487ee6
records/full_2026-07-06__rec_003214/attempts/01_extract/stderr.log,170,867a6cfa7451a8f9157f991775d57ef807d39c682d59f89c950357fcbb4790b0
records/full_2026-07-06__rec_003214/attempts/01_extract/stdout.jsonl,65011,0692018fe04895eb73d525548cf2203de6ff9c54f265b38682757fb1b63fe0a4
records/full_2026-07-06__rec_003214/attempts/02_repair/meta.json,1690,20488fd9df3f80ebfe12379ae4a5f48a73bf6cb9b5164cae2cc77227ead8e3e8
records/full_2026-07-06__rec_003214/attempts/02_repair/output_schema.json,18153,fc4fd08860b2b19da00d319ef5a61b4493eede559424fa5e6129635e69da8656
records/full_2026-07-06__rec_003214/attempts/02_repair/prompt.txt,194080,98f4726b12bbeaaf276daad4f2cb674be91d773e2d2801d3da6ecdfb29f8ed5c
records/full_2026-07-06__rec_003214/attempts/02_repair/response.json,60149,df7900fd5cba1b5eecc2077175bae2206ae0577e17d2803f25e15efb46631240
records/full_2026-07-06__rec_003214/attempts/02_repair/stderr.log,170,1aa4d3bbcd5491dd0f791e2fe38a1fa6debdd8e5bcc1207c765b27f9631ecf4d
records/full_2026-07-06__rec_003214/attempts/02_repair/stdout.jsonl,65096,ea2a4ada0254055b62830da71dfb0f6901b321b5f926c57aa79c3a7fe0858af5
records/full_2026-07-06__rec_003214/attempts/03_review/meta.json,1691,c8c5258d721b8768df25fcc97238d9e3f61a8b0601b5cd66b773d56332267bd1
records/full_2026-07-06__rec_003214/attempts/03_review/output_schema.json,2482,2f7fde6059c5725fd4066315b7082d9c732aec8fae93b90e64480ce47d95b8c8
records/full_2026-07-06__rec_003214/attempts/03_review/prompt.txt,140259,c55a42180c07d6794e7e6e32b3861e998f269791615b3c3a624fde873f0590fc
records/full_2026-07-06__rec_003214/attempts/03_review/response.json,5813,72db2e21ed9996e3c548b1c3bfdb385f337860194dff500cea72c2b2067b942b
records/full_2026-07-06__rec_003214/attempts/03_review/stderr.log,170,b1be8fda9dbbdda41c78a095707988f7c35639df8bb380b9f0f7fa84a9087083
records/full_2026-07-06__rec_003214/attempts/03_review/stdout.jsonl,6453,787b2fe5318681bc5e92b31de7419fa0c97ed02f0bd17e7116180ddee642ffd2
records/full_2026-07-06__rec_003214/attempts/04_revise/meta.json,1690,af0ee3fff898d3ffd16565754b985a77887b24134f714f84d14af9fffbae0dcd
records/full_2026-07-06__rec_003214/attempts/04_revise/output_schema.json,18153,fc4fd08860b2b19da00d319ef5a61b4493eede559424fa5e6129635e69da8656
records/full_2026-07-06__rec_003214/attempts/04_revise/prompt.txt,193418,6d91a7d09c990fc1fc4a62cd71d036cabff3503d095b32a2aab2119ac7fb1a02
records/full_2026-07-06__rec_003214/attempts/04_revise/response.json,67375,54206dd679d9662c4f8a7ea6670041b9e1db974fd3d9bd43359d5d45e4bf1fba
records/full_2026-07-06__rec_003214/attempts/04_revise/stderr.log,170,96de6347f75f81f334fc1cf0067b2c8b34a891044a66dfc8c65ba3cd0dadb901
records/full_2026-07-06__rec_003214/attempts/04_revise/stdout.jsonl,72711,0ea51ba3f2ffbb1191bf975ef74b0dedabc29ac5701f4b9739104c731e51091c
records/full_2026-07-06__rec_003214/attempts/05_repair/meta.json,1690,601d1bc662e5290c6a1a83c0a06730a3d6487a863a8918e38c109a3b8cd1e23e
records/full_2026-07-06__rec_003214/attempts/05_repair/output_schema.json,18153,fc4fd08860b2b19da00d319ef5a61b4493eede559424fa5e6129635e69da8656
records/full_2026-07-06__rec_003214/attempts/05_repair/prompt.txt,195261,42e512cae90a430ae8e28af1d49d55a6b4d3f030858aeae592f7feae6059b54f
records/full_2026-07-06__rec_003214/attempts/05_repair/response.json,67413,c23030b7653d1d88f875d386cbeec8a123fa76d272a483f467a2dcf9ce53ef1c
records/full_2026-07-06__rec_003214/attempts/05_repair/stderr.log,170,318583ea6cc0dca744195997802ae1fbfc56a27ffe7337bde198e19922b47f64
records/full_2026-07-06__rec_003214/attempts/05_repair/stdout.jsonl,72746,e9073879dc67ba8041a015a12593620bf7b5c911fedeba52c7eb6b0a13a5a609
records/full_2026-07-06__rec_003214/attempts/06_review/meta.json,1690,c23f5daa3d9f53c9362daeea76e7c0da0ca6c4993eb15769fbc166657a90b8aa
records/full_2026-07-06__rec_003214/attempts/06_review/output_schema.json,2482,2f7fde6059c5725fd4066315b7082d9c732aec8fae93b90e64480ce47d95b8c8
records/full_2026-07-06__rec_003214/attempts/06_review/prompt.txt,147727,16d5a78e7d2d956d2012b6c1ae9ab05de49c4d1d165eef9c6d25912321781230
records/full_2026-07-06__rec_003214/attempts/06_review/response.json,3447,df5102c3bef57f30bdcbe8df0b7a1035f2319e4bc10e9430c50495a44a8d5288
records/full_2026-07-06__rec_003214/attempts/06_review/stderr.log,170,f73899b510a7df85a370a07663e9ec7ea0ab1971aacc2c71c0334ee08e622e11
records/full_2026-07-06__rec_003214/attempts/06_review/stdout.jsonl,3935,582f265bfae209636aacbe6d8966016db7f7c26f19c239fbd4468e0ae36e38b4
records/full_2026-07-06__rec_003214/attempts/07_revise/meta.json,1690,f9de74034b05a908392f8fa7553bf9a857a25fa5c8b6e07839055a0e4aed407b
records/full_2026-07-06__rec_003214/attempts/07_revise/output_schema.json,18153,fc4fd08860b2b19da00d319ef5a61b4493eede559424fa5e6129635e69da8656
records/full_2026-07-06__rec_003214/attempts/07_revise/prompt.txt,198129,db611a11ba8f305f1b462837722881194daf531c96e419ea44c719ccd5c0d188
records/full_2026-07-06__rec_003214/attempts/07_revise/response.json,66902,a6b82309ebf4c7fb040f160e599725432db689ed511138361da53f5b79599398
records/full_2026-07-06__rec_003214/attempts/07_revise/stderr.log,317,f372d83cbb92624ef1e1a8442d19aa731c64113595923dc2aa2eb346ceb15857
records/full_2026-07-06__rec_003214/attempts/07_revise/stdout.jsonl,72179,4747a885c2800983100646c105cbc94440df3e4ecd84e9f3bba2e7ca74102cbc
records/full_2026-07-06__rec_003214/attempts/08_review/meta.json,1690,f31597d7110d69666c9f7073e2835adc0d2878f6f2148642e661d004af94898c
records/full_2026-07-06__rec_003214/attempts/08_review/output_schema.json,2482,2f7fde6059c5725fd4066315b7082d9c732aec8fae93b90e64480ce47d95b8c8
records/full_2026-07-06__rec_003214/attempts/08_review/prompt.txt,147192,5fdc4a3364ac1e438d63c69ef3c3f6a1bf231760ff4bace94836c2bf4c262e5c
records/full_2026-07-06__rec_003214/attempts/08_review/response.json,4837,b8a06453d93afbd6dcbf1c9c14018e73ff9db067f05302706b812988335b74ae
records/full_2026-07-06__rec_003214/attempts/08_review/stderr.log,170,d0fa14fdae23a5fc7cef888762a6a1af26ea49c09c1f29a364f67c953a16abdd
records/full_2026-07-06__rec_003214/attempts/08_review/stdout.jsonl,5400,71b2eb93ed8998a5fa4d1d1b29767030ae63bd6b578336a30e2d7550e19b3580
records/full_2026-07-06__rec_003214/evidence.json,31282,5a5bc5a0967cbb99702dc4b95a5eeb88c46d3381d89c30ab816924e618c80ef5
records/full_2026-07-06__rec_003214/final_document.json,100902,95a3943768c205cd0c810ef35a2d689d4edd78da46a56a89839a00e065c0b399
records/full_2026-07-06__rec_003214/packet_manifest.json,4006,f97ade0eca4327e9fa3bde5f3e3d5d2db1f67130c1f62d0ef263d26e4d21d828
records/full_2026-07-06__rec_003214/review_round_1.json,6777,fb7694aa189b972b231ce34db8a435e827fae9d6b70e2d9bc979a934a543d1cc
records/full_2026-07-06__rec_003214/review_round_2.json,3903,e4b45a21250d3cee05abcbd5e8af2ecd3b21276787bc357923a6cea9ab3edf8a
records/full_2026-07-06__rec_003214/review_round_3.json,5547,80a493509976e24a2a07c78eed830e0298953b08bd36cbcc5ca3574a09bc5f7d
records/full_2026-07-06__rec_003214/sections/sec_0001.md,414,dd8fb2ceb7535ba0df97a026706ef70f25f25876f9cac5b562f7d3a29e5b5f27
records/full_2026-07-06__rec_003214/sections/sec_0002.md,1995,618d4effb6eeec25c9b4b8bb1d09eebab89ab992b1a721314c3134ccb62f6a45
records/full_2026-07-06__rec_003214/sections/sec_0003.md,8996,563dc708bdbc9abdbbf3c00aa7ba99cab65bec720601b2af9740d407585e584b
records/full_2026-07-06__rec_003214/sections/sec_0004.md,4066,602a63f4be8dbc870b3a288abcfa1d5e0e0c4b70cd7079623996a9e63b52cf6a
records/full_2026-07-06__rec_003214/sections/sec_0005.md,703,5d93729e1c5d3ed5341c331d24934f9ffa2646baccc466be42dafe8ec5e8df94
records/full_2026-07-06__rec_003214/sections/sec_0006.md,2482,b9eb767f9995c710162d8cfc83422af1d282b4a4e5635c01215baf6d7d0e997a
records/full_2026-07-06__rec_003214/sections/sec_0007.md,4526,ad2a738d1dcb3f8eef6365b503f377ba3821a68a38ac0cd09ef10ad6cf756494
records/full_2026-07-06__rec_003214/sections/sec_0008.md,517,c0e14ac8c455cb876a7d143f39c1e896d986fec4c0acf8af0aa795c6afc6e9cd
records/full_2026-07-06__rec_003214/sections/sec_0009.md,4758,7a9f21b5bd1ffd5e8de389f6f85b41e9403ba97a9669e8a96795deb6756a0505
records/full_2026-07-06__rec_003214/sections/sec_0010.md,2606,d897556655bd0b0a6721b11e03ad4197be1d0378e7b7b8b4ae30fdb77fff9bf7
records/full_2026-07-06__rec_003214/sections/sec_0011.md,4162,9a4ce578043f0567170ac71353301f9ea4fa57fbbfe470758f2db1a5ca599806
records/full_2026-07-06__rec_003214/sections/sec_0012.md,1861,202432c3892a983c618848e8327df8c98f0dec7359639644aac30b03e7c7ee58
records/full_2026-07-06__rec_003214/sections/sec_0013.md,1441,d6654e2f01f3f4b163405abf85e5a5f34138022ea24b84d65246eced6291ee3f
records/full_2026-07-06__rec_003214/sections/sec_0014.md,9561,1f59b02971447d11332ae7fc3dd4ab8111e1686db500357db2b3c37d309d83f4
records/full_2026-07-06__rec_003214/status.json,2451,05d94602bb8bcd222c7ab69da1d973ea7ea9dca810aec912b559ba7ae669aaf9
records/full_2026-07-06__rec_003323/assemblies.json,126100,d246538691a219c960f3d1f3741872819552f920e2992d3ca674d969afde8e26
records/full_2026-07-06__rec_003323/attempts/01_extract/meta.json,1693,a9ba73989a7319da45489765c124f606de257972eeb6efc2519aed0aa4b44804
records/full_2026-07-06__rec_003323/attempts/01_extract/output_schema.json,18153,fc4fd08860b2b19da00d319ef5a61b4493eede559424fa5e6129635e69da8656
records/full_2026-07-06__rec_003323/attempts/01_extract/prompt.txt,171986,c4d331d3f43a7eb2efda2e6bd495b2c399a04cc84e8ee00b00843a1b9a8e62db
records/full_2026-07-06__rec_003323/attempts/01_extract/response.json,76883,87d21b172fbc1b37b8172335c68eb44b215c7ef2a7316d5564fb95e8eb1a70eb
records/full_2026-07-06__rec_003323/attempts/01_extract/stderr.log,170,cea2711ed4aa9ec63d67ee687a8f71e96e84308724c5781b48a5080990b5076f
records/full_2026-07-06__rec_003323/attempts/01_extract/stdout.jsonl,83193,d6838e2b33422f2f4a7a77d4ceb937b014e97449989b203a43e9e92c81fc58c3
records/full_2026-07-06__rec_003323/attempts/02_repair/meta.json,1690,7d477ade9e5deba983245edd63adf7d8e83bdef68cf67a5be5f0e57dc1d8c6d6
records/full_2026-07-06__rec_003323/attempts/02_repair/output_schema.json,18153,fc4fd08860b2b19da00d319ef5a61b4493eede559424fa5e6129635e69da8656
records/full_2026-07-06__rec_003323/attempts/02_repair/prompt.txt,254989,41ae285cf551a57357300d99a9df59e368a98d1745324ce25ca1e03482174552
records/full_2026-07-06__rec_003323/attempts/02_repair/response.json,75507,7dba8dbcd1138242c298335fa7fb76bca781eb256703d54769d501b2bc0ae952
records/full_2026-07-06__rec_003323/attempts/02_repair/stderr.log,317,7381ac38602080ab28cb9fc34df19874baaaef868bf02170f88e4181b55da349
records/full_2026-07-06__rec_003323/attempts/02_repair/stdout.jsonl,81805,4530f611ea0e3fafd389b1f4a201dc26b4a66dd16f7663abdb819a10a4a79841
records/full_2026-07-06__rec_003323/attempts/03_repair/meta.json,1690,608e9b110ee8750b3aeb706bc8aeada8fda8f83a30ba8fc213ce9917172eb247
records/full_2026-07-06__rec_003323/attempts/03_repair/output_schema.json,18153,fc4fd08860b2b19da00d319ef5a61b4493eede559424fa5e6129635e69da8656
records/full_2026-07-06__rec_003323/attempts/03_repair/prompt.txt,251001,6e5f8aaf40d385766fb68633cd71fd2dd55907a3d7d5cd194388ab7ee62a6e0d
records/full_2026-07-06__rec_003323/attempts/03_repair/response.json,75515,233effbc37a180845b24fe5169654d01055199e91c694050093a979bf2a583f5
records/full_2026-07-06__rec_003323/attempts/03_repair/stderr.log,317,7419ea894741888e513858392e1be3e19cab9a2bae68b828fe36d4b9f35678bd
records/full_2026-07-06__rec_003323/attempts/03_repair/stdout.jsonl,81812,3823444b3e795270ecb5b7ba816a8cea055f0b441fb2b620959d60390640d8ac
records/full_2026-07-06__rec_003323/attempts/04_extract/meta.json,1693,63aee046d4d23c138971fb4c17eaafecf8c7450484514061b7ae12ad9058c75b
records/full_2026-07-06__rec_003323/attempts/04_extract/output_schema.json,18153,fc4fd08860b2b19da00d319ef5a61b4493eede559424fa5e6129635e69da8656
records/full_2026-07-06__rec_003323/attempts/04_extract/prompt.txt,171986,c4d331d3f43a7eb2efda2e6bd495b2c399a04cc84e8ee00b00843a1b9a8e62db
records/full_2026-07-06__rec_003323/attempts/04_extract/response.json,76672,34b8d17b89d9d775cf41b9c70a17a3a19049bb9a57187987f8ad0a1567b67486
records/full_2026-07-06__rec_003323/attempts/04_extract/stderr.log,170,3af1965e0931e95035d6c2f077fced9b721876aa42c48d93d818694678cbd078
records/full_2026-07-06__rec_003323/attempts/04_extract/stdout.jsonl,82416,eba71e72d6e6d6b88862f97ec26acf3c63f8517fdecbfaa8c0a28e487ad189f0
records/full_2026-07-06__rec_003323/attempts/05_repair/meta.json,1690,b22eb85aa4dd60444ff982813859b164eefe3f7513fb46d22c7a76fd977a998c
records/full_2026-07-06__rec_003323/attempts/05_repair/output_schema.json,18153,fc4fd08860b2b19da00d319ef5a61b4493eede559424fa5e6129635e69da8656
records/full_2026-07-06__rec_003323/attempts/05_repair/prompt.txt,253281,3b51e1cf59f462923473641a59202221936e381db3c4a5fd2d01c19e2cff1b74
records/full_2026-07-06__rec_003323/attempts/05_repair/response.json,76657,2a89b31831c75e52a222f2810a76b9e23af22337c6be2f11673fb1471080a610
records/full_2026-07-06__rec_003323/attempts/05_repair/stderr.log,170,de6f451c3ad2b8860ca19312494843c858ee79f8159eab7f9cf3053c1d9f96ec
records/full_2026-07-06__rec_003323/attempts/05_repair/stdout.jsonl,82416,f00ce6bd6d2d5acb38e4cdd94f66d8ab03bed04e11b85b346f243c1a87d532d4
records/full_2026-07-06__rec_003323/attempts/06_review/meta.json,1690,fee4cbc5bfd65f1641ae0fc26973f06e8d779898dc58f2fa27adb5bb993b1e57
records/full_2026-07-06__rec_003323/attempts/06_review/output_schema.json,2482,2f7fde6059c5725fd4066315b7082d9c732aec8fae93b90e64480ce47d95b8c8
records/full_2026-07-06__rec_003323/attempts/06_review/prompt.txt,204490,b40a202a3f861062c104997b8798012e2ecf99b69d214b2792389012564e9bec
records/full_2026-07-06__rec_003323/attempts/06_review/response.json,11913,cc271ae79b177317c784167f38db40e509293ba3592c2a823e4971d05e7e1095
records/full_2026-07-06__rec_003323/attempts/06_review/stderr.log,170,ce9abd359f44cc9787aa42546be0a26a2438a97071502cdfded2e3dde2cb42c0
records/full_2026-07-06__rec_003323/attempts/06_review/stdout.jsonl,12846,5585c9ed1daad80116bff8d165f0e45347f4bcc798e4226f8c757294bd443cea
records/full_2026-07-06__rec_003323/attempts/07_revise/meta.json,1691,28bb921b676ff143ff011e3782ceaf090b66cb4046bbbff4799862686db7fa62
records/full_2026-07-06__rec_003323/attempts/07_revise/output_schema.json,18153,fc4fd08860b2b19da00d319ef5a61b4493eede559424fa5e6129635e69da8656
records/full_2026-07-06__rec_003323/attempts/07_revise/prompt.txt,264127,74399b42761452633e8067d08950ac7d6bdaa03f2c37d54e7ecf96bac65d641b
records/full_2026-07-06__rec_003323/attempts/07_revise/response.json,93852,d387bfa0481875227545a84bd82d81edcc60505e865b07d9e7eb10d6e3a72ff1
records/full_2026-07-06__rec_003323/attempts/07_revise/stderr.log,170,5dbc014521842b21930e0f0417db21d4fac031e3c50232a4e10ff1f548f3c8ea
records/full_2026-07-06__rec_003323/attempts/07_revise/stdout.jsonl,100868,e0a321d060ee3e1e356df1e91bcebd7185027d8aeddc19e79a157bd614197457
records/full_2026-07-06__rec_003323/attempts/08_repair/meta.json,1690,6e11791c7521d4b089807a6b4ee407b5cb9f9d68c7f919fdc1a63c5c312b4828
records/full_2026-07-06__rec_003323/attempts/08_repair/output_schema.json,18153,fc4fd08860b2b19da00d319ef5a61b4493eede559424fa5e6129635e69da8656
records/full_2026-07-06__rec_003323/attempts/08_repair/prompt.txt,275743,2eb3ec21b25fc384008a9a6f1f07f2fcec9bf53a8d3ab71d4abf59c4b5ae3cfc
records/full_2026-07-06__rec_003323/attempts/08_repair/response.json,10457,05d65385b63c5fed4c7477a3c3b791b5e624a4151a63098841654db7117dff1c
records/full_2026-07-06__rec_003323/attempts/08_repair/stderr.log,170,808d1f7be11cbfb50eda4bbdfa01bc20cad21959d9b1b3b713f55032499f937f
records/full_2026-07-06__rec_003323/attempts/08_repair/stdout.jsonl,11472,992555b26a6675d15e3f25e22740f9ae0220c3bb7dbaf63a5dbe65c20d5b0d37
records/full_2026-07-06__rec_003323/attempts/09_review/meta.json,1690,15505b2a10b10acd2ac2ace3e6e9e8ccb0940326aa144368814007a8fa141536
records/full_2026-07-06__rec_003323/attempts/09_review/output_schema.json,2482,2f7fde6059c5725fd4066315b7082d9c732aec8fae93b90e64480ce47d95b8c8
records/full_2026-07-06__rec_003323/attempts/09_review/prompt.txt,135895,3da761d61e3dc85443eca890ca424cbedddb35d14164695458110fecbd052046
records/full_2026-07-06__rec_003323/attempts/09_review/response.json,4641,fc95aedfb69e4f055ed59529f7a2ee2c28da791abb309f7f54ada81a70e8ac2e
records/full_2026-07-06__rec_003323/attempts/09_review/stderr.log,317,39a63c23b69ef98c4b9dcb166dbf5bc13eb8849beb0c4e8ed9137ddb12f46819
records/full_2026-07-06__rec_003323/attempts/09_review/stdout.jsonl,12942,58f629f32fee1ac58e779e8f9635297096435fd717800b860eb11392831f3227
records/full_2026-07-06__rec_003323/attempts/10_revise/meta.json,1691,c519ed5277a18194671b5c55b90c5855ab79e222588acb89dc3d4e8e35ec4743
records/full_2026-07-06__rec_003323/attempts/10_revise/output_schema.json,18153,fc4fd08860b2b19da00d319ef5a61b4493eede559424fa5e6129635e69da8656
records/full_2026-07-06__rec_003323/attempts/10_revise/prompt.txt,187696,eb98c8102a09f1824db53e4517fefb12f932c4aacb3522d820a873b6769127b1
records/full_2026-07-06__rec_003323/attempts/10_revise/response.json,72994,6e3530808d2c4a9917e3f08995d109ac09e15344a3b1f3ab0d47ed7e5ce03545
records/full_2026-07-06__rec_003323/attempts/10_revise/stderr.log,170,6d4e8d1c512e4ad7e3d45b8a74b963926fa356d689f28d32483e3fd5b26f5180
records/full_2026-07-06__rec_003323/attempts/10_revise/stdout.jsonl,78974,c98ed6c19471c5026149125c18938a4ba0c44fc7391bfd080e3007b3c21afeb7
records/full_2026-07-06__rec_003323/attempts/11_repair/meta.json,1691,be0678113e07df2f1ba2071108faa330270fc6d9fd8bd7e0889d962622c8ff1f
records/full_2026-07-06__rec_003323/attempts/11_repair/output_schema.json,18153,fc4fd08860b2b19da00d319ef5a61b4493eede559424fa5e6129635e69da8656
records/full_2026-07-06__rec_003323/attempts/11_repair/prompt.txt,256084,a2891588db6b77bab76ded7bf9c68151193d894e8ced8f806cd91fa723e06392
records/full_2026-07-06__rec_003323/attempts/11_repair/response.json,74756,47831f78cbd683152364c0b68abbf46847d3ca8face6ed0c16b9d8475c658f31
records/full_2026-07-06__rec_003323/attempts/11_repair/stderr.log,170,dc0e73e12dc4bdba149206a01ce3735f34ff542d1fa851cc6e735098968606cc
records/full_2026-07-06__rec_003323/attempts/11_repair/stdout.jsonl,161532,e5126fb0c4163e9c8084484ef690c76791c456fdb312000ba485d613f466ce5c
records/full_2026-07-06__rec_003323/attempts/12_repair/meta.json,1690,a6b129f4d896a96fd5015fbe288fbfa977bfe6dbac3bc4781e9391aaf52455b1
records/full_2026-07-06__rec_003323/attempts/12_repair/output_schema.json,18153,fc4fd08860b2b19da00d319ef5a61b4493eede559424fa5e6129635e69da8656
records/full_2026-07-06__rec_003323/attempts/12_repair/prompt.txt,250341,cda3a4a209c4817c501364aa719becd271892efacc3ddbc2050ae152df44dee0
records/full_2026-07-06__rec_003323/attempts/12_repair/response.json,74756,e6c2b66988cfb7f58c8b602ff8e78c646a46b0f8e90273b6344600f91916fb0d
records/full_2026-07-06__rec_003323/attempts/12_repair/stderr.log,317,fabaa7e3d329dc37fa829035fda4ec26336dfa886f060f4b0890604b47e2f05f
records/full_2026-07-06__rec_003323/attempts/12_repair/stdout.jsonl,80899,3af2df3501d65b3512b3920862d3ff11bfecfa55b81e34cc52bb49144b651919
records/full_2026-07-06__rec_003323/attempts/13_review/meta.json,1690,ca3fc0b04107887fa35bc600de0e737cf61bea7239f104d8df55095515a4cec9
records/full_2026-07-06__rec_003323/attempts/13_review/output_schema.json,2482,2f7fde6059c5725fd4066315b7082d9c732aec8fae93b90e64480ce47d95b8c8
records/full_2026-07-06__rec_003323/attempts/13_review/prompt.txt,202832,3b854d97d0c09b036d6ff8f9ceec06f3d4467663d0c1034c2becc8af02bb4f3c
records/full_2026-07-06__rec_003323/attempts/13_review/response.json,10578,0609f316cc841b95dce01119d1efca45b348a8a606f9a5d024420dda17efe4b9
records/full_2026-07-06__rec_003323/attempts/13_review/stderr.log,170,1960296b09008149da6b25ce8735a531968222615e58f4e6fda723b6a61d4bf7
records/full_2026-07-06__rec_003323/attempts/13_review/stdout.jsonl,11405,cc841e457e6a1f6c2d08942e905e0546bcc2e36376f423ca2b38f71275a260fe
records/full_2026-07-06__rec_003323/evidence.json,44300,d605b92e04c193422ac8a9739c2b9d4f8e4ae43b3f1faaa9d673d6eeb8e5cefe
records/full_2026-07-06__rec_003323/final_document.json,111401,fdcc91172066f2581271331f338bae35cefc7f776216599efa290724c7d1e548
records/full_2026-07-06__rec_003323/last_invalid_document.json,116308,1140f89ce289d8a9c3a478b8cac27a23632b27a1f3a048832f6233653ca08d6b
records/full_2026-07-06__rec_003323/packet_manifest.json,8493,378084ae27b0325d42a88fd43d6e266e663f73464f134228cee8996d09286a44
records/full_2026-07-06__rec_003323/review_round_1.json,13944,d0673f4370b7047c31186643629916bff32e558ebd9f328857bfe956735c88fb
records/full_2026-07-06__rec_003323/review_round_2.json,5405,469c93e7d531651a9ba10b8217722cbdd65d78050cf13c4a6befce5830b20264
records/full_2026-07-06__rec_003323/review_round_3.json,12211,618ed25fcd3bbe6c7c499beceb97394ba4906c295321af0b2627ee527a94ea1a
records/full_2026-07-06__rec_003323/sections/sec_0001.md,79,68f1ca4346034ecbc9f66fdab3076eb14d51d82edd66a131c19779ae9e91c847
records/full_2026-07-06__rec_003323/sections/sec_0002.md,73,ea570d50ea6525f9e807a8700d31193f8ad85850b7fc83df094ec60222693287
records/full_2026-07-06__rec_003323/sections/sec_0003.md,71,981b174b29be5c8da8bb77288cfc6f96fb29a2ad90ca1a0109bda21943e613b6
records/full_2026-07-06__rec_003323/sections/sec_0004.md,33,a0b838f0251d004e3057bd8aace4d279994fe19b1ec57341225399d26476ac9d
records/full_2026-07-06__rec_003323/sections/sec_0005.md,36,8eec2988959e8f5419abfa6f29926350be8f4569c001133f87f8403ddea5fc6d
records/full_2026-07-06__rec_003323/sections/sec_0006.md,67,9691b6039da5d86aa8c2bad5b7ceca7f380b54d12a99b65abd572ba540a888e3
records/full_2026-07-06__rec_003323/sections/sec_0007.md,24,6e74c7ca575f54ca7652b8199cc1f3f06aac1e35f51dece4290231d9ed20d455
records/full_2026-07-06__rec_003323/sections/sec_0008.md,20,d6315b06f7abb99e07213ea0fcc937ffb91823fc4a3a2091b40e7de5b6393c24
records/full_2026-07-06__rec_003323/sections/sec_0009.md,39,8c23b75960ab42308d8d7559d537878ad6cca23756e9ef140b7d5d54a957377c
records/full_2026-07-06__rec_003323/sections/sec_0010.md,77,527b649cc78ed583060d9ef3a5ce4b8c737052abb5c2297953913acee710f5db
records/full_2026-07-06__rec_003323/sections/sec_0011.md,76,a2a36f67a59939aed70630a81d207d12f3077d1d669e2829822bead2c10e44e9
records/full_2026-07-06__rec_003323/sections/sec_0012.md,72,41dba57b25b52cbf9c4d0750dc17a0ba2d2285fdce1c5e94069bfa31462b4e2a
records/full_2026-07-06__rec_003323/sections/sec_0013.md,29,97906608b2b1dc9d7b4886133a4630d59b5705ef3c64a950334fdf2babd89e2f
records/full_2026-07-06__rec_003323/sections/sec_0014.md,37,4c785b3c7d12df6c3b00b015050ffb6774c9266bd608be81e69e35b1143dca15
records/full_2026-07-06__rec_003323/sections/sec_0015.md,604,a5ebc82fbbf6b9ee65dcade8b71d094827062d6f78349963aeec42ea5d20e116
records/full_2026-07-06__rec_003323/sections/sec_0016.md,2638,80ecf0477d3bb054fb60fc18f4fd636fb9a300dbb56322d2839ec2ab34ea88e4
records/full_2026-07-06__rec_003323/sections/sec_0017.md,6556,85e3d3918f7ac604ddc13547c869e2f572765333fa3f27750b9764ba28448cc1
records/full_2026-07-06__rec_003323/sections/sec_0018.md,28158,bb9725a7f7a9d2a550bda83dcd03d0e4083085fe3bebeed64ffd2cec4252d47d
records/full_2026-07-06__rec_003323/sections/sec_0019.md,5643,b51adfc04084acef91e0163cc69392dfc8c415b46b64d74baefb374cf3f17b8c
records/full_2026-07-06__rec_003323/sections/sec_0020.md,15195,bc9301b87b34b6591e3b14ef37510e57930a7cc3f460a5e1d23fde28cd118a2f
records/full_2026-07-06__rec_003323/sections/sec_0021.md,642,d884b38356ef5dcd80d5bdbab60871f97ffe02d1fd0f1a72e50874fed1d8be7c
records/full_2026-07-06__rec_003323/sections/sec_0022.md,114,041e3a2bcb1e819ff9da1019e88fe3b38829c0177fa5bfdb6e869ccc76eb5a62
records/full_2026-07-06__rec_003323/sections/sec_0023.md,343,6c00bad4a74b642161b178fdcbec01199eb69ffbab323ad60d3e79692dbdaa93
records/full_2026-07-06__rec_003323/sections/sec_0024.md,133,959618f33c83bdf54046efc8fd94cff61b83c6c2c0764b5fd2e4caaad7217e83
records/full_2026-07-06__rec_003323/sections/sec_0025.md,15081,72afed2508005d0c413c8dbf2c6dbf3fb4c0e6275f180a7fb90d7993b6a57079
records/full_2026-07-06__rec_003323/sections/sec_0026.md,4716,6686bbd04159d6ee72b324b3cdc588f1e9ff4deb28a8baa0f9ca08fa8280e33c
records/full_2026-07-06__rec_003323/sections/sec_0027.md,1987,bb8d65e22fd2468aa69aabdb4312f0abe5411f97e64b1876929c7d9f95a976b5
records/full_2026-07-06__rec_003323/sections/sec_0028.md,758,7d43d90b5586f9ed1c0958d8cd2b7f9340cc12c7455e98c1ed972a3269e02339
records/full_2026-07-06__rec_003323/sections/sec_0029.md,5642,0abcc192e13c85d6b186119eac667177b2401ace3a37cd82dd884e27c1e2803f
records/full_2026-07-06__rec_003323/sections/sec_0030.md,4303,bef504b8de092b6d723ce54725d7b79586b1e2cd8f4c9eb41a99f10fa55bf7a8
records/full_2026-07-06__rec_003323/status.json,2967,4906d2050ac026b926c86bafdc5cc87caa1fa4e80cd457146bc2aef3c03306d1
records/full_2026-07-06__rec_003394/assemblies.json,27664,3af8a99e6c05bbe0ec935be979693799f731799e3db89e30a85e9329e69f9d26
records/full_2026-07-06__rec_003394/attempts/01_extract/meta.json,1692,5d3402be68d52a5e6b9a9a7c28715a90e94728515cedbc0ba3cc08fd0db7031f
records/full_2026-07-06__rec_003394/attempts/01_extract/output_schema.json,18153,fc4fd08860b2b19da00d319ef5a61b4493eede559424fa5e6129635e69da8656
records/full_2026-07-06__rec_003394/attempts/01_extract/prompt.txt,163858,dc22c38ac4927aafeea8a3a2047e3747d4ee06975fe6b966a6d9ba2d583fdb02
records/full_2026-07-06__rec_003394/attempts/01_extract/response.json,17579,a67fa048372873483122fb4dc75aeed99dfaf2380d10ae47f02419271f02221c
records/full_2026-07-06__rec_003394/attempts/01_extract/stderr.log,170,da0a297a4e5b1f9b67bc60963e9cfe0b812f34473b003d5cbfdb487ae6ba6eb6
records/full_2026-07-06__rec_003394/attempts/01_extract/stdout.jsonl,19438,217a60989771b519bd7c7008e4f5bd8a75880053362fb0daf36104b81ce5631e
records/full_2026-07-06__rec_003394/attempts/02_repair/meta.json,1690,92760b6f817743e67397dac0862304b7246beccd44d6336a2c5b0c59ee1b5111
records/full_2026-07-06__rec_003394/attempts/02_repair/output_schema.json,18153,fc4fd08860b2b19da00d319ef5a61b4493eede559424fa5e6129635e69da8656
records/full_2026-07-06__rec_003394/attempts/02_repair/prompt.txt,184844,cbd5c7efb06ad84ac14d627c3310963a1af2c15e4d54c75c2262a941b8fa45db
records/full_2026-07-06__rec_003394/attempts/02_repair/response.json,17939,82bda81cf06c702f15f75dcbe0e0ff3acfe0f8027ed7e895598708fd22da09c7
records/full_2026-07-06__rec_003394/attempts/02_repair/stderr.log,170,d61836cddd4328c84d2e5f9e904a870de70df5fd84350f1f22787c6031362a54
records/full_2026-07-06__rec_003394/attempts/02_repair/stdout.jsonl,19843,4b8bde92009eb6db0e2313ffd8fd8eb616995dad6be3f2d92894eed270ea6ab9
records/full_2026-07-06__rec_003394/attempts/03_repair/meta.json,1690,8c0b4a767450c1828bf49bd4b7e34c297ea2f53a609aeaf93a5d08a4709604c7
records/full_2026-07-06__rec_003394/attempts/03_repair/output_schema.json,18153,fc4fd08860b2b19da00d319ef5a61b4493eede559424fa5e6129635e69da8656
records/full_2026-07-06__rec_003394/attempts/03_repair/prompt.txt,182915,950b1d027e16467ce2e09431903cf8d3407fd8e589617d8ecfc7ddea6e768694
records/full_2026-07-06__rec_003394/attempts/03_repair/response.json,17346,ac7488c54ffb4c9255a73fb498a116474693f210c54971f5b0bbb2f1ee6953a7
records/full_2026-07-06__rec_003394/attempts/03_repair/stderr.log,170,6745549ae6fcc9be67dcf1aec350eb5a2913a247a22c8a78fe8d059fceaaae0f
records/full_2026-07-06__rec_003394/attempts/03_repair/stdout.jsonl,19204,278302b0aaf5d7ae0c7c22719f43153cfcb75a007444a2c7aed667b0ae7ebb24
records/full_2026-07-06__rec_003394/attempts/04_review/meta.json,1690,f837f4aa777a81a3ab7808eba3e100e665dc6a3689946aa725d5c8f054568f47
records/full_2026-07-06__rec_003394/attempts/04_review/output_schema.json,2482,2f7fde6059c5725fd4066315b7082d9c732aec8fae93b90e64480ce47d95b8c8
records/full_2026-07-06__rec_003394/attempts/04_review/prompt.txt,135095,de2213fa0b2a2f7cee0fa0d1ca72259ebb2aa65d2bed1fa73787906db85922f3
records/full_2026-07-06__rec_003394/attempts/04_review/response.json,8913,80e9afc75a1f7d655910e38d409766047d9113aaf8f8ef6bf5a1c0890a7e3b27
records/full_2026-07-06__rec_003394/attempts/04_review/stderr.log,170,cd058678999887694d0a2ca656d0d9da15122e1c3f16478a2eb122b533858042
records/full_2026-07-06__rec_003394/attempts/04_review/stdout.jsonl,9753,b55058097f0301e7b797313ddfe5b0ac707670d905acbc9ceff05c18d40d7e8b
records/full_2026-07-06__rec_003394/attempts/05_revise/meta.json,1691,1eaaa5d133ef479a1462d349929f047ea8e9c9d55ea4a22a36350dbbad0e2053
records/full_2026-07-06__rec_003394/attempts/05_revise/output_schema.json,18153,fc4fd08860b2b19da00d319ef5a61b4493eede559424fa5e6129635e69da8656
records/full_2026-07-06__rec_003394/attempts/05_revise/prompt.txt,191467,4e676a268bdec1e5bf4098d6798ffe7b2632cd882ff7d882d6abff2cfeeeee42
records/full_2026-07-06__rec_003394/attempts/05_revise/response.json,88940,bbe898e94047ae68b13ba829e696ce950f2bfce3ece9327182e2612d625afa4b
records/full_2026-07-06__rec_003394/attempts/05_revise/stderr.log,317,93619117949fb8d85e07ad3bd8b6a7cc83e77eaaf99b6ff2ef4fb8c6baf88cb8
records/full_2026-07-06__rec_003394/attempts/05_revise/stdout.jsonl,96540,e7f575a52db691cc74be4ceaad886892984266ec696155627f934e6bda62e5e6
records/full_2026-07-06__rec_003394/attempts/06_repair/meta.json,1690,9b04eb87958f8d4053bc71b6b35cda4927c6f4dce7e6b82ae6cad4a9af3385c2
records/full_2026-07-06__rec_003394/attempts/06_repair/output_schema.json,18153,fc4fd08860b2b19da00d319ef5a61b4493eede559424fa5e6129635e69da8656
records/full_2026-07-06__rec_003394/attempts/06_repair/prompt.txt,258442,33fcb9a3dbf8236c3ca72f43607f18fd533fd327cd802b586328ca1240fc4e2d
records/full_2026-07-06__rec_003394/attempts/06_repair/response.json,88880,9ed8148cc587a9b77bd38c2a4a6f348642e449d70fea5526a8e01526e732a8c8
records/full_2026-07-06__rec_003394/attempts/06_repair/stderr.log,170,a88d5f4e3a98fa77c77369cf3a6f39e18d3ed042a478b9070aac770d15a1f0b9
records/full_2026-07-06__rec_003394/attempts/06_repair/stdout.jsonl,96467,2b92db3e93b585e376051303d78dcf89dabc8af6c30c6df9d6b136ffdac10f45
records/full_2026-07-06__rec_003394/attempts/07_repair/meta.json,1690,62b52c7a6cac7009e891c1697e80680b28c653159b212397b73d6915bd89da31
records/full_2026-07-06__rec_003394/attempts/07_repair/output_schema.json,18153,fc4fd08860b2b19da00d319ef5a61b4493eede559424fa5e6129635e69da8656
records/full_2026-07-06__rec_003394/attempts/07_repair/prompt.txt,256909,c2ef22b2f74846cb928618060ce4ab74ebdd9d3ad643b3880fe82ee5cd37d719
records/full_2026-07-06__rec_003394/attempts/07_repair/response.json,89418,2287a7adf9def134fb806fd7e6c6f973456924172f7600d8d33ad306f3b3e42c
records/full_2026-07-06__rec_003394/attempts/07_repair/stderr.log,170,a79f55f1310ddab06961f687f181eef70383660eda08698a3e60dfdc1c1f7f02
records/full_2026-07-06__rec_003394/attempts/07_repair/stdout.jsonl,97047,e0b7355c376bcdbf73f572510f28af1d329ecc34046eeef626f59751a92765ca
records/full_2026-07-06__rec_003394/attempts/08_repair/meta.json,1691,8daadaf5e75012f2350e56f591b9e73115fe7d5a6206429634c94a684727f526
records/full_2026-07-06__rec_003394/attempts/08_repair/output_schema.json,18153,fc4fd08860b2b19da00d319ef5a61b4493eede559424fa5e6129635e69da8656
records/full_2026-07-06__rec_003394/attempts/08_repair/prompt.txt,257409,cb487ea83a32589580c22cb4050f839e1070d83824d27ca3c5e1fe50f92f6685
records/full_2026-07-06__rec_003394/attempts/08_repair/response.json,79496,9d929df5d15c5a4ff1a329b5716db0e9f126ec84f49c50fd2e65a59d1c442c67
records/full_2026-07-06__rec_003394/attempts/08_repair/stderr.log,170,41f813477a86590d1578493b71e2f38aa08b45f8756c8e2ae530351d0f2e1e95
records/full_2026-07-06__rec_003394/attempts/08_repair/stdout.jsonl,182997,6145dbcab81320f14e5064421c3207d50cce1f032bef6281467518e058a0c0a8
records/full_2026-07-06__rec_003394/attempts/09_repair/meta.json,1690,8cd4b3d69ebe1bc46005e71644484d872c4b1edce94831cbe8286775196ca0c8
records/full_2026-07-06__rec_003394/attempts/09_repair/output_schema.json,18153,fc4fd08860b2b19da00d319ef5a61b4493eede559424fa5e6129635e69da8656
records/full_2026-07-06__rec_003394/attempts/09_repair/prompt.txt,247393,a3378d12ac826a23ce019e91b1d37db7e9ad4ad53e1b37a132c0f5e5acfa4978
records/full_2026-07-06__rec_003394/attempts/09_repair/response.json,79986,c1cc444b376944cae93344cdff58f41975188ef3e2fa2d330351181a9a257bb3
records/full_2026-07-06__rec_003394/attempts/09_repair/stderr.log,170,60cb4e6bdd28af43a995119ad7611d6a6ec9facba3e18fb57f50e21b2bfb38e6
records/full_2026-07-06__rec_003394/attempts/09_repair/stdout.jsonl,87345,027782f64c0bb8577499a39dee1ed6331599ba611de2b98f50dd538906925d31
records/full_2026-07-06__rec_003394/evidence.json,10406,710d931bf0ce541f0afbc83d2520dfa8afbdc638480c163d073579d53115ca5a
records/full_2026-07-06__rec_003394/final_document.json,28921,8ae209a781539cafd1fb829420d56163d09fc00dd40967a7a08b28300f475106
records/full_2026-07-06__rec_003394/packet_manifest.json,7704,ec14541d8dde693e6b69bd4e80ab91620d7fd78186c6339570db7189f38907c0
records/full_2026-07-06__rec_003394/review_round_1.json,10690,4982540057bd7fed4bd6a8f5a289f7bf5e7e9ffe6bf7a9c41e723ea5958a0854
records/full_2026-07-06__rec_003394/sections/sec_0001.md,2011,8cb1a33363b6a83c36534b51c53a958514d6c413d359aa4ac7e3b45a5aae7736
records/full_2026-07-06__rec_003394/sections/sec_0002.md,1581,108713f79a94ec6c43a80dab78f771b52d54e6246c9211f58f6b68977b7f9aa1
records/full_2026-07-06__rec_003394/sections/sec_0003.md,953,7cd73626285c33adf900993c47412c2885e80577f29502dd60723dcdf9887e07
records/full_2026-07-06__rec_003394/sections/sec_0004.md,5312,727f9f654571211c78b510a99e430ae15cfe688395ce594368c0f036a9a5b37e
records/full_2026-07-06__rec_003394/sections/sec_0005.md,26,0ec52b9f974a7fe97a08dc7f928e5f1cc662db5a082b73dcfb209422f49a0d0a
records/full_2026-07-06__rec_003394/sections/sec_0006.md,2634,d33ac6f7a5a0d4675891fd00592a238fe2ae2cac88e45b83cb717bfcb7a4d83b
records/full_2026-07-06__rec_003394/sections/sec_0007.md,3756,4dfc4b13462ef91db674f3f07013738a6212b5fd5e17e7bfa40deb2ce21fd173
records/full_2026-07-06__rec_003394/sections/sec_0008.md,3336,bca807a5fc09f1e1221bffefa25eefd4f39cf21d5701e853ad891a3c7757d34a
records/full_2026-07-06__rec_003394/sections/sec_0009.md,3956,f5677bf1f23fa67b940c6e7a011f66e959f18e704f2c0151c51841ccbd03e006
records/full_2026-07-06__rec_003394/sections/sec_0010.md,5002,e73e863a7ed473bd203ced40fa582ae40c5eb0a934a9a472ef499661b99eb830
records/full_2026-07-06__rec_003394/sections/sec_0011.md,1136,1415722afd4e4be63b8c410a4a458601266812a6538ae7d556afe79c0738b149
records/full_2026-07-06__rec_003394/sections/sec_0012.md,1740,665cf07672be2fdc9ac374b8c676f9e0dbb3c8523d4f831dcaee407f39c15b36
records/full_2026-07-06__rec_003394/sections/sec_0013.md,950,bc2c7fa578df6c6bd450f2c8eb30641312c062a2682c348f79eeed7ad9c950a5
records/full_2026-07-06__rec_003394/sections/sec_0014.md,561,c3d2f1495032da098b72bda2df73969bece85bc91e01f0c5ef9c50449f4ee127
records/full_2026-07-06__rec_003394/sections/sec_0015.md,12,10ed80fa9ba26560ee8bdeaa261423961428238c12bd0b249dc775f4e1ab94f3
records/full_2026-07-06__rec_003394/sections/sec_0016.md,3302,0eae9d6d6992a72f1e61356da6a177172d4d03e8eec6efb2cb6c38f94c0a0ed2
records/full_2026-07-06__rec_003394/sections/sec_0017.md,2567,2689642333e7fdbeff9a941e8f44bdb843facdf3b8669f78babe69010a650142
records/full_2026-07-06__rec_003394/sections/sec_0018.md,10460,3162de404a549844ce02964042836d8d3778448e192a44e9e92f31093415a785
records/full_2026-07-06__rec_003394/sections/sec_0019.md,4175,3d4824b56efb793b76aaf92a25716f2b37a4985a9bb708e1eaf46220158f91e9
records/full_2026-07-06__rec_003394/sections/sec_0020.md,2622,f1bd5b9b569d34b6dcb6ef1461d9468294c9bb92b7f399cba41b40901ff7d990
records/full_2026-07-06__rec_003394/sections/sec_0021.md,8042,eecdaac6583142f2b5c3d19420cfeffe8c5685e4905414554663c4e7e38857c0
records/full_2026-07-06__rec_003394/sections/sec_0022.md,9235,9cbdfb77b098f6e63c6c69f189778beb97d8d2d39caa8d7af85017a430e46a50
records/full_2026-07-06__rec_003394/sections/sec_0023.md,840,45411175c11f730b543f04f5a6c15657b1c855e18a1bf8215008d65ea27271de
records/full_2026-07-06__rec_003394/sections/sec_0024.md,447,4b8098cefeb6d21ffc3d597cfb6eb66dbb3215089d453ec8ae6651760b8c584f
records/full_2026-07-06__rec_003394/sections/sec_0025.md,71,5444497975f1f4ea7955887199aea999ec9e2118d47718da079437a3dfee4b68
records/full_2026-07-06__rec_003394/sections/sec_0026.md,41,42c572e956bec4d5e33bbbe11a2071dac64e4a3610e47c9ff5b28a6e955a519f
records/full_2026-07-06__rec_003394/sections/sec_0027.md,673,9e6a19c7b8bec67c9df422e3b83a3d68c90ee5f6ed2ba730afcfbe0b4486ed11
records/full_2026-07-06__rec_003394/sections/sec_0028.md,383,1c31049066f9ad55aa54736ebc86a0a22adf29123d9cca69602e0f984b312dbc
records/full_2026-07-06__rec_003394/sections/sec_0029.md,9681,794baa0e48f05dfa72c49623f8c30627fda347eab34abf93904f13a1980df847
records/full_2026-07-06__rec_003394/status.json,2149,98dc43d4791c42887f9e3eb866851d593821af35b5fa8affc3bbbf4153db81bd
records/full_2026-07-06__rec_003434/assemblies.json,163831,ffb76a0a6feab122010f2dbbbccf87d335f002ffc3aa998fe851f8ee4f2a11b5
records/full_2026-07-06__rec_003434/attempts/01_extract/meta.json,1692,d0aeeab793401f6f8f3bf8a4f03682ebd11e75740064a53366c52186fd40fbf1
records/full_2026-07-06__rec_003434/attempts/01_extract/output_schema.json,18153,fc4fd08860b2b19da00d319ef5a61b4493eede559424fa5e6129635e69da8656
records/full_2026-07-06__rec_003434/attempts/01_extract/prompt.txt,120034,1a858822df5b046859c6d764d9e2e9641ad152f07bee6b5de8e35b2f2d6e9e04
records/full_2026-07-06__rec_003434/attempts/01_extract/response.json,48134,08066fbee6fdf0578628637379745f901a6747e0c90b8330cb818021ce7e9220
records/full_2026-07-06__rec_003434/attempts/01_extract/stderr.log,170,8c9501e60ffbe310001e7890117b52e432aa0f6afb13088b27d2453661793435
records/full_2026-07-06__rec_003434/attempts/01_extract/stdout.jsonl,51610,defcd834a0a22d20ed43ddbfa218cc3e1f5a8083f4c91effae3669c9ffbcdade
records/full_2026-07-06__rec_003434/attempts/02_repair/meta.json,1690,a9e1dc2a9f4df50713ead7b467a774a719fd9aa7ca82ad7bdb6afff1e0866017
records/full_2026-07-06__rec_003434/attempts/02_repair/output_schema.json,18153,fc4fd08860b2b19da00d319ef5a61b4493eede559424fa5e6129635e69da8656
records/full_2026-07-06__rec_003434/attempts/02_repair/prompt.txt,184614,45917b9f82682f2f680e42bd0e903529e8cc339cfd579cf4e84e2bf32075146a
records/full_2026-07-06__rec_003434/attempts/02_repair/response.json,42838,ee8e7af7207b8b542fd52fca7c45226de433ef756c7ab5859d5b368c1e46c663
records/full_2026-07-06__rec_003434/attempts/02_repair/stderr.log,170,e7e14e647ed5a334b864bdb5ec0099ed92860b744051ebee2f789748f98731c1
records/full_2026-07-06__rec_003434/attempts/02_repair/stdout.jsonl,46316,9efa500aef0deb4d51022245f17083c34b05d5aabd4bae24993f2582c54161c3
records/full_2026-07-06__rec_003434/attempts/03_review/meta.json,1690,48973f556468eb240ce935c3ed405ded335dc6ae4ecb50ada433c5d511539cf2
records/full_2026-07-06__rec_003434/attempts/03_review/output_schema.json,2482,2f7fde6059c5725fd4066315b7082d9c732aec8fae93b90e64480ce47d95b8c8
records/full_2026-07-06__rec_003434/attempts/03_review/prompt.txt,117487,cda303e5f46a8ba940391aabd0eabe03b49fcccfb1b9130397f8727ed0f9ad31
records/full_2026-07-06__rec_003434/attempts/03_review/response.json,6824,83aa2b0102aa3b7b01f8a25ae5d90e4e5d0dd6bc5b985a6fc5369ee87e0d69b7
records/full_2026-07-06__rec_003434/attempts/03_review/stderr.log,170,ebe97b6135c2de034b65a12548ce1b609276544effabff3bb857adfb652f5838
records/full_2026-07-06__rec_003434/attempts/03_review/stdout.jsonl,7504,33cd021a67e677fd0f25a0146edd2217627956e5cae9e5fbe8b4cc1df004a31e
records/full_2026-07-06__rec_003434/attempts/04_revise/meta.json,1691,9cf935ca978c12262e6934e7e20a46d647a8227678d4ed5d56c76c851ce1e456
records/full_2026-07-06__rec_003434/attempts/04_revise/output_schema.json,18153,fc4fd08860b2b19da00d319ef5a61b4493eede559424fa5e6129635e69da8656
records/full_2026-07-06__rec_003434/attempts/04_revise/prompt.txt,171623,4c80f9b774f43b36c927844ce3687a5d684394fd6dca15cc1bf6abe4ae6378af
records/full_2026-07-06__rec_003434/attempts/04_revise/response.json,134535,3f805cbc251ae6d120c7bda3868655b9f60a05ab09bdb5ee32627cdb41848748
records/full_2026-07-06__rec_003434/attempts/04_revise/stderr.log,170,f958d08c7ef5bbd9b1dc0432d28160ced291e3ce32108d811ef232bc9d2304aa
records/full_2026-07-06__rec_003434/attempts/04_revise/stdout.jsonl,145897,6ebd2826221f229d75f095430bce26f394e08bfd0da293cf9daf6212b29d8714
records/full_2026-07-06__rec_003434/attempts/05_repair/meta.json,1690,8204836c09511d17824af0e16ef48af39ed1abcc83c66e7eab5e51f7512c3d78
records/full_2026-07-06__rec_003434/attempts/05_repair/output_schema.json,18153,fc4fd08860b2b19da00d319ef5a61b4493eede559424fa5e6129635e69da8656
records/full_2026-07-06__rec_003434/attempts/05_repair/prompt.txt,262861,9eadaeda2d7f4301101682827aae5246e582f0462f7b3f67d5c7c8ac216a8c31
records/full_2026-07-06__rec_003434/attempts/05_repair/response.json,34944,99d9a4ed2593cb064b531675b01e04fb718bbcc6de14b13903528ee2a16e3be7
records/full_2026-07-06__rec_003434/attempts/05_repair/stderr.log,170,d30610b5813d87df70b726d6c135672ed1fed252b67b4af0069cad3f070ec62a
records/full_2026-07-06__rec_003434/attempts/05_repair/stdout.jsonl,38021,503e5eb43809759e1f13651bc94d4a3df3593352f0e2a99534cee97e63d2b2e1
records/full_2026-07-06__rec_003434/attempts/06_review/meta.json,1690,8e9f35bd64845a452effdb70d5f4484ffa42709e2c4a3c9e845d8ba073d9bac5
records/full_2026-07-06__rec_003434/attempts/06_review/output_schema.json,2482,2f7fde6059c5725fd4066315b7082d9c732aec8fae93b90e64480ce47d95b8c8
records/full_2026-07-06__rec_003434/attempts/06_review/prompt.txt,109445,421a455f0322fc6141c31d6d829a793a42824c32652d432c987c9505ac230679
records/full_2026-07-06__rec_003434/attempts/06_review/response.json,6763,491e4d552bbc91e2125a2527da9f0eff469c34d78c5cf66508b50e59ce838544
records/full_2026-07-06__rec_003434/attempts/06_review/stderr.log,170,eabdab44712189bb8c6c1d9bcb969033cbe8bd60f35aca3574a0dcca318f5d17
records/full_2026-07-06__rec_003434/attempts/06_review/stdout.jsonl,7529,791ebd5c86c4c6ed7a9770b2581fbd11dc6963fb203f89de74b87baeb4892c94
records/full_2026-07-06__rec_003434/attempts/07_revise/meta.json,1691,c20f335d068c3473ac037b6ee646a8f21bf4442f7c39d1009dc5576fa21f4365
records/full_2026-07-06__rec_003434/attempts/07_revise/output_schema.json,18153,fc4fd08860b2b19da00d319ef5a61b4493eede559424fa5e6129635e69da8656
records/full_2026-07-06__rec_003434/attempts/07_revise/prompt.txt,163732,27ceba35020f19b557790bbe3ffbb478461a322ac0a3d726083d14e98d971533
records/full_2026-07-06__rec_003434/attempts/07_revise/response.json,95760,a61fdb8980235be50bf1cc84dfbf4885c99017c8549cab3ae78588a914c800e4
records/full_2026-07-06__rec_003434/attempts/07_revise/stderr.log,170,78dc2535d858afb5a02e19055a3a15d55915360453a90fc9dc29bcabdab290cd
records/full_2026-07-06__rec_003434/attempts/07_revise/stdout.jsonl,104192,9c68f6994159e12b0383e1393623b97ba0cd31f7801801009a7674d6041b9bc1
records/full_2026-07-06__rec_003434/attempts/08_repair/meta.json,1690,6a3b3364ee83af04eaf5f4d69b7443810602da545ab4acfe10a446dbc90955d8
records/full_2026-07-06__rec_003434/attempts/08_repair/output_schema.json,18153,fc4fd08860b2b19da00d319ef5a61b4493eede559424fa5e6129635e69da8656
records/full_2026-07-06__rec_003434/attempts/08_repair/prompt.txt,223175,2e16906f65b633976c290acbbd921c64af3560a073a2fde4db628db9c63162a1
records/full_2026-07-06__rec_003434/attempts/08_repair/response.json,96116,f2316abb4095feb2c3aa900060280d54c969efc0969b68b0075f8934b23053ff
records/full_2026-07-06__rec_003434/attempts/08_repair/stderr.log,170,c02870cf08241509f2e3cc3fe9a5a03b99eb0c4904418dc37e5556492500497e
records/full_2026-07-06__rec_003434/attempts/08_repair/stdout.jsonl,104540,79b29798b2ba0252ac331c5fe94e3a3a6f21ce16c0fc91853fab83456cbb17f3
records/full_2026-07-06__rec_003434/attempts/09_repair/meta.json,1690,508654a231903d43ee2c32915bbb4f7018ca0f1822112afd56ac531a187532db
records/full_2026-07-06__rec_003434/attempts/09_repair/output_schema.json,18153,fc4fd08860b2b19da00d319ef5a61b4493eede559424fa5e6129635e69da8656
records/full_2026-07-06__rec_003434/attempts/09_repair/prompt.txt,220875,401a19ecfac2c4eac550a167bc3d720d75078652b0a1f6a0d806cf32b98117b3
records/full_2026-07-06__rec_003434/attempts/09_repair/response.json,96181,ea97a7d59b6920792fd33ae94560a8897ed24087953ac3234420180d3c99a91c
records/full_2026-07-06__rec_003434/attempts/09_repair/stderr.log,170,a8f7f2d7d8c880515ed4daffc3fb3bbe0e9df35c916fc4493142347765c68284
records/full_2026-07-06__rec_003434/attempts/09_repair/stdout.jsonl,104613,1394df5bdb41079f632b08ebe27ad7329f115bca4c38a1b9be91277029b438ed
records/full_2026-07-06__rec_003434/attempts/10_repair/meta.json,1691,dfd04d39401a52e1277912c3ff3b747b4d911281a4fbd7dbd7c0a6045f8cb118
records/full_2026-07-06__rec_003434/attempts/10_repair/output_schema.json,18153,fc4fd08860b2b19da00d319ef5a61b4493eede559424fa5e6129635e69da8656
records/full_2026-07-06__rec_003434/attempts/10_repair/prompt.txt,221370,11c488dd505804b0f659c914c4b82ada75d9472a5108e8761ca2c85d375a7f88
records/full_2026-07-06__rec_003434/attempts/10_repair/response.json,96034,9a324a8401012339cae8114a647b5bdd0651b0fbd154759073a33328892841a0
records/full_2026-07-06__rec_003434/attempts/10_repair/stderr.log,170,eacdd1d0ec942ce481e681130ae50fd6c19a4c2023603a4280ae279f7e667ea5
records/full_2026-07-06__rec_003434/attempts/10_repair/stdout.jsonl,104465,6ec6d97c62413b3987d5e269f9d70c8bcf495133550f2217642d24c88e338102
records/full_2026-07-06__rec_003434/attempts/11_review/meta.json,1690,0a6dec33963f8dcb05ac649af3cf38dab9e776a341e1b5c978122094131fa493
records/full_2026-07-06__rec_003434/attempts/11_review/output_schema.json,2482,2f7fde6059c5725fd4066315b7082d9c732aec8fae93b90e64480ce47d95b8c8
records/full_2026-07-06__rec_003434/attempts/11_review/prompt.txt,173451,0b355b4653915194cfeffb5aac773e0e0d971ee43ef598467c33e1e6cdf8be4e
records/full_2026-07-06__rec_003434/attempts/11_review/response.json,5300,fd2392cd563f10e971e9bedd6681a70c73832f21c9d5c41c7506894af9f42963
records/full_2026-07-06__rec_003434/attempts/11_review/stderr.log,170,be3e7a8cd9f817a86ab48fd473ec3824d346f11aff99223d10260ab8d1340c04
records/full_2026-07-06__rec_003434/attempts/11_review/stdout.jsonl,5914,05efb4c7c6e5010464c02ffeaf8289f1eadf26e2055f244f46a96f94ff2cbde9
records/full_2026-07-06__rec_003434/evidence.json,37260,e8e6d248905a7d4b570a9e15bf5a80e49fa352b785a4f425861b20b041d571a4
records/full_2026-07-06__rec_003434/final_document.json,150090,3257a677577d874a89f9e0a8921249c4905c4e514c663814343e976a3cd3fc80
records/full_2026-07-06__rec_003434/packet_manifest.json,6536,9b3832e46d02785a24a484fd3bc530624f7e78361dc1ca2c8560852afdd101de
records/full_2026-07-06__rec_003434/review_round_1.json,8004,f1d2bdd91315206397ef7cb3f03a451d6959e20974bea48e8e916485ed3a906b
records/full_2026-07-06__rec_003434/review_round_2.json,8286,9259381909eba4e3d2507670682cd81befd79accd0a2b536f64814bf6a7fe86a
records/full_2026-07-06__rec_003434/review_round_3.json,6191,a2e61a196a7460034b4727c41ba13bce8dcdbfbf638b7523ec0bb6f4d861d508
records/full_2026-07-06__rec_003434/sections/sec_0001.md,89,d2493eb1c56aec6b7afadde80a7f4cf3ed0984c3df06a868c609470ea17b30cf
records/full_2026-07-06__rec_003434/sections/sec_0002.md,241,8cdcc526db5b662b90d4025143395fde1b28104f47e5d3563959f58fce7e1db0
records/full_2026-07-06__rec_003434/sections/sec_0003.md,171,0a7b12495430e5464ac40236eafb8a626d3ae475bde834dd5642d0e72854bed1
records/full_2026-07-06__rec_003434/sections/sec_0004.md,1377,c30e17885f9e271cd71bae86799c5a8c07e6061941e68514fb986ee09b786aa0
records/full_2026-07-06__rec_003434/sections/sec_0005.md,4067,c9017d9aee1e7c43b5e3a3620102b839f1888b8e1d431ff6db3ba60fc3ad4d7c
records/full_2026-07-06__rec_003434/sections/sec_0006.md,13,eae53f5efee4ccdd85eb18d88d9fb559dc9a153e7557c023b0bef31f509b9034
records/full_2026-07-06__rec_003434/sections/sec_0007.md,2073,f591cf02b858806c23f5c13db2d10c4171e5b5cb1c8b1f09ace75f16443b44cd
records/full_2026-07-06__rec_003434/sections/sec_0008.md,380,38b9c8bebb7119c99209c1a809a0acacde2dd92fbd15f3ffeb53e69a1badcdd2
records/full_2026-07-06__rec_003434/sections/sec_0009.md,843,d772a9c5f4e2110a4c6cf6e979cdcfac97c275dfaae3bb172c4890bf826e6ddb
records/full_2026-07-06__rec_003434/sections/sec_0010.md,2074,8d2b08a68cc2e934a9e0118d214b80aa58e17e02e81006e2edb9cccaf8eeaf3f
records/full_2026-07-06__rec_003434/sections/sec_0011.md,1662,9758813b0f9d23e93aeecaaed8a40005aa0e81ac2e96d924dc0684fd53b10bdd
records/full_2026-07-06__rec_003434/sections/sec_0012.md,13,61594c6f7a317049dd031c967133eb945d8767eb7797ffa2bcc4d308022d65ad
records/full_2026-07-06__rec_003434/sections/sec_0013.md,2770,c095627295ae6f308a307a2a9352c85eb5e90e3d202a30482a1aea6dc5f3bd47
records/full_2026-07-06__rec_003434/sections/sec_0014.md,3095,ba149f8d5d7593ae1605b812122b4621692b0fc88e1d5da853c11cd33546b259
records/full_2026-07-06__rec_003434/sections/sec_0015.md,2838,61c7f9c41196b0023e1894efbae4188b1d74dce44ab93b9fd3462a8f51b5deff
records/full_2026-07-06__rec_003434/sections/sec_0016.md,8328,67d7b827d7b3db662fa58324a7a8b70eda0775a971f1618de01687968f7aae6e
records/full_2026-07-06__rec_003434/sections/sec_0017.md,450,e721befe9b79d41bd661d9016aa6d00115c2184c574895397dccdca233d403b8
records/full_2026-07-06__rec_003434/sections/sec_0018.md,197,b81637db9654a2999dbc3dd53f6bacec8f2be99367cc26c2d25d0d5e2284965b
records/full_2026-07-06__rec_003434/sections/sec_0019.md,11660,6203fada7eb198635e577b1ed7f789805d926d864b863bd0d7b2b729b2f2a877
records/full_2026-07-06__rec_003434/status.json,2271,18f3a55cf0ae43f3d69a2b5116086eccc31b8f4836bbca8930a6efeca525b79d
records/full_2026-07-06__rec_003629/assemblies.json,42192,a052e6bd1f824c80e594c5b147558cbd313d0952f65934ce92389fc249c4e158
records/full_2026-07-06__rec_003629/attempts/01_extract/meta.json,1693,368a0b08fa8f998333fbacd50dfe9b938af152e1c72af0e7a96b710a92214e71
records/full_2026-07-06__rec_003629/attempts/01_extract/output_schema.json,18153,fc4fd08860b2b19da00d319ef5a61b4493eede559424fa5e6129635e69da8656
records/full_2026-07-06__rec_003629/attempts/01_extract/prompt.txt,189994,a8e00a4c82a8579d8488f6b062e185f62d4b7e6e002cf9c95ad4f9f3a7b228d8
records/full_2026-07-06__rec_003629/attempts/01_extract/response.json,82056,538e6060bd33644a8d90c7534016edb7a70a03995226ecbd50c07c4c0142f92e
records/full_2026-07-06__rec_003629/attempts/01_extract/stderr.log,170,9be017e352465dcbef1edfc48653f3ccb66feb5af6d488b72e613842be5f2040
records/full_2026-07-06__rec_003629/attempts/01_extract/stdout.jsonl,88860,35bb0a6d1c20361b6be2f699a84c723fefa0f0f064a3a4b13a8a45a3eeef8322
records/full_2026-07-06__rec_003629/attempts/02_repair/meta.json,1690,a9a745be719b05e124afe759d5b21894bd8f732ef437787a919bb1f8bc1b61d7
records/full_2026-07-06__rec_003629/attempts/02_repair/output_schema.json,18153,fc4fd08860b2b19da00d319ef5a61b4493eede559424fa5e6129635e69da8656
records/full_2026-07-06__rec_003629/attempts/02_repair/prompt.txt,290256,b658a254fdc894c3c8e0ac3ad936152987159680bf0443903e9f64a928677f35
records/full_2026-07-06__rec_003629/attempts/02_repair/response.json,81019,e4161c9ead37e0233fe8d5abac8754aa6840b1dac6309193370640cc459e8f98
records/full_2026-07-06__rec_003629/attempts/02_repair/stderr.log,317,c3e02c390a31051fbaa1d51ac2b24b52ac76a778c034cc9ac88477465facb475
records/full_2026-07-06__rec_003629/attempts/02_repair/stdout.jsonl,87835,8b6e524457b8ac37a8b2ff1c898e40fa42d8d633814870b976123feb39ef8ef0
records/full_2026-07-06__rec_003629/attempts/03_repair/meta.json,1690,fb94281e510a4d74c9d6a10e66fb9a52830179afda871077cee9514b9a980e31
records/full_2026-07-06__rec_003629/attempts/03_repair/output_schema.json,18153,fc4fd08860b2b19da00d319ef5a61b4493eede559424fa5e6129635e69da8656
records/full_2026-07-06__rec_003629/attempts/03_repair/prompt.txt,275572,9788f7f0aa43189d54782c9d1bf53d8784bf200f9133e91b8d563b6f9ccaa3e0
records/full_2026-07-06__rec_003629/attempts/03_repair/response.json,81020,2fe9900cb92b4d0c853ec7e6ce5021c5a611b4cd63b4dcfcb755a341202fd793
records/full_2026-07-06__rec_003629/attempts/03_repair/stderr.log,170,95a1884abafff8f0397b35beb8f4eb81b0fd50191dd9918282dd4639246376f3
records/full_2026-07-06__rec_003629/attempts/03_repair/stdout.jsonl,87835,7ad676eae7d2c06772b32ff4557a2abfda0a4d82ab355869e0cd3be65dfd83cd
records/full_2026-07-06__rec_003629/attempts/04_repair/meta.json,1690,b5a24be8757a021eddec97c8237c0315fd126564939eb85b99dcace9b622b956
records/full_2026-07-06__rec_003629/attempts/04_repair/output_schema.json,18153,fc4fd08860b2b19da00d319ef5a61b4493eede559424fa5e6129635e69da8656
records/full_2026-07-06__rec_003629/attempts/04_repair/prompt.txt,276000,6be04135c6d7b31d5eb6173eba259cdc93ed3a8999dc5895ab485dfe08be193d
records/full_2026-07-06__rec_003629/attempts/04_repair/response.json,81028,27e596f521c738ab658b3de88775bfe08e2908a1bff7ef2f88a3e876aa5f79e3
records/full_2026-07-06__rec_003629/attempts/04_repair/stderr.log,317,371fd93d3a0fda958b387a6508b9b063c0f670430370ae4b56c7cd301910091c
records/full_2026-07-06__rec_003629/attempts/04_repair/stdout.jsonl,87847,f6273e1ac8e911320dc24659a1df315677124a6e1faa859b0fc014cdffbed7c4
records/full_2026-07-06__rec_003629/attempts/05_review/meta.json,1690,4bd53b55619a06899e56de35892615f89d30161f8c921fe0119e0f0a3ddbe550
records/full_2026-07-06__rec_003629/attempts/05_review/output_schema.json,2482,2f7fde6059c5725fd4066315b7082d9c732aec8fae93b90e64480ce47d95b8c8
records/full_2026-07-06__rec_003629/attempts/05_review/prompt.txt,227471,3e76907b1861a3ec5b0df5ac4b8b77b5214a29023e2da3793ea576a72565a9fd
records/full_2026-07-06__rec_003629/attempts/05_review/response.json,15822,49e6731acc13812924fabc7881376feb6664cac27d061fba67f29cc993012a98
records/full_2026-07-06__rec_003629/attempts/05_review/stderr.log,170,c20debc7e58ac27c63f46c59d37d36a37002e2074375582a24fb0d8dd989531e
records/full_2026-07-06__rec_003629/attempts/05_review/stdout.jsonl,17095,30817600b32f23972ef6721e8c24fb48eca21707f3665d78d3763ad20f1ffdd8
records/full_2026-07-06__rec_003629/attempts/06_revise/meta.json,1691,c41542e3ea5ddcf33359a12976c7a73e833c28a5f299c6b5fc08bd627443257a
records/full_2026-07-06__rec_003629/attempts/06_revise/output_schema.json,18153,fc4fd08860b2b19da00d319ef5a61b4493eede559424fa5e6129635e69da8656
records/full_2026-07-06__rec_003629/attempts/06_revise/prompt.txt,291710,77538340b8125be4145f2f191f822e7c6c020320abfb001d699f16def5457298
records/full_2026-07-06__rec_003629/attempts/06_revise/response.json,140635,f799ca7fe33b7d9de329062f0d0172dc2fe152d944177076084da089729a6075
records/full_2026-07-06__rec_003629/attempts/06_revise/stderr.log,170,cbb8f85ebe8b5179c9211be7f5582f4d0ffd485dd953ac0ea9d7687930e1c1e9
records/full_2026-07-06__rec_003629/attempts/06_revise/stdout.jsonl,152651,e3f90ed1441c7ac1c222a653e7b7dbcf17ebee78f60283eeae069990f0b6e5e3
records/full_2026-07-06__rec_003629/attempts/07_repair/meta.json,1691,ad4032094fbfaa3b09a91b013a1eddf026f3d4f02e094e6ab24bb8da5c602ba1
records/full_2026-07-06__rec_003629/attempts/07_repair/output_schema.json,18153,fc4fd08860b2b19da00d319ef5a61b4493eede559424fa5e6129635e69da8656
records/full_2026-07-06__rec_003629/attempts/07_repair/prompt.txt,348432,ed742174dee0895d0fc4900b7d67759b8267e97b47a709d05ac1cd7e88f2db09
records/full_2026-07-06__rec_003629/attempts/07_repair/response.json,128108,99cd96ccc278b015c99deacc1bfdcd08b0a2137451a1a69864f7f6f2870dc65e
records/full_2026-07-06__rec_003629/attempts/07_repair/stderr.log,170,9b98b36f144fbc8401d11ea511167c0d3430af2d2e37b98d98550d9466f98bc1
records/full_2026-07-06__rec_003629/attempts/07_repair/stdout.jsonl,139080,75dfdb98145dfaf81c9201164374e21ed6df69408e7418e1602ef6050ca5ec44
records/full_2026-07-06__rec_003629/attempts/08_repair/meta.json,1691,797e11b63f431ce41799cfed4d627329db1e15e1a685b9d313381f342e368371
records/full_2026-07-06__rec_003629/attempts/08_repair/output_schema.json,18153,fc4fd08860b2b19da00d319ef5a61b4493eede559424fa5e6129635e69da8656
records/full_2026-07-06__rec_003629/attempts/08_repair/prompt.txt,324484,128c96e481a50264bbf2fd67648c912f5ce63eb1d36937105a7a7e93d14a6637
records/full_2026-07-06__rec_003629/attempts/08_repair/response.json,128182,e3c3fbfb295f550415ce2242a47fdfd13d293edbd4f0db5c4adce2c3d10f5049
records/full_2026-07-06__rec_003629/attempts/08_repair/stderr.log,170,135e5b1846771c53a9b8507dcb752edf52f84319aa27cec1a4a35707c4079c71
records/full_2026-07-06__rec_003629/attempts/08_repair/stdout.jsonl,139157,1ae654f273f47ebbbe3f5694a916a53a73502c2ca868f3bf3d88f6a48a95e523
records/full_2026-07-06__rec_003629/attempts/09_repair/meta.json,1690,01cac35bab21f7546231fb022358fa4dcbc5c54ae795a6c0a6867f21bb7d4005
records/full_2026-07-06__rec_003629/attempts/09_repair/output_schema.json,18153,fc4fd08860b2b19da00d319ef5a61b4493eede559424fa5e6129635e69da8656
records/full_2026-07-06__rec_003629/attempts/09_repair/prompt.txt,324517,ff126b1f6d2ed2470ff0f509899744a485af54bbf0bb27dac13bbae550d34bca
records/full_2026-07-06__rec_003629/attempts/09_repair/response.json,61607,b6d8e6b122608e16d3ae78b3164d0087ba7751c1711f8542def2c2891b29ae52
records/full_2026-07-06__rec_003629/attempts/09_repair/stderr.log,170,ae4ab8c52e8351e0a206fb3acb779ca7da97a9aae68d8efae8d0a5e98a1796d6
records/full_2026-07-06__rec_003629/attempts/09_repair/stdout.jsonl,66794,3dbb287319c99bf9485d27a316202be07aa435f4399cc41fdb976dd4a062fa22
records/full_2026-07-06__rec_003629/attempts/10_review/meta.json,1690,5f764358149bbe0456c45c74a11e50b685afdb82d02a8c027cfe7e5db3149dbc
records/full_2026-07-06__rec_003629/attempts/10_review/output_schema.json,2482,2f7fde6059c5725fd4066315b7082d9c732aec8fae93b90e64480ce47d95b8c8
records/full_2026-07-06__rec_003629/attempts/10_review/prompt.txt,207140,5648ef52bfb47104cf214cf98bc9c06d49fc330511c881377bba444ebb60866d
records/full_2026-07-06__rec_003629/attempts/10_review/response.json,11187,733564a795e451605ef1bd227a7c6c1f6d70882fe45cd79831d192d2fa42bc6d
records/full_2026-07-06__rec_003629/attempts/10_review/stderr.log,170,697ed5c5a8254d7b6cdbd76d3f441d681655a5d644bdf49bb57c2d8c6cca95e9
records/full_2026-07-06__rec_003629/attempts/10_review/stdout.jsonl,12145,d7681b609b29d5fc609b6118f9988d9b34fb06b3edf0e25f80ca2d01dfe727cd
records/full_2026-07-06__rec_003629/attempts/11_revise/meta.json,1691,71f770a6285a60dc339bd095250a47b499f3bd4260de01575bac8281d87588e0
records/full_2026-07-06__rec_003629/attempts/11_revise/output_schema.json,18153,fc4fd08860b2b19da00d319ef5a61b4493eede559424fa5e6129635e69da8656
records/full_2026-07-06__rec_003629/attempts/11_revise/prompt.txt,266152,de37bbe4d7ef73f473cf9bcacc5db8c93fd978a0e0f500aab57fe2eb92bebc27
records/full_2026-07-06__rec_003629/attempts/11_revise/response.json,115404,2aeb915320eafde88797535d65a36c21926207dcb2b4c163b33b3f84c5d6c57c
records/full_2026-07-06__rec_003629/attempts/11_revise/stderr.log,170,19cf96e63f81a8cdcabf2df0f57399248ecd2c586710e82ed8c1bdb429e744c9
records/full_2026-07-06__rec_003629/attempts/11_revise/stdout.jsonl,124716,8414290c50c54c18dd71120894c1ecb9a448597efda52682d676321270f486ad
records/full_2026-07-06__rec_003629/attempts/12_repair/meta.json,1691,fd633ed839b993336f972b0a3e3a4da04ca3bab72b04381212c12b97eb7faba7
records/full_2026-07-06__rec_003629/attempts/12_repair/output_schema.json,18153,fc4fd08860b2b19da00d319ef5a61b4493eede559424fa5e6129635e69da8656
records/full_2026-07-06__rec_003629/attempts/12_repair/prompt.txt,321237,a3a88328bca37aa421095c2611df0c92a68d5b8a3f39d9e667104d06a4952fb0
records/full_2026-07-06__rec_003629/attempts/12_repair/response.json,114408,4174c8e36c486b995423832bb019001e4ba098784c6ee7f0a62c6e79fb7c1ac9
records/full_2026-07-06__rec_003629/attempts/12_repair/stderr.log,170,f303079e8004772f1b527b0f5ff4aaf465d526890366d193581217aa5a7f4fa9
records/full_2026-07-06__rec_003629/attempts/12_repair/stdout.jsonl,123938,2a6dd07b11fe63bee4af3e10cfbf600e8a8f1689bb47fa91d99f1bf4b0ade41e
records/full_2026-07-06__rec_003629/attempts/13_repair/meta.json,1690,8f3935da9020f90d4ab345b35c01655cd5f926a66b05b1ceb05c2634c7edb064
records/full_2026-07-06__rec_003629/attempts/13_repair/output_schema.json,18153,fc4fd08860b2b19da00d319ef5a61b4493eede559424fa5e6129635e69da8656
records/full_2026-07-06__rec_003629/attempts/13_repair/prompt.txt,311657,2bb73bc578e615edb00d93d10ca0bb7f374bff0d7a9f4f9668aab585ea0307d9
records/full_2026-07-06__rec_003629/attempts/13_repair/response.json,28860,42ba7ef10de7c917bb28a11a25a0a0657b1163712ef34e608a952b23d0595bd1
records/full_2026-07-06__rec_003629/attempts/13_repair/stderr.log,170,c36a6f2ad26d01827d215565f2bd35057c4d36d6c87f552892b4db0c211313d8
records/full_2026-07-06__rec_003629/attempts/13_repair/stdout.jsonl,31241,1226340be0e6b73314a7b88f415aeb2b89f7eae9df5190c5fd55d6b2c1fdab2a
records/full_2026-07-06__rec_003629/attempts/14_review/meta.json,1690,66e5005d53ab0ee589dcbadad85b0d542056e7e08e05b6e0c6b646ac43d58c36
records/full_2026-07-06__rec_003629/attempts/14_review/output_schema.json,2482,2f7fde6059c5725fd4066315b7082d9c732aec8fae93b90e64480ce47d95b8c8
records/full_2026-07-06__rec_003629/attempts/14_review/prompt.txt,173001,bdb9b41a8fdb65a3ec1a10191a969c65a09606f8fef16cd70755f00ebb54ebb5
records/full_2026-07-06__rec_003629/attempts/14_review/response.json,4164,933bc1d2c1ff9b46c63d4be4cd4eb1961f25a806dd93e791ba47cd370c9997a7
records/full_2026-07-06__rec_003629/attempts/14_review/stderr.log,170,89122f67d4b9f29066cfd2fad26a6618b0bc4dda13ced79d4e5334399b4b0596
records/full_2026-07-06__rec_003629/attempts/14_review/stdout.jsonl,4698,d5623bd30b984682cd32ab5ee80c01b11bd58c43e26c772f3ecfec2366677518
records/full_2026-07-06__rec_003629/evidence.json,13169,ff38ccb763e8623650d25b88f9727c3cf09ba722a17ebaa6ee3a365c010be052
records/full_2026-07-06__rec_003629/final_document.json,43280,d652f4638d17787d612218807e9c203ab84dc3584dc056c87be5659e06614aa8
records/full_2026-07-06__rec_003629/packet_manifest.json,5277,947b89d4f3b7d7c191f677196e470eeda83512e19dc18a5f87527e65e2575cce
records/full_2026-07-06__rec_003629/review_round_1.json,19155,9e5dc347e8b7e0da24cba5931b7fb2f02f62ed1725865a035d4cbf03722533af
records/full_2026-07-06__rec_003629/review_round_2.json,13345,e7b40cc9c13cc64e2bf8270492caf6d810445bc1f0bfe7989b8cffe47a8491dd
records/full_2026-07-06__rec_003629/review_round_3.json,4836,3ac2f6ba110088b47b9f5ad0003deee36051a2a3c8e750a9d5f58192a327c803
records/full_2026-07-06__rec_003629/sections/sec_0001.md,1176,457ee851313daa7eb2b2c6507c2501b5b87844eeefd4fb4960b655b5ca0eaf85
records/full_2026-07-06__rec_003629/sections/sec_0002.md,1670,ccec685cf4f7297bcf2d2e440085b78dd0854856a4ce3cfb96afa9bd02a55ea9
records/full_2026-07-06__rec_003629/sections/sec_0003.md,5505,05d21401b994212511ff7e0529e9d6d97faaa5761146aa2ae73b7d206ea26cb4
records/full_2026-07-06__rec_003629/sections/sec_0004.md,4246,6db85cb8c674386e42ccbb590ffcf04d8249daa85fc13fdfb9ee6f6db3885d9f
records/full_2026-07-06__rec_003629/sections/sec_0005.md,6893,dc965a44dfb93810ac7173aa88d11b93d1ae8e37b2a97407faf1ea0603e2661c
records/full_2026-07-06__rec_003629/sections/sec_0006.md,3335,895f63c573cf8511f8bb7cd84b4c5651f91bcaf6b4d55b53422adfba5701525b
records/full_2026-07-06__rec_003629/sections/sec_0007.md,3152,1426369c5ef4aa58acd7fec6ffc6b1949c5d803903ca6599c62908b6981646d3
records/full_2026-07-06__rec_003629/sections/sec_0008.md,3556,8cd61bffd2977035c3f4451c52940b7f27b423f73f694e056c6578f08fc59f2d
records/full_2026-07-06__rec_003629/sections/sec_0009.md,2733,11b2b8451af7e57a8efa284e4c3387630628acee5160af4e62c1cebb3e23694b
records/full_2026-07-06__rec_003629/sections/sec_0010.md,3960,00951fdda73dba52d1d16619e6ebb3648dca2d2f6dbc257575d47c4cbe0601bb
records/full_2026-07-06__rec_003629/sections/sec_0011.md,8263,9eb2f4ca598bed98493cb0b764d5b462366663f2b29e5b0c581d5e1cb2701424
records/full_2026-07-06__rec_003629/sections/sec_0012.md,12,8a1738add756712e5a41cc374211cabb52def667d38b57a2ec8acbd5745b4a3b
records/full_2026-07-06__rec_003629/sections/sec_0013.md,5019,2a63664848992442aded4a062c436a4c6476a8ed64c2fb745daeb2250dafbb83
records/full_2026-07-06__rec_003629/sections/sec_0014.md,7939,d52fbbca0c19cd16b6a0b755430a331c7a7d26dfe7280540e087c2e5d91f1e7b
records/full_2026-07-06__rec_003629/sections/sec_0015.md,2773,926d7d2167f8bc2e81864408b22fa97389b6b39e9f7c74c696023ba524973fae
records/full_2026-07-06__rec_003629/sections/sec_0016.md,1798,19e1f8e24754c72dff401b1b2378103a5bc3888f6d18f1022ff292f9c8ed2209
records/full_2026-07-06__rec_003629/sections/sec_0017.md,1341,d8d4aabf4fab3d3e1d98e442f38152b27e49fd73838bb9d985c0108db19b0f94
records/full_2026-07-06__rec_003629/sections/sec_0018.md,984,61161bd62ce10204bd156b69267c65f982369c44423e138d390defac25d940e0
records/full_2026-07-06__rec_003629/sections/sec_0019.md,4771,c652d3bab1d0bb879e3084d1bf3b36d713fd118253c1b05c10bb612ec6a75ceb
records/full_2026-07-06__rec_003629/sections/sec_0020.md,437,3d3a4c15f0aaa8cec4dcded8e5b2b09beccbb816c361c8571091c29fcf60b4f6
records/full_2026-07-06__rec_003629/sections/sec_0021.md,43212,dcc84e13e242d9c9bbbd55731d97c22f42946c6c772f79d6236573d7bd7f9a78
records/full_2026-07-06__rec_003629/status.json,5462,54162a4f55fdc67fcbe38e8c31d170349ac6373e570a446a43454f45d65ec5a2
records/july_update_2026-07-06__rec_000050/assemblies.json,121955,4621531f31ac187fff9bd60faf1c18eaae850000c7b03290ea350f7a1429d9ac
records/july_update_2026-07-06__rec_000050/attempts/01_extract/meta.json,1706,8c6d7c1f4119cb7225543a06f48c809498db5bb89d88d97396fa8f47d2acccd6
records/july_update_2026-07-06__rec_000050/attempts/01_extract/output_schema.json,18153,fc4fd08860b2b19da00d319ef5a61b4493eede559424fa5e6129635e69da8656
records/july_update_2026-07-06__rec_000050/attempts/01_extract/prompt.txt,221519,d7ad0dfeb4844561bf1f8d8503fcb6a7f76f799b3b00e8a929692df55a244531
records/july_update_2026-07-06__rec_000050/attempts/01_extract/response.json,63083,5e9f2046dd46094dca162ac6e25ea5ec976bccba2a63f26f42a53546d85273b0
records/july_update_2026-07-06__rec_000050/attempts/01_extract/stderr.log,170,fc8bc25cb782ad0f92b0bab0b6f9ff949489aec6f4345ef3cd529ca12319823f
records/july_update_2026-07-06__rec_000050/attempts/01_extract/stdout.jsonl,68588,d4b3be0b5cbbcd72075d3bc4291c267474ac90515fea08409253e3effc156ebb
records/july_update_2026-07-06__rec_000050/attempts/02_repair/meta.json,1704,83f0f7916ac73de999ef1c3895adae8546cb42d16326778f90eb6e773848c6c5
records/july_update_2026-07-06__rec_000050/attempts/02_repair/output_schema.json,18153,fc4fd08860b2b19da00d319ef5a61b4493eede559424fa5e6129635e69da8656
records/july_update_2026-07-06__rec_000050/attempts/02_repair/prompt.txt,287884,df3d77dd9826c10edbb687c7015fe408a83c1b98e362d9477c4df135a4626f96
records/july_update_2026-07-06__rec_000050/attempts/02_repair/response.json,63082,e4b0ac40992f82e150d8da842ec5b26472082b3ec5febaac5ed5defa3c45c185
records/july_update_2026-07-06__rec_000050/attempts/02_repair/stderr.log,170,e8725971d65d597403c4b9ca97c8d4078aaf1172f68138e2710ce2b4b9abbeed
records/july_update_2026-07-06__rec_000050/attempts/02_repair/stdout.jsonl,68381,44d352e97fd962b5350dc824416b7c1e6e52d04a38327bcfb2d762c74030d7e1
records/july_update_2026-07-06__rec_000050/attempts/03_repair/meta.json,1704,c6e2896aa736022d334b8fd5c305a9325118e6316b70006dae4c15bed02af661
records/july_update_2026-07-06__rec_000050/attempts/03_repair/output_schema.json,18153,fc4fd08860b2b19da00d319ef5a61b4493eede559424fa5e6129635e69da8656
records/july_update_2026-07-06__rec_000050/attempts/03_repair/prompt.txt,287884,df3d77dd9826c10edbb687c7015fe408a83c1b98e362d9477c4df135a4626f96
records/july_update_2026-07-06__rec_000050/attempts/03_repair/response.json,63085,d98e8373e74d3390521743da591f8facb6abe805b6950adf407b41031c3185ce
records/july_update_2026-07-06__rec_000050/attempts/03_repair/stderr.log,170,2c44b6b262658e4aa4018ade59cd84adea49ba1f8c4772202d9cec0ee4ffd4a4
records/july_update_2026-07-06__rec_000050/attempts/03_repair/stdout.jsonl,68384,29059506fa2991dbb6b604c8e897fa13da78faf5329f14e000e66bbfcf7109e5
records/july_update_2026-07-06__rec_000050/attempts/04_review/meta.json,1704,d2cf8c2b42d74d33ee4ad55daf215a49b807c3bc1752a2b6a064d66ace30cae5
records/july_update_2026-07-06__rec_000050/attempts/04_review/output_schema.json,2482,2f7fde6059c5725fd4066315b7082d9c732aec8fae93b90e64480ce47d95b8c8
records/july_update_2026-07-06__rec_000050/attempts/04_review/prompt.txt,240236,9c01111ebe94bd56338706950840c0cff17342744fcb2ec9ed63fe4b57421f6b
records/july_update_2026-07-06__rec_000050/attempts/04_review/response.json,6581,3a50127d84ab5fe870f1aa4f617da7ffe081679999443ccb779b61512a202c31
records/july_update_2026-07-06__rec_000050/attempts/04_review/stderr.log,170,4436778cf0ebfa6be472e2c796e77fdd994ade1c74e9ed70452a4c6970533161
records/july_update_2026-07-06__rec_000050/attempts/04_review/stdout.jsonl,7309,deb2cf4e8ce656d0689bf9aac878274c7d5787a5ace2e48033b31614a3d336f8
records/july_update_2026-07-06__rec_000050/attempts/05_revise/meta.json,1704,1cf6a3a5d03321fabf41648648367215ce7edda22dcf40640660582d309dd6f0
records/july_update_2026-07-06__rec_000050/attempts/05_revise/output_schema.json,18153,fc4fd08860b2b19da00d319ef5a61b4493eede559424fa5e6129635e69da8656
records/july_update_2026-07-06__rec_000050/attempts/05_revise/prompt.txt,294218,1c3bd3f69fc54612ffb0260a18edb6796f6855b14a580cef6738f2e3b63ecdb4
records/july_update_2026-07-06__rec_000050/attempts/05_revise/response.json,90124,bb183b3ff73d49b1ef0248b65b35a9fe0f5d5126af5481c27f5671cc56f4e5e6
records/july_update_2026-07-06__rec_000050/attempts/05_revise/stderr.log,170,84d19a3a31fb1abfa948eea740d8c732b945987f4331ee21d2721fb4d07d86c6
records/july_update_2026-07-06__rec_000050/attempts/05_revise/stdout.jsonl,97622,346e8f89fcc2347f304af1dd59fa577bef9a8527e31c0e7dbb76e166ade640f9
records/july_update_2026-07-06__rec_000050/attempts/06_repair/meta.json,1704,52d763e21ce840ee741c21bb9f16d65f79e2a4b6a27f0cb8a68f7519196569c4
records/july_update_2026-07-06__rec_000050/attempts/06_repair/output_schema.json,18153,fc4fd08860b2b19da00d319ef5a61b4493eede559424fa5e6129635e69da8656
records/july_update_2026-07-06__rec_000050/attempts/06_repair/prompt.txt,316002,53d282612dd50d2841d72f601264de4045880df3ed12a2b51acbd53aa5a04e3d
records/july_update_2026-07-06__rec_000050/attempts/06_repair/response.json,73132,1d5f6aa0e264efe69560a2081cbc10fd5736b4e03f4abe3b504da991308cc11b
records/july_update_2026-07-06__rec_000050/attempts/06_repair/stderr.log,170,711caeabb2c9b35871784a4334d9a3e8ad37e164d70ef2296e692bc4fadae5fb
records/july_update_2026-07-06__rec_000050/attempts/06_repair/stdout.jsonl,79255,f5b630254bf4d454210b0de948d6c71aca437414afac0d6cf58ad47ea0b14199
records/july_update_2026-07-06__rec_000050/attempts/07_review/meta.json,1704,52e9fad2650787aa4e12b5b7d530b87a525a960a76b0f6a2b20c20055935751c
records/july_update_2026-07-06__rec_000050/attempts/07_review/output_schema.json,2482,2f7fde6059c5725fd4066315b7082d9c732aec8fae93b90e64480ce47d95b8c8
records/july_update_2026-07-06__rec_000050/attempts/07_review/prompt.txt,250858,6a7398c61c152406634a9b87901e5ac939b7b46ad35235ffcc451d5c339cae38
records/july_update_2026-07-06__rec_000050/attempts/07_review/response.json,10140,8b3caff130ea8c2271d629358bc0a9fd9cd799f1ead4c94ee55ae515fb71cf21
records/july_update_2026-07-06__rec_000050/attempts/07_review/stderr.log,170,b3477707c48d5f0a8dfd7edc79c7ccbb828f8de22645dfe89d4f44904977aad9
records/july_update_2026-07-06__rec_000050/attempts/07_review/stdout.jsonl,11004,66871bd3ce444f3f1044074a0acfda8e7684674675b3af3bee3868b141ecb5f8
records/july_update_2026-07-06__rec_000050/attempts/08_revise/meta.json,1704,d9ec9c0e02b6f73deec8d2f297ee75d0785a3cb0151f0aae8d2ef2433627dc8d
records/july_update_2026-07-06__rec_000050/attempts/08_revise/output_schema.json,18153,fc4fd08860b2b19da00d319ef5a61b4493eede559424fa5e6129635e69da8656
records/july_update_2026-07-06__rec_000050/attempts/08_revise/prompt.txt,308516,6a4d4adbb1602a8c57f96e6168af3b8c6ecad6dd302fb93dfecf21d3920bf021
records/july_update_2026-07-06__rec_000050/attempts/08_revise/response.json,76932,a2da3e1efa6a07d21da2915586d424ed930bef81ba44fc73ddafcdfa4564e663
records/july_update_2026-07-06__rec_000050/attempts/08_revise/stderr.log,170,f44cdb992a64bdf60e3a63e723ddd4c1f9d07ad5f4dad23e4ca30c436c46bee4
records/july_update_2026-07-06__rec_000050/attempts/08_revise/stdout.jsonl,82714,6b940ae491e40a82e581916157ba737dd8c1f897ca499af239ca25b35ccd5e79
records/july_update_2026-07-06__rec_000050/attempts/09_repair/meta.json,1704,099fe07f4cd667054409f6c86c09fd61095f9ed0a22fd98c1170556ee2c75727
records/july_update_2026-07-06__rec_000050/attempts/09_repair/output_schema.json,18153,fc4fd08860b2b19da00d319ef5a61b4493eede559424fa5e6129635e69da8656
records/july_update_2026-07-06__rec_000050/attempts/09_repair/prompt.txt,303582,1ea7de346933ef354b58bdcd42ca6c443896f700203924e323240d9ffbef55f4
records/july_update_2026-07-06__rec_000050/attempts/09_repair/response.json,76822,63ff461c50f6beac74513e840bd1464b079e05c94c9f52e9417ef4187ad4dc8c
records/july_update_2026-07-06__rec_000050/attempts/09_repair/stderr.log,170,05c6c33c4a541be2e68c821a48bd4b40f09cfc8e2b6275ab0f235b0cd387cbc7
records/july_update_2026-07-06__rec_000050/attempts/09_repair/stdout.jsonl,82601,8bcf2968b9f75763360c2efcbd97db38f26bd49bcf2dfc916cce4cc263086638
records/july_update_2026-07-06__rec_000050/attempts/10_review/meta.json,1704,6b92471658514a7c02b3b92bf9a2bb0b053a51bccc053b6a9d20edcf18ed6ee1
records/july_update_2026-07-06__rec_000050/attempts/10_review/output_schema.json,2482,2f7fde6059c5725fd4066315b7082d9c732aec8fae93b90e64480ce47d95b8c8
records/july_update_2026-07-06__rec_000050/attempts/10_review/prompt.txt,254336,541cb2246050587171c0814eaf617d3aafb82ed319d8420f0b1683a0c4ccc81e
records/july_update_2026-07-06__rec_000050/attempts/10_review/response.json,5624,ce0347fefba89599791ad7157c71f2c1611b9f076595433e1bd9f3da7f3f8c43
records/july_update_2026-07-06__rec_000050/attempts/10_review/stderr.log,170,b1286da78269badff55fe602337d69ec7c937555b57cea1344475b021345dc5a
records/july_update_2026-07-06__rec_000050/attempts/10_review/stdout.jsonl,6234,a5efe619e91a1dd438b578412498839dfd469c3365807f0d26bb495b9e5f8c01
records/july_update_2026-07-06__rec_000050/evidence.json,30396,5eed12ea18c976702e0e0e211a4f45d707a4ea2facf4c3858c0511d7adc00121
records/july_update_2026-07-06__rec_000050/final_document.json,116043,12c122d230032d3fd73a6b1606d374670c95b29601d42e4b07edc67f013688bc
records/july_update_2026-07-06__rec_000050/packet_manifest.json,15705,1ffbc6cdb8c6af729f9ec92f0f99b30c21d7762e387fbf65af1467045a0c190f
records/july_update_2026-07-06__rec_000050/review_round_1.json,7853,01f2b3310a021b7e92e1e02c6b02316ce2ca1bffd02664d7703ff4dc6ccf5e3e
records/july_update_2026-07-06__rec_000050/review_round_2.json,11901,b96d6c82abb6f552d098936dcdeea2a8e338b057c900112df6e35464240882dd
records/july_update_2026-07-06__rec_000050/review_round_3.json,6550,0f74060e28fe35ebf2dedf5497c93d4aaf607a6a5f20e566845345b6d2a13056
records/july_update_2026-07-06__rec_000050/sections/sec_0001.md,57,e28d828881dc37e66266f34dbfe8f0103609e444d88fec433be8f5bd0ea72c86
records/july_update_2026-07-06__rec_000050/sections/sec_0002.md,44,8409c38f94350e5baf3a77b6a20cc4e4c90b17767510269178f2ec111aaaee26
records/july_update_2026-07-06__rec_000050/sections/sec_0003.md,99,0013d4ca59c2780f21d02589303bd506e579546090b81e6e824d1e9d14c9de4a
records/july_update_2026-07-06__rec_000050/sections/sec_0004.md,173,b1468c816c073556e996e6d808fb91b082ca6b86e6bbafec25a573d917fd9604
records/july_update_2026-07-06__rec_000050/sections/sec_0005.md,116,1e79bea53ef36bc28b6da2db915ffc67abb701a7b01589d823e760bee481f412
records/july_update_2026-07-06__rec_000050/sections/sec_0006.md,64,bb4f6280f66eb60a44cfc721e616ce4e83783cfd25de06df45b1cd9089c76641
records/july_update_2026-07-06__rec_000050/sections/sec_0007.md,1693,70ada846c47e59aa47016c847ec5686ee24fbbb8c645dea0808074d63329c011
records/july_update_2026-07-06__rec_000050/sections/sec_0008.md,5557,de4b8ddaa6628c3fceb56c76f235ceeca45ade5bdb96c1d1df922c61f32cbf85
records/july_update_2026-07-06__rec_000050/sections/sec_0009.md,3480,620c1a6c852528d6e0647ec02e02126c81eab8095db1c3c64ba01f5632ac1d54
records/july_update_2026-07-06__rec_000050/sections/sec_0010.md,350,b1a1bb31dccf59c50ff4ff66e824ed7ff9ddbd0460d9fa057a4a7d6c08752bfd
records/july_update_2026-07-06__rec_000050/sections/sec_0011.md,2317,3e6f703fc779647dda5fc57c8a1d772db1f33f690c4c14f23cf118efa471e816
records/july_update_2026-07-06__rec_000050/sections/sec_0012.md,2957,df9bf2bb5e953bee4bfe4508cac5d610f9bf5fd0de3e51c406bbc0ca41173793
records/july_update_2026-07-06__rec_000050/sections/sec_0013.md,1445,bae97a9abd766c9f292f59a15005d8d7c53c721c88cea63abb25f39ad3f7b372
records/july_update_2026-07-06__rec_000050/sections/sec_0014.md,4932,be29d72f9aa27333b6bf0545b485603bd248e9e24a68f1e5364134680e45913d
records/july_update_2026-07-06__rec_000050/sections/sec_0015.md,2534,492cf7b3c0ff501bd7cf2633727c29760c9dd88e4c5c4588f94781c41762caca
records/july_update_2026-07-06__rec_000050/sections/sec_0016.md,2692,95d48ef796c62ea2338be17554f875a173458d698eea2536b6380487a0381802
records/july_update_2026-07-06__rec_000050/sections/sec_0017.md,3843,7afb265ffc3d38d6897843508d3f947204fd22571b887d5f26adacfd48a82ae5
records/july_update_2026-07-06__rec_000050/sections/sec_0018.md,3272,3e64faa538aecf11644e4c402bf2bff0845ee519d68c2b0b92d799cb7caf94ae
records/july_update_2026-07-06__rec_000050/sections/sec_0019.md,3589,1d767ff215e508022f5f7bb9222bdad8fcc29a293ad6a431fa55fc265d40296f
records/july_update_2026-07-06__rec_000050/sections/sec_0020.md,4241,5b32e24489845b039d977a07189e259a67c8c31d7973c2403229f054ccd03ad8
records/july_update_2026-07-06__rec_000050/sections/sec_0021.md,1471,a3ebbff513e6802f52d0a5027bdc05a31ed197a408fda6c3f8fedb66dfe053a6
records/july_update_2026-07-06__rec_000050/sections/sec_0022.md,23895,2688e0db84831b1d29e34985397f5cec149f6160d17c6682395fa702482544eb
records/july_update_2026-07-06__rec_000050/sections/sec_0023.md,7209,69d0ba42024fa8bf48b58246c3c0c66a60a60e4269a0732316346c53d04c1951
records/july_update_2026-07-06__rec_000050/sections/sec_0024.md,55,450ab4af01a03795845b73aeca00d3b4ca94863f7d9d77b013d2e3fac7124f49
records/july_update_2026-07-06__rec_000050/sections/sec_0025.md,2564,d6de0bf1539f535168f14382c2f437368049fcccdd3d968447590a353b715b5b
records/july_update_2026-07-06__rec_000050/sections/sec_0026.md,2816,f5fdc25a6ab6daf7f9772f5a1cd7ead2db4b5bb9ab0b05f4a0257b05239150f1
records/july_update_2026-07-06__rec_000050/sections/sec_0027.md,3094,1249f3225abf381688605648d4e2888b66e83867673ed8cd02dcc430ed9ccffa
records/july_update_2026-07-06__rec_000050/sections/sec_0028.md,2270,0ea61465667cf65b0989fce907b2528c3881793c5fab9e6b8058ea829bda7e08
records/july_update_2026-07-06__rec_000050/sections/sec_0029.md,589,1f34ff92d33e358e490e00e8ef9e9c88bdd071c7aff66a3498a4a67d06f63e9b
records/july_update_2026-07-06__rec_000050/sections/sec_0030.md,727,701bea0253de53746453d110b79f28bb72ecd453cb12b5184a92858ecc26335e
records/july_update_2026-07-06__rec_000050/sections/sec_0031.md,25,1f9607e0a222c7e34541b1f4059fa10ee553cf53b10a88591a90e6c7e997c5ad
records/july_update_2026-07-06__rec_000050/sections/sec_0032.md,2839,6432b512f4df6ca53d1cf44ac635721e9b360bb743439cc7b6a188784a8ed1ae
records/july_update_2026-07-06__rec_000050/sections/sec_0033.md,1970,a88784b1c66406510f27f16c5ed5ee02716dab8d4afb8cde7eaf764004b4083d
records/july_update_2026-07-06__rec_000050/sections/sec_0034.md,2701,7bbed455ed34e90ae05c9b74b37ea1530c8346650666828ea536e95ccf95ceec
records/july_update_2026-07-06__rec_000050/sections/sec_0035.md,6235,ead294e0384c5bf1fd9377c4c63049ea9d1cc59edb733a2a0837784bb0531730
records/july_update_2026-07-06__rec_000050/sections/sec_0036.md,1631,635d14bb21e865570119cf4a764f09538072d226398601e0600aac72d5cacc0d
records/july_update_2026-07-06__rec_000050/sections/sec_0037.md,2135,6913c07da89c4f1d4226c349ea6d1fa9e99120c0cf428cf20603008f85260225
records/july_update_2026-07-06__rec_000050/sections/sec_0038.md,597,0ce129279dc45c075772c51e1287112fb0ca1985caaea277829a899aa9b9266e
records/july_update_2026-07-06__rec_000050/sections/sec_0039.md,1406,62bb5049e0c0c4fa675deb8a191b82b3b448c9d2b1e39d838d07cd2981338346
records/july_update_2026-07-06__rec_000050/sections/sec_0040.md,26,8a3b7b0ac128303e494e36c17cd56130100fc6415b56c142a2f2fdcae951b534
records/july_update_2026-07-06__rec_000050/sections/sec_0041.md,1431,f3d3cde0d043aa16db175c408172dd6c51067bfdb14f4365bf23e3084b4d9daa
records/july_update_2026-07-06__rec_000050/sections/sec_0042.md,949,6ea6a43dc08b0bf73fb1af95df10206edf9292531f0dc642ed73ae8c6ac60982
records/july_update_2026-07-06__rec_000050/sections/sec_0043.md,1400,6a04b6b7da726e8325fbd37927146499952c74480c64ca5db45b2fa3a8c06978
records/july_update_2026-07-06__rec_000050/sections/sec_0044.md,1358,28fe2888580b36f9499e6200b6dd7d1234e9be1ca4751575ebfb8aa1b28e433c
records/july_update_2026-07-06__rec_000050/sections/sec_0045.md,1056,c73215cb32e274ab96edfeff29a6f60a8eed1c0e2b312e5a6f5520ec46f3ce24
records/july_update_2026-07-06__rec_000050/sections/sec_0046.md,1922,7507abc7e369c4b57a234c8ce4440230a70488e735a56ed8833e1eb12b64b91b
records/july_update_2026-07-06__rec_000050/sections/sec_0047.md,29,a87a418272fd3fbcdffc7bd70093d4e564afd164b88f45dfcfb0fe228a4132fe
records/july_update_2026-07-06__rec_000050/sections/sec_0048.md,2926,922cfff75228a1ff03e463c302f1bf6ce83ced138600ce0b6c1013b3571c4257
records/july_update_2026-07-06__rec_000050/sections/sec_0049.md,1063,1ff467a24637bf64885f5a25fbdc7d446ebf4156e48d1b544175c2b81081d798
records/july_update_2026-07-06__rec_000050/sections/sec_0050.md,1876,3e9dad3e2dad895514faba969193c330133f415cd8441d7eef624e08e5f96115
records/july_update_2026-07-06__rec_000050/sections/sec_0051.md,1869,ded4e7c139217bde66c7cf28a9c6e1b6c3f96a1063ecc1641ab87419059e8668
records/july_update_2026-07-06__rec_000050/sections/sec_0052.md,1498,5fcb5c96cc6635c0fc8708bd1687b4e7e6aed20e4aa593aee070f416609e2cc6
records/july_update_2026-07-06__rec_000050/sections/sec_0053.md,2867,8b73f94c157324c607b6fe53144f202d0e9ce7a022668a6ce6e4e4dc8d5cd440
records/july_update_2026-07-06__rec_000050/sections/sec_0054.md,9060,1543044643dce4b4d7f5b9184c9ea0448690f6eef5089baca47589787ea7929b
records/july_update_2026-07-06__rec_000050/status.json,1589,4437dbc6eb3b44786777f07b8f73ad596ed6b175dbd918577b80350f777da407
records/july_update_2026-07-06__rec_000060/assemblies.json,102886,538dec8e3b6b31faa5ce84d77aade7f36455e43bd099792928abb33b02a3081c
records/july_update_2026-07-06__rec_000060/attempts/01_extract/meta.json,1707,d05b44d794ff38db58036d27522328c3ef6ff690aa76bb1edf709b8404b903c7
records/july_update_2026-07-06__rec_000060/attempts/01_extract/output_schema.json,18153,fc4fd08860b2b19da00d319ef5a61b4493eede559424fa5e6129635e69da8656
records/july_update_2026-07-06__rec_000060/attempts/01_extract/prompt.txt,164407,f16f8acc4cf6b9a2f4fc11abb691c6bb4755859931a68254de8331680a5832df
records/july_update_2026-07-06__rec_000060/attempts/01_extract/response.json,98128,107d980c7904b303acfe7f721f2cd47b449b3297ec47829662f06531da627820
records/july_update_2026-07-06__rec_000060/attempts/01_extract/stderr.log,170,452f2cfeb13bc4fcd0ca4e000b15f67da6a12aa8cedbc305083f563a1808b9fb
records/july_update_2026-07-06__rec_000060/attempts/01_extract/stdout.jsonl,232784,a100c3745fae8b022b4192761dcd04268eb4f8993af0a61b8586de0c5720ae9e
records/july_update_2026-07-06__rec_000060/attempts/02_repair/meta.json,1705,a259141ddba6ce33990d89e440fdcdab59d85c2c67a5ec0e74866b755e5adb0a
records/july_update_2026-07-06__rec_000060/attempts/02_repair/output_schema.json,18153,fc4fd08860b2b19da00d319ef5a61b4493eede559424fa5e6129635e69da8656
records/july_update_2026-07-06__rec_000060/attempts/02_repair/prompt.txt,274380,bae3df72909a18a8356799ecd32cb51c9e3a8c77581706d2c24b1d27ffdcbc40
records/july_update_2026-07-06__rec_000060/attempts/02_repair/response.json,99027,9106dad3f53b3a8034be7779573f24c7f0c97642805ad6cc81c9bc525c32605e
records/july_update_2026-07-06__rec_000060/attempts/02_repair/stderr.log,170,74f45b33f59eb58b2c5e10920c1629fccc40c112496c4f4b9fd29ea5bc6ecc17
records/july_update_2026-07-06__rec_000060/attempts/02_repair/stdout.jsonl,109817,c32ecf986174846df36f7712cb734efbc45d97c977e01fa802aa5cc9f58e7cce
records/july_update_2026-07-06__rec_000060/attempts/03_review/meta.json,1704,8f0644d2dcdb9627cc3c5cfa9a8cdaa09d01aa9ed9bd43571ee209ee15c78153
records/july_update_2026-07-06__rec_000060/attempts/03_review/output_schema.json,2482,2f7fde6059c5725fd4066315b7082d9c732aec8fae93b90e64480ce47d95b8c8
records/july_update_2026-07-06__rec_000060/attempts/03_review/prompt.txt,221930,8aba04aabac5145ee62330cf978b17c62f4d3277295edf2fe4e5561dbf2f2809
records/july_update_2026-07-06__rec_000060/attempts/03_review/response.json,15141,8550b3d5451824aa12b8f8e772ea9d889155952cb1a9f17c230f4bbaecd5541c
records/july_update_2026-07-06__rec_000060/attempts/03_review/stderr.log,317,f2dc4f71fe07a687c1305ceb50fd443c39a387259c7dbb609de804628c76c339
records/july_update_2026-07-06__rec_000060/attempts/03_review/stdout.jsonl,16424,cf7150ee5fcb92d2f3758db44ffb83102187892dccebf9558d5f867cf3b01c72
records/july_update_2026-07-06__rec_000060/attempts/04_revise/meta.json,1705,2b9db02aa9beec9428a36a10f11799f523fb66efa96a0ceebc7fb60eebad0378
records/july_update_2026-07-06__rec_000060/attempts/04_revise/output_schema.json,18153,fc4fd08860b2b19da00d319ef5a61b4493eede559424fa5e6129635e69da8656
records/july_update_2026-07-06__rec_000060/attempts/04_revise/prompt.txt,285488,9f248ab9990f0ff057c3b35aab3b6e8696c5a3f6cac3753d9032532b0ea26e2a
records/july_update_2026-07-06__rec_000060/attempts/04_revise/response.json,125199,154dfb83ae5a23d871b68bfd3155c52b51be97656779364e5f63789e7aecf7b1
records/july_update_2026-07-06__rec_000060/attempts/04_revise/stderr.log,170,053dc1a0ab3e453046c246a420d9517bd8ffedd3f939b0c9b939eec2803d3b19
records/july_update_2026-07-06__rec_000060/attempts/04_revise/stdout.jsonl,218617,330ccd6aca364860edb1a7bcca38eb21853e1183b6a08d5adea377033375dd26
records/july_update_2026-07-06__rec_000060/attempts/05_repair/meta.json,1705,822ae673610b6595df12f45dbeb261f69b8c83a2b4296199f24679a479fdca1f
records/july_update_2026-07-06__rec_000060/attempts/05_repair/output_schema.json,18153,fc4fd08860b2b19da00d319ef5a61b4493eede559424fa5e6129635e69da8656
records/july_update_2026-07-06__rec_000060/attempts/05_repair/prompt.txt,296540,7c51721d471d6fb3dbc8530ecb1b831fa1acbcf328e7e48e3ee0b2cc1f3ae337
records/july_update_2026-07-06__rec_000060/attempts/05_repair/response.json,125203,610c572a95d8db6e5fab8490948778730410b2e62b201b1b1dd182944114d79e
records/july_update_2026-07-06__rec_000060/attempts/05_repair/stderr.log,170,cadfb13638fdbb457e35ba4adbef1081f449775c43dcfde058971da399660f1d
records/july_update_2026-07-06__rec_000060/attempts/05_repair/stdout.jsonl,137472,9c1d218db33469fd4cec14ec9e53dfc9691c9f830e2ec579138a062cee4024fa
records/july_update_2026-07-06__rec_000060/attempts/06_review/meta.json,1704,b7b6258c14febeab19814dc66cdb7382f939bb30bcd5d8f8fcae9aac8ff30f74
records/july_update_2026-07-06__rec_000060/attempts/06_review/output_schema.json,2482,2f7fde6059c5725fd4066315b7082d9c732aec8fae93b90e64480ce47d95b8c8
records/july_update_2026-07-06__rec_000060/attempts/06_review/prompt.txt,248881,dd820bf08f0f6b780bf7e63ee5f26073f70562ce4928054b3ffef505bb95790b
records/july_update_2026-07-06__rec_000060/attempts/06_review/response.json,9535,7bfa8bbfdabc3f101e334bc32b63e82f8f604ac3e2272b6e09fdba11be22d7fe
records/july_update_2026-07-06__rec_000060/attempts/06_review/stderr.log,170,c2efbd1ae84bfbf70fbb5173132b0ef9c11eef15bf547caba8de26c5b483b123
records/july_update_2026-07-06__rec_000060/attempts/06_review/stdout.jsonl,10364,8d3805801c5faef34bc6c947520edd30a84db19f338fc329714f70bb183fdeff
records/july_update_2026-07-06__rec_000060/attempts/07_revise/meta.json,1704,ccb50ea1b479fe2e8836587d11dcfddf41b0b14d87235de4705d54b54ad75e57
records/july_update_2026-07-06__rec_000060/attempts/07_revise/output_schema.json,18153,fc4fd08860b2b19da00d319ef5a61b4493eede559424fa5e6129635e69da8656
records/july_update_2026-07-06__rec_000060/attempts/07_revise/prompt.txt,305980,0c503fc4da31176538e9e775bcc175ce7949668d1736994c3cf46cb20b047a82
records/july_update_2026-07-06__rec_000060/attempts/07_revise/response.json,57508,1db0dd4ec45593cf0771dd6d41cc3a8702e3e772de39f656f904db25701ff005
records/july_update_2026-07-06__rec_000060/attempts/07_revise/stderr.log,170,6c420ae17fc1ca1a5d5fb60e3408503851efe8fdc11190143fd39bf4b40cb7c2
records/july_update_2026-07-06__rec_000060/attempts/07_revise/stdout.jsonl,63270,0879cf20504e612eea3a51adfd616585978f34890540c75a605d8b06959823ea
records/july_update_2026-07-06__rec_000060/attempts/08_review/meta.json,1704,e5cc1faf67009281f1c763694faeaa927f3678a61bb4deba3aad924015afbe49
records/july_update_2026-07-06__rec_000060/attempts/08_review/output_schema.json,2482,2f7fde6059c5725fd4066315b7082d9c732aec8fae93b90e64480ce47d95b8c8
records/july_update_2026-07-06__rec_000060/attempts/08_review/prompt.txt,177783,1553b972dc1f6aea3d23ce17f26f40f90a632be110a0bb2a007cd52e6f1fbeeb
records/july_update_2026-07-06__rec_000060/attempts/08_review/response.json,7776,830dabd8473bfd1abf98883e030bd366550f51cddb8713c8c25ce5340bb6455a
records/july_update_2026-07-06__rec_000060/attempts/08_review/stderr.log,170,f6e5b6f094bb9d07e4b051bf7bfbda1e20da09794760a818cc098f69b5fafe51
records/july_update_2026-07-06__rec_000060/attempts/08_review/stdout.jsonl,8523,c030c27ad11091c2286ac533eed38896175e27facf14235408db8b53be3ed9d1
records/july_update_2026-07-06__rec_000060/evidence.json,42547,ea0d3d3236a2a36135017098d994d43335ef5db8cce79a7f932d515414485325
records/july_update_2026-07-06__rec_000060/final_document.json,97051,3a8ea58477a4bf2c78fc9eb25c6a9318bbf423bc4ed89cc1f2a7a313c7d043f8
records/july_update_2026-07-06__rec_000060/packet_manifest.json,11669,76445e44bfc6ce3a5b4449d097cb3f60e752ce150ae27129231333d404ffa916
records/july_update_2026-07-06__rec_000060/review_round_1.json,18493,ade97d5a1da159beedf6848b8b774a6cfacb420a22e7b0072596357b68d740da
records/july_update_2026-07-06__rec_000060/review_round_2.json,11169,6ec9e2a060b651759f8eaf345553a41a9fda8a675b456db56da7b219816b16cd
records/july_update_2026-07-06__rec_000060/review_round_3.json,9191,e412e311a23f380ff966edf343350cde9d9faa5cbcff1141a2f91f141995fce4
records/july_update_2026-07-06__rec_000060/sections/sec_0001.md,313,249ef1374c1f9c3adc0120104f697a0237ff73074d937d4934ad3cd35857f87a
records/july_update_2026-07-06__rec_000060/sections/sec_0002.md,3041,7c25f57e19cd4d26b1c04d41064519a29159461e9cb904beaaa77738b8d9826f
records/july_update_2026-07-06__rec_000060/sections/sec_0003.md,2365,61418098da585be6f3e17d1be5a96d1863317eb18f0c78310fb0ffab3d42a96a
records/july_update_2026-07-06__rec_000060/sections/sec_0004.md,1280,2093c17c6bfdde9ec1b9517197f0b08d79499633c59db5e386f259e66e75bce6
records/july_update_2026-07-06__rec_000060/sections/sec_0005.md,3230,b409abb1730b0e025c139b118881ac6d70ac7e24545e54e48fd0fab3149874ff
records/july_update_2026-07-06__rec_000060/sections/sec_0006.md,14,c28498ddc4fcc6dd77f1d52eeb80c2240396b0117a1b750647f0190ab0da2ff9
records/july_update_2026-07-06__rec_000060/sections/sec_0007.md,972,c202796515e81327c34eb923d0c64555576eb958dc109b74fcbc3cfbdefc41a4
records/july_update_2026-07-06__rec_000060/sections/sec_0008.md,54,dbd2aab99f47f3ff34efef440f22eb66c6b2b9f2eeaa93cc01bd4d02b6159c0d
records/july_update_2026-07-06__rec_000060/sections/sec_0009.md,3695,e1bdf02b3e4ba15ae2eaf7a9ac1e06f3001c1ac020116dfe3c7e1b5defb5848c
records/july_update_2026-07-06__rec_000060/sections/sec_0010.md,4370,ca9afd1f5b921b48a4cf1e70e9c12d326db8aa6e5b0573823fe017514c56102a
records/july_update_2026-07-06__rec_000060/sections/sec_0011.md,846,62e8fc706b246184064102cb40afe5607b92a11fa9f95971d5003fdcdfbd0117
records/july_update_2026-07-06__rec_000060/sections/sec_0012.md,5452,ab69ff6711a2d15bedcf2c91135dd82c68561e6c9146161d43c91e06f8190d2a
records/july_update_2026-07-06__rec_000060/sections/sec_0013.md,3503,affeb32357b1da25ff51538890640e8750d117fca4d84fbc7d27cce087e33a83
records/july_update_2026-07-06__rec_000060/sections/sec_0014.md,2675,24d1f06dbb430f02d9d3b7e238539b45e840c1530ba95ec1ec0c34d7ec0e95aa
records/july_update_2026-07-06__rec_000060/sections/sec_0015.md,464,5f038cd3cc6cc33a67cb99410f65ed4eb41d6ce64273c92be18c109b8c476701
records/july_update_2026-07-06__rec_000060/sections/sec_0016.md,218,847bcdf5949854d4f85abbb5f5d8235e20fdb52098a2809af67e5d9e9d03756f
records/july_update_2026-07-06__rec_000060/sections/sec_0017.md,284,f2fa25ba46b82390dbb634c2af1d85d5f54ee93b7a1ba0d93c5868d8afbda504
records/july_update_2026-07-06__rec_000060/sections/sec_0018.md,895,9f1909444b92e3349f25737189e64c5ba03ef1086c2555b1da263dbddd4117a3
records/july_update_2026-07-06__rec_000060/sections/sec_0019.md,1126,cd1eafcfb728a558463ea33286eefb81b6e8cb2a5a79be976faa192837d61ae3
records/july_update_2026-07-06__rec_000060/sections/sec_0020.md,2662,fca4c30ad0f1cecfcefba21496ac23eadecb0bdbf9929c6239e20e6d013d2f88
records/july_update_2026-07-06__rec_000060/sections/sec_0021.md,2833,b3d11e9abb2e814ded939b4ebdc533b65e525d8beb04433e5b7594b5df0325f4
records/july_update_2026-07-06__rec_000060/sections/sec_0022.md,613,a82d49eee0fb8e5fc73e5d600d897f6ddc0ece3451a26a7f17d5aa6bcced3fbe
records/july_update_2026-07-06__rec_000060/sections/sec_0023.md,1217,27c4c99ecdc40d0d9145db7e06b67348e7ba531134e84ee9857c514dcd0e59ec
records/july_update_2026-07-06__rec_000060/sections/sec_0024.md,5333,2cea7614353ae63c235703977f3faf27ae6c4b7ce534b94553f0c951a4784555
records/july_update_2026-07-06__rec_000060/sections/sec_0025.md,1826,1a5abd430566793541280978e9cdfee055b5c48decf2cb53cfc2fe1a1f591d4c
records/july_update_2026-07-06__rec_000060/sections/sec_0026.md,3840,a87b14c481d4c5c5469b921625ed498d39499f66cb2aa2da8005bf9ab8fc481e
records/july_update_2026-07-06__rec_000060/sections/sec_0027.md,157,c37c92fa187e3972d6f36f941ef32f5028d746e043dcb091bf1a5c24dc369ac9
records/july_update_2026-07-06__rec_000060/sections/sec_0028.md,5692,db892675eb07489b4935b9b80976618c9d581e2b7950463a2b84a129fd1d1589
records/july_update_2026-07-06__rec_000060/sections/sec_0029.md,1774,30b0701e9b80e30739032cae1a8e74b03c2f1247311aa4050442706ebd004256
records/july_update_2026-07-06__rec_000060/sections/sec_0030.md,5493,d5b3c5985750c5156dfd13833787e467e6d298ad83449b6f74881c58ac7ffad6
records/july_update_2026-07-06__rec_000060/sections/sec_0031.md,2076,855cd772235adf3bc89d581a34684f351a8590cf868142ba81f1cea4740da82b
records/july_update_2026-07-06__rec_000060/sections/sec_0032.md,3509,cfe810a8c2742e24fe89f24a987efd7eaa64c2d9249d9c4830a5a5386066b90e
records/july_update_2026-07-06__rec_000060/sections/sec_0033.md,757,b91d407821a84fd42f4950ab328f80ce05e94a6a0071f1296434cd23d993692d
records/july_update_2026-07-06__rec_000060/sections/sec_0034.md,1485,46845988a411b5f9c0a70dfd808254ad5d535cc3352eef81cf18d59b31014253
records/july_update_2026-07-06__rec_000060/sections/sec_0035.md,1905,5fd485cd68aabf9e87aaf1123082cc2f251009655f860d1e64b772c010d5f728
records/july_update_2026-07-06__rec_000060/sections/sec_0036.md,3037,73be34650fdb4ec6d23c5f02b59eb0cde9a081ac0c3f6f825a4d0bffd86ac850
records/july_update_2026-07-06__rec_000060/sections/sec_0037.md,104,2dc652a1de7e6123d16771ebf390bd430b0cf24459df4c2a83093a5b5f523e8a
records/july_update_2026-07-06__rec_000060/sections/sec_0038.md,450,dc494584c56e5ec1b94c410621c5a74857c554d6af90554d6a33d5d231988b37
records/july_update_2026-07-06__rec_000060/sections/sec_0039.md,1780,72fb3cd0bb08682c13ca5b9875d95bdaf3cdefc597394ed17ae0b1bb48fca971
records/july_update_2026-07-06__rec_000060/sections/sec_0040.md,22,7e8b0c8100a24f5c2a13d373d1857f43118c5b61ef1aece361b99a7b34d86e23
records/july_update_2026-07-06__rec_000060/sections/sec_0041.md,1629,73cc2eca889b8e1bbb530f1c2871e9a2c383dae80effc6f51679844841672024
records/july_update_2026-07-06__rec_000060/sections/sec_0042.md,906,620f43b6c3efc524a57ab2fdf127dd7680136d886b1b526a55b9afaac171e766
records/july_update_2026-07-06__rec_000060/sections/sec_0043.md,580,4d59ce21ed8c2aa647d7535373c4cef5874e1c6f204f3facf01996a8034e71a9
records/july_update_2026-07-06__rec_000060/status.json,1952,f4afce28d00d92aaa3ecd4bb978690157a3f06da84bdf04761157fd8aba80b21
records/june_update_2026-06-10__rec_000121/assemblies.json,181388,7b471ce5b98f17984cb5e34ac28c6c08adc9caa3ee12b8fcfb2b3f6fe8b9aa31
records/june_update_2026-06-10__rec_000121/attempts/01_extract/meta.json,1707,d7bd7ebb01ef1996b9e56dad71208f6154bac9f4ae310aea67cc38f4d7d3097c
records/june_update_2026-06-10__rec_000121/attempts/01_extract/output_schema.json,18153,fc4fd08860b2b19da00d319ef5a61b4493eede559424fa5e6129635e69da8656
records/june_update_2026-06-10__rec_000121/attempts/01_extract/prompt.txt,271235,d718c51afa879c0bdaaf9c9cf7a3db9d01ef34bdb8e17b4d9104ecc0e67c9a10
records/june_update_2026-06-10__rec_000121/attempts/01_extract/response.json,74832,5f573967b0cdac618b5b874434bc1b57322655a9b33a407f57a34e6083b9c2dc
records/june_update_2026-06-10__rec_000121/attempts/01_extract/stderr.log,170,df73485f45cd5e9abdd6da9bdd0bf497818aa162f19e764ce1a7f31567e3aa69
records/june_update_2026-06-10__rec_000121/attempts/01_extract/stdout.jsonl,81906,b79ef7e8e66a3eb379e98f0e2f0ef9cae587a18df8146b01344bc67ec31d425f
records/june_update_2026-06-10__rec_000121/attempts/02_repair/meta.json,1704,b91941887fb7878bd41c4a6189b9dfdf4b47f6817892dcb9762935b87e8dd30c
records/june_update_2026-06-10__rec_000121/attempts/02_repair/output_schema.json,18153,fc4fd08860b2b19da00d319ef5a61b4493eede559424fa5e6129635e69da8656
records/june_update_2026-06-10__rec_000121/attempts/02_repair/prompt.txt,353954,2be8721caaf9168197161995644987d7c5eb17db1e0613176d34ba321b70a9b9
records/june_update_2026-06-10__rec_000121/attempts/02_repair/response.json,75424,abfb1ba82f7c45f86354fda65981969bb3fd2902ca002d6361c81568e93d361d
records/june_update_2026-06-10__rec_000121/attempts/02_repair/stderr.log,170,11502b47fddba56eead8eff544ba211fcebe8c67d983281814723e88f126252c
records/june_update_2026-06-10__rec_000121/attempts/02_repair/stdout.jsonl,82509,a157e3c5514c8bb83c23462a3c5c7baa46ea95fcd89abac6e61fe1cc26b460be
records/june_update_2026-06-10__rec_000121/attempts/03_review/meta.json,1704,0686d0003aae708f6e5a3d29337cd5418e9f0c3cb4e2d2e8dfd8f84c9d644c59
records/june_update_2026-06-10__rec_000121/attempts/03_review/output_schema.json,2482,2f7fde6059c5725fd4066315b7082d9c732aec8fae93b90e64480ce47d95b8c8
records/june_update_2026-06-10__rec_000121/attempts/03_review/prompt.txt,303247,956cf349e484c6c2528232e0ee514efbb96445b5d5aac6da9b2b4478509b0524
records/june_update_2026-06-10__rec_000121/attempts/03_review/response.json,14099,a2672ca9361153b8d45252afe39670f92ff7385a0275e546c91691dac642b02d
records/june_update_2026-06-10__rec_000121/attempts/03_review/stderr.log,170,4e0c1eb2b82e05e0e38bbba8403a7e7ac8e6f0e629255adbecdf03a696a76739
records/june_update_2026-06-10__rec_000121/attempts/03_review/stdout.jsonl,15276,1267c9ee38236c5fe4b58bc7e6ad0d6f4c3cc3b6f1d4c200bc37c46a340ea637
records/june_update_2026-06-10__rec_000121/attempts/04_revise/meta.json,1704,84b301db2341124decb5079a5ac8bf47157d73303995719355f9677674cd67c1
records/june_update_2026-06-10__rec_000121/attempts/04_revise/output_schema.json,18153,fc4fd08860b2b19da00d319ef5a61b4493eede559424fa5e6129635e69da8656
records/june_update_2026-06-10__rec_000121/attempts/04_revise/prompt.txt,365487,12af1a4169ae18ad12569a35b9e4d74457f856f502cf1f99bf6ef526c1258af8
records/june_update_2026-06-10__rec_000121/attempts/04_revise/response.json,41228,50252149aacca5a03fc282f0d879d4ed1eeb132add2ff8c80b594b481cc098b0
records/june_update_2026-06-10__rec_000121/attempts/04_revise/stderr.log,170,995dba3165900af75539a16d2cde466f04a72cf58f1347c9385dc3b7efc5f98f
records/june_update_2026-06-10__rec_000121/attempts/04_revise/stdout.jsonl,44948,f1fd7c469b7bcebe15dea3d71fb9d1ac94b6b8507732b15ece0f8fba883d6bf8
records/june_update_2026-06-10__rec_000121/attempts/05_repair/meta.json,1704,36c8c017efaca288594352f20e32504465a6e3f468a653fc6ce84ef7c11cc0b2
records/june_update_2026-06-10__rec_000121/attempts/05_repair/output_schema.json,18153,fc4fd08860b2b19da00d319ef5a61b4493eede559424fa5e6129635e69da8656
records/june_update_2026-06-10__rec_000121/attempts/05_repair/prompt.txt,316354,5def4a6cd00e5c60c3d73da63bcab914dde9c480f735b6bbb0396cd554f57970
records/june_update_2026-06-10__rec_000121/attempts/05_repair/response.json,44250,95dcfc0d8dda3b46b6cc48b8dc6bff97deee80089fd0506a9974db095e4f40f8
records/june_update_2026-06-10__rec_000121/attempts/05_repair/stderr.log,170,c78c18dca924145c52702722a49a55b1e147aadd131c6af6382f7d1caa61b2d7
records/june_update_2026-06-10__rec_000121/attempts/05_repair/stdout.jsonl,48154,f267e5532ee499525b89d985d9b51a36b0ff545178b702d5ab9c8699be689434
records/june_update_2026-06-10__rec_000121/attempts/06_review/meta.json,1704,baaa8b7885d49f7451ad852abbd1d67ee40dc5c4414851669fc6902d63be5b22
records/june_update_2026-06-10__rec_000121/attempts/06_review/output_schema.json,2482,2f7fde6059c5725fd4066315b7082d9c732aec8fae93b90e64480ce47d95b8c8
records/june_update_2026-06-10__rec_000121/attempts/06_review/prompt.txt,270453,3319182c45bd94750efa12588c3ab2ecaffcc5b33c82c117fc01b3f96a2b0806
records/june_update_2026-06-10__rec_000121/attempts/06_review/response.json,5884,769b7a6efc2660e26564429936a31000e9e2eec0d927c802b987cdf7f9573df6
records/june_update_2026-06-10__rec_000121/attempts/06_review/stderr.log,170,c313ab1b7eb199dbb928b5bdb75aa12c6fdcbe44b2962738f5f713d06f70ad86
records/june_update_2026-06-10__rec_000121/attempts/06_review/stdout.jsonl,6490,c640a5e030bad9d03a58a7fb8b4ea17ea9aae9a45da370fc4bd3f4c1fe7d3e79
records/june_update_2026-06-10__rec_000121/attempts/07_revise/meta.json,1705,719dab1f336ffa6a144150911b4f9642d54977eefdbb7111a6324cd15911c73c
records/june_update_2026-06-10__rec_000121/attempts/07_revise/output_schema.json,18153,fc4fd08860b2b19da00d319ef5a61b4493eede559424fa5e6129635e69da8656
records/june_update_2026-06-10__rec_000121/attempts/07_revise/prompt.txt,323450,686ab158458797995d15b8fdf6aff887a940b4d2034b9e92e773e244608e8339
records/june_update_2026-06-10__rec_000121/attempts/07_revise/response.json,101021,aee96735420fc7d8216d0f885d865025fbcbd33a2dc400b15e0b7842701130e3
records/june_update_2026-06-10__rec_000121/attempts/07_revise/stderr.log,170,c664b7ba45a5b71b8b227d9bb6eae93eff223377920c845e0d0e9525e31f81f5
records/june_update_2026-06-10__rec_000121/attempts/07_revise/stdout.jsonl,109291,b2fc5d7c0bfd77fdbe2ce9b9b73641909ef0c42550a3c21096ba7628edd8779b
records/june_update_2026-06-10__rec_000121/attempts/08_repair/meta.json,1705,1fc1080a9859d1f9067ecc74e62e0a0699fe9113390f620ee143624a430732d5
records/june_update_2026-06-10__rec_000121/attempts/08_repair/output_schema.json,18153,fc4fd08860b2b19da00d319ef5a61b4493eede559424fa5e6129635e69da8656
records/june_update_2026-06-10__rec_000121/attempts/08_repair/prompt.txt,381648,31d1b31856e137c8bf522bb80dcb55a048a6e12b571682a2686596a20477fcbc
records/june_update_2026-06-10__rec_000121/attempts/08_repair/response.json,106195,44eadac7757f5def17ce33bcd81a058953f54399afe1072f2e0fa8d075199c5d
records/june_update_2026-06-10__rec_000121/attempts/08_repair/stderr.log,170,f1b1d6f7156d32d0e5a41bbb4c0e11530c24563b8effec5d39f8b4b100ac9d1e
records/june_update_2026-06-10__rec_000121/attempts/08_repair/stdout.jsonl,114937,cdefaef3f7750f21c377dba31d3207398717a60c90bdcfc115f4f7829cd9691b
records/june_update_2026-06-10__rec_000121/attempts/09_repair/meta.json,1705,657ce51e0162d4ab080b5d31584a0863ed97ddfc9beb367aed5113f27b8dcf5d
records/june_update_2026-06-10__rec_000121/attempts/09_repair/output_schema.json,18153,fc4fd08860b2b19da00d319ef5a61b4493eede559424fa5e6129635e69da8656
records/june_update_2026-06-10__rec_000121/attempts/09_repair/prompt.txt,385125,5b75d97be9619e114a5ca0887bb5f1c68e47f8be1c88f49307e4b38c936dd9ff
records/june_update_2026-06-10__rec_000121/attempts/09_repair/response.json,108951,34dabb7ea348cc32eea376173660bb5360337a531b7cd6f9d9f2644947a86393
records/june_update_2026-06-10__rec_000121/attempts/09_repair/stderr.log,170,04961c036c4a329b6f635dd2db8cce335d8fe84f8e78c4f7eeaa33ce56736137
records/june_update_2026-06-10__rec_000121/attempts/09_repair/stdout.jsonl,118610,fcdd43cfe8d54b9e951e625cadd48bcf4f55e70b2dbe63ec6f1d7390d6243e72
records/june_update_2026-06-10__rec_000121/attempts/10_review/meta.json,1704,2e20d342ecd15bcba2b6de736cb38742bd67a7c9d4d1a7910301fea4c4fa144a
records/june_update_2026-06-10__rec_000121/attempts/10_review/output_schema.json,2482,2f7fde6059c5725fd4066315b7082d9c732aec8fae93b90e64480ce47d95b8c8
records/june_update_2026-06-10__rec_000121/attempts/10_review/prompt.txt,337737,5e58a2cdcdaea2d566b3b3f4b23dc5920944103a2bd93b7d46e935367a1175ee
records/june_update_2026-06-10__rec_000121/attempts/10_review/response.json,10818,54f6acf1b5b1622c3641650270e22713537eb2f7028c599e69686c1c260ef42a
records/june_update_2026-06-10__rec_000121/attempts/10_review/stderr.log,170,dcb085ae6c32468e3ee6ba9dbbf1d102f45264c1ea53e10c21703788daeb8b8e
records/june_update_2026-06-10__rec_000121/attempts/10_review/stdout.jsonl,11746,053ec74b4ae5df4482f7a13a9973c888df29429a8e2be702de724f537865093d
records/june_update_2026-06-10__rec_000121/evidence.json,45601,a49e084d478d591a01fec9fb1499193ca38a36038a060f93db1bec0e78d86f1d
records/june_update_2026-06-10__rec_000121/final_document.json,171079,dbfda6fba980c7db3947c30659a55f42a820815fbd5b9f7873b06ed9b48b81d4
records/june_update_2026-06-10__rec_000121/packet_manifest.json,17613,d2c97cd322e6b9a698592e1d40509d20be883e6344fbfe5425e44f7a95ff35c0
records/june_update_2026-06-10__rec_000121/review_round_1.json,17000,4fdcbecc8c4d4c0b784cf428a138775c37e7ae12759389d6ea019141b88355a1
records/june_update_2026-06-10__rec_000121/review_round_2.json,6810,edbc84a9ff03103d22567902d3f8124f08c370aa6a644fb4c91d8aade306ef6c
records/june_update_2026-06-10__rec_000121/review_round_3.json,12779,08914757f093f62ae7df4a16a47e2813be8a05edc6332c0d85896368af032e32
records/june_update_2026-06-10__rec_000121/sections/sec_0001.md,606,01c40a71ffc708af5316e7dbb5c94c86d23a22e924f9bab7f94014f28417da6a
records/june_update_2026-06-10__rec_000121/sections/sec_0002.md,2224,282b6d7d537b1b570bf55a9ce00b7bc4bf25dec6a7a01e8ed6146bf54f1cc608
records/june_update_2026-06-10__rec_000121/sections/sec_0003.md,10154,2ffc93f1ea9cb5e32728ac07eee5e62d206198cb014c7f829637c50883bd2fda
records/june_update_2026-06-10__rec_000121/sections/sec_0004.md,19,98ad71695b4ede14d67f8875c55eb9c321ada177b8fb6984619d46c5c547f94d
records/june_update_2026-06-10__rec_000121/sections/sec_0005.md,2365,fb5b1f34436becc065d325833be2e06571f131b1de91bc58d520ea5c801a6921
records/june_update_2026-06-10__rec_000121/sections/sec_0006.md,1428,c333cd98dff9dc6f493e54e30dd2a54d3ce613242ed5bd22d475be66106b21b2
records/june_update_2026-06-10__rec_000121/sections/sec_0007.md,1919,31a5127fd7cb2206c3c46fd00c0f524c16687f1d7bb32b1e452ab610609723aa
records/june_update_2026-06-10__rec_000121/sections/sec_0008.md,1529,f188185e695ef9908e9644f7784f49245de82e05f25a56aca86d93ffc926e570
records/june_update_2026-06-10__rec_000121/sections/sec_0009.md,672,11772500387796a5fe358219e37d9a829b9e5f70fea40a1d850a60bc89cdb239
records/june_update_2026-06-10__rec_000121/sections/sec_0010.md,811,3d9a17f26914c0dc9068dcb8ccc33f6d7b704dc200983a82bad75b23565f787d
records/june_update_2026-06-10__rec_000121/sections/sec_0011.md,2434,1ade270d86123b509579dc901e107689bbf6f19cb4e0d34bbf4f34d9bd44f3f5
records/june_update_2026-06-10__rec_000121/sections/sec_0012.md,6629,2ef390448ca07586961a9a81094ff83d2fec3792ef3fe92430b8ba43b97023f6
records/june_update_2026-06-10__rec_000121/sections/sec_0013.md,7325,b5a634b1f715f2362cc75d620cb6838a68e6a5286962fcbab8399adbbd079b44
records/june_update_2026-06-10__rec_000121/sections/sec_0014.md,1952,ba2e89f9b4ea830d696cbee29a42a9ad10758575753bd064bd122c4d02c33bcd
records/june_update_2026-06-10__rec_000121/sections/sec_0015.md,1345,69e3f89827fd3eaf8a1391a6b1f8ddd1764361fc28750f20d42d06caa59cbdb6
records/june_update_2026-06-10__rec_000121/sections/sec_0016.md,1568,2cf96e3fd1d33f2d6f63e8659f4bb60d960b244b8de072c65e74d9bb87ef7f2f
records/june_update_2026-06-10__rec_000121/sections/sec_0017.md,1118,a4ba61802a0ba35701c89bda4b5a04ee95cdc41ad94d0696fc9e72f153fafceb
records/june_update_2026-06-10__rec_000121/sections/sec_0018.md,3436,d49623cb5cff8233de2f4008d29e1741b4da9013d57820b6460cc38f208b29da
records/june_update_2026-06-10__rec_000121/sections/sec_0019.md,5987,28a807d9bd22354429a76d8a04dd65e2852401824835d34dfb55723b00e14aa0
records/june_update_2026-06-10__rec_000121/sections/sec_0020.md,7078,7456ddc4df4338316d3d6a4bec3c79b582793b5b5067de1a956bf25087d970c0
records/june_update_2026-06-10__rec_000121/sections/sec_0021.md,3547,ed58e8ebc5bae4d731206640594e90d5af03747980d6825f24232b7a6b48ad51
records/june_update_2026-06-10__rec_000121/sections/sec_0022.md,25,7afcf44b211170a7359c3a3ab15401394273822e39a3df617d7fe415bd0de38f
records/june_update_2026-06-10__rec_000121/sections/sec_0023.md,536,c281fc16f4c230c263f9fcd31cfbda7666053d792b70c3a81d68278c020b8ab1
records/june_update_2026-06-10__rec_000121/sections/sec_0024.md,7247,d5fc88019bedfe397440490197b98fdc4a1f5b5bd0f0a172b644e54e384c0c3c
records/june_update_2026-06-10__rec_000121/sections/sec_0025.md,3620,b501c7b85bd1ebd51a75f08533ec97df5fd040f9892002779e931167d25f4878
records/june_update_2026-06-10__rec_000121/sections/sec_0026.md,3931,f0aa31b7cfbcbcdacff05ccfeab4c8ee13fea47c8f269a404762c8fea09b261d
records/june_update_2026-06-10__rec_000121/sections/sec_0027.md,9690,919a9e5162dda706d472453242c341ea079c2dc99b2910ab00274ab5f685aaaf
records/june_update_2026-06-10__rec_000121/sections/sec_0028.md,1720,92b428adb65490c45ecc4760ff53fa0a1799b3ecc954c6f255956ebb6a3f1d7a
records/june_update_2026-06-10__rec_000121/sections/sec_0029.md,711,0f45e394541d437a3a0bd2a444db2e37fb472c41fff5788973320622aa98ae32
records/june_update_2026-06-10__rec_000121/sections/sec_0030.md,14,9d2eaef21a0e51732dad9bda066990889a5bfcfe8b22a9624c20cc14450d58c7
records/june_update_2026-06-10__rec_000121/sections/sec_0031.md,2723,39166d0e5fdc436887be97b2b418aa74ad8ee234ca8b57d6e220269f6b60cb83
records/june_update_2026-06-10__rec_000121/sections/sec_0032.md,6499,17dbeaf17e6b133cf9e4dc943e9bdff8b49bd61b93f81d089fdc2ec42af1a596
records/june_update_2026-06-10__rec_000121/sections/sec_0033.md,3639,afd8c70e6603242ed8f7e754fd849a39659d863b00eb00cd95c59d5d1dda9a40
records/june_update_2026-06-10__rec_000121/sections/sec_0034.md,3308,56733e5cbafc2b21c43f5b43788f5d87677f33922c1762de6ccd9bbe475a448f
records/june_update_2026-06-10__rec_000121/sections/sec_0035.md,15,bcc4c1aba6c84795ea14b0eb69ed53c0d9dd20474a3935f06601c566ec06f2df
records/june_update_2026-06-10__rec_000121/sections/sec_0036.md,2993,de354e66254423b6a0e6d24bdd3a2b307f52d9711582879935aa72d6ac089d29
records/june_update_2026-06-10__rec_000121/sections/sec_0037.md,2469,344f0902b8682dae792568e47b84cd8456843741e20305260b9fe7bc15139668
records/june_update_2026-06-10__rec_000121/sections/sec_0038.md,7483,368c1c2a35257217e70647eb587a41ddc469b022740286682095db8ce5bef451
records/june_update_2026-06-10__rec_000121/sections/sec_0039.md,99,5889ca24077c05a98e226509fe2618b4d0f432dac460e08d1445af9efcb1d29a
records/june_update_2026-06-10__rec_000121/sections/sec_0040.md,388,42536960fc3368f96956f4b84df0d68cc346b6615b076b58cff09aa01029e860
records/june_update_2026-06-10__rec_000121/sections/sec_0041.md,423,f0b01a5f5b84c36be14bfcfbb7f8f4d777386418fd7ba51ef85afec81241d295
records/june_update_2026-06-10__rec_000121/sections/sec_0042.md,371,eeca298ce3f62e4e54d7522400e76a0f03f10285738aa1ed538f07f91b3295c6
records/june_update_2026-06-10__rec_000121/sections/sec_0043.md,301,288dff59e62e21d43a4581fd926f22d3d3f5dd2251b4bca05a270dfc71e3c186
records/june_update_2026-06-10__rec_000121/sections/sec_0044.md,269,00864ef2d572c6dcaeedb0f03a7dcb6563339dadaab772960b2a42a17421df45
records/june_update_2026-06-10__rec_000121/sections/sec_0045.md,331,4ed4e9d16051e0a742782c4cea8e051012905b12949fc3ec512491689c53306d
records/june_update_2026-06-10__rec_000121/sections/sec_0046.md,690,a2fc6c789fb71cccd0756c2ad184c08654b0e9e8adeb36e1fb2894d02af4ec6d
records/june_update_2026-06-10__rec_000121/sections/sec_0047.md,909,eb3a064bcd4a08890afc8030be37758cd430351dace1bff3e04808264049fc4c
records/june_update_2026-06-10__rec_000121/sections/sec_0048.md,264,a106ebcd09e66f0f99a390c79587fb4b8fae9d403198ca404ef14c4cb54cefec
records/june_update_2026-06-10__rec_000121/sections/sec_0049.md,1489,9b39504a0b96af66af68e663acee3f9ffe8ae8ae64a38613793a5c4cb1f0ae07
records/june_update_2026-06-10__rec_000121/sections/sec_0050.md,11289,3f267ff01b04689f50f3340d2309ef93aa9d0501d36814123cb56cfec846940e
records/june_update_2026-06-10__rec_000121/sections/sec_0051.md,750,ad99269e6665b06c80af6005ef24dff0bfedd7e1248971ebe8152f150eb488b5
records/june_update_2026-06-10__rec_000121/sections/sec_0052.md,2389,085f00779a628fdde8f0a211ea27ed324d3a985bb30b40113d424068ad751c8b
records/june_update_2026-06-10__rec_000121/sections/sec_0053.md,1188,eff21209afccbd950589fb878bca56a28b639312cb50189b240ffb1d8c2bbf43
records/june_update_2026-06-10__rec_000121/sections/sec_0054.md,3242,0b33db9c9917e7c83f7aad80a2703e5e9003d8fde8d1195806201698ae6b8c9b
records/june_update_2026-06-10__rec_000121/sections/sec_0055.md,3628,953fae1f051d0bef447625bff0f59ef4096136ce64dce762ed19411fa39e0dab
records/june_update_2026-06-10__rec_000121/sections/sec_0056.md,11831,5e5e8e307c45baa3e7ba704d663ee46589fa99a6351c2b9aa17c3ff3dac298af
records/june_update_2026-06-10__rec_000121/sections/sec_0057.md,5187,4ae5bd6c93faa3ad17deaab946609b9db6b8011ee4fa4db994f0e5659c967475
records/june_update_2026-06-10__rec_000121/sections/sec_0058.md,2455,6ef883ed53bad4e55f7603e4cc5bbd8f06878eab6070eb9bc7f2e06fda2da778
records/june_update_2026-06-10__rec_000121/sections/sec_0059.md,3750,c758b4d8f0263e0a4ee4bc910b9a4d7507b6a022436d4011dc603ddea432a41e
records/june_update_2026-06-10__rec_000121/sections/sec_0060.md,2044,0595c04754cbbe50e1d88879bc93d7c637f3687469e53f006f6ec236f1cac4b4
records/june_update_2026-06-10__rec_000121/sections/sec_0061.md,2271,172f0771ee66e8c640e643d7c61be760d03b7e0da1d85a3813e689be7910ca92
records/june_update_2026-06-10__rec_000121/sections/sec_0062.md,2218,88123de17773bf213db8a21b351560ade2b8548cfd3d5f6a43e99e655b811384
records/june_update_2026-06-10__rec_000121/sections/sec_0063.md,10162,d86ae4377790a42ca2cdd47207f3b427d2735ce0355d151d1767dbbfe9f554b8
records/june_update_2026-06-10__rec_000121/status.json,1989,3900397f51c32090274ca9d16f37a3aac5490bd6fe42fbd6c5f67de4e4a0f055
records/june_update_2026-06-10__rec_000133/assemblies.json,93851,3b1b78a1876b94b27e038e7ed0854adb5365849b0b25791bbb199218fec8cc74
records/june_update_2026-06-10__rec_000133/attempts/01_extract/meta.json,1707,252936193be347aefc4d6a69337ed9ad35f1219e2040fdf6cfa2f6030ecf6c3a
records/june_update_2026-06-10__rec_000133/attempts/01_extract/output_schema.json,18153,fc4fd08860b2b19da00d319ef5a61b4493eede559424fa5e6129635e69da8656
records/june_update_2026-06-10__rec_000133/attempts/01_extract/prompt.txt,174804,5f0a9fb631ab834ce9e0c3535c744d2f4e84821285aef301e7cc042bcbe029c7
records/june_update_2026-06-10__rec_000133/attempts/01_extract/response.json,98115,dfd76e339718802162d0dd6f7115b82fdde701734003a63841621fa4e211a292
records/june_update_2026-06-10__rec_000133/attempts/01_extract/stderr.log,317,78ffc99241d9374491e22eb9ae15d83b19f9c79361abf1ab05c3a28da73fe2ce
records/june_update_2026-06-10__rec_000133/attempts/01_extract/stdout.jsonl,106323,605952456815c66497bb3f5345c67e3c13ae5a182190ea8defc537edc540d6f2
records/june_update_2026-06-10__rec_000133/attempts/02_repair/meta.json,1705,04c944931a0441a168a53099c1455f17643a1f9f98573379dac27f43aa45a2a5
records/june_update_2026-06-10__rec_000133/attempts/02_repair/output_schema.json,18153,fc4fd08860b2b19da00d319ef5a61b4493eede559424fa5e6129635e69da8656
records/june_update_2026-06-10__rec_000133/attempts/02_repair/prompt.txt,329644,aa436d95e65895299631fbb0f464fe54e87c65205923be8fd1f65c980b2b756e
records/june_update_2026-06-10__rec_000133/attempts/02_repair/response.json,81669,cf61e5527c55822c82cc8432cdd521e311000eaa3e224956fa6f9649dca07cf2
records/june_update_2026-06-10__rec_000133/attempts/02_repair/stderr.log,170,7e548d879b5a607b06fb1bf2f4b90066614e78273135588b15f6be5fb84f7c4d
records/june_update_2026-06-10__rec_000133/attempts/02_repair/stdout.jsonl,183308,115e9e2ce73b8b7efcc86a7937e2e8b89432865547206b9395f809485c5a80c2
records/june_update_2026-06-10__rec_000133/attempts/03_repair/meta.json,1704,50a302e96ace2f27f491c9a94567ae7f916a5ece1c741320eb6c3c22af4684e5
records/june_update_2026-06-10__rec_000133/attempts/03_repair/output_schema.json,18153,fc4fd08860b2b19da00d319ef5a61b4493eede559424fa5e6129635e69da8656
records/june_update_2026-06-10__rec_000133/attempts/03_repair/prompt.txt,263333,7d3aa708f8e0623cc8403b5eef4058217f52d5c8ce38906bb2bea182361875d1
records/june_update_2026-06-10__rec_000133/attempts/03_repair/response.json,81574,56b7f3be5bad3b9bbfa8b3783e8b156a16edb1919de3a3e43848f7c0ccacf2a1
records/june_update_2026-06-10__rec_000133/attempts/03_repair/stderr.log,170,5e91f13ab955f0824f80252810028a516e0c115d200169759bc2fe23883fa638
records/june_update_2026-06-10__rec_000133/attempts/03_repair/stdout.jsonl,89740,376e28fc1a4dfeb84216240430ff201f72698e94faf8763a7e189185baf0a663
records/june_update_2026-06-10__rec_000133/attempts/04_review/meta.json,1704,a8a660a0ceb0c8fac3cd40370ae94de352dea43e8c43817aed467921475949fe
records/june_update_2026-06-10__rec_000133/attempts/04_review/output_schema.json,2482,2f7fde6059c5725fd4066315b7082d9c732aec8fae93b90e64480ce47d95b8c8
records/june_update_2026-06-10__rec_000133/attempts/04_review/prompt.txt,213555,3e6459a7929f9989148417a3464841e8627be8b4199b2e005b3dacd6514fc831
records/june_update_2026-06-10__rec_000133/attempts/04_review/response.json,13901,12a03db4040df513b136d8387101e86b07b0c73b6155d473b2097d238741c094
records/june_update_2026-06-10__rec_000133/attempts/04_review/stderr.log,170,07d837d576eb5961f146b283c6f570c04c1c33ca4b17deecab287e3d2c5e2ca8
records/june_update_2026-06-10__rec_000133/attempts/04_review/stdout.jsonl,15051,c6fe826dfc978b0ea32e6875c9041f142874e8f9063a7d927c1c47ddba6f6ab6
records/june_update_2026-06-10__rec_000133/attempts/05_revise/meta.json,1705,75545fb0c2afc1069a8a736d3f81318cdd93db8f89fa7511434119a15fb0e751
records/june_update_2026-06-10__rec_000133/attempts/05_revise/output_schema.json,18153,fc4fd08860b2b19da00d319ef5a61b4493eede559424fa5e6129635e69da8656
records/june_update_2026-06-10__rec_000133/attempts/05_revise/prompt.txt,275635,a7f95ea438cfe5f4539a35dc31ebd936681a89130c6094e8d5e0ef2e06c1e12c
records/june_update_2026-06-10__rec_000133/attempts/05_revise/response.json,114696,881ce6d6b9ca13dd3804c9df7e23c6ad07be4ec295326179463904de6aed31f2
records/june_update_2026-06-10__rec_000133/attempts/05_revise/stderr.log,170,661cbc9efb4a0ecfb0a47826e122e42669d874e3be6ed2efac31faca4df3bb03
records/june_update_2026-06-10__rec_000133/attempts/05_revise/stdout.jsonl,125478,4d274e5c53bce53c0f5005e22db8cd3690f4b9309c200726b7309843c6b46fc7
records/june_update_2026-06-10__rec_000133/attempts/06_repair/meta.json,1704,7114542b55fbcf832a1391cb68a70ba84eaccfd10177a488a95acdd84a8d0302
records/june_update_2026-06-10__rec_000133/attempts/06_repair/output_schema.json,18153,fc4fd08860b2b19da00d319ef5a61b4493eede559424fa5e6129635e69da8656
records/june_update_2026-06-10__rec_000133/attempts/06_repair/prompt.txt,310965,6aeb1f75cb8db7a574a8d1c0bfffd6fcb2db6abe15b1951cfa5b6444151415ed
records/june_update_2026-06-10__rec_000133/attempts/06_repair/response.json,60647,eee06f4c3733b4e48f7e76d4cc08bf00c41ae386392b745c02c69066350be162
records/june_update_2026-06-10__rec_000133/attempts/06_repair/stderr.log,170,4a6978148995d646e1fca720e92b456deaa2a57fa386bf519aa29052ccf5bd18
records/june_update_2026-06-10__rec_000133/attempts/06_repair/stdout.jsonl,66531,f579cc3d1c9eac31f706ac738dfea9e04353f76edad545f1dc4aed074d543059
records/june_update_2026-06-10__rec_000133/attempts/07_review/meta.json,1704,2cd665d8114b419d2f05bf2051b3615e18ecd19ee9ede2069a2e8d9b3f56807a
records/june_update_2026-06-10__rec_000133/attempts/07_review/output_schema.json,2482,2f7fde6059c5725fd4066315b7082d9c732aec8fae93b90e64480ce47d95b8c8
records/june_update_2026-06-10__rec_000133/attempts/07_review/prompt.txt,191379,b221ce9ec188a56a3bd00a4906b04e3e886c3bbdcc9c34a04cdf4b5cc8e8559c
records/june_update_2026-06-10__rec_000133/attempts/07_review/response.json,9110,2c8af3d8832d99cdd0a30cd50a7b58ee4077cf5a51fac6012d8b7c30e29c0e7c
records/june_update_2026-06-10__rec_000133/attempts/07_review/stderr.log,170,2fe5835e973f163cec02a3168ef6f723c98d6cbf897bbcdf8551aba47dc557a7
records/june_update_2026-06-10__rec_000133/attempts/07_review/stdout.jsonl,9970,e74aa5505f01990c27b6c6b2e27f1972f7fc334e9d1b296f3843f51322c7792b
records/june_update_2026-06-10__rec_000133/attempts/08_revise/meta.json,1705,8957e119bec5c1fbd7c7c2042d7e92047a9f27bb6bd59c60a06cad3ea16affac
records/june_update_2026-06-10__rec_000133/attempts/08_revise/output_schema.json,18153,fc4fd08860b2b19da00d319ef5a61b4493eede559424fa5e6129635e69da8656
records/june_update_2026-06-10__rec_000133/attempts/08_revise/prompt.txt,248225,63d1f39db44ea6e9614112b562477be7bfba1fad9584f1700967c9b7a6cd0ead
records/june_update_2026-06-10__rec_000133/attempts/08_revise/response.json,111234,f1d582ce0da2e16488d52951f0666ac6cb68013cf2783aafd21e6dcc83d29b07
records/june_update_2026-06-10__rec_000133/attempts/08_revise/stderr.log,170,29e2dfdd52f0704b52ab91f908c6df64925d3e1d07d3f3a40febc63a2f40f124
records/june_update_2026-06-10__rec_000133/attempts/08_revise/stdout.jsonl,193352,2e1c5b75c00358a7982d2873287a2223cc037b6560b9afd3affe647945c9f208
records/june_update_2026-06-10__rec_000133/attempts/09_repair/meta.json,1705,0bf29abe86d40872effc2c48799d64e2506291049c4de294532e77d14776c7aa
records/june_update_2026-06-10__rec_000133/attempts/09_repair/output_schema.json,18153,fc4fd08860b2b19da00d319ef5a61b4493eede559424fa5e6129635e69da8656
records/june_update_2026-06-10__rec_000133/attempts/09_repair/prompt.txt,317123,891a31818bfc87161cdd7f9cf16c356d0c51deb19d6388cbaa001f9b13f34878
records/june_update_2026-06-10__rec_000133/attempts/09_repair/response.json,53786,74720af9bc8e2cb829128a516046ac90a762350307369b540b4098f51db708a7
records/june_update_2026-06-10__rec_000133/attempts/09_repair/stderr.log,170,fea741c5c214780cbc63c57ebabf59d4707163f047fd5d6a98865df7549a3b0e
records/june_update_2026-06-10__rec_000133/attempts/09_repair/stdout.jsonl,118734,0e6b8da48c022cd4b6ee6e0391dce5ecbd24c9be1945ddf05e5025ee39208b69
records/june_update_2026-06-10__rec_000133/attempts/10_repair/meta.json,1704,5fc7250586050b0ecefd94da2e621b438f25b73ee8533f76d5ae906b8181c329
records/june_update_2026-06-10__rec_000133/attempts/10_repair/output_schema.json,18153,fc4fd08860b2b19da00d319ef5a61b4493eede559424fa5e6129635e69da8656
records/june_update_2026-06-10__rec_000133/attempts/10_repair/prompt.txt,234420,3eca6f9756550dce4c2767c7ca00e5898ca998384f48f7f394e645ea4dddcae5
records/june_update_2026-06-10__rec_000133/attempts/10_repair/response.json,53698,6d9c8d3f058c1ab65a5344d651b8889dec2851aee1dd32a2f671fdc2a389f616
records/june_update_2026-06-10__rec_000133/attempts/10_repair/stderr.log,170,606f746fa641816c369b424f44adff5949e8bac84aa6bd96e1303d83b1db8355
records/june_update_2026-06-10__rec_000133/attempts/10_repair/stdout.jsonl,59441,bd843447001c6ee0ad5d90ce8a56d5a73e4e9facd1349f66aed79a247316572d
records/june_update_2026-06-10__rec_000133/attempts/11_review/meta.json,1704,71b4bcc1002330e1a10311ba3b71e4a808f69e0a9e6b1a5d8ddc207e212c88d0
records/june_update_2026-06-10__rec_000133/attempts/11_review/output_schema.json,2482,2f7fde6059c5725fd4066315b7082d9c732aec8fae93b90e64480ce47d95b8c8
records/june_update_2026-06-10__rec_000133/attempts/11_review/prompt.txt,184392,a96bda293be6e9fe1cf5bf53d0b93757ce44d8f346f0a327812643a8ede94011
records/june_update_2026-06-10__rec_000133/attempts/11_review/response.json,7040,9b7505ab332bc504f54e9c2cae7459567b70ccb8a73edc15d4eadc4529c36888
records/june_update_2026-06-10__rec_000133/attempts/11_review/stderr.log,170,e646aeff776720f1e9e507b3ea6baffbaaa262e2941d753ae26124c35433f20e
records/june_update_2026-06-10__rec_000133/attempts/11_review/stdout.jsonl,7755,f27f219409c742897d1abe3b972acae62d362cec77a504b98b6929b7baf23d9b
records/june_update_2026-06-10__rec_000133/evidence.json,34783,29c2c8f413a6aed90b5016c20e2361fbdf638f5fbce7477bf1650c05aa034ae1
records/june_update_2026-06-10__rec_000133/final_document.json,92899,38286bff59cc06d925c243547ca9d39ba8328d83a1e7c28c458c82066d85c49f
records/june_update_2026-06-10__rec_000133/packet_manifest.json,11245,a3abed46a63286272a0806ccc35abc5c215de27b9933166147fd7c01bb2b3b44
records/june_update_2026-06-10__rec_000133/review_round_1.json,16729,07c9dc1acaa13f6e30bc53c1bcadf8ca9dc6ba9d4110c329d8a07eddfb206569
records/june_update_2026-06-10__rec_000133/review_round_2.json,10941,aa53fd2f8ef5b3ea78247e05d49566a3951c9c4ae122c7f66cf6c8ab35b2018d
records/june_update_2026-06-10__rec_000133/review_round_3.json,8417,adc7913942a964b5cee9515fad5027be8ffee04c895ea4b1be3ed29ea985c94a
records/june_update_2026-06-10__rec_000133/sections/sec_0001.md,1147,245ae70763464d3a4e7e2be40ec39c9877d12bf36c255fe816900f79c03a86bc
records/june_update_2026-06-10__rec_000133/sections/sec_0002.md,2066,7bd954dbe328754e729218c6d0a8a34c6098ae1ba99bb54dadbea9b6666913b7
records/june_update_2026-06-10__rec_000133/sections/sec_0003.md,4786,0b88ddb3b03dc237c4f8bf0398c694ca719fdb138a01b3b21941ce86090b02f1
records/june_update_2026-06-10__rec_000133/sections/sec_0004.md,13,61594c6f7a317049dd031c967133eb945d8767eb7797ffa2bcc4d308022d65ad
records/june_update_2026-06-10__rec_000133/sections/sec_0005.md,3202,68412f7bb7060bcbefe8eadba307563e7fca3c0ac46f291a4401c29df230b62c
records/june_update_2026-06-10__rec_000133/sections/sec_0006.md,3392,f6f0a1e0645b5a5e46aa89ec64648c34968f12309f3291e12dd32e091f9da411
records/june_update_2026-06-10__rec_000133/sections/sec_0007.md,3379,18e73f6ed4312f1f94d55a36b5b799e8746254e5d7a4b4496d83bccda78503be
records/june_update_2026-06-10__rec_000133/sections/sec_0008.md,4030,8c467d52a773dee336011633673fd95d96c9a7f33f95ce76e1e8f26101e2eb4a
records/june_update_2026-06-10__rec_000133/sections/sec_0009.md,3669,8fc5da90c955d8feeccb37cbab8c817f5e767c18ef215940cd8335f06fc7dae0
records/june_update_2026-06-10__rec_000133/sections/sec_0010.md,4149,49940789057c719c15319a149e4fae795718e4e9ffb6e8eff1101a7b32bebbf6
records/june_update_2026-06-10__rec_000133/sections/sec_0011.md,5956,b1e345c18b8a3ca5fb4b0c38284dd9ac400a82ea198ada5d447871e3978f9ab2
records/june_update_2026-06-10__rec_000133/sections/sec_0012.md,13,eae53f5efee4ccdd85eb18d88d9fb559dc9a153e7557c023b0bef31f509b9034
records/june_update_2026-06-10__rec_000133/sections/sec_0013.md,2482,bc946d9e9a6e69fb057976339507fb43a3e354e263557eef2a07eca2b48ad284
records/june_update_2026-06-10__rec_000133/sections/sec_0014.md,2173,0ae46d5d4b62fa2479bcac1f71c9862e8bb0bd3203abb65b9b31d03dfb4608ba
records/june_update_2026-06-10__rec_000133/sections/sec_0015.md,1374,34bb7bd8155ad437d4fa0706881a059cd0b2eb25f191b4ac8003c86ffa241fed
records/june_update_2026-06-10__rec_000133/sections/sec_0016.md,2276,dcc18968eacfa801c512c8566f64262c090907b91e40fde97f1f59420413e1e2
records/june_update_2026-06-10__rec_000133/sections/sec_0017.md,1151,49b6b110a41a7589e3ff0ccabd7538756b5d73707c36f9578d8388726d423182
records/june_update_2026-06-10__rec_000133/sections/sec_0018.md,1640,d1273750c0e99b393950a2b920eda926762e2781c5d06c16d74ba7d3d9fcf8c3
records/june_update_2026-06-10__rec_000133/sections/sec_0019.md,6040,d5816be753caa20d6e51d85ff7f9563e091f8aa068385a9abff3b875458d16fd
records/june_update_2026-06-10__rec_000133/sections/sec_0020.md,1212,f24092fb5d5d35717d565b825b4cb48217e8ac4ba1992e303aa4e2f4a2014ba1
records/june_update_2026-06-10__rec_000133/sections/sec_0021.md,1419,280236c582017d5961217c28b9b77d31e96a38064fbef47084839520bdd28450
records/june_update_2026-06-10__rec_000133/sections/sec_0022.md,876,fbe672f2de785f2890b34a91c9ea882b301d07069141f32b5eef642576ded8c3
records/june_update_2026-06-10__rec_000133/sections/sec_0023.md,1108,20005b290de25d726d528548eb6286b51211818ed07e3ce952c99dd70cbe8b78
records/june_update_2026-06-10__rec_000133/sections/sec_0024.md,2114,383e83a779ed85314ae431175a789bde7c78ed330b87ed7e82df6a68675ce091
records/june_update_2026-06-10__rec_000133/sections/sec_0025.md,1139,27a30b73c2d9a5de4cadddba5a44ed8959a92af611ce53a7adad2a51c994bfa6
records/june_update_2026-06-10__rec_000133/sections/sec_0026.md,629,58878fb8bfcf9448082834b99a11bdc5910b1ca72541794fa8903ad72967d932
records/june_update_2026-06-10__rec_000133/sections/sec_0027.md,10958,fee5033ab6d7d7334511039eed0c3d523c5f55aeee78e7ed5b06ffd2db4c4c9f
records/june_update_2026-06-10__rec_000133/sections/sec_0028.md,562,ab543a57f07a6da0eb612126d43cd55d49eaedada8ebe1dd027cdf50fbcd1bcc
records/june_update_2026-06-10__rec_000133/sections/sec_0029.md,316,a373a98237cff68d4a562812f508ce340d3031099cb0b22ae88378f97df60323
records/june_update_2026-06-10__rec_000133/sections/sec_0030.md,8104,fa093f7451906f0c6a8659e9cff7898a5f5ecbae5a5cc9fc1f2be6af789d6beb
records/june_update_2026-06-10__rec_000133/sections/sec_0031.md,12564,5c32cc55802258f037157ea51b86e3ccb134fe0b9edb7230e6d713c93b942882
records/june_update_2026-06-10__rec_000133/status.json,3253,40d7f77cc7f26c14aaa37c6baa819cdb603d12d037329ec55b39ca7bc2239fad
records/june_update_2026-06-10__rec_000148/assemblies.json,163423,5900d705097c5199fdbcc070ec22a2e455fb17c5cadef841ad6df5fa9183fd67
records/june_update_2026-06-10__rec_000148/attempts/01_extract/meta.json,1707,f7d9dccbea509f1d34fd8114ad18f684b5df1776374ccc0ae48d485aa121cf7e
records/june_update_2026-06-10__rec_000148/attempts/01_extract/output_schema.json,18153,fc4fd08860b2b19da00d319ef5a61b4493eede559424fa5e6129635e69da8656
records/june_update_2026-06-10__rec_000148/attempts/01_extract/prompt.txt,167160,e1ad7ca246674fa7a0ff314eff5f9b26b3a8edc9fe9ee361e15e20dd8c3ea7e0
records/june_update_2026-06-10__rec_000148/attempts/01_extract/response.json,121402,b73c7133a336a9bd5f330b1d7073b6ea81e64f5eccdccf2ff3b5e4d84d43fde2
records/june_update_2026-06-10__rec_000148/attempts/01_extract/stderr.log,170,9e063194dda085cda973365cd53e5263328033322446675509511b276e4a9bc1
records/june_update_2026-06-10__rec_000148/attempts/01_extract/stdout.jsonl,132782,80f0ed94153767797b6e26a990f7d86127464f0a4aadbc8779558fcc8eebdfdd
records/june_update_2026-06-10__rec_000148/attempts/02_repair/meta.json,1704,4f6c96514c578aae2301405defce493cf51ea507f754cc41f78721552920866d
records/june_update_2026-06-10__rec_000148/attempts/02_repair/output_schema.json,18153,fc4fd08860b2b19da00d319ef5a61b4493eede559424fa5e6129635e69da8656
records/june_update_2026-06-10__rec_000148/attempts/02_repair/prompt.txt,297719,239da7ca916f1460f92025b30c2bb34ca653d312b8cb67f1023866b607af9fa2
records/june_update_2026-06-10__rec_000148/attempts/02_repair/response.json,51853,095e949e64d3e7a1c11caea94bda6106d854479b641d16e3120cb3c1b1fc9fd7
records/june_update_2026-06-10__rec_000148/attempts/02_repair/stderr.log,170,2634c5259716d7d2d555cbf5acd46af957c1768ed7d0b9608835f64d98d1b082
records/june_update_2026-06-10__rec_000148/attempts/02_repair/stdout.jsonl,57039,d53f8ee107fb17ba5a664d7844b21c7f89283843e52c222ab2d2cf176179d21d
records/june_update_2026-06-10__rec_000148/attempts/03_review/meta.json,1704,c8b85f60d3bb227324c60a1ce76f2b72526c8df5c382ca9d9f25ba080e44d5a0
records/june_update_2026-06-10__rec_000148/attempts/03_review/output_schema.json,2482,2f7fde6059c5725fd4066315b7082d9c732aec8fae93b90e64480ce47d95b8c8
records/june_update_2026-06-10__rec_000148/attempts/03_review/prompt.txt,174480,83f7a769178696fc4e607b229142491050012a7fc83d83903bf48b6de4cee096
records/june_update_2026-06-10__rec_000148/attempts/03_review/response.json,13252,7bfa299c1092b9a9cdbb5ff46c3058d6012c0245214677aea9824a04c06ae138
records/june_update_2026-06-10__rec_000148/attempts/03_review/stderr.log,170,7253bf6741708db7d774b5f51e3fbbce5f0c69ebad4bbc2407dbc51641b58dba
records/june_update_2026-06-10__rec_000148/attempts/03_review/stdout.jsonl,14308,e51e0ece6b11c4b1d550b14f3c624a5f2a812aad1e1358e9f3f3541088c66e73
records/june_update_2026-06-10__rec_000148/attempts/04_revise/meta.json,1705,b4d0b539e21ca4c8d571a74e57cd6bf5460c30b2d7bc07f3dca54c8aa811ab2e
records/june_update_2026-06-10__rec_000148/attempts/04_revise/output_schema.json,18153,fc4fd08860b2b19da00d319ef5a61b4493eede559424fa5e6129635e69da8656
records/june_update_2026-06-10__rec_000148/attempts/04_revise/prompt.txt,235717,e45c0f68de0ac004fe8ae9164d98c5f35946df3682a6d4d2d1056bd9fcf88ab4
records/june_update_2026-06-10__rec_000148/attempts/04_revise/response.json,123247,4dd278453e737273781efbba155ed14cf0e250e88e134a4bf126b239f38092e5
records/june_update_2026-06-10__rec_000148/attempts/04_revise/stderr.log,170,31d9e0464981717facc87525dc95722efb13542d6bb4eb459efd6ce9bca882d0
records/june_update_2026-06-10__rec_000148/attempts/04_revise/stdout.jsonl,133381,c7340f67d309031b61fe2bd77e6318dff79687bdd4a71dc17cf271a074a73030
records/june_update_2026-06-10__rec_000148/attempts/05_repair/meta.json,1705,54ceb24fad9404d9e66ccea7276c12b5da6da09f4e80116edc7541af28e10452
records/june_update_2026-06-10__rec_000148/attempts/05_repair/output_schema.json,18153,fc4fd08860b2b19da00d319ef5a61b4493eede559424fa5e6129635e69da8656
records/june_update_2026-06-10__rec_000148/attempts/05_repair/prompt.txt,301157,a0c53fde4f7ce1b4005a62ca170327dca08246232c0eefe896db8a3d02bf9928
records/june_update_2026-06-10__rec_000148/attempts/05_repair/response.json,126841,633f9d06168615532d7e7b504a2c58376b613707044b7fef721bd3ce55c966dd
records/june_update_2026-06-10__rec_000148/attempts/05_repair/stderr.log,317,9caacce1565c5b0ac6a146f90db392c2a4d255b9dd04efea68e50064bbf1906d
records/june_update_2026-06-10__rec_000148/attempts/05_repair/stdout.jsonl,137230,30af9f821d5b3234a82817abbe8ab7550e0c989296c8047c3c070c2cd848f2cb
records/june_update_2026-06-10__rec_000148/attempts/06_review/meta.json,1704,e896e5d718167b59193c6ba405da834ffcf70bdf40f4d504534360ea39e759a4
records/june_update_2026-06-10__rec_000148/attempts/06_review/output_schema.json,2482,2f7fde6059c5725fd4066315b7082d9c732aec8fae93b90e64480ce47d95b8c8
records/june_update_2026-06-10__rec_000148/attempts/06_review/prompt.txt,252423,2c3364e2f6c54aa8aab8e117667b3bf69d5952f4761836a5b65278b94b8098e5
records/june_update_2026-06-10__rec_000148/attempts/06_review/response.json,16725,71fbc85c7496fd39b633ab0c5735e199ec6a2bbb26b579a25e0cb576bfff86ec
records/june_update_2026-06-10__rec_000148/attempts/06_review/stderr.log,170,d1c1de1f6a0d718e831bb943c6238a5debc5f9cf14cbbeaa3b2431936e7ba589
records/june_update_2026-06-10__rec_000148/attempts/06_review/stdout.jsonl,17928,0ced6ac386bd9de7fc98df598433dcc4fe19fd81c442c7adf0a0b0a256e4bb0d
records/june_update_2026-06-10__rec_000148/attempts/07_revise/meta.json,1705,45e4122d60b26d05a81d3fc4063289f84fee649b020aa2068300da4f73d1c406
records/june_update_2026-06-10__rec_000148/attempts/07_revise/output_schema.json,18153,fc4fd08860b2b19da00d319ef5a61b4493eede559424fa5e6129635e69da8656
records/june_update_2026-06-10__rec_000148/attempts/07_revise/prompt.txt,317518,7c4b690041f674b867e14ab1629b32ca73061490690a562bbfbc6100dca2bee0
records/june_update_2026-06-10__rec_000148/attempts/07_revise/response.json,193617,ca0e103d636a0b708a8ecdb3ffa66f49bcbef53a823f41daa7e785c97b81c4d3
records/june_update_2026-06-10__rec_000148/attempts/07_revise/stderr.log,170,b09470864fb4a479c2f22bbf2b68aaeff967eed15fc44e51ff9831393a995225
records/june_update_2026-06-10__rec_000148/attempts/07_revise/stdout.jsonl,209527,5a3451e24eecb2a36c1973908d1fdfb5ce90a12c147a145f97354692da2feaf7
records/june_update_2026-06-10__rec_000148/attempts/08_repair/meta.json,1705,be5a864d805a30fe26070031696dfcf3c6261dd03901d07c365c88d837879da5
records/june_update_2026-06-10__rec_000148/attempts/08_repair/output_schema.json,18153,fc4fd08860b2b19da00d319ef5a61b4493eede559424fa5e6129635e69da8656
records/june_update_2026-06-10__rec_000148/attempts/08_repair/prompt.txt,382152,bc625c31dfc1fa7c15dd6d2ce9783eea2485b85b51c43088308103269bece1f4
records/june_update_2026-06-10__rec_000148/attempts/08_repair/response.json,200470,e0c671f2052e95ca7b19267f7a6b8c14a4b08a68c723703fc4f29f4c0af25ff3
records/june_update_2026-06-10__rec_000148/attempts/08_repair/stderr.log,170,ce4e57c67a002007233fd8072c649e9cb59070db16f8bf83cd120cf57ad9f338
records/june_update_2026-06-10__rec_000148/attempts/08_repair/stdout.jsonl,216870,4bedbdd7bc6ba1815140126543c8c45daf067e8e291ad03331ecb824be6afdee
records/june_update_2026-06-10__rec_000148/attempts/09_repair/meta.json,1704,c1a7e86dd089b5a420d520f6630bae0b1e1fb95dd025040f2faa76663cc3c27d
records/june_update_2026-06-10__rec_000148/attempts/09_repair/output_schema.json,18153,fc4fd08860b2b19da00d319ef5a61b4493eede559424fa5e6129635e69da8656
records/june_update_2026-06-10__rec_000148/attempts/09_repair/prompt.txt,377365,c2a2f78ab67c0a6d5f34a9af805f5a267d2c715036d6f4e52dd856473453a735
records/june_update_2026-06-10__rec_000148/attempts/09_repair/response.json,97364,aff444f600d81610395d9f86a65f8dda5096d59e3bf7b035899ab49c42463012
records/june_update_2026-06-10__rec_000148/attempts/09_repair/stderr.log,170,ded1438af219c3312df07310a2cc21ba5d5206911ea4a83babc42f6d4310a211
records/june_update_2026-06-10__rec_000148/attempts/09_repair/stdout.jsonl,105199,1cf8becf4bce933b2f2f90a4901dd0450087e754d4aab011486aef516fa55b06
records/june_update_2026-06-10__rec_000148/attempts/10_repair/meta.json,1704,4edea51a6efc32109d168aa5ab6792c990cffcf77b02f78bec21bf314f059976
records/june_update_2026-06-10__rec_000148/attempts/10_repair/output_schema.json,18153,fc4fd08860b2b19da00d319ef5a61b4493eede559424fa5e6129635e69da8656
records/june_update_2026-06-10__rec_000148/attempts/10_repair/prompt.txt,268870,5e5613d682b76b66852f39dadd0f5b35236c9597e4baf2f63f826ae46f210002
records/june_update_2026-06-10__rec_000148/attempts/10_repair/response.json,98098,997fd991de0fac5dcc22f0368ab2e566ffe6bae5b9069386d3697aa2a9665531
records/june_update_2026-06-10__rec_000148/attempts/10_repair/stderr.log,170,2ae8893e11301ba88f7db54e5fc75d05f719f4bad3d7d70cbd295239ac8b8257
records/june_update_2026-06-10__rec_000148/attempts/10_repair/stdout.jsonl,106188,77f7f69e76018bb4540c627268567722c02ffe13d67aae7761be60018c206493
records/june_update_2026-06-10__rec_000148/attempts/11_review/meta.json,1704,6e22393c2ef7b176123aeefc9bcacf46e627ea776c00a57ecb5b1096d3d9afbf
records/june_update_2026-06-10__rec_000148/attempts/11_review/output_schema.json,2482,2f7fde6059c5725fd4066315b7082d9c732aec8fae93b90e64480ce47d95b8c8
records/june_update_2026-06-10__rec_000148/attempts/11_review/prompt.txt,222189,856c4350037bd03c7b36dc5648255838e57cb53a67bbee0070cf454b699eca55
records/june_update_2026-06-10__rec_000148/attempts/11_review/response.json,15838,9231af60068378cdc62037c7858cbb487ec19d9dd29ff84565eb3eac09e16488
records/june_update_2026-06-10__rec_000148/attempts/11_review/stderr.log,170,28cf2e1429869c8588c9e4d0f2ff414a46adf01830882f6b0e1c69711614e65f
records/june_update_2026-06-10__rec_000148/attempts/11_review/stdout.jsonl,17023,295c3fa629425f840ec9c6a429abacb4e8c510a2daaf1bb9f1b0208d7e72327e
records/june_update_2026-06-10__rec_000148/evidence.json,52921,b305f24bd60b9d4df1f970ace982709dea4bd6549e546b13201538ec20f752b1
records/june_update_2026-06-10__rec_000148/final_document.json,144650,6a0d6f39ea619e405d8411b0607f3dae6316afe1587a77227783ce8a10aa1aea
records/june_update_2026-06-10__rec_000148/packet_manifest.json,8897,1087bf738c94151b4e1c9f8657d6537ac8bf409360ecbf7fd87eada1ef10ef04
records/june_update_2026-06-10__rec_000148/review_round_1.json,15772,5e83ffe7d31b47e9a7680e9b53f7891c81f577bcfd345504be854c2fbb5a5571
records/june_update_2026-06-10__rec_000148/review_round_2.json,19823,da5ab33e24bf097b14d1358536bee504fc279badba401ad2a3eb57ebf2839dc0
records/june_update_2026-06-10__rec_000148/review_round_3.json,18863,ccd9c5c311f4847346d122060b06f12df5cc232962c98ef2404c1f5c8dddaf11
records/june_update_2026-06-10__rec_000148/sections/sec_0001.md,1411,baafa4fc271e643f0c71f0a79743d7a7570894c39278867480960ac7156ca987
records/june_update_2026-06-10__rec_000148/sections/sec_0002.md,5757,962d96e42f183680e4e63b5aa39fc7c3062e6d99c7d2845afda1860a2ba16d38
records/june_update_2026-06-10__rec_000148/sections/sec_0003.md,14,418ef750f01873dd0cdd0417b6cc4ca9f4e5e4dbcd894b11065cba7b62e6d79c
records/june_update_2026-06-10__rec_000148/sections/sec_0004.md,1492,f2229e83202b40fe35379bcb5ad7e22222d8830281a8710a9574ddd4ea5f2e4f
records/june_update_2026-06-10__rec_000148/sections/sec_0005.md,5435,fac049ae240394ad219a8844d856d68919e5bba1c371b836ba4881f582544646
records/june_update_2026-06-10__rec_000148/sections/sec_0006.md,4522,8dabc422a331c51a716555689dbd5a9692cfb0390c78db109c1be676a8669e89
records/june_update_2026-06-10__rec_000148/sections/sec_0007.md,6361,664e9709e48f5bdd17105cf799be2c9e6da0823824f5c9956e32d430fe5902ed
records/june_update_2026-06-10__rec_000148/sections/sec_0008.md,1791,1ae278237d4fe91223ec1df784906569c00b7bce8f150384f517fc8d3f9c9810
records/june_update_2026-06-10__rec_000148/sections/sec_0009.md,8327,3066363ecf11865eb1cb48c583b4f32f29a25eb8087bcca5f9813559c304d23e
records/june_update_2026-06-10__rec_000148/sections/sec_0010.md,4489,972313ed1f58d32244fd79238df3246935da8d1b80cdcb5d8e84f99a2362964e
records/june_update_2026-06-10__rec_000148/sections/sec_0011.md,21,050377a697e3b81b302d7c930809e159e71ae635aae30ea203dba989a125075f
records/june_update_2026-06-10__rec_000148/sections/sec_0012.md,2457,a46709f005755ca7883aaa249bdd3c3c85ff2d73c4a6742344b46d2275a4b250
records/june_update_2026-06-10__rec_000148/sections/sec_0013.md,2278,aa147c26ab1ba354d75e349417b742ea50758bf5e8ad58ddc62695c6765f7c50
records/june_update_2026-06-10__rec_000148/sections/sec_0014.md,3857,dffd60671c1a323ec81764d89cc4a4ef10d08af80f6018bd521fe4b62acc4331
records/june_update_2026-06-10__rec_000148/sections/sec_0015.md,2839,6b49764d6cb23d48a9cfba4cd2d316b6a6ee2395d87b81aff342897121e5f896
records/june_update_2026-06-10__rec_000148/sections/sec_0016.md,3971,c9463bbc7d880d7b2d14c81b4415d0a261a566fcd73d3fab5be574eba73e41a3
records/june_update_2026-06-10__rec_000148/sections/sec_0017.md,812,9da10215998d036e5f8ceadd9ec12500085d4fae2c262a6bd64ea7d96c3ab1f9
records/june_update_2026-06-10__rec_000148/sections/sec_0018.md,1167,d7d2949629c80d9f59955c3e9e04c15edbb474d703fadbc336e9a57552177755
records/june_update_2026-06-10__rec_000148/sections/sec_0019.md,2126,193bea4ff14fbb7e50ee72cf3e903a56c2ff8de1ebeddd2235c75063aacb50fe
records/june_update_2026-06-10__rec_000148/sections/sec_0020.md,1437,54ccad4bbcaa89ecbc43e03a1fcd198b3bc3c603ac2f4d8eb9af3b585bbf7e2b
records/june_update_2026-06-10__rec_000148/sections/sec_0021.md,1943,ef0508e78a2e3d1b3dbe447b88ffaebba6f5b1ee45e4b98f427e98731b0608e3
records/june_update_2026-06-10__rec_000148/sections/sec_0022.md,733,6fba1f40c1033c141d9918f2b9867d9f5bbf1ff08db25890676137d18c43b530
records/june_update_2026-06-10__rec_000148/sections/sec_0023.md,1321,b3d34664f0e3efd206df3b55e46cfcd27b5bd71dcedc95f4277ae7649bf4f0d2
records/june_update_2026-06-10__rec_000148/sections/sec_0024.md,2163,c372d1b32f770576fca6d650ddaab546ff7fc6e3f9da087cb6c9dbbb9a7a0524
records/june_update_2026-06-10__rec_000148/sections/sec_0025.md,997,d4300c08d5edc78bc61ca8fa55b4e65f6956c2bc4805bd11e0b8c6b50e25450d
records/june_update_2026-06-10__rec_000148/sections/sec_0026.md,1804,9b2987e7e36ef1ce1c39a34eff90d6d1ac15ee11c41b97cd68ed1eda2917575c
records/june_update_2026-06-10__rec_000148/sections/sec_0027.md,243,a4d18e067f0f3e3c22dc57375cf952612e6696c586a31783d8eedb3b3d9576d4
records/june_update_2026-06-10__rec_000148/sections/sec_0028.md,648,9dde1914d71ccd96f732fd7975e378783c6ef49ca1ece29874b92bf20366ea8a
records/june_update_2026-06-10__rec_000148/sections/sec_0029.md,614,fc3366f30c99bf72478167b225e24143d8d54fd07bd2e61f473cfdae6c4278b5
records/june_update_2026-06-10__rec_000148/sections/sec_0030.md,71,9d527db5f883ccb90bf9c5ec2d67a5f92c53810bd569f964dc60369e12aa861c
records/june_update_2026-06-10__rec_000148/sections/sec_0031.md,10141,2fafe9b4a55409cf746b1c0e201d84ff6715fe07c5a1536cada0139a064f6ce8
records/june_update_2026-06-10__rec_000148/sections/sec_0032.md,7451,a0f3e4b3636bce3d55e99581d5dc9061a52e1d6fa3509532064ccfaa8f8e9a71
records/june_update_2026-06-10__rec_000148/status.json,5835,b312c19a20b9e308415f25f9bf0b084f47dc14eff5adae962b9349970d12ac5b
records/june_update_2026-06-10__rec_000152/assemblies.json,171895,b80cbf6ba99d40b0e1b8847646377731feee233eba72ce954c0cab96ee8d4daa
records/june_update_2026-06-10__rec_000152/attempts/01_extract/meta.json,1707,7ea7d24b53147ec909d11966ec2fd45cf4b508122810d5bcbcd24d8b09ea7a7f
records/june_update_2026-06-10__rec_000152/attempts/01_extract/output_schema.json,18153,fc4fd08860b2b19da00d319ef5a61b4493eede559424fa5e6129635e69da8656
records/june_update_2026-06-10__rec_000152/attempts/01_extract/prompt.txt,175740,398a10055aa5e2cddab25efe44916ad39df1ff72ae323b242ef09303d4e5287e
records/june_update_2026-06-10__rec_000152/attempts/01_extract/response.json,78747,01655de138d7bd8033c6a5e93576517018e154f717af9974c41bd4da2a96c25f
records/june_update_2026-06-10__rec_000152/attempts/01_extract/stderr.log,170,a9a31ef14052c1a43366ffdea411bc5fea73c402bd625769d907acac9a7fa2f8
records/june_update_2026-06-10__rec_000152/attempts/01_extract/stdout.jsonl,85661,b20425937252187fe05ef59bf41d805cd70b2c0e65dd6c63adc7735888dc2795
records/june_update_2026-06-10__rec_000152/attempts/02_repair/meta.json,1705,b8d1ff34bc203edeb42c9d46eceb954580bb8c52887c429e5eab82cb955c0f7b
records/june_update_2026-06-10__rec_000152/attempts/02_repair/output_schema.json,18153,fc4fd08860b2b19da00d319ef5a61b4493eede559424fa5e6129635e69da8656
records/june_update_2026-06-10__rec_000152/attempts/02_repair/prompt.txt,287151,f3ba35f8a93097b25fa244376f82c44cc74b1cfb0604702ed400078fca2d7e4d
records/june_update_2026-06-10__rec_000152/attempts/02_repair/response.json,72887,daeff4b2de63b04ba1b5002dc6cefcb90cc6e813ef8437c754b63a270a43cf98
records/june_update_2026-06-10__rec_000152/attempts/02_repair/stderr.log,317,ba94db680f2bb6ee015a52043215dff4f41f8ba7ed313bbadcc6953450c49862
records/june_update_2026-06-10__rec_000152/attempts/02_repair/stdout.jsonl,80313,3f3f8c64bcb48924275f46b74d50eac4b2802df1b369786760fcbbe816713b8f
records/june_update_2026-06-10__rec_000152/attempts/03_repair/meta.json,1704,0360ebeb364abfc460a125ae26851204b1dc02308d2df5923e71baa2be318c42
records/june_update_2026-06-10__rec_000152/attempts/03_repair/output_schema.json,18153,fc4fd08860b2b19da00d319ef5a61b4493eede559424fa5e6129635e69da8656
records/june_update_2026-06-10__rec_000152/attempts/03_repair/prompt.txt,255476,d496cbeb9930bdcd9c9f2a207bdf5886589db3ae8920134809a7229a0da5cb39
records/june_update_2026-06-10__rec_000152/attempts/03_repair/response.json,72867,476b3e2ae42c8922fd28fe948d9dc666e3dac461916dd6dfa189e669cd13bf6f
records/june_update_2026-06-10__rec_000152/attempts/03_repair/stderr.log,170,a8fbcd505b0b5054a6b6e1f94ac19fd07d4cad77a97fae2239a9a0468de99cd1
records/june_update_2026-06-10__rec_000152/attempts/03_repair/stdout.jsonl,80297,e5d5e181d98614e2be3fe8c015ea03b3fa2e30fc484a20cb68c7bd7231905d5d
records/june_update_2026-06-10__rec_000152/attempts/04_review/meta.json,1704,ef57f2eadf7ce427f98ad6b2c16d54cca475f803c3d9b518a4c7a7f5b81ece09
records/june_update_2026-06-10__rec_000152/attempts/04_review/output_schema.json,2482,2f7fde6059c5725fd4066315b7082d9c732aec8fae93b90e64480ce47d95b8c8
records/june_update_2026-06-10__rec_000152/attempts/04_review/prompt.txt,205375,0571289d6d97d019b4df56175c161b1e348bcac427bec657cb466b38b5b0d094
records/june_update_2026-06-10__rec_000152/attempts/04_review/response.json,7275,298c73aa4deb0b831ae4e3351b5c5c7baa63522c236ba6a06df60dbbcf614fcb
records/june_update_2026-06-10__rec_000152/attempts/04_review/stderr.log,170,bd3605b1bfaf650b01d88130d7700ab0f1914362b7a9952a363bc5fb88879e94
records/june_update_2026-06-10__rec_000152/attempts/04_review/stdout.jsonl,8039,92df699477d8aff8c552a6a0c2fd274761f99e88d6b3cf395a02f6b3002c4584
records/june_update_2026-06-10__rec_000152/attempts/05_revise/meta.json,1705,d2fa52f4f2435ab82e796bb500b71de77483c644e0f3eb6a9dc45fdec454d69f
records/june_update_2026-06-10__rec_000152/attempts/05_revise/output_schema.json,18153,fc4fd08860b2b19da00d319ef5a61b4493eede559424fa5e6129635e69da8656
records/june_update_2026-06-10__rec_000152/attempts/05_revise/prompt.txt,260264,0ff6c0b3863ad9e827617697ab911d8971703ccd5e981f26238fc2326c23b634
records/june_update_2026-06-10__rec_000152/attempts/05_revise/response.json,103545,95b6d28eabe2a22013129ca1c58c907e9a80ca624b8b74f7c358b36c24bf8fac
records/june_update_2026-06-10__rec_000152/attempts/05_revise/stderr.log,317,fd936a1c154418708d1f7596d4d99c8942364ee4ffaf2d0ac32a44d6a2936185
records/june_update_2026-06-10__rec_000152/attempts/05_revise/stdout.jsonl,113277,d0e6719341694f342145b7328a3115bd566ba58e272a18d4dce0ea207ab60be1
records/june_update_2026-06-10__rec_000152/attempts/06_repair/meta.json,1704,cf62c6b6a706613c0094cc8b5148a32578ea068b8028a5822dcd8a837ec11cca
records/june_update_2026-06-10__rec_000152/attempts/06_repair/output_schema.json,18153,fc4fd08860b2b19da00d319ef5a61b4493eede559424fa5e6129635e69da8656
records/june_update_2026-06-10__rec_000152/attempts/06_repair/prompt.txt,294684,b14802140d5d543b75d032ca89d88dd822a34f395f2c643af16d2d44a5e8d44d
records/june_update_2026-06-10__rec_000152/attempts/06_repair/response.json,102445,a24591443d899bf810b9e1c485fb1637b0ca0348cd6527de699c3a509e40a4c9
records/june_update_2026-06-10__rec_000152/attempts/06_repair/stderr.log,170,4563695b441635adfea0749e9e3797ca9b77d9d46862bade5417457454e3318e
records/june_update_2026-06-10__rec_000152/attempts/06_repair/stdout.jsonl,112181,40a5448e2ff3cef1c1e0f77d55700dd92534b8a470747abfb378590d33b467d4
records/june_update_2026-06-10__rec_000152/attempts/07_repair/meta.json,1705,f0c1dcd5b2841be18b50bdcb5eefd766fa5d7feaee601029d37637a7b867f6f1
records/june_update_2026-06-10__rec_000152/attempts/07_repair/output_schema.json,18153,fc4fd08860b2b19da00d319ef5a61b4493eede559424fa5e6129635e69da8656
records/june_update_2026-06-10__rec_000152/attempts/07_repair/prompt.txt,284610,a8f15224053b354155112812cde1520de9f4591528a42842684f670630281f0e
records/june_update_2026-06-10__rec_000152/attempts/07_repair/response.json,102274,2aad2035247eb271371cb5a88699f16d319aed82ed5a3ad6a61802121520a602
records/june_update_2026-06-10__rec_000152/attempts/07_repair/stderr.log,170,669a06a500c48e1245ec54da33b47106ad10e570ac312c146bf4a30b81a3aca5
records/june_update_2026-06-10__rec_000152/attempts/07_repair/stdout.jsonl,112186,9fd7ed8d7d376cce37e3eab7e38c1d43221d5336fbe6505a425e4695bff1b245
records/june_update_2026-06-10__rec_000152/attempts/08_review/meta.json,1704,278d340df5b4c262c894d90406894f1e30a168997c064a3d27e99e3f7a92b5b7
records/june_update_2026-06-10__rec_000152/attempts/08_review/output_schema.json,2482,2f7fde6059c5725fd4066315b7082d9c732aec8fae93b90e64480ce47d95b8c8
records/june_update_2026-06-10__rec_000152/attempts/08_review/prompt.txt,236018,d60a851ce74c5cfc3e86904e7adc3146ba2bf2946de22837aadd7b1a8dbc890f
records/june_update_2026-06-10__rec_000152/attempts/08_review/response.json,11618,7dd8eb3eb63fa32c7df00955a746afe90eabf1d79bcc40bc68acff15122f5677
records/june_update_2026-06-10__rec_000152/attempts/08_review/stderr.log,170,04da2d8192f339398d944207bc13b6dfcab52016f5b17f381e1a63fdf1fa82c1
records/june_update_2026-06-10__rec_000152/attempts/08_review/stdout.jsonl,12610,b056a112017f9c751f60b14f6fd2182d2192adfd61852458f7177b273e8fc5fb
records/june_update_2026-06-10__rec_000152/attempts/09_revise/meta.json,1705,3efa3ec6df4ed52c4c56548b02044d76ad14dc28bdf4e20b162c1efe37aac1d4
records/june_update_2026-06-10__rec_000152/attempts/09_revise/output_schema.json,18153,fc4fd08860b2b19da00d319ef5a61b4493eede559424fa5e6129635e69da8656
records/june_update_2026-06-10__rec_000152/attempts/09_revise/prompt.txt,295439,a63494d89c1cdcd5d06dcf4578427d7a00c038deeeb4df011b2018a2c9df0a3a
records/june_update_2026-06-10__rec_000152/attempts/09_revise/response.json,113171,b6166f3cf43ae93f78c800a081a8e6977911f04b7028a48d7f6ba73f19b2bcf3
records/june_update_2026-06-10__rec_000152/attempts/09_revise/stderr.log,170,225cf2b24d68e79445cbdfac75392bdd8339da84f7a50b66c84901d4cc53b3e3
records/june_update_2026-06-10__rec_000152/attempts/09_revise/stdout.jsonl,123645,9684d1742811ebe3770b62483bbda69ea7a5762f3d984c5c13173ddb10ac39b3
records/june_update_2026-06-10__rec_000152/attempts/10_repair/meta.json,1705,5be53615703a4db4a909bf394737521927e4069729661f551bc2d04cfe608f6d
records/june_update_2026-06-10__rec_000152/attempts/10_repair/output_schema.json,18153,fc4fd08860b2b19da00d319ef5a61b4493eede559424fa5e6129635e69da8656
records/june_update_2026-06-10__rec_000152/attempts/10_repair/prompt.txt,300744,d011e0846c7649e86ac2182ef591b219151d7f5145e32198d98f89cd94c93884
records/june_update_2026-06-10__rec_000152/attempts/10_repair/response.json,99413,e265e207e727caed6fdc691931bde2c9b0e423591bf899738aae6ef58c62538b
records/june_update_2026-06-10__rec_000152/attempts/10_repair/stderr.log,317,02ef8cdafcdc21356c1957d1cd460dc79fe9cca14d6974a250561f25f5c4d562
records/june_update_2026-06-10__rec_000152/attempts/10_repair/stdout.jsonl,109460,e73a5c1d55ebb44aaa94537312b35788e2362dce93a937790dc2a4e13553e387
records/june_update_2026-06-10__rec_000152/attempts/11_review/meta.json,1704,981f25f35a07fdd13ce5d9cfe02f034b894fb66db0bb21324299821abbaab388
records/june_update_2026-06-10__rec_000152/attempts/11_review/output_schema.json,2482,2f7fde6059c5725fd4066315b7082d9c732aec8fae93b90e64480ce47d95b8c8
records/june_update_2026-06-10__rec_000152/attempts/11_review/prompt.txt,233001,ce27165cca0a3c4887a4fb538044ced7b2931f7237ca00775e50648a8c0890a2
records/june_update_2026-06-10__rec_000152/attempts/11_review/response.json,5458,5ebcd6586219589bf0caa4ae6c29b3e43095452ca23e27497edeebfb37fb7c84
records/june_update_2026-06-10__rec_000152/attempts/11_review/stderr.log,170,c6f47dcdc80c43d0ec96bc1c013e6f4130c5519d985e3143806baf34a687d88c
records/june_update_2026-06-10__rec_000152/attempts/11_review/stdout.jsonl,6144,3a035bf44306700abce03e60c3fbbf2c92ce729c17bcf9f876a4a9647255ef29
records/june_update_2026-06-10__rec_000152/evidence.json,47633,7ad5121bb19bfa95c896cb27ffde684471e636099db6c6dbcc246761d20d4775
records/june_update_2026-06-10__rec_000152/final_document.json,164368,722db4b4a22bcd30451c963c052d77e5bc539dfc554d56880c1fdbd5d36304d1
records/june_update_2026-06-10__rec_000152/packet_manifest.json,6966,b99c21845589d186db8065233eb1d097e6dfcf78efc5763c9e5ffba66c700774
records/june_update_2026-06-10__rec_000152/review_round_1.json,8709,0105ed7b4350d960e0e2248f2f34885c1d21b7496c0f77ec2f3fc1ee8e7f9325
records/june_update_2026-06-10__rec_000152/review_round_2.json,13849,cbe8693acabc19d62eee6ceae784eb5cf3b0653b34cc271afdaba161e8b7be7e
records/june_update_2026-06-10__rec_000152/review_round_3.json,6638,670ba0308126f994a4fdfe23bf7fc0e334cd9dd1775d4f56bd7bef1fbd4b6cc3
records/june_update_2026-06-10__rec_000152/sections/sec_0001.md,2094,43fb529bd548065b5924948c67bb2eaa28431832be0ac9eb64805ae8fbb7492d
records/june_update_2026-06-10__rec_000152/sections/sec_0002.md,8992,aebafa78ca98c5c6b71497d8bf9ee6747f5c8475f2630ec573e72a5ecd90a7ec
records/june_update_2026-06-10__rec_000152/sections/sec_0003.md,1203,4dea2388fea3eee41963fc66fa3513a291f5ccf86facd21f0275e3df3dcca0bb
records/june_update_2026-06-10__rec_000152/sections/sec_0004.md,12,10ed80fa9ba26560ee8bdeaa261423961428238c12bd0b249dc775f4e1ab94f3
records/june_update_2026-06-10__rec_000152/sections/sec_0005.md,7165,63515306e188a30c34e4ff6be57b62bf064851182d14362db1b6140cf242a476
records/june_update_2026-06-10__rec_000152/sections/sec_0006.md,9106,a0add272648bd2d6ee0c77a2ac9cd4f6175c24ee4070c24b3df745ebc3ac0a5e
records/june_update_2026-06-10__rec_000152/sections/sec_0007.md,1735,a400ac272b8f800abdb406e8a67d33d7f04b5a3c34e1bf8fc742681961b4a32d
records/june_update_2026-06-10__rec_000152/sections/sec_0008.md,4518,0343bdc79b7cb6e11271350a4d3743e32449e1e05e4bc5bf945fdd7af7e19e25
records/june_update_2026-06-10__rec_000152/sections/sec_0009.md,7480,42c195920624a04f4f61524bee94504d277650f33705584d1b0d30a2630bfc3f
records/june_update_2026-06-10__rec_000152/sections/sec_0010.md,3223,a375e7fe4885eaabeb1ccb84c3e516465e09b4fb7b7d95f24ff6e5afd8e75664
records/june_update_2026-06-10__rec_000152/sections/sec_0011.md,3011,25f1ced94dd9395927ea067514fce2645af9b7c4df8a8571baface870836603f
records/june_update_2026-06-10__rec_000152/sections/sec_0012.md,3480,4e70c50afc775b090196942eeb17f98ec83a32f486c3c3be06c804aaa3ae8248
records/june_update_2026-06-10__rec_000152/sections/sec_0013.md,11727,f50d0fa635202dfb105eef8a372c8907fe6f7e47736cca183cff03a8c6290428
records/june_update_2026-06-10__rec_000152/sections/sec_0014.md,6971,374ebe9f34f27268d530895d5d91aafaca6a4e8c8aeb250c641a8c2564b1bbb7
records/june_update_2026-06-10__rec_000152/sections/sec_0015.md,12,8a1738add756712e5a41cc374211cabb52def667d38b57a2ec8acbd5745b4a3b
records/june_update_2026-06-10__rec_000152/sections/sec_0016.md,2304,49e6f85679ec7bc057dc127e52b2aa87d400be80cea115db35a4f394dc9b5923
records/june_update_2026-06-10__rec_000152/sections/sec_0017.md,879,554d59d5acac4b20d0ed8f007dab7aa1397f82fef58aab0e633c022afac97ef3
records/june_update_2026-06-10__rec_000152/sections/sec_0018.md,3681,6115dae3ac22a8fdfc90a1c5ee2baacb9332e4112460e24b5f09ea9f3d99aebe
records/june_update_2026-06-10__rec_000152/sections/sec_0019.md,3734,c760e3551332fd3752672ee559a2099f6b0d88e81c7bd533667f1fcd8a8edf42
records/june_update_2026-06-10__rec_000152/sections/sec_0020.md,1152,f2bedbe2ad19d24f62054e43779cb474d754129eef5c179a75e9dbe83fda5b25
records/june_update_2026-06-10__rec_000152/sections/sec_0021.md,2932,bbf5e2f7dfc79a1ba7620185b43593f2e6908c6151476000bc7a966168e841d9
records/june_update_2026-06-10__rec_000152/sections/sec_0022.md,825,12ba89cb3dac9f1a31be6233fadf5cc988080a831bcecc7c891f3ab3d2724c21
records/june_update_2026-06-10__rec_000152/sections/sec_0023.md,180,36664007dff84e63c336bbde879305cd14f0a25ecaaee64c1edbf9ca4585702e
records/june_update_2026-06-10__rec_000152/sections/sec_0024.md,243,ff3819b97ca5989d2b200b01d2507ae2755f708eed00af5fc29cd125811d5053
records/june_update_2026-06-10__rec_000152/sections/sec_0025.md,75,84ba926b03e9ab53ae25c75826565f03bea1923e1a949303bd513462e4b2b32d
records/june_update_2026-06-10__rec_000152/sections/sec_0026.md,10662,1903e8701f454ad307440c1498926cde74069dce8af9966822f34795f8d8cede
records/june_update_2026-06-10__rec_000152/status.json,4819,8e919b2384bbdafd596e601c13828a8b80ae0496c48351f01ead85ca299a2cbf
records/june_update_2026-06-10__rec_000194/assemblies.json,75304,bed3a98674f9cf35dc906fd5d2a24349982ae3d8acca3a9b1d68a9736c4a9b22
records/june_update_2026-06-10__rec_000194/attempts/01_extract/meta.json,1706,79e4eb42815c4f02249be88aa831bc769f0f2f88e20bf303d81b09e1b793fe8c
records/june_update_2026-06-10__rec_000194/attempts/01_extract/output_schema.json,18153,fc4fd08860b2b19da00d319ef5a61b4493eede559424fa5e6129635e69da8656
records/june_update_2026-06-10__rec_000194/attempts/01_extract/prompt.txt,188686,c783e450840ff35c1758f87f156aafd9aada696059a3b5e02442e897254f7b7f
records/june_update_2026-06-10__rec_000194/attempts/01_extract/response.json,62987,18d9df80464ad2740b88d9c120a51c546edbc2789979c1e750b83e7456dec671
records/june_update_2026-06-10__rec_000194/attempts/01_extract/stderr.log,170,2d3b000d36bb9219378c6499a0635f52e617bbf3e194d1bd16e5e429175e6b73
records/june_update_2026-06-10__rec_000194/attempts/01_extract/stdout.jsonl,67507,2b82164323f82657d6f860fc0b64b0e1f2cde8567dc77831aa7928361f3724e6
records/june_update_2026-06-10__rec_000194/attempts/02_repair/meta.json,1704,c99742aa21846613d1a2e9f33bb1ec1b37abcd7ab8b378c6561b367b6f11ad42
records/june_update_2026-06-10__rec_000194/attempts/02_repair/output_schema.json,18153,fc4fd08860b2b19da00d319ef5a61b4493eede559424fa5e6129635e69da8656
records/june_update_2026-06-10__rec_000194/attempts/02_repair/prompt.txt,256573,d54d285f5ac4891bb8e7eaa5e460c47f98cd36446f53f4d354b8f4f84ffb2297
records/june_update_2026-06-10__rec_000194/attempts/02_repair/response.json,63816,50dd91ee1051251e5b67385ed4ff56afb303b98ef401dbf322c183b83236fd96
records/june_update_2026-06-10__rec_000194/attempts/02_repair/stderr.log,170,c951ec5d675f850147c2fcf6a6c522a3429c954a9a5b15d70d8502ef5d2d0bbc
records/june_update_2026-06-10__rec_000194/attempts/02_repair/stdout.jsonl,68386,c4753ef318634259fb1f9f34733bb7eb0cf8012a1238790a6712fedc409d227b
records/june_update_2026-06-10__rec_000194/attempts/03_review/meta.json,1704,8e3cffa2a5733b25e9a54dfed6474015d3b5773a0a4d36b58d1a936eb958498a
records/june_update_2026-06-10__rec_000194/attempts/03_review/output_schema.json,2482,2f7fde6059c5725fd4066315b7082d9c732aec8fae93b90e64480ce47d95b8c8
records/june_update_2026-06-10__rec_000194/attempts/03_review/prompt.txt,207723,fb073c3a693361081440820a2147dbe88da6bc71f1007aaf2a05be8a11dbb821
records/june_update_2026-06-10__rec_000194/attempts/03_review/response.json,13258,b389e876ac4735d8b9e7e12a54cf3962c6db7145c532235d3975821988163c62
records/june_update_2026-06-10__rec_000194/attempts/03_review/stderr.log,170,d149d7e47747a06434e337dd4877865838db3b87f5a6ff8a2b5100fe3d315d52
records/june_update_2026-06-10__rec_000194/attempts/03_review/stdout.jsonl,14291,21c6478cfa0bc5d4dcb5aa65cb66fc9edaf5e0df153aa2b0a7f7e473cab2ddad
records/june_update_2026-06-10__rec_000194/attempts/04_revise/meta.json,1704,9c3e857a4796958a65e4a9d588ced2d2d8b130cb51b1dae504cd2fc57678c5bc
records/june_update_2026-06-10__rec_000194/attempts/04_revise/output_schema.json,18153,fc4fd08860b2b19da00d319ef5a61b4493eede559424fa5e6129635e69da8656
records/june_update_2026-06-10__rec_000194/attempts/04_revise/prompt.txt,268842,1518e1140ce14ac9d0828dfa0effe394ec0db540bef3c425786c859a45e8869d
records/june_update_2026-06-10__rec_000194/attempts/04_revise/response.json,72604,45800935e72bfee537b88679d21bb735b46f467c5c0a0e677a6b9b162a36bf42
records/june_update_2026-06-10__rec_000194/attempts/04_revise/stderr.log,170,8278583d4a274b4290c54491192ff052e4cc289c3ad1a2c62ba8ab7b50a299ac
records/june_update_2026-06-10__rec_000194/attempts/04_revise/stdout.jsonl,78004,1ed3e9d35aa7e064bbdd6abb0a8df83aed3e5325bcc247e283869b3cfa6bba45
records/june_update_2026-06-10__rec_000194/attempts/05_review/meta.json,1704,346715e6bb9251c750321c866c2c256ee70a2756d597d58f553d723b8fdaf90e
records/june_update_2026-06-10__rec_000194/attempts/05_review/output_schema.json,2482,2f7fde6059c5725fd4066315b7082d9c732aec8fae93b90e64480ce47d95b8c8
records/june_update_2026-06-10__rec_000194/attempts/05_review/prompt.txt,216936,6ccc581ec022bbe17a6af6ea01ae501ddc470b8735d8f3d3f1f4435136ac1d1f
records/june_update_2026-06-10__rec_000194/attempts/05_review/response.json,9191,9d45a1f9e33559adf5bc4098bf20c508e2f4a3fc85c6a3088db3ce5313bcec67
records/june_update_2026-06-10__rec_000194/attempts/05_review/stderr.log,170,4349e71404d6619c978798b2f3a3ca1b47e761092beefd4b5654fcdfb5839b4a
records/june_update_2026-06-10__rec_000194/attempts/05_review/stdout.jsonl,9947,0a571f1376c57edccf3fb13bbc554400fbc62d02136f9366a3daba6ad4bee1dc
records/june_update_2026-06-10__rec_000194/attempts/06_revise/meta.json,1705,6d9e9245f3ab72e4ed4e6a6edcd94825acddfb37e0ae10eddc9751f9e3c5f1fa
records/june_update_2026-06-10__rec_000194/attempts/06_revise/output_schema.json,18153,fc4fd08860b2b19da00d319ef5a61b4493eede559424fa5e6129635e69da8656
records/june_update_2026-06-10__rec_000194/attempts/06_revise/prompt.txt,273641,577cc1ff574008aa55edd04afa3a8c9d5836217bb0754d5366cf3f9f7df921df
records/june_update_2026-06-10__rec_000194/attempts/06_revise/response.json,120089,3ac11478af108a984b959c19925397d29d650dfe60898ae9eced5e5fa02bb03b
records/june_update_2026-06-10__rec_000194/attempts/06_revise/stderr.log,170,a734bed250a83fd61f9e5f268f99d4d0a78f2d79832a4e5256d81ab49a4300a6
records/june_update_2026-06-10__rec_000194/attempts/06_revise/stdout.jsonl,129003,91bdd70449ca95e6d5b5e2c8dfbb3fef6e74bdc3ee8d74734e981a75ce2a56f7
records/june_update_2026-06-10__rec_000194/attempts/07_repair/meta.json,1705,8ca222fbbf4af92b87b635a97ef89a00c7493a1a09a38937314e571847272648
records/june_update_2026-06-10__rec_000194/attempts/07_repair/output_schema.json,18153,fc4fd08860b2b19da00d319ef5a61b4493eede559424fa5e6129635e69da8656
records/june_update_2026-06-10__rec_000194/attempts/07_repair/prompt.txt,315532,627cfd49bdfada8ff4a205384e9296fcaefe289b0d9a0ab0d0e0b235412867eb
records/june_update_2026-06-10__rec_000194/attempts/07_repair/response.json,120087,8f1086c3f4211691041403a344c5354119677bea0028cecbdd6647891a2bd868
records/june_update_2026-06-10__rec_000194/attempts/07_repair/stderr.log,170,5476b290cb0cfb63b234e9d438b7d905dd9b0065d62dcfaad09d6689e6a4dbac
records/june_update_2026-06-10__rec_000194/attempts/07_repair/stdout.jsonl,129012,a3574c751e11bd9f5e027a6f42d3d1fe1dd646edc2cfc5a93e2b7c3e70b50cdd
records/june_update_2026-06-10__rec_000194/attempts/08_repair/meta.json,1704,ff54ae1ffd78ff3ad73ee471d44d2cfa5f10a43a81de912b58aacd2de6d687a5
records/june_update_2026-06-10__rec_000194/attempts/08_repair/output_schema.json,18153,fc4fd08860b2b19da00d319ef5a61b4493eede559424fa5e6129635e69da8656
records/june_update_2026-06-10__rec_000194/attempts/08_repair/prompt.txt,314018,2f34968fe8a9dca53749cb4721ba9f9e96502a2eeefdb23942b9db66eea2a1ec
records/june_update_2026-06-10__rec_000194/attempts/08_repair/response.json,47263,ab13d4654236ac04c8a522c1579374f042bb4de11d22e46ae7db0fa79f84a5d4
records/june_update_2026-06-10__rec_000194/attempts/08_repair/stderr.log,170,4e0d511daa9584185162d85bb1b1519b2af028c69e93472b1186526f9349e38c
records/june_update_2026-06-10__rec_000194/attempts/08_repair/stdout.jsonl,51295,f23b5e6e0d88921d80d0e010888a37a2fbfa94b3692222ee1e072cd7bf1847b0
records/june_update_2026-06-10__rec_000194/attempts/09_review/meta.json,1704,a9aa6d4c4b102a062c652e54037aa0ec9c61f2caf59966797f20f93226b6aee8
records/june_update_2026-06-10__rec_000194/attempts/09_review/output_schema.json,2482,2f7fde6059c5725fd4066315b7082d9c732aec8fae93b90e64480ce47d95b8c8
records/june_update_2026-06-10__rec_000194/attempts/09_review/prompt.txt,190732,9a4b0af0a5296f333f48646079e7404461c2ff9172a5338978de5e94fc27bc0c
records/june_update_2026-06-10__rec_000194/attempts/09_review/response.json,8912,0afd219142edd3639f680ff08271eb45ca8670a91a6abb4bed5e7521fcf26149
records/june_update_2026-06-10__rec_000194/attempts/09_review/stderr.log,317,10ab442486f23a26b541a98a4cd5b79eedb21e807f36fdd387a3107369d57c2f
records/june_update_2026-06-10__rec_000194/attempts/09_review/stdout.jsonl,9724,088ef0e5f0ac0562cd2e79dc87d7cc48078e65f0a03c9f5216cb51cfc385ea3e
records/june_update_2026-06-10__rec_000194/evidence.json,14657,224d9b9036a931c433bf9c20aa679917287524174a87e37b4fb7d2086ac52965
records/june_update_2026-06-10__rec_000194/final_document.json,70045,ef357d09c77f692953e8cfb56da14cfb49e895db31311d617bb7851e767112ab
records/june_update_2026-06-10__rec_000194/packet_manifest.json,16562,9099cd4d41adc08fa6c69c16a24af6a118082bb1301de983939a3f289e1051a3
records/june_update_2026-06-10__rec_000194/review_round_1.json,15581,5e18550aedc1ef2bc864d3cea63908a9bd2c61e5edab8e10fd37b707ac2b7f39
records/june_update_2026-06-10__rec_000194/review_round_2.json,10660,ebd410523385b0331f353ae026aaa7f2b8d711a79127fe9075502e5a626fd949
records/june_update_2026-06-10__rec_000194/review_round_3.json,10581,4902f7cbb73ca0e4ce301d5f3f3ffd7a59c67a118d57f0b41cbe7073ad0344a6
records/june_update_2026-06-10__rec_000194/sections/sec_0001.md,101,c72d4ae69bd3b1b2fde62fafcb4328fa055de411cde257204de26846b1c723b4
records/june_update_2026-06-10__rec_000194/sections/sec_0002.md,115,f12b0ffc6cdb9ac782c75d7223a61311ae39b5fc965da501f9fb23c6acca6501
records/june_update_2026-06-10__rec_000194/sections/sec_0003.md,21,5576b706b7d6f1edc2243c942475102f47ddb1b765f37db3b10dbf2a6e186ae9
records/june_update_2026-06-10__rec_000194/sections/sec_0004.md,116,d6a026efe7d6838c4d124ed2897f69a39b7ac0ed8f0e412024ccb759421eec70
records/june_update_2026-06-10__rec_000194/sections/sec_0005.md,123,7f2ed0dae8e5af802ae14d26665b197a410b9a836194bfae72f55ef624e74022
records/june_update_2026-06-10__rec_000194/sections/sec_0006.md,1678,84eb689832e3fcfd7cf28e275101d92a999b5e4512c3e422c31faa3edbedd15b
records/june_update_2026-06-10__rec_000194/sections/sec_0007.md,6996,70cfb527078b30612ff60c988f8991af837e1e987258888a14f85d6f38d12cef
records/june_update_2026-06-10__rec_000194/sections/sec_0008.md,458,1bd4b309df3d22bf642b8f1de340bcd70463f078e3395744ec0eb9e59fe4a8b1
records/june_update_2026-06-10__rec_000194/sections/sec_0009.md,514,4f573cf6c45a1065710b67a3570d64f3546031bc995d25e094fd5ceb36d47764
records/june_update_2026-06-10__rec_000194/sections/sec_0010.md,6847,7b330477cfa33ba0de8b60db67a4f7500d1ae0eadde9b580ef92d74c30f784ae
records/june_update_2026-06-10__rec_000194/sections/sec_0011.md,263,8ffda22014904255004474788fb642ea897d8c9be321fbbc56246803ae8c9c79
records/june_update_2026-06-10__rec_000194/sections/sec_0012.md,8764,08e9a2ffa968efc2b785c66d3389d661954526458fd7e1ad97d9c0ff84f75269
records/june_update_2026-06-10__rec_000194/sections/sec_0013.md,4399,6fa268731119b7cde0ae1133102f095dfeb9a458831f8079a3394592fc9cc6fc
records/june_update_2026-06-10__rec_000194/sections/sec_0014.md,5090,b0da8b3c3905fcab19d9566a08226a9442175fe84f884c04e14dbdd340cc9405
records/june_update_2026-06-10__rec_000194/sections/sec_0015.md,3019,7b537e0af0ee0737278d13ce243b292a877dcfc5d45e7d7434193e887baed4a4
records/june_update_2026-06-10__rec_000194/sections/sec_0016.md,1524,b39fa31677728636e8846db603c1e3b0bdd860770652489fbe2e25b4221f59dc
records/june_update_2026-06-10__rec_000194/sections/sec_0017.md,1569,735903ef6be06c3ef7524fd87429b392d79d6df567a1d9cc5c8f6526f31c7481
records/june_update_2026-06-10__rec_000194/sections/sec_0018.md,8843,e6124880c39c51b685d9ce9b5d97b009c8c13f9b95114a86a2870f388d9482df
records/june_update_2026-06-10__rec_000194/sections/sec_0019.md,1180,3123221f0ef21135317f4a7aa75cec24705603aef36184d47d30c198f5a4f3c1
records/june_update_2026-06-10__rec_000194/sections/sec_0020.md,4405,9abe9c2df0278a1fef9997d77ec4f1406c2ed440e224d236e4902dda576cce35
records/june_update_2026-06-10__rec_000194/sections/sec_0021.md,1543,1b39f71493703a47be04d6eb3243d7ee7dc62c10d9777b98713c82e358d4fd75
records/june_update_2026-06-10__rec_000194/sections/sec_0022.md,31,c967b8fc7ef087f5959294c8a057b912a2cd1bc97c33324aaff1c4f8243e2469
records/june_update_2026-06-10__rec_000194/sections/sec_0023.md,1817,78d782d92e7e2341040a09680b7c9bf13f969e589c55dc45d30a3b3048b69499
records/june_update_2026-06-10__rec_000194/sections/sec_0024.md,680,135371ee58c2744d3eab37da64e34a9a76d727d0601197681bbcd55769257752
records/june_update_2026-06-10__rec_000194/sections/sec_0025.md,1125,0ad9e2ab7d8ff40d2b9993ed0eb2abb30474103b5f7cd33df31d29718ac4045b
records/june_update_2026-06-10__rec_000194/sections/sec_0026.md,2336,8cf968cf7b99ca1adfb2e01f76449ad871c2bc8fa8fe33f9855bd9f58b27f8a7
records/june_update_2026-06-10__rec_000194/sections/sec_0027.md,440,02eb1a50e02050ce323a8e7daa7c408eb89b52ae6b842e23b97442d80816692d
records/june_update_2026-06-10__rec_000194/sections/sec_0028.md,50,c0575b82237cd163e8fee675ef6312bea9241c35a6b50e1a1a4e056913835a86
records/june_update_2026-06-10__rec_000194/sections/sec_0029.md,303,ffa4d53079bd54c0aed9f119717ad1f90fd1955ce600c4ff4fcf28b7c9dbc0e3
records/june_update_2026-06-10__rec_000194/sections/sec_0030.md,1623,9aea34851f6edbded43c4bc871a80fd1be7f222a66d48356b0502f5a2d36d469
records/june_update_2026-06-10__rec_000194/sections/sec_0031.md,1964,224af6ac439a6494f14780bfc76c3dd8feddd3d0de9077804254104415003244
records/june_update_2026-06-10__rec_000194/sections/sec_0032.md,347,7b444f8310c90f30670ff35650d472ef1bf936a474729ac53ee09a388c2ea1cf
records/june_update_2026-06-10__rec_000194/sections/sec_0033.md,1743,3b543cbcfd6ba65abac0041bc3ff73ea751fd43a24445d17d7753339f0bd0130
records/june_update_2026-06-10__rec_000194/sections/sec_0034.md,1814,aa5955a79f4124439bb59f8b28c199f697e6c87d20c5625b11c1c5195ab8b73f
records/june_update_2026-06-10__rec_000194/sections/sec_0035.md,52,8d874d5d8a3665424b39a71fb4bedfcdff676d7fd0d447065b09e205d4d4338b
records/june_update_2026-06-10__rec_000194/sections/sec_0036.md,696,71d766c63c52562c5747cf2e0c3a41032be0490063ac5ba34c8a98f61ea8263b
records/june_update_2026-06-10__rec_000194/sections/sec_0037.md,1323,a6b7d1f226bd123497bf9a3cae106517fbb0f97eb1115876b2fddd9e60c1f066
records/june_update_2026-06-10__rec_000194/sections/sec_0038.md,1834,6a4ff11823676e289f91500eb4593e59515ba1944756f6f2a136c702ef59fed1
records/june_update_2026-06-10__rec_000194/sections/sec_0039.md,261,ccfd956a09a991cb5acb426032416a26fa2110c5e43046090a45b2ad924e38bd
records/june_update_2026-06-10__rec_000194/sections/sec_0040.md,1329,d34c1bb9c06e20d6d1a007302ef4d17b1c5b9865e971633b1dce4b08ec9f5b56
records/june_update_2026-06-10__rec_000194/sections/sec_0041.md,1900,a0670e300b97d578b89d2c372ae62059073c2ca978e3d249eb682ccb3408bf55
records/june_update_2026-06-10__rec_000194/sections/sec_0042.md,53,1f39c143c4bafa4be0e0a706c04a228261e4e5a2704dd0488c741ad4649c25b3
records/june_update_2026-06-10__rec_000194/sections/sec_0043.md,632,2ce8595819a0f2ba6b636edc615898cd635407a826ae428bc329351c06c4483d
records/june_update_2026-06-10__rec_000194/sections/sec_0044.md,1201,18bb1802e810c601bb49b6146139dc3db6c7248f353f7692bcb9a1a4bf9dd17f
records/june_update_2026-06-10__rec_000194/sections/sec_0045.md,2097,6831e100601c67fff8a6c6d13283c999852ffa808c3a3c9230c2d4b0695f680f
records/june_update_2026-06-10__rec_000194/sections/sec_0046.md,962,801acbbecad4d9368f48f659a8b459842fa352fbdbeb281ba087652938dc8b28
records/june_update_2026-06-10__rec_000194/sections/sec_0047.md,1397,81efc7f933f2919fe5d31f56845a2f14625ba7b23b47f9b07da0cafd4b85f688
records/june_update_2026-06-10__rec_000194/sections/sec_0048.md,2738,1f6a9bbd47b1474b56c0c6bc4d2191fd86bcb2a16f7cdced29d9e6021d5c03fb
records/june_update_2026-06-10__rec_000194/sections/sec_0049.md,357,6cabeb5fca0dedc8715b5bbda7d9b5d21bfe68f8631caf4ce75e87dde98a7dcb
records/june_update_2026-06-10__rec_000194/sections/sec_0050.md,397,66c6bc14613146a465b2a719d2c05b365e493157d116d9e2b90db287110d7d53
records/june_update_2026-06-10__rec_000194/sections/sec_0051.md,1478,602fe9cba35ade558d946b073b8f1cf8f8f42f6daf5d8001e1ab65f6fe97d35c
records/june_update_2026-06-10__rec_000194/sections/sec_0052.md,2448,115b8171f203153ccce3b7e7dc68bcbecfdef42f147624e897ed2104d1bb9318
records/june_update_2026-06-10__rec_000194/sections/sec_0053.md,37,2e2174bf694b63c14a85b17c839c605e5c4c3e102a659a181f9e60e9fc9636ab
records/june_update_2026-06-10__rec_000194/sections/sec_0054.md,3183,72ecbfc813f73d33aa55aec59a1858ee735a4e7966a118e54ecb1ebb146a9161
records/june_update_2026-06-10__rec_000194/sections/sec_0055.md,10296,f9318e9f0f916bc74da361db3bbf63cb1ba9cbcfa55a7e0cf74f4a870ee27116
records/june_update_2026-06-10__rec_000194/status.json,2424,98fada630486ac4b2400ab397bae6a9c550e819a49676172c708e4d5bf539890
records/june_update_2026-06-10__rec_000246/assemblies.json,273113,76a28e128c1d441f5cd35549e539936c4a6b75b7bb27d7a9fc45f0960e19055c
records/june_update_2026-06-10__rec_000246/attempts/01_extract/meta.json,1707,93b0523edd5f7dda5677a448e4fa3d6c6f414c8b6a19372bf09e9d690a411ae2
records/june_update_2026-06-10__rec_000246/attempts/01_extract/output_schema.json,18153,fc4fd08860b2b19da00d319ef5a61b4493eede559424fa5e6129635e69da8656
records/june_update_2026-06-10__rec_000246/attempts/01_extract/prompt.txt,230035,5fff970817e2676eb2bf5af36429e8b4d4240da070f9cb482b0b016daa15befd
records/june_update_2026-06-10__rec_000246/attempts/01_extract/response.json,170618,4c2bf873bbebbbebe335f49d56cd0c17a56de93ff02448b62c4e192b05560c68
records/june_update_2026-06-10__rec_000246/attempts/01_extract/stderr.log,170,307e474f19ab2027d2965919163ee4040ca1147f43d308ec8874b9986e0f5bc8
records/june_update_2026-06-10__rec_000246/attempts/01_extract/stdout.jsonl,186370,8f575e867fe01e50c54f0aa1004d9c28ad658f3e8fe4622c1dd581d2dde49642
records/june_update_2026-06-10__rec_000246/attempts/02_repair/meta.json,1705,607f9b262b3bc0cf2c0f14f2f887f892c3350f4fb63f89eb0748ebb08d70b5de
records/june_update_2026-06-10__rec_000246/attempts/02_repair/output_schema.json,18153,fc4fd08860b2b19da00d319ef5a61b4493eede559424fa5e6129635e69da8656
records/june_update_2026-06-10__rec_000246/attempts/02_repair/prompt.txt,421348,23772ef1cf2353c650b3a6a3a6f6dbda80cea867046705aefdf3c29c7ddf3899
records/june_update_2026-06-10__rec_000246/attempts/02_repair/response.json,148141,fc721188b55d9801c1c28d46cede042fa06ce6839b6cc9eb8987123f64d3b140
records/june_update_2026-06-10__rec_000246/attempts/02_repair/stderr.log,170,2f30485b9be7393b8f53888ca5e4a06a22ffdd7d88cdc9e6c33a5ad3b6baf3ad
records/june_update_2026-06-10__rec_000246/attempts/02_repair/stdout.jsonl,162252,06309fd9e6093cfe6550f7c0dbdede650eda1427dc4e46af5d912e441ea6745b
records/june_update_2026-06-10__rec_000246/attempts/03_repair/meta.json,1705,21e3eae785a036ec8121cee05dbd3405d7d45c2680faee4adb0e94c85cfbefd0
records/june_update_2026-06-10__rec_000246/attempts/03_repair/output_schema.json,18153,fc4fd08860b2b19da00d319ef5a61b4493eede559424fa5e6129635e69da8656
records/june_update_2026-06-10__rec_000246/attempts/03_repair/prompt.txt,403639,ca46907cb8c3c742d46ecd69bb48c54e0bc3e50addb4708345e82ad36ebcd3e2
records/june_update_2026-06-10__rec_000246/attempts/03_repair/response.json,122291,e5382baff3e46d29f93eba996c62b743a0dac0dec53d4901201b22e7cdb5cc4f
records/june_update_2026-06-10__rec_000246/attempts/03_repair/stderr.log,170,ba42720dd75aa9227d23ef3009d310cc0ee8add43bcb7acfc9ee9fc95b4328ab
records/june_update_2026-06-10__rec_000246/attempts/03_repair/stdout.jsonl,133877,7f43ab03f7a4c05f987e380ead2ccdc645e4ab8fc75f366f9d6d08b585b868f2
records/june_update_2026-06-10__rec_000246/attempts/04_review/meta.json,1704,dce60e4256b71fe90cf701762b866d089eb5384c0cd58e584e9a2eae84542199
records/june_update_2026-06-10__rec_000246/attempts/04_review/output_schema.json,2482,2f7fde6059c5725fd4066315b7082d9c732aec8fae93b90e64480ce47d95b8c8
records/june_update_2026-06-10__rec_000246/attempts/04_review/prompt.txt,311132,158331805f138fe12abf05f233825a1015dc77ab6f0ad8a65dd0030c32aa5757
records/june_update_2026-06-10__rec_000246/attempts/04_review/response.json,8313,597354fca9b0f8dd064d2cc581874ca5686889e98ec9f61801ad58071da5c36b
records/june_update_2026-06-10__rec_000246/attempts/04_review/stderr.log,170,68592a61e8b53f97ff950ce69d02f3e44da25eeb55e97bcb7716bbfd363c349a
records/june_update_2026-06-10__rec_000246/attempts/04_review/stdout.jsonl,9065,c793b406a79a6b6739d023358ab09fd5806bf8b1c242b0606ef5d64afbd08d5b
records/june_update_2026-06-10__rec_000246/attempts/05_revise/meta.json,1705,e2cc385df8620875350a43741b6e7ac1d29cddd5bd90714f70a56b1f07854ea2
records/june_update_2026-06-10__rec_000246/attempts/05_revise/output_schema.json,18153,fc4fd08860b2b19da00d319ef5a61b4493eede559424fa5e6129635e69da8656
records/june_update_2026-06-10__rec_000246/attempts/05_revise/prompt.txt,366930,ea130d12bed7622c20ba9e3913afa5ae57a69362b5746e9d61ce629b0ecc8f56
records/june_update_2026-06-10__rec_000246/attempts/05_revise/response.json,183470,a245d3faecfe9447469ed170da1340d2fab58c452d35345835deb69d2609f69e
records/june_update_2026-06-10__rec_000246/attempts/05_revise/stderr.log,170,783b75d840cde5e7a48ca14bef2feb4acd400f3175771b5af571e0c5932fc184
records/june_update_2026-06-10__rec_000246/attempts/05_revise/stdout.jsonl,199948,e86835a0a496399881c65b1ffe74fd51763981b36e6e281501e818e261e4220c
records/june_update_2026-06-10__rec_000246/attempts/06_repair/meta.json,1705,93a16d52299e8957233c4e4ed422e42e99a6aeab49afe11d5e99c46dea68cb50
records/june_update_2026-06-10__rec_000246/attempts/06_repair/output_schema.json,18153,fc4fd08860b2b19da00d319ef5a61b4493eede559424fa5e6129635e69da8656
records/june_update_2026-06-10__rec_000246/attempts/06_repair/prompt.txt,447598,8309ab9a7d085ed3cde3427183c18eb4fd002a572a2c9f9cf899a4900732d984
records/june_update_2026-06-10__rec_000246/attempts/06_repair/response.json,179430,6a8481dd170aa56d52af1183d6e72241203a8e87ed4c8c103adaeb0ccc34d470
records/june_update_2026-06-10__rec_000246/attempts/06_repair/stderr.log,170,d8689bb537430fe4c7132e40e8dc619ed217672148b7ef8bc5e43644afa5552d
records/june_update_2026-06-10__rec_000246/attempts/06_repair/stdout.jsonl,195849,f45000a1cf5eeed85d7e2658770497cb0d2fe0e46fa9ee7cdd54e0ccb76e70f0
records/june_update_2026-06-10__rec_000246/attempts/07_repair/meta.json,1705,bec81ec9d9ecf7b13af607fea81287c9c5d8d2b9db76c8751132b274e985db50
records/june_update_2026-06-10__rec_000246/attempts/07_repair/output_schema.json,18153,fc4fd08860b2b19da00d319ef5a61b4493eede559424fa5e6129635e69da8656
records/june_update_2026-06-10__rec_000246/attempts/07_repair/prompt.txt,418960,aaa268fb2830e8413103e364ba37106b82f9a4142750c1a035a7c862da402dc6
records/june_update_2026-06-10__rec_000246/attempts/07_repair/response.json,30397,63d28f43382b47bcf12a4c085df58d9915cbd2839bb28285588e83e66d8fe209
records/june_update_2026-06-10__rec_000246/attempts/07_repair/stderr.log,170,1b63610026eddf08e7d8ccd6895ac053e229698b1ecb85934aeb64202e37bdf4
records/june_update_2026-06-10__rec_000246/attempts/07_repair/stdout.jsonl,229661,4ab4521c0e69b5ae83a1158400f319b32d09584f60e935c6cbed295d940500e1
records/june_update_2026-06-10__rec_000246/attempts/08_review/meta.json,1704,fc43ba2055fea65baa76c5b93423c2a0c6f04dcb5487cb44db23d4ecfe5470f7
records/june_update_2026-06-10__rec_000246/attempts/08_review/output_schema.json,2482,2f7fde6059c5725fd4066315b7082d9c732aec8fae93b90e64480ce47d95b8c8
records/june_update_2026-06-10__rec_000246/attempts/08_review/prompt.txt,215382,159ee089506a48adff56b79005bcd640309a93b4762da1de569a892a9162f0b6
records/june_update_2026-06-10__rec_000246/attempts/08_review/response.json,10417,bd73bed5f45610e577ef06767759c82862ec9ebd432f14c02b189972bb010d22
records/june_update_2026-06-10__rec_000246/attempts/08_review/stderr.log,170,cec5366a6c9e693a86fc73df7767d20943ab58c957679235c8f1ff22cf9e5b72
records/june_update_2026-06-10__rec_000246/attempts/08_review/stdout.jsonl,11273,08dc05c77a0796e0b7f79fe353c7ac367d398b479220ee450786d3a3109a5314
records/june_update_2026-06-10__rec_000246/attempts/09_revise/meta.json,1705,73948c741e96fb9809233f170069554ba617d7920b5bd7fb8e176ac04422440b
records/june_update_2026-06-10__rec_000246/attempts/09_revise/output_schema.json,18153,fc4fd08860b2b19da00d319ef5a61b4493eede559424fa5e6129635e69da8656
records/june_update_2026-06-10__rec_000246/attempts/09_revise/prompt.txt,272748,69a71b23adeb1436ea5e5e04880c94b305c6483ddc17219345e35846a78091e8
records/june_update_2026-06-10__rec_000246/attempts/09_revise/response.json,140424,18aa2cf5b0811b9746cf1df4942c5c63acb2a756a97611489f4ba8e9e62fe1e8
records/june_update_2026-06-10__rec_000246/attempts/09_revise/stderr.log,317,dbc0f784a84db6325732e5d735a0786c89d92d9e969c8802d662ed0bf64621e8
records/june_update_2026-06-10__rec_000246/attempts/09_revise/stdout.jsonl,153142,16445c6e840c0fd9bc50564f95e8d33289572eb66df51c988aea9c91fa0def14
records/june_update_2026-06-10__rec_000246/attempts/10_repair/meta.json,1705,fb0464aef75525695b2cc8ddf8cca6af5ef764cc2b2a336c536a551aafc18f2f
records/june_update_2026-06-10__rec_000246/attempts/10_repair/output_schema.json,18153,fc4fd08860b2b19da00d319ef5a61b4493eede559424fa5e6129635e69da8656
records/june_update_2026-06-10__rec_000246/attempts/10_repair/prompt.txt,387425,045dfc7a2ccd81886332c4d1842488a3cca51b3b759e57ff1d0dd1115ed5ac68
records/june_update_2026-06-10__rec_000246/attempts/10_repair/response.json,156973,899bca75fa5546148a7af8ec23214f6e5f72e6870230945f8df98f68c2921035
records/june_update_2026-06-10__rec_000246/attempts/10_repair/stderr.log,170,2129e4a82f9ceb208b164e5e711512e387bceabf5e68d2a180c3c1e8070de2cc
records/june_update_2026-06-10__rec_000246/attempts/10_repair/stdout.jsonl,218705,9c55136a5fe27fbda6128ce27fd99a005494f7a62b813e3df379441bcbe52280
records/june_update_2026-06-10__rec_000246/attempts/11_repair/meta.json,1705,d4bde4f4b58b876c98a240432a25a945fb58a96f49fae6967bfff1018529077a
records/june_update_2026-06-10__rec_000246/attempts/11_repair/output_schema.json,18153,fc4fd08860b2b19da00d319ef5a61b4493eede559424fa5e6129635e69da8656
records/june_update_2026-06-10__rec_000246/attempts/11_repair/prompt.txt,394696,41140ae3d8cf60431e20414c648abcea1152da1f7f89c8eff325a8aa41839db2
records/june_update_2026-06-10__rec_000246/attempts/11_repair/response.json,151805,7e72caacd95c224443001b3ce0b69ad5d3c95b09e90f1bbe7ae7158e2ab1444a
records/june_update_2026-06-10__rec_000246/attempts/11_repair/stderr.log,170,f2521a5e4c01dc97bcb46270c0dd7b6fa3f4582883006f8781cbc4fda43f2918
records/june_update_2026-06-10__rec_000246/attempts/11_repair/stdout.jsonl,165628,5fc4bc2efd824856a4d439588e8e8248c6d0a960470e80e601ae2465eeb2cd71
records/june_update_2026-06-10__rec_000246/attempts/12_review/meta.json,1704,41709845749524ae67a857a7bf18ee343441c3f86ef61aa8bc545a90646027ad
records/june_update_2026-06-10__rec_000246/attempts/12_review/output_schema.json,2482,2f7fde6059c5725fd4066315b7082d9c732aec8fae93b90e64480ce47d95b8c8
records/june_update_2026-06-10__rec_000246/attempts/12_review/prompt.txt,341739,6193e41de6a1c2e961e0e66f96c9e053f16dcc7492bc96e02eba037195f856a9
records/june_update_2026-06-10__rec_000246/attempts/12_review/response.json,13730,79b3afa70a2bf210b169bd134c2280065e9aabc6f7b096565bc2f59270404204
records/june_update_2026-06-10__rec_000246/attempts/12_review/stderr.log,170,6a6611a4670bdb1b64c0a5c4cdf76c22c7f062c4f56998390075cba839d2e6d5
records/june_update_2026-06-10__rec_000246/attempts/12_review/stdout.jsonl,14731,a55890aa40eb8d2e5097851acc8f23b615b78df504bdb013e9699dda5f3b15f7
records/june_update_2026-06-10__rec_000246/evidence.json,33755,848b81c16921dce526247a2bc805e89f9886c5f84f5fdfcef54845f0fbe5ee5c
records/june_update_2026-06-10__rec_000246/final_document.json,258637,9e62a20a668200233e66116b7084847e78c101d9b1ed85f8ed3f8e4c5918d201
records/june_update_2026-06-10__rec_000246/packet_manifest.json,16395,aba28ba3eda7e317669749a67e2358b06fa09a72455dec48668c2966f898090d
records/june_update_2026-06-10__rec_000246/review_round_1.json,9782,a198f630e376002116d91aef795fe20300e523abe9e63d4581d746387663ce62
records/june_update_2026-06-10__rec_000246/review_round_2.json,12232,56bb3198e1b96b7723880fd9dcdfd9f6f41a447e2e4f4bd3f38b86fd8b511a33
records/june_update_2026-06-10__rec_000246/review_round_3.json,16069,2f2eafc8f749558c63fc178554dadbeb877c370628e3fe44f4ba1745c33ab3c7
records/june_update_2026-06-10__rec_000246/sections/sec_0001.md,236,154d424e1f32f00a38396683fb4b3fbad0cb6d72b122c2085a5fe28808fbd0ae
records/june_update_2026-06-10__rec_000246/sections/sec_0002.md,3421,6b9f65ea6d84ed96e9237c50dfcd07abf79d9da7f8663ab3011972ddca2702ef
records/june_update_2026-06-10__rec_000246/sections/sec_0003.md,3799,25cd79b6394524216a6c64678e7d1d52a60b3db75109b78492ce74b7f6d8a565
records/june_update_2026-06-10__rec_000246/sections/sec_0004.md,432,f3bb23c94a495ca7a6cc8ee83457e4bfd9342b17d367d0af55a38a9e75376170
records/june_update_2026-06-10__rec_000246/sections/sec_0005.md,193,a2eec1b1f92e2101db9c7509359e0475b78b27a2eb44769308d114c155ab51d9
records/june_update_2026-06-10__rec_000246/sections/sec_0006.md,4249,211836fecced092d9a60e63e0510431143959f0b0b8de92b4ab34486e262cfa8
records/june_update_2026-06-10__rec_000246/sections/sec_0007.md,511,84d31923c8262be326ed6de4a2fdb917d061681e021a14c7e5582605cc4145b7
records/june_update_2026-06-10__rec_000246/sections/sec_0008.md,3871,f73bbe27f07fc7d5d176dce3be06697f02f5c591e0daa9b7c31d367acf660563
records/june_update_2026-06-10__rec_000246/sections/sec_0009.md,1094,f8a57004e411b184b2d71ef41a8606da73f1a3deee2fe6b19d697832cbde152b
records/june_update_2026-06-10__rec_000246/sections/sec_0010.md,1302,0b0226882330363986f7e7c2538237621488ebeda29b823dba3f0b4ad4b240c5
records/june_update_2026-06-10__rec_000246/sections/sec_0011.md,2367,518f2082ade73f1eb2107775ed2d75d56b4291aea07e5a119742c22e9626c7f9
records/june_update_2026-06-10__rec_000246/sections/sec_0012.md,2748,f811b76470da6299de19ecb3cb4f2dac37e7664176ed147bfb30cbec12a1f914
records/june_update_2026-06-10__rec_000246/sections/sec_0013.md,463,2d18b85efe85817ab256ee40acb323972f4cf29de4648e3ca51487a46bed1667
records/june_update_2026-06-10__rec_000246/sections/sec_0014.md,974,25fa2b3195e0dd3229d3f78592af7e1a7b40e61c5c8c73c17b17691f0f4a67ce
records/june_update_2026-06-10__rec_000246/sections/sec_0015.md,2238,264f1d89c7458d49cb38131b066869548e90388e3e272f2b5696ab867b0ac556
records/june_update_2026-06-10__rec_000246/sections/sec_0016.md,4050,cbfc7da99ce60e7798c334067fe094258c3f5f49db32703cbec4483af5ef8226
records/june_update_2026-06-10__rec_000246/sections/sec_0017.md,3765,b3c635395ee4515acd37f8da9efa047985204770433a7e68bb9d6446bc2d3fa3
records/june_update_2026-06-10__rec_000246/sections/sec_0018.md,982,9952e963547af639cac9db9a41dab1d74e2cf70e6fbb393033b491e0f147cf90
records/june_update_2026-06-10__rec_000246/sections/sec_0019.md,335,e790f73a07c358b899c354d1535c4afe091b37d211a0a002a3b9a5d26a104c5e
records/june_update_2026-06-10__rec_000246/sections/sec_0020.md,645,98b16945478ea718ce0a3ad0869ae4f8b66940de09fd0fb6fdacb007f3ef88ad
records/june_update_2026-06-10__rec_000246/sections/sec_0021.md,1158,88ee319df6139bc1034e27beb17ea32438e3ef56a33893666995a38c24e6147a
records/june_update_2026-06-10__rec_000246/sections/sec_0022.md,942,a28ac44fd882706cf9164be2ad7d3c5b2adb2765270c96ef6b9dfe07e5d6e41c
records/june_update_2026-06-10__rec_000246/sections/sec_0023.md,9160,ab7ae63e62f313d93374f6dc6164abb1c2aa5f24afc6926a1d68e781666b3e69
records/june_update_2026-06-10__rec_000246/sections/sec_0024.md,1105,77455e701986ac5b8dffdd2d4c8122aaba2bb12a29bc676cef2a40e44edab5d8
records/june_update_2026-06-10__rec_000246/sections/sec_0025.md,1177,506ffa4bd272947815e85a7100f66531004b5ffd370f570632d323eb0a65e1cd
records/june_update_2026-06-10__rec_000246/sections/sec_0026.md,2335,80d10f96a88e94286113b60a7ac48613c437a9f0b898719b413dda93cf47eb81
records/june_update_2026-06-10__rec_000246/sections/sec_0027.md,15,f9c690fafa7dca64e0121d76e20fcb86bbac511bd7dee660ac75e344281f113f
records/june_update_2026-06-10__rec_000246/sections/sec_0028.md,4477,2b3fc538100f1ee411e84e824259311cd238f44306661adc66b2169921dba189
records/june_update_2026-06-10__rec_000246/sections/sec_0029.md,375,dd0c6ee1e802f112ef4bc34cf6f677dae04fa723b61f240066c5cc25b7a7c96b
records/june_update_2026-06-10__rec_000246/sections/sec_0030.md,373,3ce7859ffbb79a78df9bed2f5c3cfe7a443465ebfdd41d1bfc53f94670501fce
records/june_update_2026-06-10__rec_000246/sections/sec_0031.md,2583,c9edcde2c59d1add66966cf49fee6a9f2a1490cb9664055a9e76972848e16767
records/june_update_2026-06-10__rec_000246/sections/sec_0032.md,1513,c9312aa58e1f24ed059f71c7474a6b108700286a4647596a05fdb410e8aa5b1f
records/june_update_2026-06-10__rec_000246/sections/sec_0033.md,440,e5c536850496bfc3a4c8188841e3e1c369e946d93050b6b997c6b7d156201a36
records/june_update_2026-06-10__rec_000246/sections/sec_0034.md,435,c39e4ace11be3faf40de06df6e950fa8bfb05945afdbc4c59617e3a2f8fff271
records/june_update_2026-06-10__rec_000246/sections/sec_0035.md,656,7dbb4a29b8cae24aec4bc0993537603869194d0fede9a30b6d913fa3773fc49d
records/june_update_2026-06-10__rec_000246/sections/sec_0036.md,588,e70dfb96c2cbaa4f29fe816c0316637aced36d093ade2f55ef4195b3456cbeb9
records/june_update_2026-06-10__rec_000246/sections/sec_0037.md,689,4f2f6879055385f9ad1a5bde36552b52159cd1c7b2bb17d3fb29b9fc6208d2d9
records/june_update_2026-06-10__rec_000246/sections/sec_0038.md,2052,c06bedbc58fd26111e36839dc02857bdb6ac516850c380a1d129f2055123c5d4
records/june_update_2026-06-10__rec_000246/sections/sec_0039.md,678,f9fcbfa6494c73b391b8b979f5ba014df56796eb80a752f4d1a8612d1e8fd6b3
records/june_update_2026-06-10__rec_000246/sections/sec_0040.md,564,4a87398e73f3a82684dc3a3907669e8f76ca5cc5c4cc0c18041ba0ec55fea4b0
records/june_update_2026-06-10__rec_000246/sections/sec_0041.md,20,01cad34b456530b320ea329a9fdf53ed16279f6bd14df7991557e3095cb342da
records/june_update_2026-06-10__rec_000246/sections/sec_0042.md,702,4ebda5f2617ea3913b0cf3786fe0d082389e142398ead18202ffc80ee6eff5a6
records/june_update_2026-06-10__rec_000246/sections/sec_0043.md,2146,ebc6b019c2ffe7f3a959667dbae6e381caf62a99d0d6f328f1a5544f11dad528
records/june_update_2026-06-10__rec_000246/sections/sec_0044.md,3183,45020ed83224191e0dd0cb31374deed4c2fd63dc2273001c8ee1f20e7b152555
records/june_update_2026-06-10__rec_000246/sections/sec_0045.md,1177,ec15e74a4e1e5f2a32cb03b6835fa331fa286f7b03fd10b5bbec8eff5a4b4303
records/june_update_2026-06-10__rec_000246/sections/sec_0046.md,6039,f3b8d9e4b085aed95de161d92a6ea3ab491956bdfaaafef499efa0ecfcaa89dc
records/june_update_2026-06-10__rec_000246/sections/sec_0047.md,273,11250e50af68389faea0605ccc411e707a7864c1bf4fcdaa8036f494ac713a74
records/june_update_2026-06-10__rec_000246/sections/sec_0048.md,363,f40915a6e382ae42335a111c03a08a4a461ba830b0e9fa87d1610585cb9be43b
records/june_update_2026-06-10__rec_000246/sections/sec_0049.md,293,952f2895a1b0b5b44e3b6ca380f21a2e064c74f0bf3491917a122c8300abc1a1
records/june_update_2026-06-10__rec_000246/sections/sec_0050.md,13,3bab328331118ce2d536832d9ab84314f3acd31551b24db052960f3b42a9bfee
records/june_update_2026-06-10__rec_000246/sections/sec_0051.md,1438,8c0423d6ba51286b2d10a7e3edbf9716e3a29a2575748cf19c2df694b6b0f3bc
records/june_update_2026-06-10__rec_000246/sections/sec_0052.md,1169,8b8d1a32e86f91e38b5d384b5e5d115eadceb14b9c3cbbc9ed377901ae1e2f6e
records/june_update_2026-06-10__rec_000246/sections/sec_0053.md,1316,99c70a7107becfd4eaa26d8a702c3ae4fb9f307acfe99bb8b70765917fe4e773
records/june_update_2026-06-10__rec_000246/sections/sec_0054.md,1120,91d0bd12eae34f0addab8b2c950d9525a28d3883a8fd9104c264850360e7c7d5
records/june_update_2026-06-10__rec_000246/sections/sec_0055.md,41286,ea768571bdd9cdb1ee08698e759fa26f827400b5217191f3eba3c019725293bd
records/june_update_2026-06-10__rec_000246/sections/sec_0056.md,18104,ce7a1827f2b705496c9d683fb0fae6155d992e329a5e3cf869812777bd7e6b5c
records/june_update_2026-06-10__rec_000246/status.json,1647,efb6867108aafead7c8e9e4a394276393136b520004c686e1506f77c75a09074
records/june_update_2026-06-10__rec_000248/assemblies.json,78497,c5f432c9623b159f5dc2ba3abb1f921ea634971a726fb96d418b59adfa1802b2
records/june_update_2026-06-10__rec_000248/attempts/01_extract/meta.json,1706,b809842e89aff383c38d68ff1a6ce98d4e0de021a36ae95acf6549b39115f97e
records/june_update_2026-06-10__rec_000248/attempts/01_extract/output_schema.json,18153,fc4fd08860b2b19da00d319ef5a61b4493eede559424fa5e6129635e69da8656
records/june_update_2026-06-10__rec_000248/attempts/01_extract/prompt.txt,147921,703949669ddb783092984fc0df9790d528ebb3f295b6f60bd709979ebb1fff7b
records/june_update_2026-06-10__rec_000248/attempts/01_extract/response.json,41265,d068705822445e695fe39d1597b852691a91b925920670cd94aadc8220dc8b31
records/june_update_2026-06-10__rec_000248/attempts/01_extract/stderr.log,170,590989d6a2649caa8b269334f077919fbd9d59ac9206cea22d446b6f50ebc4cc
records/june_update_2026-06-10__rec_000248/attempts/01_extract/stdout.jsonl,96790,ad7aabd51600031014924957a3a7b52b4a68e2aad09e4644a1fc58283a8fd22a
records/june_update_2026-06-10__rec_000248/attempts/02_review/meta.json,1704,3163004c5acb49a9903649714c0aaeb4c64eb3cb23e5e5f01fdcba2f8598d9c7
records/june_update_2026-06-10__rec_000248/attempts/02_review/output_schema.json,2482,2f7fde6059c5725fd4066315b7082d9c732aec8fae93b90e64480ce47d95b8c8
records/june_update_2026-06-10__rec_000248/attempts/02_review/prompt.txt,143694,b318dddc9700abe92e3db10e4f28e5ab95bdda2975a608cd675a2d6b1c083d3a
records/june_update_2026-06-10__rec_000248/attempts/02_review/response.json,8404,2ed2c042140e4fb6738ff4b15f95f3ec9daffa63f6dd302641fd4199ca62b673
records/june_update_2026-06-10__rec_000248/attempts/02_review/stderr.log,317,af378adbd2e4c8745cded9b71b3677c71fc6adb9b814782e9c93534a355783ea
records/june_update_2026-06-10__rec_000248/attempts/02_review/stdout.jsonl,9102,8ee182e181f89271e7a32890e1be12637346046a9d88b496207567945b0bf3d2
records/june_update_2026-06-10__rec_000248/attempts/03_revise/meta.json,1704,26209ce382a2a1308538bac0254f581a3cc26a4c9ccaaa8fdb8a467931478760
records/june_update_2026-06-10__rec_000248/attempts/03_revise/output_schema.json,18153,fc4fd08860b2b19da00d319ef5a61b4493eede559424fa5e6129635e69da8656
records/june_update_2026-06-10__rec_000248/attempts/03_revise/prompt.txt,199484,0abee5f770fbc60a972ffee96e95688a5cdf117ddec02ca60dd2567281b3e3db
records/june_update_2026-06-10__rec_000248/attempts/03_revise/response.json,43882,e9ccfe31e09552f7a1e189e8a07a5cee2510870ae1e74b0346dbfca51dc33fab
records/june_update_2026-06-10__rec_000248/attempts/03_revise/stderr.log,170,4382147083837df81e45ea4e6367f2623a1cd327e57bf1090e1bb1da150a4d51
records/june_update_2026-06-10__rec_000248/attempts/03_revise/stdout.jsonl,46966,abea7ecf3eb67d13092ba71378bd95faeb297e1cd4dd040958ab04ba490a2ff3
records/june_update_2026-06-10__rec_000248/attempts/04_review/meta.json,1704,476c22251f8a3bd03dce1ae18f114b0b7ad6fdd2851abe5a0887c92c158964e3
records/june_update_2026-06-10__rec_000248/attempts/04_review/output_schema.json,2482,2f7fde6059c5725fd4066315b7082d9c732aec8fae93b90e64480ce47d95b8c8
records/june_update_2026-06-10__rec_000248/attempts/04_review/prompt.txt,146230,eb9283dcb2e509893a84877345300cc29fadd49878a609808c0318498b3775b7
records/june_update_2026-06-10__rec_000248/attempts/04_review/response.json,2718,3fdb5b33b780d22090fd510420d2c564ef5f143e414331ae6d152cc56e549f3a
records/june_update_2026-06-10__rec_000248/attempts/04_review/stderr.log,170,c498dc3a95c7e0b68d19d314e2b2e23f0749886b8470c07c5d3f1d12db22466a
records/june_update_2026-06-10__rec_000248/attempts/04_review/stdout.jsonl,3191,c5f0621beaba5427243a9c028d85f1109a48e0210c722a0b8a10b744f2165bcd
records/june_update_2026-06-10__rec_000248/attempts/05_revise/meta.json,1704,b1faad82f18af9f6c69088e86718243a106068f3ad737ce983d58e78579985e7
records/june_update_2026-06-10__rec_000248/attempts/05_revise/output_schema.json,18153,fc4fd08860b2b19da00d319ef5a61b4493eede559424fa5e6129635e69da8656
records/june_update_2026-06-10__rec_000248/attempts/05_revise/prompt.txt,196016,df4c364d1314b731c6fb28a92947436b0585fedbfaef2ef5a6cbd3442a2ed944
records/june_update_2026-06-10__rec_000248/attempts/05_revise/response.json,50913,8dab28b2b4dacd54148931cdf6c5fa1630a32867e344282c41f4f924076f91da
records/june_update_2026-06-10__rec_000248/attempts/05_revise/stderr.log,170,256d931b2cd95b30a018a737aa9c40d7ee840ed1e0ed5e4526de3f16bb948d29
records/june_update_2026-06-10__rec_000248/attempts/05_revise/stdout.jsonl,54485,765dc8eb0bd6e7b41a93ec56f19dd4822a474a9f57e7a1a27e24589fab8361d5
records/june_update_2026-06-10__rec_000248/attempts/06_repair/meta.json,1704,2d6182aec09a99aabf878f71d1331a87dfd1de5c7b4cc787107ae1c6632bc35a
records/june_update_2026-06-10__rec_000248/attempts/06_repair/output_schema.json,18153,fc4fd08860b2b19da00d319ef5a61b4493eede559424fa5e6129635e69da8656
records/june_update_2026-06-10__rec_000248/attempts/06_repair/prompt.txt,200919,6c993b7ac00aab39820f7f695262ab447796b4c865d319019caef37f1ba4ba37
records/june_update_2026-06-10__rec_000248/attempts/06_repair/response.json,49478,b283b92e18ad091c14329cdc2a15ac0281da3d3b4aba52b2e1dce193a3e3a9d2
records/june_update_2026-06-10__rec_000248/attempts/06_repair/stderr.log,170,8a4326d2695e67f67c92c027aa3b57e03f6417699815a63d541c87c13f901099
records/june_update_2026-06-10__rec_000248/attempts/06_repair/stdout.jsonl,52961,98d6d175406d4c2504dabe8b9c4d7779638b9f807308946154c33e3b347dd178
records/june_update_2026-06-10__rec_000248/attempts/07_review/meta.json,1704,d918c9ffcf1551a918899ce25e23aec6f7ea4621cf9cd2836619c7cc4f1e01cb
records/june_update_2026-06-10__rec_000248/attempts/07_review/output_schema.json,2482,2f7fde6059c5725fd4066315b7082d9c732aec8fae93b90e64480ce47d95b8c8
records/june_update_2026-06-10__rec_000248/attempts/07_review/prompt.txt,152036,25feb00d2e43b855cb101c7d2674ff963393d8975f71d59550e7ee9063b537e0
records/june_update_2026-06-10__rec_000248/attempts/07_review/response.json,6569,dd13438121dbc8d43c5cb71ba9ffa1414a28e3c039a06a8637bd2bde38724fee
records/june_update_2026-06-10__rec_000248/attempts/07_review/stderr.log,170,a8de2fe663462aa2b1514cf3353c1a465bcda902094b931ef71510897c2f37f8
records/june_update_2026-06-10__rec_000248/attempts/07_review/stdout.jsonl,7263,e87e5733d8858b8cb4b7ea661fd2a36ce2ec0ebeda41dca32d4d680fc10bc566
records/june_update_2026-06-10__rec_000248/evidence.json,18390,55f16229b808aebcdb52746491bab4c15249bf7b9058b24827c23054a2e997c6
records/june_update_2026-06-10__rec_000248/final_document.json,71732,7cb2c9e8894392e108da3c0d50b5be2e75e354a12606e96074a16f916b0ba6ad
records/june_update_2026-06-10__rec_000248/packet_manifest.json,10853,bd82f1398a7315421160efdaf2c2ac1043061e2333248f20f8075dd6ec253a1a
records/june_update_2026-06-10__rec_000248/review_round_1.json,9673,bbb0464ef142ccc56ad5cbb435522ab7a4c7c456889c486a16766d68a688b110
records/june_update_2026-06-10__rec_000248/review_round_2.json,3120,41b4021c233fcb8566a088b72c7253798cdd7b44213e9efd54b056da4297af21
records/june_update_2026-06-10__rec_000248/review_round_3.json,7838,4658c83716e36c2fe05fdf926febe8ca1329010c51731d891c1fe28fc0815762
records/june_update_2026-06-10__rec_000248/sections/sec_0001.md,88,01e66937c466265ae062b6de396c3c874e2c08d2e3bf474850e4c81397e0b72d
records/june_update_2026-06-10__rec_000248/sections/sec_0002.md,161,62dc70e0b5dbcebd33e480ad02f72beabf298a8a3e4ca99109ca456ac8ddba73
records/june_update_2026-06-10__rec_000248/sections/sec_0003.md,265,b8d7ffe5a62d1fabfc0f2cd3188144faccd07f57047ef735b0bada922a61d2d3
records/june_update_2026-06-10__rec_000248/sections/sec_0004.md,1478,d6c4db5d2c8080b231b42ad2eec7aee275d44e4ecd93951a7585ddd41962c6dc
records/june_update_2026-06-10__rec_000248/sections/sec_0005.md,3005,cb8c861dc872b147a392a19b830e3e02befb768d3fa0b7daf8623cb625a28ba5
records/june_update_2026-06-10__rec_000248/sections/sec_0006.md,5021,ad37140d4149097c1ec95006919320ab46c6be33137c7be08bc041923d612f55
records/june_update_2026-06-10__rec_000248/sections/sec_0007.md,2436,91ee4720d141f33d6000c95c3446b404a73961e106c671a2db82856ea8c94416
records/june_update_2026-06-10__rec_000248/sections/sec_0008.md,28,4eef0d8cf3a4668208ee95961457007615a8b2eb9a8f39bbc8df3b784859e2cb
records/june_update_2026-06-10__rec_000248/sections/sec_0009.md,1946,754c0615b566c6dd184e6f83d24279b528505c249765c55a3570735a6c8bc27e
records/june_update_2026-06-10__rec_000248/sections/sec_0010.md,454,65b959626df9c0c005ec6f04f608a66d1d3f142eaed3f3783239204a31c824fb
records/june_update_2026-06-10__rec_000248/sections/sec_0011.md,976,ad51e4c3c082fa7da84c62df18e6db7f3f66aab76daae9dd7e08ffcc73696437
records/june_update_2026-06-10__rec_000248/sections/sec_0012.md,456,479c89b7c33029c516262bf7f8c7f27ad0b139044e9e6d8299005db24cf48239
records/june_update_2026-06-10__rec_000248/sections/sec_0013.md,1017,a33f7ea43806dc1ad3e0ff955c522fc1b3a33e795be9f911d36e1927cc4998c8
records/june_update_2026-06-10__rec_000248/sections/sec_0014.md,771,591a9e73482c9a1f191914275e5f30c9b74834e6f399f9b5e45cffff7e0d3a68
records/june_update_2026-06-10__rec_000248/sections/sec_0015.md,1958,653380c5e6d223c5488f70c9947d0366bff13251f8d1ea24181dce8e53c9ff09
records/june_update_2026-06-10__rec_000248/sections/sec_0016.md,410,bd459bb100b6ac04ec073dbc6a8078f855d47417f3e60228111851c7abac746b
records/june_update_2026-06-10__rec_000248/sections/sec_0017.md,28,f8aafed0b620a78e178de8c6befb62ca8ecbef5b19bcbfd8d33dd2667f376d65
records/june_update_2026-06-10__rec_000248/sections/sec_0018.md,1515,fc146ec3a0f80c49c7a3b0e5dfce107a32f104ccf48f2145f37c77512f918868
records/june_update_2026-06-10__rec_000248/sections/sec_0019.md,1395,b81c7e9f39a1ebe11e8d9dd85cdf8a6918e4ac5c31713cf47b63c2c726e3fb33
records/june_update_2026-06-10__rec_000248/sections/sec_0020.md,17,774ac24800ae36e8b339206865509a3cb08b4c393e3f387e837b56ac57fffe41
records/june_update_2026-06-10__rec_000248/sections/sec_0021.md,707,2b3442bab0d7a2b1eefdbab90704a573e9bed44534a05fc92ce60a927e5ff5bf
records/june_update_2026-06-10__rec_000248/sections/sec_0022.md,3269,6ca92d472ba2d4798504f90bd24ebf3675290750e800465bfe52cf42dc064809
records/june_update_2026-06-10__rec_000248/sections/sec_0023.md,774,6a9add811131888bef83200a4e839b7468dd603384bf39b0248f501c6db3a52a
records/june_update_2026-06-10__rec_000248/sections/sec_0024.md,2224,f3f93d173eb42a2c395e01b45364e76cad037aac89825898b44745aa9b0d96b2
records/june_update_2026-06-10__rec_000248/sections/sec_0025.md,1330,d1dec9bd0350f80df2751a24ac991f78246499009a1307f43c8c69717744582e
records/june_update_2026-06-10__rec_000248/sections/sec_0026.md,14891,0fe6a0c45918dfadc5b644143c465212e752afeee2643df2b57f3e6d1d7371fa
records/june_update_2026-06-10__rec_000248/sections/sec_0027.md,35,c9e15f2f69bc9e99a9dbc8cadb988e68eb35be5e442936a5fc526f8042bdeba2
records/june_update_2026-06-10__rec_000248/sections/sec_0028.md,2267,4cd3b65b465b5542c9bee38f2761be79974793b7bba9084a64b6a76c86eaa333
records/june_update_2026-06-10__rec_000248/sections/sec_0029.md,1224,acaee85a5b0088fe370a99c46343966d143b32d440c752dd96c40c0b2ec2e135
records/june_update_2026-06-10__rec_000248/sections/sec_0030.md,1315,047d821fe3fc1ba7b81c88cbdd25b813a6fa0cba4ccebfb04f66aefa369232a0
records/june_update_2026-06-10__rec_000248/sections/sec_0031.md,8464,7bbb8e0d120b83c068a990baee794d2c1cb6eb8ec487691b582a28762c2bb7e1
records/june_update_2026-06-10__rec_000248/sections/sec_0032.md,3544,7bfc11a99d14163b9808ac91f0ddc484b7d2ddc4505d86db9dd0c7f9475145ff
records/june_update_2026-06-10__rec_000248/sections/sec_0033.md,43,dd0602f8d4fe9e95e176f61d656325f79d6415fbd4c9b02d9f421e8832ccdc2e
records/june_update_2026-06-10__rec_000248/sections/sec_0034.md,1589,1051f6697240f247d2d9952f4fbb5ddaf281feadbcc3ca2f0df41db795232ae0
records/june_update_2026-06-10__rec_000248/sections/sec_0035.md,1566,02d1cde1c8314e9cd5e57e68c4f69c226a558229ea1c5fcfe9192b6a2a37c3cc
records/june_update_2026-06-10__rec_000248/sections/sec_0036.md,36,572e0a0411e07af2ca0f2116a6beefd9b706d0d436541ea542ddeb36e39fd57c
records/june_update_2026-06-10__rec_000248/sections/sec_0037.md,1346,529547cd9de32d13c2d9544dec146fea09e78995c19cf0e417cda665b8542f77
records/june_update_2026-06-10__rec_000248/sections/sec_0038.md,767,8e83201ff905ad0e56caebfc0e9b50306c7320207818562a734d9f654c85c5a0
records/june_update_2026-06-10__rec_000248/sections/sec_0039.md,252,3e40429c065530c0d62c26fe930df0050b39235fd3d6d8f93569e899dc05840b
records/june_update_2026-06-10__rec_000248/status.json,1161,024d31c63085d40d46ab59a479c0e7db838e8d6c68b57858fcd45defcfebb781
records/june_update_2026-06-10__rec_000350/assemblies.json,75611,cedbe4260a58aa888ed2f74a2f34b6e148ecae5ea9d007afc96349f7d64a64e4
records/june_update_2026-06-10__rec_000350/attempts/01_extract/meta.json,1707,16689992ff10ae6ddb5f518f1c975414abfb06852c5add05700c339b4bd0a28a
records/june_update_2026-06-10__rec_000350/attempts/01_extract/output_schema.json,18153,fc4fd08860b2b19da00d319ef5a61b4493eede559424fa5e6129635e69da8656
records/june_update_2026-06-10__rec_000350/attempts/01_extract/prompt.txt,147864,60bf740ba358080a8bdbc4cd21d219a579bb3f8a6d26abc74539cf49d279d09c
records/june_update_2026-06-10__rec_000350/attempts/01_extract/response.json,84411,24c91a783a02a592eeffb34884d72f5fe6de8dcb0c529f26303ae5223bc1c636
records/june_update_2026-06-10__rec_000350/attempts/01_extract/stderr.log,317,1196a4904b88e70ebe1a5e68c5d0bd0282b8c690452888283ec099aa5d4fa96d
records/june_update_2026-06-10__rec_000350/attempts/01_extract/stdout.jsonl,92689,03facdb7c2002dd7b54ca78dd1720e07b8983b3bfc982cbcda18da6002f50469
records/june_update_2026-06-10__rec_000350/attempts/02_repair/meta.json,1705,3d44af21363b4902c1b692d529e0933ac85f2c0d86fe17b16193594eaf560915
records/june_update_2026-06-10__rec_000350/attempts/02_repair/output_schema.json,18153,fc4fd08860b2b19da00d319ef5a61b4493eede559424fa5e6129635e69da8656
records/june_update_2026-06-10__rec_000350/attempts/02_repair/prompt.txt,254239,726d0c6da43de7552cad4d267d2d3bea985f6840c503624da9c162121bf53d27
records/june_update_2026-06-10__rec_000350/attempts/02_repair/response.json,87253,e4567cb20b6921d88a00e56e625efdacbea4124b6bac1bfa7f38ddd5f7f252d6
records/june_update_2026-06-10__rec_000350/attempts/02_repair/stderr.log,170,7f7aa9780c088c560e29f1aa7b69851368eea414d9c45404850b5ffc5a8f7c7a
records/june_update_2026-06-10__rec_000350/attempts/02_repair/stdout.jsonl,95841,a063d0f86aeb11543454c40b554d8241078dc82100dfeb23d37ad357c144a821
records/june_update_2026-06-10__rec_000350/attempts/03_repair/meta.json,1704,b18aa5fd748bc5383770b07b68989c9ca61870dec93afacb08ed6967e87e13fe
records/june_update_2026-06-10__rec_000350/attempts/03_repair/output_schema.json,18153,fc4fd08860b2b19da00d319ef5a61b4493eede559424fa5e6129635e69da8656
records/june_update_2026-06-10__rec_000350/attempts/03_repair/prompt.txt,239641,440e6137eedaa45e5956708cefb35646e03e3f9964a922195e9babbe69a6ab5c
records/june_update_2026-06-10__rec_000350/attempts/03_repair/response.json,38744,bad9cb5521ae54c248ec252dd2f60414d4abeeb20ee8cf6309ef4cfefddeec60
records/june_update_2026-06-10__rec_000350/attempts/03_repair/stderr.log,170,4d822a7acd4f4ad0e91356622f74f9d2f61a1995bcf59bc461f60e11b7ae84ce
records/june_update_2026-06-10__rec_000350/attempts/03_repair/stdout.jsonl,43461,c9f19e34d6acacee28afd5b5f0b184da281a22e09feb877d66cc688f1efa2d60
records/june_update_2026-06-10__rec_000350/attempts/04_repair/meta.json,1704,99bb684edd7933295161d3d2c8e89873b611044c1327cd86278326f07567ce9c
records/june_update_2026-06-10__rec_000350/attempts/04_repair/output_schema.json,18153,fc4fd08860b2b19da00d319ef5a61b4493eede559424fa5e6129635e69da8656
records/june_update_2026-06-10__rec_000350/attempts/04_repair/prompt.txt,188732,dcebad860913882ef2126c97f0d3a0d0941518f32e20927326b765b72e759131
records/june_update_2026-06-10__rec_000350/attempts/04_repair/response.json,38221,ae5afbb97a02b029ce96cde98a81c4d5a57999ce595eee461f1f15bd7c459ec6
records/june_update_2026-06-10__rec_000350/attempts/04_repair/stderr.log,170,892ac4de81bb349c45bfa68cca7afc01e3eeb47badf958d1edeead1885b37850
records/june_update_2026-06-10__rec_000350/attempts/04_repair/stdout.jsonl,42081,562cc5a25c865bc567169e206c794c7aeabd7de332c3bceca6a77d0359f8bd2e
records/june_update_2026-06-10__rec_000350/attempts/05_repair/meta.json,1704,ca34210ec7f6874e493cb683f73e60d9679d7af6dbf633f29ce919998e65ec83
records/june_update_2026-06-10__rec_000350/attempts/05_repair/output_schema.json,18153,fc4fd08860b2b19da00d319ef5a61b4493eede559424fa5e6129635e69da8656
records/june_update_2026-06-10__rec_000350/attempts/05_repair/prompt.txt,188657,36e1c9d52abf783b1996b3caa074d75a9144988fc6d7c3be91d311caa19bc43f
records/june_update_2026-06-10__rec_000350/attempts/05_repair/response.json,38714,6e906490401570393b3364e83956a0a8817ec5ff34bd923e675aeeca26ebecef
records/june_update_2026-06-10__rec_000350/attempts/05_repair/stderr.log,170,6d7fa678ebbe41a03ec2238806aeccf74606682f0b4f9d626639f6a649335bc8
records/june_update_2026-06-10__rec_000350/attempts/05_repair/stdout.jsonl,42596,9509c24a24d1c273a9ac64f98fdfdc9c97c66b69adcf9682782cc456deebaff1
records/june_update_2026-06-10__rec_000350/attempts/06_extract/meta.json,1707,f089f22a872dd8a3cfe42965b3c9794d29341d5ca11a9db0b3ef95944a709053
records/june_update_2026-06-10__rec_000350/attempts/06_extract/output_schema.json,18153,fc4fd08860b2b19da00d319ef5a61b4493eede559424fa5e6129635e69da8656
records/june_update_2026-06-10__rec_000350/attempts/06_extract/prompt.txt,147864,60bf740ba358080a8bdbc4cd21d219a579bb3f8a6d26abc74539cf49d279d09c
records/june_update_2026-06-10__rec_000350/attempts/06_extract/response.json,65941,cb65baaa700190145696d4146e98992b1ee802f6ca102d0c690e5716f4a281f5
records/june_update_2026-06-10__rec_000350/attempts/06_extract/stderr.log,317,a8397a904fbf149de72c9419909cf42c8d7be160ce4ea6561bce665c2cd2056b
records/june_update_2026-06-10__rec_000350/attempts/06_extract/stdout.jsonl,135679,e1a08623949066ff3e76258e9ae9846ba5442cb83b187ea081d44da84a2e305d
records/june_update_2026-06-10__rec_000350/attempts/07_repair/meta.json,1704,e870f60fbc862a41fcc1f7505d724d9afa625d3a84b138e2edf95070adb02aa9
records/june_update_2026-06-10__rec_000350/attempts/07_repair/output_schema.json,18153,fc4fd08860b2b19da00d319ef5a61b4493eede559424fa5e6129635e69da8656
records/june_update_2026-06-10__rec_000350/attempts/07_repair/prompt.txt,219771,33e6cc6c21f44811c5933de585b7ac578c86ba6fd1253f6ed6725d124a7703f7
records/june_update_2026-06-10__rec_000350/attempts/07_repair/response.json,66198,5df1fc1ef46759e016f9f751af4068aa2291bfdbb269a1146711b8d6e77d8047
records/june_update_2026-06-10__rec_000350/attempts/07_repair/stderr.log,170,eaa8d4366735e0c85155e88acc0cf0e82c037521f7b5b300131a6248b9c8422c
records/june_update_2026-06-10__rec_000350/attempts/07_repair/stdout.jsonl,72305,93aeae8c9f1d1101ac3a0a9b223377a8a52227d50f29688e11d5973cacbe37db
records/june_update_2026-06-10__rec_000350/attempts/08_review/meta.json,1704,538845167a933489c3e270c62eae531d4dd8e0b5b3508c2a25ec72d8c3f8aceb
records/june_update_2026-06-10__rec_000350/attempts/08_review/output_schema.json,2482,2f7fde6059c5725fd4066315b7082d9c732aec8fae93b90e64480ce47d95b8c8
records/june_update_2026-06-10__rec_000350/attempts/08_review/prompt.txt,170006,3e9bee56d3ea9e5a9f212e78ca509cd4badd1f1382986900a71da1b9503dad2e
records/june_update_2026-06-10__rec_000350/attempts/08_review/response.json,10312,43e5a6b5c6a57ad5e969edc00632d9297e957aad975a849d381fb7695c952612
records/june_update_2026-06-10__rec_000350/attempts/08_review/stderr.log,170,9de6d3cf11a43e27820a065ee9913e088e27781c6a7f2523f80a4c81124d0eea
records/june_update_2026-06-10__rec_000350/attempts/08_review/stdout.jsonl,11164,11aa2c045a264b77b46cccb74ba001f85015a518b4ab130950773b8102e17dd4
records/june_update_2026-06-10__rec_000350/attempts/09_revise/meta.json,1705,50258642bafb65f5707373310314383d178078f5cdf78030584ea3a26c389c10
records/june_update_2026-06-10__rec_000350/attempts/09_revise/output_schema.json,18153,fc4fd08860b2b19da00d319ef5a61b4493eede559424fa5e6129635e69da8656
records/june_update_2026-06-10__rec_000350/attempts/09_revise/prompt.txt,227957,550a5b8d70ff3e28f0d188bcb848625252744193c5f0a123a169231536f4db39
records/june_update_2026-06-10__rec_000350/attempts/09_revise/response.json,101729,ede64fb595a7e2db5aec8b1b06549989da0e6ee03ae6876a1245f46e4bd75ea4
records/june_update_2026-06-10__rec_000350/attempts/09_revise/stderr.log,317,ef6e077d817c9c7b4fd8fd51b7c0014bd22cd504c5f8aa3888db9c1e8ddff0db
records/june_update_2026-06-10__rec_000350/attempts/09_revise/stdout.jsonl,110516,efe3ea5516fb7bfe4a1069bf21937af57d4eb2864d6211370e3aea4316cd56ae
records/june_update_2026-06-10__rec_000350/attempts/10_repair/meta.json,1704,38eace582fcb9fd3b4e57bfc362e7c547941ebc90a85b3a2a8bc9e6aea321338
records/june_update_2026-06-10__rec_000350/attempts/10_repair/output_schema.json,18153,fc4fd08860b2b19da00d319ef5a61b4493eede559424fa5e6129635e69da8656
records/june_update_2026-06-10__rec_000350/attempts/10_repair/prompt.txt,254830,5395512357151c253079a7852f6be20704a7f7f4405e75e63e3187ddac51242e
records/june_update_2026-06-10__rec_000350/attempts/10_repair/response.json,101584,2521e597379d7d55de730a632f04f453d39cc0be001691333357147744123f14
records/june_update_2026-06-10__rec_000350/attempts/10_repair/stderr.log,317,91a767d77f3a2e378f4f090a9eea33c90c8616a029523435338b590cbe4bddc0
records/june_update_2026-06-10__rec_000350/attempts/10_repair/stdout.jsonl,110361,7fb9c2632c9330fee2a2943c067e98b6e3a68e92e4f482c5a98acbb91498d791
records/june_update_2026-06-10__rec_000350/attempts/11_repair/meta.json,1704,36d89097def3a9103544681741d4b74a9773aad6ed1527a477139a34dd6f4ba6
records/june_update_2026-06-10__rec_000350/attempts/11_repair/output_schema.json,18153,fc4fd08860b2b19da00d319ef5a61b4493eede559424fa5e6129635e69da8656
records/june_update_2026-06-10__rec_000350/attempts/11_repair/prompt.txt,254034,b7ee643bf8f9bb40a9e834db60f7bb38b71822b7dc1626c7ea8fb7ef367e59ef
records/june_update_2026-06-10__rec_000350/attempts/11_repair/response.json,45781,4c71861164d4710c66ee0a31d3f7b01e70e25528d9e286bc02b3e35c675bf59a
records/june_update_2026-06-10__rec_000350/attempts/11_repair/stderr.log,170,69a7e7e12933f7039347feaf4bc10028b054086491f3d92c7ea977ffa53c6497
records/june_update_2026-06-10__rec_000350/attempts/11_repair/stdout.jsonl,49860,d3c700ce4d0f17f25ada4ee10d51b575deb801218e36248207a0a91c1c793d32
records/june_update_2026-06-10__rec_000350/attempts/12_repair/meta.json,1704,32df24c31f55b30b68dee46836bd777d57c2f039af5ccce3a76d06d294c4795b
records/june_update_2026-06-10__rec_000350/attempts/12_repair/output_schema.json,18153,fc4fd08860b2b19da00d319ef5a61b4493eede559424fa5e6129635e69da8656
records/june_update_2026-06-10__rec_000350/attempts/12_repair/prompt.txt,195872,7a1c772f00d73b2638bc3b86fe9970c6a9e0acd0b809082a2349e4167b16e02f
records/june_update_2026-06-10__rec_000350/attempts/12_repair/response.json,45782,9160c00c7ba9763a4c1ad7f50f830ff86fe38ebf7d582c537de7af739f66bc62
records/june_update_2026-06-10__rec_000350/attempts/12_repair/stderr.log,170,a497bc957452b95b81cd8a2864444ae3365e7d35470ee7b0de36956ffae1a13d
records/june_update_2026-06-10__rec_000350/attempts/12_repair/stdout.jsonl,99454,22fb4fe65dd530a730bc3a238c59ee108b8ec130c963f54452e3e59ab730a256
records/june_update_2026-06-10__rec_000350/attempts/13_review/meta.json,1704,37245716b1c405fc7b34b382a4fcc50bb86ff330cb8735e24f72b7806032617b
records/june_update_2026-06-10__rec_000350/attempts/13_review/output_schema.json,2482,2f7fde6059c5725fd4066315b7082d9c732aec8fae93b90e64480ce47d95b8c8
records/june_update_2026-06-10__rec_000350/attempts/13_review/prompt.txt,148727,46379eec7bd5bb702aef12df7b4cd865d0d658e994e3c713f272a16ea70881da
records/june_update_2026-06-10__rec_000350/attempts/13_review/response.json,5409,7c0cc13148dc20a1486e2ce9fb420237e7f7bd74c19729bf32e03265d2164f8f
records/june_update_2026-06-10__rec_000350/attempts/13_review/stderr.log,317,8a35833addf98c3aadc057125bb199cef998035462c19363cea04f14ef74bc1a
records/june_update_2026-06-10__rec_000350/attempts/13_review/stdout.jsonl,6042,dda1d59978efeaf27c14f464760559ad0792065de557152c6a00fb6cc4477b7e
records/june_update_2026-06-10__rec_000350/attempts/14_revise/meta.json,1705,1d81d97e46a5e33fc1d982a4720e4a72be5774279ef72ae07bd774900c5df036
records/june_update_2026-06-10__rec_000350/attempts/14_revise/output_schema.json,18153,fc4fd08860b2b19da00d319ef5a61b4493eede559424fa5e6129635e69da8656
records/june_update_2026-06-10__rec_000350/attempts/14_revise/prompt.txt,201168,4627b8fc9b59f9b46ed1c2cb2905afead3e0f06b5aba2ac3dbd183f3a525ca51
records/june_update_2026-06-10__rec_000350/attempts/14_revise/response.json,111546,f9ecce2a79c1ebe15a64d022f7aac0fafa90a4263c3644bf78aca633e9bf5631
records/june_update_2026-06-10__rec_000350/attempts/14_revise/stderr.log,464,0c5528d51aa1a9b511d81d303f877c14a274f8f5dd96fc6298ddc45d90a55ba1
records/june_update_2026-06-10__rec_000350/attempts/14_revise/stdout.jsonl,120802,905e1078c0a6d4f71a966216d7c996789a4effb10ffb8266732bf48c873c4f3c
records/june_update_2026-06-10__rec_000350/attempts/15_repair/meta.json,1705,2a1bb4cb19bde570dbd81add69066ea170a5f31bfac67a81c5e3ebfc839a2d21
records/june_update_2026-06-10__rec_000350/attempts/15_repair/output_schema.json,18153,fc4fd08860b2b19da00d319ef5a61b4493eede559424fa5e6129635e69da8656
records/june_update_2026-06-10__rec_000350/attempts/15_repair/prompt.txt,275225,ce4da055f6d7786f370579f400bc080b270696f058e21b6c34d333497bfed4d0
records/june_update_2026-06-10__rec_000350/attempts/15_repair/response.json,110361,bf23820124ced13557174d7f1609dee6ab318d013fc38493a8f089fed1369007
records/june_update_2026-06-10__rec_000350/attempts/15_repair/stderr.log,317,98e5a66b65f3287d181eec1c0af64c74a9d612c16752aead287bcc2a31589c25
records/june_update_2026-06-10__rec_000350/attempts/15_repair/stdout.jsonl,170417,a663398b3e69374b70d68948392e5faa627260b634778ab88bbd837944f9a347
records/june_update_2026-06-10__rec_000350/attempts/16_repair/meta.json,1704,728dd8aa8c1f9f25cf5d07456c6ac98da2cedfc181637591c52265e73ac5f6c3
records/june_update_2026-06-10__rec_000350/attempts/16_repair/output_schema.json,18153,fc4fd08860b2b19da00d319ef5a61b4493eede559424fa5e6129635e69da8656
records/june_update_2026-06-10__rec_000350/attempts/16_repair/prompt.txt,263242,b1dfed9fe8ec1768b58d7c7d186c5de69969684ef08afaeca960769fb189d565
records/june_update_2026-06-10__rec_000350/attempts/16_repair/response.json,46962,a2030afd33373e26f490a62862f0b6467089b1abdd4e7ab93f3a0f6085ac01fd
records/june_update_2026-06-10__rec_000350/attempts/16_repair/stderr.log,317,70120a80a1de34a6de0cfd20764288d3a446da805bc2ccda8f8042fb125bbd6c
records/june_update_2026-06-10__rec_000350/attempts/16_repair/stdout.jsonl,51057,d47dad0d7975cfb9483b9c6403a571ff07d784f5809f595c09268b926b8c0c9f
records/june_update_2026-06-10__rec_000350/attempts/17_review/meta.json,1704,e6b73268cc1f15f10a6f7ca757af4f75a0aac8e3102b9b408057a0905e6a841c
records/june_update_2026-06-10__rec_000350/attempts/17_review/output_schema.json,2482,2f7fde6059c5725fd4066315b7082d9c732aec8fae93b90e64480ce47d95b8c8
records/june_update_2026-06-10__rec_000350/attempts/17_review/prompt.txt,149914,f7bda9caeac1552e0455b1f9316db4b9b83c487a4deb7581901afeca994927dc
records/june_update_2026-06-10__rec_000350/attempts/17_review/response.json,7048,37a9eafeefc9e927aa5d7b967eda39927946a4a1d8a91e83ab4bd0726a6738a9
records/june_update_2026-06-10__rec_000350/attempts/17_review/stderr.log,170,b83ee57b66678c0590bbb59a05b22348789a0754b7becc2e52d19a1f00981196
records/june_update_2026-06-10__rec_000350/attempts/17_review/stdout.jsonl,7798,53f2dfc408c13bab255f53110ef0ae3cafe089023ffbaebfdc0f3d9dd1bc778d
records/june_update_2026-06-10__rec_000350/evidence.json,12603,b94a1f8121a498ad4f72956b868a26f1e8e1dfd8a3bcb9551a26490b15bb74df
records/june_update_2026-06-10__rec_000350/final_document.json,72838,d98bac4043ffb1e57a2d65beb31afc21fde87262200fef0db88aef0fc17622fd
records/june_update_2026-06-10__rec_000350/last_invalid_document.json,65510,5e339e5ae837033945bcdae3b33043905fb9b5b0f56e22324f55f6ef2cac6b35
records/june_update_2026-06-10__rec_000350/packet_manifest.json,9417,b8a0f4aa9da84cb1582983b13cea171b2eb107b7c783ec494eef95b074f4599d
records/june_update_2026-06-10__rec_000350/review_round_1.json,12000,65c6ce3eb82b2e0d67a5de43455a814d225dbf7567d513769f64f25778ac3c6d
records/june_update_2026-06-10__rec_000350/review_round_2.json,6389,605a970e131cc8d5a6cc817fa48947b07be25d3a500f2ba559c4f5c797745800
records/june_update_2026-06-10__rec_000350/review_round_3.json,8533,f44d526ffa0ddcf488a5a21b17f6801297526ab0cece62119a86babb209d7f85
records/june_update_2026-06-10__rec_000350/sections/sec_0001.md,238,d817e565f45dc4c98c0cef782f4b4377dc5250ab4c106b207884df0071bdcff0
records/june_update_2026-06-10__rec_000350/sections/sec_0002.md,3114,7fb8163470545412b7076d1d75ee85cb3c19b4267e3f31e98887ac5d582e2fb9
records/june_update_2026-06-10__rec_000350/sections/sec_0003.md,3648,af49b6425b624bc1fdf783cef117be9e8055c03222e715c7ce4daf812af185c8
records/june_update_2026-06-10__rec_000350/sections/sec_0004.md,3420,27273825c5f7603118d71b7bb3960cc725a3fe55f0853c45f52ac2e5bee25703
records/june_update_2026-06-10__rec_000350/sections/sec_0005.md,1365,0a92567293e97f200d0695ccb99a5711716bd7febd9c10915616e32239e6e21f
records/june_update_2026-06-10__rec_000350/sections/sec_0006.md,14,1a770db75d033929466954134835e2c305ddffb1b9acdd506dcb38337611e327
records/june_update_2026-06-10__rec_000350/sections/sec_0007.md,824,33d36460779d336cfb6b6507e041f2dbc5a7064d661a99f5955ee4ba3c757f8e
records/june_update_2026-06-10__rec_000350/sections/sec_0008.md,1243,b53c54ed349de2c2e01ffe7db34effe602dc73417d012c57f96050af1b3c1b4e
records/june_update_2026-06-10__rec_000350/sections/sec_0009.md,37,9355822e3ab6194ef8283e93fa595875d0d96214c754b81906a62d9ae9442cd2
records/june_update_2026-06-10__rec_000350/sections/sec_0010.md,1245,6ddac0459e9c09a3ae6ff89fed801ecf7d37afa40c33d996a6ece501b23c15a2
records/june_update_2026-06-10__rec_000350/sections/sec_0011.md,660,a2aadb08aa0a5da42380d88ddabd4ba215ed72ad5d0d172796051b1edfac1117
records/june_update_2026-06-10__rec_000350/sections/sec_0012.md,534,4eb96dcd7e78c93dcea270d36bc5f89d907990561769446c7457455bcec2a1f8
records/june_update_2026-06-10__rec_000350/sections/sec_0013.md,38,d05bab4c693c15439c8c93da73fc6086c624a306d3a952201803f322599124c2
records/june_update_2026-06-10__rec_000350/sections/sec_0014.md,1917,f95a2ae11c62a8949643a52802f8d507144860a59eda9f4a5c461fa054b13f6f
records/june_update_2026-06-10__rec_000350/sections/sec_0015.md,544,ca970534d88169e153f276312f5692a54df45985488c885f7bc09701fbfb7bc8
records/june_update_2026-06-10__rec_000350/sections/sec_0016.md,685,a63a7d2af1a538bf1150b29afc1d940e648ba17ace9757ab66a1409f66f7c8e4
records/june_update_2026-06-10__rec_000350/sections/sec_0017.md,1171,ac57a9d2fdf3d0e55a9240bd3ef893b6cfe0938e941517cdbb834471eaab6e8c
records/june_update_2026-06-10__rec_000350/sections/sec_0018.md,14,1610ab5515a29c8d2a1d8610c9be4ff4864a80f9a777e5d9ce84b1091c5d2a34
records/june_update_2026-06-10__rec_000350/sections/sec_0019.md,774,f12a797c9fa890ad31312bae918677a728d281978e13c441b73d0b258180a685
records/june_update_2026-06-10__rec_000350/sections/sec_0020.md,4415,27107696996f58cc7af003f99bb0d28da015784dadb92bbb033074577c80791e
records/june_update_2026-06-10__rec_000350/sections/sec_0021.md,56,841dd3c1f68c5d655bd84ca3d5b29ac0c9ebc3a7205f9bc9ca23cae971a56b3e
records/june_update_2026-06-10__rec_000350/sections/sec_0022.md,6522,0772cdb371bbfbb5143f27767aacdef54904251484ba9ba26ade924a7cc44cdd
records/june_update_2026-06-10__rec_000350/sections/sec_0023.md,2222,d378d05e49f99e3af46ff8c30f04e453d5243b403a505c3ee9faed5547106bdf
records/june_update_2026-06-10__rec_000350/sections/sec_0024.md,3461,d22917af38249a9423785b1e693be38333fc21d92ef9b566a80801f22168ad5a
records/june_update_2026-06-10__rec_000350/sections/sec_0025.md,2443,af78055c3b8c9725bb5f4592c9f87ea7d8b096ccf0077817d3bc57f24e782878
records/june_update_2026-06-10__rec_000350/sections/sec_0026.md,17,e3e34b59118057aed82f177a070ba08c284a3c96e3f7322a34269b1fc2f6b987
records/june_update_2026-06-10__rec_000350/sections/sec_0027.md,1752,187235cad21eac8f17627a9bad03619cc00b78332420319a4166c90a24370f33
records/june_update_2026-06-10__rec_000350/sections/sec_0028.md,1156,2073b7c64d08033ce7f6ae0bb0b98afabd7fb0054a6c5527b853904f19585df8
records/june_update_2026-06-10__rec_000350/sections/sec_0029.md,1356,b08fdfdbff8b54fd0ca2ea2b6336fa70d6aba3732ffddcf09e6cbd787e8c8e6d
records/june_update_2026-06-10__rec_000350/sections/sec_0030.md,1686,fb9250dd321a0b784c726521d4571fd71fbd465107f68b55bfbb86049b887cda
records/june_update_2026-06-10__rec_000350/sections/sec_0031.md,5352,a355d9281985ea99747ded36ba19a533af923501fb39cf2cd7e1428d365406b3
records/june_update_2026-06-10__rec_000350/sections/sec_0032.md,605,d74e174bda0e8eaf6dadfdaf88cb30f0df489621c8599393a859977155566608
records/june_update_2026-06-10__rec_000350/sections/sec_0033.md,682,7f576b30b1444366df9a700e757fc1d65e50427aa5ede21fbce5603802c48215
records/june_update_2026-06-10__rec_000350/sections/sec_0034.md,14453,54e6a1099fb50bccb102033bc2faef359ea19ff9bb9be018d5b5a44c3d7de0c2
records/june_update_2026-06-10__rec_000350/status.json,3937,849df1d913132e4de23872fd1bc09a1af2ad82c811cb7ea21bb27dac8f03330a
records/update_2026-08-09__manual_recall_xunzi/assemblies.json,174859,67dbd039cd2623a40c1fb9cadae4d989a066ab22f3c7603dbfd9508d8b376299
records/update_2026-08-09__manual_recall_xunzi/attempts/01_extract/meta.json,1714,a114f8451a39e82925766e52914cb2ce62b504126b37fee5c68e6e7d818aed9b
records/update_2026-08-09__manual_recall_xunzi/attempts/01_extract/output_schema.json,18153,fc4fd08860b2b19da00d319ef5a61b4493eede559424fa5e6129635e69da8656
records/update_2026-08-09__manual_recall_xunzi/attempts/01_extract/prompt.txt,240266,cffba0ce6ba5412bc6352726cd89cf1e83eb29c793e6e035d5dd06c0442d005f
records/update_2026-08-09__manual_recall_xunzi/attempts/01_extract/response.json,72364,e45d5b42e4b4b187f4d08fd873ede58fcd4d9b0eef385e33a119c69f7ad359ee
records/update_2026-08-09__manual_recall_xunzi/attempts/01_extract/stderr.log,170,ca039d5a4b32aed281833a51f1abf6e29c376d3eadc87dd095c2550fb08cb4fc
records/update_2026-08-09__manual_recall_xunzi/attempts/01_extract/stdout.jsonl,78314,44d813359c72710e301faae4cd95bd4ee6ac021e290b966ad889266d460049e6
records/update_2026-08-09__manual_recall_xunzi/attempts/02_repair/meta.json,1712,fde1f2bc604bd04b20a88fe2787070c6a61aa7857dbd03aa0f107e1090c345b0
records/update_2026-08-09__manual_recall_xunzi/attempts/02_repair/output_schema.json,18153,fc4fd08860b2b19da00d319ef5a61b4493eede559424fa5e6129635e69da8656
records/update_2026-08-09__manual_recall_xunzi/attempts/02_repair/prompt.txt,322958,45bdaa9bfe1bc310afb1c0b37556f61fe4477243281d681016fc4693d4a7c64e
records/update_2026-08-09__manual_recall_xunzi/attempts/02_repair/response.json,73238,3a87532d4339567c81e16b478621a2a803791540468e05eb161f3a110f9a15ab
records/update_2026-08-09__manual_recall_xunzi/attempts/02_repair/stderr.log,170,1808691db43ff986992341ce3da4b00ad6dd7b5b258b4d14faa0c46c652d7aad
records/update_2026-08-09__manual_recall_xunzi/attempts/02_repair/stdout.jsonl,79339,312e92e39db61b851a327c97bc1b8f82403cfb14fc4349a1064369a3b82c4b4f
records/update_2026-08-09__manual_recall_xunzi/attempts/03_repair/meta.json,1712,48cdee96d642bfe9feba073c8ca049a15af93ad327a451e7c1f2f763195da9f1
records/update_2026-08-09__manual_recall_xunzi/attempts/03_repair/output_schema.json,18153,fc4fd08860b2b19da00d319ef5a61b4493eede559424fa5e6129635e69da8656
records/update_2026-08-09__manual_recall_xunzi/attempts/03_repair/prompt.txt,316945,1d1e9238ce1713e2311c697f23a4e8a49efc4f3d096e0d9863940f9d83eabee2
records/update_2026-08-09__manual_recall_xunzi/attempts/03_repair/response.json,73234,91077000494eafcb6f21a0c3db101015bdf44a3adb8179469aed87633e994a2e
records/update_2026-08-09__manual_recall_xunzi/attempts/03_repair/stderr.log,317,576d415a906dddb8acfd0fa6df217e061cfb3739fe44e96692dd38e2ccbdb312
records/update_2026-08-09__manual_recall_xunzi/attempts/03_repair/stdout.jsonl,79739,aa4121bd4ea706ce781bd64114e3d6c03762177e80af269a70bbec4dd39eefbf
records/update_2026-08-09__manual_recall_xunzi/attempts/04_review/meta.json,1712,78c766b532e47f0a2b418eb30b7c7480b85e6aa54cec5e12f0bc5b71a515bd00
records/update_2026-08-09__manual_recall_xunzi/attempts/04_review/output_schema.json,2482,2f7fde6059c5725fd4066315b7082d9c732aec8fae93b90e64480ce47d95b8c8
records/update_2026-08-09__manual_recall_xunzi/attempts/04_review/prompt.txt,269545,962b65bacf7d0c3c3e89ed8edbe6fd052c984c527285fc1d9a8774dd11ce02db
records/update_2026-08-09__manual_recall_xunzi/attempts/04_review/response.json,11164,36a8330e0a112fc008469b2e6d80fef263ceb36195ed270aff37dfd49b57b868
records/update_2026-08-09__manual_recall_xunzi/attempts/04_review/stderr.log,170,770b61764780bcea1ac77ecea06cd826afd49eb3d82262a7795187cc0dd69eac
records/update_2026-08-09__manual_recall_xunzi/attempts/04_review/stdout.jsonl,12069,60458bdfa459493659fe55d41da6d735baed962f73bcf622891a8b1efeee4df8
records/update_2026-08-09__manual_recall_xunzi/attempts/05_revise/meta.json,1713,61a6c02a062eba30e1a7248ed3edbb8ceb2e7eabd2acd600c82240d7dba6dbf3
records/update_2026-08-09__manual_recall_xunzi/attempts/05_revise/output_schema.json,18153,fc4fd08860b2b19da00d319ef5a61b4493eede559424fa5e6129635e69da8656
records/update_2026-08-09__manual_recall_xunzi/attempts/05_revise/prompt.txt,328380,e561372c4e6a4ac065848e7f6693c37064b39c7e730d764fb173c6626e3fd342
records/update_2026-08-09__manual_recall_xunzi/attempts/05_revise/response.json,101824,5e0a1a11207ceed65981294e9a42b01f5eb8cfd7ab32fc26f997751b061d6741
records/update_2026-08-09__manual_recall_xunzi/attempts/05_revise/stderr.log,170,f6dd1a020a472d8eabbc84ebb836b64f5c4f778ebb2663711acfc2024d30efe9
records/update_2026-08-09__manual_recall_xunzi/attempts/05_revise/stdout.jsonl,109650,7f88652041a7c6d2a61df887b3a91bf63cf08983623349d15bbec7c98f5dbaaf
records/update_2026-08-09__manual_recall_xunzi/attempts/06_repair/meta.json,1713,88b161c76d2ef99d89fea0091e8c786c0c49db9ee3c21cdfc156e1c2fb8c6b89
records/update_2026-08-09__manual_recall_xunzi/attempts/06_repair/output_schema.json,18153,fc4fd08860b2b19da00d319ef5a61b4493eede559424fa5e6129635e69da8656
records/update_2026-08-09__manual_recall_xunzi/attempts/06_repair/prompt.txt,348448,b46cdc39818b85514abb4f3c1bbd0676105c70d097975cb42313e373c5f5d6c1
records/update_2026-08-09__manual_recall_xunzi/attempts/06_repair/response.json,103009,4b38a1488cec417d44efb2059228f0024f620c75af52e0f0b310f6e3a116ef87
records/update_2026-08-09__manual_recall_xunzi/attempts/06_repair/stderr.log,317,10fb59ffd57af8cc3e83029b7d83ced8e189909f24b4adc08742640d69c99664
records/update_2026-08-09__manual_recall_xunzi/attempts/06_repair/stdout.jsonl,110892,1b1458774be334d560f891b687d74817085a65ea94bc120fa8fa5617e9b81a2b
records/update_2026-08-09__manual_recall_xunzi/attempts/07_review/meta.json,1712,e1467a9c11f23a1b883bbba2959dbc97e8d56f9967044fe429d8b6a4bb7b1633
records/update_2026-08-09__manual_recall_xunzi/attempts/07_review/output_schema.json,2482,2f7fde6059c5725fd4066315b7082d9c732aec8fae93b90e64480ce47d95b8c8
records/update_2026-08-09__manual_recall_xunzi/attempts/07_review/prompt.txt,300272,0ec96b0cffcd4867962ef3e5c2b68e6f1a0730107a1b11cb30ce1aef9df38511
records/update_2026-08-09__manual_recall_xunzi/attempts/07_review/response.json,11816,41c28b0bed9d23de409bc2b66148212372a5566d92e2a9936f2e029ac568821c
records/update_2026-08-09__manual_recall_xunzi/attempts/07_review/stderr.log,170,dbdd2eec935ffe838a682ef538822d660cc503483d9e5b3eef4483d0e3b36890
records/update_2026-08-09__manual_recall_xunzi/attempts/07_review/stdout.jsonl,12718,e2a3e8a842bdedc76a6487a1c47cd35f1d0d3491b533e8e5406259f663271171
records/update_2026-08-09__manual_recall_xunzi/attempts/08_revise/meta.json,1713,f335fb32dfeda41e1c84f078367e9d583ea63d0ecfd1c42a84f5852d8952e11a
records/update_2026-08-09__manual_recall_xunzi/attempts/08_revise/output_schema.json,18153,fc4fd08860b2b19da00d319ef5a61b4493eede559424fa5e6129635e69da8656
records/update_2026-08-09__manual_recall_xunzi/attempts/08_revise/prompt.txt,359849,fe50facba5126613c776197d3ee60890c7fdda200417bf13d2efdf27700b8985
records/update_2026-08-09__manual_recall_xunzi/attempts/08_revise/response.json,104459,8ae49b15fb3b86939126810fc73a958c9c83e12526d078e0b77b134d1e87fa65
records/update_2026-08-09__manual_recall_xunzi/attempts/08_revise/stderr.log,170,16c0a1a4432cb85a15725aad3321ecd8bcb64af5399c9a786e590faf6c272005
records/update_2026-08-09__manual_recall_xunzi/attempts/08_revise/stdout.jsonl,112087,18b1727a876758be5aea942e709a5d728054ae26b980c1694ecf5caa40d6e7c9
records/update_2026-08-09__manual_recall_xunzi/attempts/09_repair/meta.json,1712,85a6c7179db01ff453b2adbfe7d9aedfb8cf4a9dd3f46c962eb9d1df754443f8
records/update_2026-08-09__manual_recall_xunzi/attempts/09_repair/output_schema.json,18153,fc4fd08860b2b19da00d319ef5a61b4493eede559424fa5e6129635e69da8656
records/update_2026-08-09__manual_recall_xunzi/attempts/09_repair/prompt.txt,349305,2555ea336e5cb295a02d8eb1b348905403178304f77a59c408bacb7d22aae75e
records/update_2026-08-09__manual_recall_xunzi/attempts/09_repair/response.json,104492,144db8f9149786590f9dc9966bad9a5584c0344d3605e8d655640cdf77fa54c8
records/update_2026-08-09__manual_recall_xunzi/attempts/09_repair/stderr.log,317,821465cafbd99045cf89ade835d43507f49390b33ce39a5784b9ae32a4ddad19
records/update_2026-08-09__manual_recall_xunzi/attempts/09_repair/stdout.jsonl,112119,aaf2804530b75ca166fb2675ac779efd80cf8b5e3b1765ddf1c3cff5f635ffb9
records/update_2026-08-09__manual_recall_xunzi/attempts/10_review/meta.json,1712,4a07a6b12d682a07cfe6453be9e3df0e0485a1d48ae18424ea46a17979a8000c
records/update_2026-08-09__manual_recall_xunzi/attempts/10_review/output_schema.json,2482,2f7fde6059c5725fd4066315b7082d9c732aec8fae93b90e64480ce47d95b8c8
records/update_2026-08-09__manual_recall_xunzi/attempts/10_review/prompt.txt,301624,6065dae164962ebbb3e4dd03da267030d7affd79d488cf36962da3e773dde0f3
records/update_2026-08-09__manual_recall_xunzi/attempts/10_review/response.json,5716,e692618f746932df56bae20b2bf82a651547d515d534afa8f5bcda0e5f616413
records/update_2026-08-09__manual_recall_xunzi/attempts/10_review/stderr.log,170,2e8c258608db18e07e299d2de119c0be92046b9a0e7e3175803e8d44652bc567
records/update_2026-08-09__manual_recall_xunzi/attempts/10_review/stdout.jsonl,6337,940d7e5bc29f5d5478c9ef71c509e4bba90db2764c021c317d9f99344613db37
records/update_2026-08-09__manual_recall_xunzi/evidence.json,64260,1b0d93e0629ad23584a943da7239201d6bea27228f59526f95566c52b8c800e1
records/update_2026-08-09__manual_recall_xunzi/final_document.json,152467,a52f1e808eed3d616a562466a8c1831d89e8a36624fae0192d883d49dde27655
records/update_2026-08-09__manual_recall_xunzi/packet_manifest.json,17465,48c918ac7619145cba6c4de17b7f6dbec9798828a904ad3db38517834bd59b0e
records/update_2026-08-09__manual_recall_xunzi/review_round_1.json,13052,6ccb220635f4fc6e606e071b01678028e4c3e9069ae8e016a84bacc6fee4d863
records/update_2026-08-09__manual_recall_xunzi/review_round_2.json,13774,740bb4add6ec0e617b878b9307c163cbb19e33e732a5be9b7945384091699e7c
records/update_2026-08-09__manual_recall_xunzi/review_round_3.json,6696,f2d4bd033ed123f9dc2b635a2849d86dc58c5c6fc24b6179ec57d620727e42f5
records/update_2026-08-09__manual_recall_xunzi/sections/sec_0001.md,44,92a39f0fc9eaf8a13604da6a5fe1e04a213664e1a8d94d757574cd0af6b590e5
records/update_2026-08-09__manual_recall_xunzi/sections/sec_0002.md,7050,90649e8b9a7dc134b482e8583d24e753b6289107ba21826918797e60c9b5eb0d
records/update_2026-08-09__manual_recall_xunzi/sections/sec_0003.md,13,61594c6f7a317049dd031c967133eb945d8767eb7797ffa2bcc4d308022d65ad
records/update_2026-08-09__manual_recall_xunzi/sections/sec_0004.md,15031,9226884e62bcad5ca4a8e2b5a449f23fa6b9547e0db96beaa8981f59aa7ed6a0
records/update_2026-08-09__manual_recall_xunzi/sections/sec_0005.md,12483,214aaac44630eee94fe7ae6fbb5046793f64b6c70cbdf8b592e52500d8bfcd07
records/update_2026-08-09__manual_recall_xunzi/sections/sec_0006.md,3496,69e354b233f2a3affae869813afd08a80885ce79f8076d1a5825c8b7ed117354
records/update_2026-08-09__manual_recall_xunzi/sections/sec_0007.md,7466,b91287fca243b5a0c4b5891f5d7cc8d74fa291192b3f0a219c2a597ce84b00c8
records/update_2026-08-09__manual_recall_xunzi/sections/sec_0008.md,5308,f8fc55c663bcf4fbeafc5fa6fb2a8422cd217647e7621e12e8c50331bfdec4a5
records/update_2026-08-09__manual_recall_xunzi/sections/sec_0009.md,5731,4dc1eca5413afc4a5fb06b022f3ad107e6a1ff88d94bc1569a87f8bcf87597e2
records/update_2026-08-09__manual_recall_xunzi/sections/sec_0010.md,13,eae53f5efee4ccdd85eb18d88d9fb559dc9a153e7557c023b0bef31f509b9034
records/update_2026-08-09__manual_recall_xunzi/sections/sec_0011.md,1612,2c961d4336e881fac059951b352d962c59c40ba5e4c4257c1db29c7aab627282
records/update_2026-08-09__manual_recall_xunzi/sections/sec_0012.md,1568,bc616b88dce670bca579c39bfff5b6f86d4f132aab61db54a52076efa8f2c2d8
records/update_2026-08-09__manual_recall_xunzi/sections/sec_0013.md,2883,7ff4ec2d8bfc952bc7f754e7e559d9037eca50a2fec6ed8235d9382ce64c6a71
records/update_2026-08-09__manual_recall_xunzi/sections/sec_0014.md,3359,9c39fb6f963a39c3e363ef7579d8d19b158ecf406454f7af41ed89058c968c11
records/update_2026-08-09__manual_recall_xunzi/sections/sec_0015.md,1618,a9bbd9c28f075777f8263d45051e31b5d209798e9cfebc1234ed0a94d1667666
records/update_2026-08-09__manual_recall_xunzi/sections/sec_0016.md,2453,ae59aa7ba1aae3ace30ed923f13a16e67a5fd715b7019758149f2a32324b4aae
records/update_2026-08-09__manual_recall_xunzi/sections/sec_0017.md,5230,7b627c1cbc8af0b69db925952d02fbf6e9aebf228128fca585ab9c07f8deef80
records/update_2026-08-09__manual_recall_xunzi/sections/sec_0018.md,5159,c6f94ee8ae83ae499e1374e06b30ee68b483e38936c67e218f1e85f2e835c829
records/update_2026-08-09__manual_recall_xunzi/sections/sec_0019.md,1778,edd69a1d1733acb7550b4acc7a9503067d4b460c156f5e19904c50048235f951
records/update_2026-08-09__manual_recall_xunzi/sections/sec_0020.md,1200,9dba14b32a8348f4da128f3f33284c4ce82cf091141795b8ded952eec60b0b40
records/update_2026-08-09__manual_recall_xunzi/sections/sec_0021.md,370,6b3a03767af328bb10c025c8bcf401f1af82d824c80cacdc69588bd771a28f72
records/update_2026-08-09__manual_recall_xunzi/sections/sec_0022.md,538,dc0c2262f7764ead8e839aab0df4b2489e8b0b0a70b75f4bf677eedd4f0255b7
records/update_2026-08-09__manual_recall_xunzi/sections/sec_0023.md,565,b53253099d228e119ebd1750144a7c2e2526c60ae9ad15f7e1062fb01d7db4cc
records/update_2026-08-09__manual_recall_xunzi/sections/sec_0024.md,516,02b38e876589be3c8cbe5fa42d8f064ead1dfa856b5131010597f11b840c9d31
records/update_2026-08-09__manual_recall_xunzi/sections/sec_0025.md,610,72fd675c6a2f03d2f35836c475a1a41b818470127a96ec48ab511248d1e3069e
records/update_2026-08-09__manual_recall_xunzi/sections/sec_0026.md,1609,c5b11844ef24eceff4ab002cf296af569f31f6423c12ee16c0345da026013a17
records/update_2026-08-09__manual_recall_xunzi/sections/sec_0027.md,1193,18739e90ca01b2d867d61e9fa2a030688b0165d27c3d086039b305110aed6ebf
records/update_2026-08-09__manual_recall_xunzi/sections/sec_0028.md,1055,6296fb7824c399366c37047e74a88457c80246eb509bf6b929e86d157152dffc
records/update_2026-08-09__manual_recall_xunzi/sections/sec_0029.md,470,4ccbc70fc4f0a8d004a7fc6e469c38af1c0d10477cec7d1f0aa7f07a905001d1
records/update_2026-08-09__manual_recall_xunzi/sections/sec_0030.md,927,0d8b79a67738f66eee4464085d9886e02b2a893e5ddda3ff8569020285767e39
records/update_2026-08-09__manual_recall_xunzi/sections/sec_0031.md,899,99db01f68e4dcbb4a63f03457704f270babb9afd2be172d4d6a0cce033135708
records/update_2026-08-09__manual_recall_xunzi/sections/sec_0032.md,510,b03fc27c140d8bb45b28ad9a172753e675b1270f202881f26729bf22ca21add8
records/update_2026-08-09__manual_recall_xunzi/sections/sec_0033.md,1173,9ba6df5688f54ba80f0d8399b924056583aa48e01e3fe4ac103bdf7a3c6fa6fa
records/update_2026-08-09__manual_recall_xunzi/sections/sec_0034.md,405,6eb5fd0d06d7a22c9b1852787b07b8f4232c17ea04f66c6b2f44b671afa7252d
records/update_2026-08-09__manual_recall_xunzi/sections/sec_0035.md,1345,d57458bb0cac57b388766cd7a3b0597c2f15ff6aa70f0d540e9c573678976aed
records/update_2026-08-09__manual_recall_xunzi/sections/sec_0036.md,981,f6e39a36235bf10b0c66e69aac3b40d647b919d4f44fc1be8c6023004cbeb82a
records/update_2026-08-09__manual_recall_xunzi/sections/sec_0037.md,493,e608df80c2363895a9d70f2aa3b54a1e17df687b8c5dcee65fd4b6d23a0f725b
records/update_2026-08-09__manual_recall_xunzi/sections/sec_0038.md,851,f215ad353e73e778ad19502de383a2b05dd7414d89e95dfdfc015117ea0a8d90
records/update_2026-08-09__manual_recall_xunzi/sections/sec_0039.md,889,70a4dd30af0c974aac7e991b9d51164ea8f193b513abaea7200a7764c19531fe
records/update_2026-08-09__manual_recall_xunzi/sections/sec_0040.md,349,5413bbb2113c7e7eb30b4fed27680fc1a2a264c923491f41c74a536eaf853e08
records/update_2026-08-09__manual_recall_xunzi/sections/sec_0041.md,706,58f049e057ae0d3e25fc3c944e5b6d28a9e2cce7b57da6f421404f2e0ab3c8ce
records/update_2026-08-09__manual_recall_xunzi/sections/sec_0042.md,765,a80684974f8dd1f5941dba23c19080a837d30aa873a3e2bd54e8bca4afb1b31c
records/update_2026-08-09__manual_recall_xunzi/sections/sec_0043.md,143,375e38889445a9b9154a8b34bd0538cb1b76c57c13cfcf722dd59673267756aa
records/update_2026-08-09__manual_recall_xunzi/sections/sec_0044.md,1078,8fa16d86475938fd220ebd57bb63ac2136d5d890ee8954dd1c1688693ffc5f16
records/update_2026-08-09__manual_recall_xunzi/sections/sec_0045.md,147,77a5523578cd2f377c27e13287b69f2318f0f90485cd2c9f23c00982e764b4db
records/update_2026-08-09__manual_recall_xunzi/sections/sec_0046.md,13925,21e0d9878e8d910a3f43a440342b6e02f44d35616f111d388c25faf78ea741f5
records/update_2026-08-09__manual_recall_xunzi/sections/sec_0047.md,501,61782e57f2a1390cabf04f89902123b200ff1c55bf2bb17269d3f45cd399fdf3
records/update_2026-08-09__manual_recall_xunzi/sections/sec_0048.md,610,341be6bc97c27cbcd04931661f3339247a62ca4bb40f458eb74b5683c3061250
records/update_2026-08-09__manual_recall_xunzi/sections/sec_0049.md,1164,82b004b397972218c8849aa89f2954c35cbfa79582b929337d8e80c51caf7d8a
records/update_2026-08-09__manual_recall_xunzi/sections/sec_0050.md,71,a021d4fbcf7efcb51afc527ba12eb2bb33165ef59cc6b27ba5e3438f49e36a7c
records/update_2026-08-09__manual_recall_xunzi/sections/sec_0051.md,12961,17b1a7fe8092914214775c7615df84f3cdf415f04044699ae886172ac566257d
records/update_2026-08-09__manual_recall_xunzi/sections/sec_0052.md,3554,a369ed6ae143c54becad7a8c810e2cd111d1683f899fcb03e0de81c1a5977a19
records/update_2026-08-09__manual_recall_xunzi/sections/sec_0053.md,21192,326357e713a233f842fc337338daf5d41fe30bda9546679d6201009c414df59c
records/update_2026-08-09__manual_recall_xunzi/status.json,3666,1e0acf6844eff6e083470886e940a90b709517786788a5775912b63639d45dbd
records/update_2026-08-09__rec_000106/assemblies.json,225128,0f67b65dc52b5ec059f3e0721983666b5c60cfef501d092be7cc637ae6592905
records/update_2026-08-09__rec_000106/attempts/01_extract/meta.json,1697,099a232b77f0fc43c23746bbf8c40a350f03ff0004c4fcdfab7f156773b42fb2
records/update_2026-08-09__rec_000106/attempts/01_extract/output_schema.json,18153,fc4fd08860b2b19da00d319ef5a61b4493eede559424fa5e6129635e69da8656
records/update_2026-08-09__rec_000106/attempts/01_extract/prompt.txt,226831,98025b135497c7a4f588278e7907cb3e0706ce198aabd89e9a5ca9e2feabffe6
records/update_2026-08-09__rec_000106/attempts/01_extract/response.json,86042,29ecbe82ceeb3dd8e0bb3790c05cd6fecf7529d70f56febf089867a3d312a995
records/update_2026-08-09__rec_000106/attempts/01_extract/stderr.log,170,e0f0db7237575d0cf1484f9e7f159320347cf80c544e55c20279b798cf06ea8a
records/update_2026-08-09__rec_000106/attempts/01_extract/stdout.jsonl,93076,2941fec9a5cc6fc26f5f011dfbb00bb878586f805ff1b56d4376bc7a07ee6638
records/update_2026-08-09__rec_000106/attempts/02_repair/meta.json,1695,78ff77bf6b3897ab5794a9f8c23ec6d7982bdb13664a1b24a4b42e4161434aa0
records/update_2026-08-09__rec_000106/attempts/02_repair/output_schema.json,18153,fc4fd08860b2b19da00d319ef5a61b4493eede559424fa5e6129635e69da8656
records/update_2026-08-09__rec_000106/attempts/02_repair/prompt.txt,332973,124340013452b11ef1976e4915fe137fe0e27aaa02c2f5360d6568da8fe67020
records/update_2026-08-09__rec_000106/attempts/02_repair/response.json,87977,ac017b62b763f46b79c7180da1d2c7878c10dd745a827b9100d308e9ee476dcb
records/update_2026-08-09__rec_000106/attempts/02_repair/stderr.log,170,8cd40fc00796da8a2d8c1ed57102acce6e04b7f92151f09455d39ccc97613976
records/update_2026-08-09__rec_000106/attempts/02_repair/stdout.jsonl,95279,c6a6b484200fcfa8d50bddf5db1d2f31e92ec4cf011fc2c8a3e9afc5ee50995b
records/update_2026-08-09__rec_000106/attempts/03_repair/meta.json,1694,372537a50fc7b634bc8ec1063390f7cf97c30433346d6418b72038ab5f79b758
records/update_2026-08-09__rec_000106/attempts/03_repair/output_schema.json,18153,fc4fd08860b2b19da00d319ef5a61b4493eede559424fa5e6129635e69da8656
records/update_2026-08-09__rec_000106/attempts/03_repair/prompt.txt,320516,f17101172f770a0dc384a74e80d0e399d5f489494a6928e2e933fc6dd454ce9a
records/update_2026-08-09__rec_000106/attempts/03_repair/response.json,53863,cea40848bb8b7721fd8ef2516930b1904e51af76d0e97b8f1dfd45e7573036e9
records/update_2026-08-09__rec_000106/attempts/03_repair/stderr.log,170,6e4671bbd1335a9e5e3e40e2c259d32332ed6dd5b1747c901e083e4c78f1fbc4
records/update_2026-08-09__rec_000106/attempts/03_repair/stdout.jsonl,60551,ab0f63d9ae2ee05a872bc2b7e3563a8baafe157ad777cc54fbbf322a1d794564
records/update_2026-08-09__rec_000106/attempts/04_repair/meta.json,1694,9dd03aef3bdff3f1dfc3ee34d16c9bb4ca5d51302ef560eb52911da3db57f857
records/update_2026-08-09__rec_000106/attempts/04_repair/output_schema.json,18153,fc4fd08860b2b19da00d319ef5a61b4493eede559424fa5e6129635e69da8656
records/update_2026-08-09__rec_000106/attempts/04_repair/prompt.txt,284486,643cf804f787aa65ceaef4478fa32234bfd5a245ea38031be10ab088d0c3d25a
records/update_2026-08-09__rec_000106/attempts/04_repair/response.json,53872,439b11da22bb74521c8890a1346b066c84053b150b9b42d088367b5521686bea
records/update_2026-08-09__rec_000106/attempts/04_repair/stderr.log,170,836b88a2bcb09dbd379127f237d789655a247116037ba70b8f02341a41abddde
records/update_2026-08-09__rec_000106/attempts/04_repair/stdout.jsonl,58495,44257a4d24d5d7b56160ad70d57f055e1cb83e874652890ca3c00d30d54eb8d2
records/update_2026-08-09__rec_000106/attempts/05_repair/meta.json,1694,adfcff737f508a84b5d29c2216bbcafa3f3ae66e222cd68e482149ee9462146f
records/update_2026-08-09__rec_000106/attempts/05_repair/output_schema.json,18153,fc4fd08860b2b19da00d319ef5a61b4493eede559424fa5e6129635e69da8656
records/update_2026-08-09__rec_000106/attempts/05_repair/prompt.txt,283680,c92bfa41249faf08864bb3921df7f07c8bdcbc5f52f26000666f578733c48338
records/update_2026-08-09__rec_000106/attempts/05_repair/response.json,54082,90a5c9a44970660abafb8e638f137316015fe688a3d68c608f3a1405cb3ca694
records/update_2026-08-09__rec_000106/attempts/05_repair/stderr.log,170,06ef6c015c78142292b27c121ddd891678374a50a589d59eea2b57b1ef2f2840
records/update_2026-08-09__rec_000106/attempts/05_repair/stdout.jsonl,58705,65875dbe8e16084c02e272f8f9d9ec6445fcbf5891b1251ecac5db99ff7c6861
records/update_2026-08-09__rec_000106/attempts/06_extract/meta.json,1697,b62eaa9dc36143602a5d1bc965b9886d2a59f4279f91b13dd4eec805aa3e9ee3
records/update_2026-08-09__rec_000106/attempts/06_extract/output_schema.json,18153,fc4fd08860b2b19da00d319ef5a61b4493eede559424fa5e6129635e69da8656
records/update_2026-08-09__rec_000106/attempts/06_extract/prompt.txt,226831,98025b135497c7a4f588278e7907cb3e0706ce198aabd89e9a5ca9e2feabffe6
records/update_2026-08-09__rec_000106/attempts/06_extract/response.json,87986,24b73daaf1400a8153e38491169df652b17c29c5f9ae45852d44124433485049
records/update_2026-08-09__rec_000106/attempts/06_extract/stderr.log,317,86e9152923de6af85f8df5fb0a39e4699a42a3361f609a0f623d8579ad9a51cb
records/update_2026-08-09__rec_000106/attempts/06_extract/stdout.jsonl,95514,75f6914ed01f466bf28369fb2f7898e4a7429537dc87bb99c2fba68f3d5c2071
records/update_2026-08-09__rec_000106/attempts/07_repair/meta.json,1694,294897e3253862f51bfd7e213eb1ac612b78010b64498cb845bc80e48a34030b
records/update_2026-08-09__rec_000106/attempts/07_repair/output_schema.json,18153,fc4fd08860b2b19da00d319ef5a61b4493eede559424fa5e6129635e69da8656
records/update_2026-08-09__rec_000106/attempts/07_repair/prompt.txt,341816,613d41b3557796af0c44e5d40d2cadcfcbd43a5c8978d5a6fdc96e2ef282be5d
records/update_2026-08-09__rec_000106/attempts/07_repair/response.json,52053,bb4ece1631c19abfa9c86fcd1d25152a64df0f59314ccd31a73ec30893305117
records/update_2026-08-09__rec_000106/attempts/07_repair/stderr.log,317,aeb63597e681daa578f0c246447179ff627e0facfdeb6f8037fe931d969d6c93
records/update_2026-08-09__rec_000106/attempts/07_repair/stdout.jsonl,104710,1d382431d0f39b3d5fcd808257ba09f57328a249b81c1d9905e84c795c21c112
records/update_2026-08-09__rec_000106/attempts/08_repair/meta.json,1694,3179a9cc5515c44d3114c82e06f816ebc473473e1e2c2b69428372c936272eaa
records/update_2026-08-09__rec_000106/attempts/08_repair/output_schema.json,18153,fc4fd08860b2b19da00d319ef5a61b4493eede559424fa5e6129635e69da8656
records/update_2026-08-09__rec_000106/attempts/08_repair/prompt.txt,282786,b3d6847a3e5ff2ff44ab2a81129e5afbe62ba971f42ee6c4952e2fbcaf57204d
records/update_2026-08-09__rec_000106/attempts/08_repair/response.json,52063,a1ea252a7f6b18e1266c47818484c63283a464b9c4c0f66b0bc7f87125f70c26
records/update_2026-08-09__rec_000106/attempts/08_repair/stderr.log,170,f3bb9eba6629a995afb2caf145512e0dd07dd84def71423bea75f03220bd86c1
records/update_2026-08-09__rec_000106/attempts/08_repair/stdout.jsonl,56726,cc7e3e85e15ce33f2242e1c3a3c87a95cf4de43c8f6e33a19bd52a2a18ff119a
records/update_2026-08-09__rec_000106/attempts/09_repair/meta.json,1694,fd2c15e3af8be804975675b41714d8df650ec908a99171b2ee750c0904e64ef3
records/update_2026-08-09__rec_000106/attempts/09_repair/output_schema.json,18153,fc4fd08860b2b19da00d319ef5a61b4493eede559424fa5e6129635e69da8656
records/update_2026-08-09__rec_000106/attempts/09_repair/prompt.txt,282542,cffe6f86862b2e4a0d1448e66f49fba177a20d47a2a63091259300f0cbf3e368
records/update_2026-08-09__rec_000106/attempts/09_repair/response.json,51729,2842129c69359358f699f9fd673eb9c1221f2658b9e5ffac565c260668f93ff0
records/update_2026-08-09__rec_000106/attempts/09_repair/stderr.log,317,8700bbe9cd51fa992723e9e2a017a232e755b76e5b970ea1ad482369d6b772a1
records/update_2026-08-09__rec_000106/attempts/09_repair/stdout.jsonl,56392,6f0c64b24e10520d049fafd78a65182fa237f4b83b770c3d807b29f80b0fd116
records/update_2026-08-09__rec_000106/attempts/10_repair/meta.json,1694,9c83fd048fba3abd6562660bad15b95023f249865923fb0d02299bcbee76b2ec
records/update_2026-08-09__rec_000106/attempts/10_repair/output_schema.json,18153,fc4fd08860b2b19da00d319ef5a61b4493eede559424fa5e6129635e69da8656
records/update_2026-08-09__rec_000106/attempts/10_repair/prompt.txt,281666,db93d476704578d80be922cc7b52ee970a3adc61f1cafd4fa0d4a3e4e65ed1cc
records/update_2026-08-09__rec_000106/attempts/10_repair/response.json,51733,b5550905f69e249330065173b750345fc5444519e81b1e88f7dd4515bd3c04dd
records/update_2026-08-09__rec_000106/attempts/10_repair/stderr.log,170,2c7ec32571454cf4d8003e206a22bc891eed6fb0734caa9da802daf8ee02091b
records/update_2026-08-09__rec_000106/attempts/10_repair/stdout.jsonl,56396,2f6069e4aaa1b357e2f5764411021cec302d8018e1911747ca3cd4b7666fab6c
records/update_2026-08-09__rec_000106/attempts/11_extract/meta.json,1697,c1cf2210aab2b3754d3da0cf7e21c3d544f0381676ffa6df901010016c79c610
records/update_2026-08-09__rec_000106/attempts/11_extract/output_schema.json,18153,fc4fd08860b2b19da00d319ef5a61b4493eede559424fa5e6129635e69da8656
records/update_2026-08-09__rec_000106/attempts/11_extract/prompt.txt,226831,98025b135497c7a4f588278e7907cb3e0706ce198aabd89e9a5ca9e2feabffe6
records/update_2026-08-09__rec_000106/attempts/11_extract/response.json,71618,f5298248378835a586a89c7e977d789fc914095f2d93ba0bd89b6276c17b1221
records/update_2026-08-09__rec_000106/attempts/11_extract/stderr.log,170,b0b921bec468e1839614b38d493ffbe18b91266c1f3354356011811cfac61c91
records/update_2026-08-09__rec_000106/attempts/11_extract/stdout.jsonl,77414,44e76bb5d11e0772347e827e9500737897db54567f1507bf45f5c5575a6d1c0f
records/update_2026-08-09__rec_000106/attempts/12_repair/meta.json,1694,7f0a4970043bbde41de715b280f70c59068c176014f693c8b2d0e204c2e4c589
records/update_2026-08-09__rec_000106/attempts/12_repair/output_schema.json,18153,fc4fd08860b2b19da00d319ef5a61b4493eede559424fa5e6129635e69da8656
records/update_2026-08-09__rec_000106/attempts/12_repair/prompt.txt,307800,739d311ca948db522b985912d2f5dd620af865690ef5e2b7070d8bb649a164b2
records/update_2026-08-09__rec_000106/attempts/12_repair/response.json,71894,5ae7f7d1140744113f1b55b0fa2c4c77614ec9e16cf1992992b0cf7d9ccc8b34
records/update_2026-08-09__rec_000106/attempts/12_repair/stderr.log,317,9513890b459c7d0ed2dcf3e362199881bd9196e283f4606533be9bd8fd9273b5
records/update_2026-08-09__rec_000106/attempts/12_repair/stdout.jsonl,78238,65cd1513cf4de487a3daf64e53e6eeac3990e92faba4fef72b79aa30b26b0995
records/update_2026-08-09__rec_000106/attempts/13_repair/meta.json,1695,c0b180e3fd463fe8bd34125dde18b7a0ff9ea8fa17630bcd7b68f6cdef409171
records/update_2026-08-09__rec_000106/attempts/13_repair/output_schema.json,18153,fc4fd08860b2b19da00d319ef5a61b4493eede559424fa5e6129635e69da8656
records/update_2026-08-09__rec_000106/attempts/13_repair/prompt.txt,302367,696ed758248068a3c40b83327ddf60d2d4fd8a9bc377d23c33132d3c8de32c89
records/update_2026-08-09__rec_000106/attempts/13_repair/response.json,71836,289f98870901eaa05de3842c7425cf739e06533d36af61e631a2aa66b0143b84
records/update_2026-08-09__rec_000106/attempts/13_repair/stderr.log,317,867fb3cafd68adfa9c7b688e94b0f3cd4d07edf275f66ef9df7e515ef94c682b
records/update_2026-08-09__rec_000106/attempts/13_repair/stdout.jsonl,155050,d3bc9f6d7d44ef23f588d2a193033ac61f7aeb2ac192636b4b66a2a233af6ef4
records/update_2026-08-09__rec_000106/attempts/14_review/meta.json,1694,6a3decba7ec62f80de7eb2a9772f629c253dfa5404b27c36e71dd583eb9b18aa
records/update_2026-08-09__rec_000106/attempts/14_review/output_schema.json,2482,2f7fde6059c5725fd4066315b7082d9c732aec8fae93b90e64480ce47d95b8c8
records/update_2026-08-09__rec_000106/attempts/14_review/prompt.txt,254626,41a2bc99e6381c329ecac6a0fde7445b12880abda29d459c356a1e7407e0a0f6
records/update_2026-08-09__rec_000106/attempts/14_review/response.json,12239,27b1d31ff0946c3566114dd53bd33a967c2c0a2aa70a761165cd73fa6b12b272
records/update_2026-08-09__rec_000106/attempts/14_review/stderr.log,317,2b5b1b6dbe5ea38e20a0c51cf64cb8d11ee7eca1ab4d227836b29e74d23b8aa5
records/update_2026-08-09__rec_000106/attempts/14_review/stdout.jsonl,13659,3f0624a312726e6ac49181bebfb8005f07785cdc5a9157985483551f65fa039d
records/update_2026-08-09__rec_000106/attempts/15_revise/meta.json,1695,81a11e168339f34ec571808fa8fc8bf6359e7a6d26f3bf9626cd81a81acef053
records/update_2026-08-09__rec_000106/attempts/15_revise/output_schema.json,18153,fc4fd08860b2b19da00d319ef5a61b4493eede559424fa5e6129635e69da8656
records/update_2026-08-09__rec_000106/attempts/15_revise/prompt.txt,314870,bcb98bc4cb2d1ed76db3cfdfd638ec33ac3af8f06809a3c7f5620c202c2d350c
records/update_2026-08-09__rec_000106/attempts/15_revise/response.json,96132,2c9a34e0b755da66afb5359d4f83b14f58669266d90744e614ce379ba698ca7e
records/update_2026-08-09__rec_000106/attempts/15_revise/stderr.log,170,9ecc1df9a2a1706945e3e498e2bdb078083e3baa30fda07d6ba3ecc84ebef8bb
records/update_2026-08-09__rec_000106/attempts/15_revise/stdout.jsonl,103664,aa6c9ff013065baf16164aa47e89214c250ade031da69574e19ac3b95c811bc2
records/update_2026-08-09__rec_000106/attempts/16_repair/meta.json,1694,a0c6dc1e939bcbaea7602a9da8a39a7b71a8e3c107ed29d2181f78d20a21afef
records/update_2026-08-09__rec_000106/attempts/16_repair/output_schema.json,18153,fc4fd08860b2b19da00d319ef5a61b4493eede559424fa5e6129635e69da8656
records/update_2026-08-09__rec_000106/attempts/16_repair/prompt.txt,329393,54bfc2f10ad360e6a05a190f8f54793867e72a8b74ae44a32331af8d1444e1a7
records/update_2026-08-09__rec_000106/attempts/16_repair/response.json,96051,5d7a0d71b5962dcee11c716d8cac579515f0ba86c67820fb0ecea043cd9f96ed
records/update_2026-08-09__rec_000106/attempts/16_repair/stderr.log,317,fcfb40e3fb555d5b26f40180ab85dfea42a457f9cceadfdc799235d9c3a3048f
records/update_2026-08-09__rec_000106/attempts/16_repair/stdout.jsonl,103585,225fa73e5abf64ac2e4c328ac1e1fa2ed105410c341c5d6a87bf1f2e054e18ca
records/update_2026-08-09__rec_000106/attempts/17_review/meta.json,1694,79606b30e1e0c8879ce70ae54275fcda49f14780a25a3701babf95a5c7472edf
records/update_2026-08-09__rec_000106/attempts/17_review/output_schema.json,2482,2f7fde6059c5725fd4066315b7082d9c732aec8fae93b90e64480ce47d95b8c8
records/update_2026-08-09__rec_000106/attempts/17_review/prompt.txt,279782,90886d7ee2d5ff8dbe93fe4e816f1ffee003faf531bd6f329e9d3eae6f16aab8
records/update_2026-08-09__rec_000106/attempts/17_review/response.json,13790,0d96c58308ba2feb58af2d0a482b2406aaa54a097add3de7722e398de7b7c128
records/update_2026-08-09__rec_000106/attempts/17_review/stderr.log,317,0f85b8f0d22821798ba5464060d89d4c2b1a1e79e748729fb9f8e6a0126fa37c
records/update_2026-08-09__rec_000106/attempts/17_review/stdout.jsonl,14955,ac7784d0a35d9a49cb58596a49678c06499d2127e9bb9bcd6c228abf7ad3c7ae
records/update_2026-08-09__rec_000106/attempts/18_revise/meta.json,1695,d208f2c1149d620b78fa0c4bcb0b903ded30d35e189503590ae8e30b50c42116
records/update_2026-08-09__rec_000106/attempts/18_revise/output_schema.json,18153,fc4fd08860b2b19da00d319ef5a61b4493eede559424fa5e6129635e69da8656
records/update_2026-08-09__rec_000106/attempts/18_revise/prompt.txt,341778,6732a0a3d25c17f1b01c849e2f4ddacaff8eee238b938d5e312304cd0cc33783
records/update_2026-08-09__rec_000106/attempts/18_revise/response.json,127420,be33a3984d7b9feebe414da2a44bff09c51df77fd9b3cd8229b32274ecad159d
records/update_2026-08-09__rec_000106/attempts/18_revise/stderr.log,317,10d7c3449f7649cfae5d566585e352425d72f4d3df4569947622a5445588559d
records/update_2026-08-09__rec_000106/attempts/18_revise/stdout.jsonl,137326,806f6793bd51e39cce936c0bb00468364d62c80b11fc78b60e2996017d97accd
records/update_2026-08-09__rec_000106/attempts/19_repair/meta.json,1695,2f7e3bbceec5ada2093e49ca0fe74714b49fb388eef33b9012179bfabebcb643
records/update_2026-08-09__rec_000106/attempts/19_repair/output_schema.json,18153,fc4fd08860b2b19da00d319ef5a61b4493eede559424fa5e6129635e69da8656
records/update_2026-08-09__rec_000106/attempts/19_repair/prompt.txt,364496,a0b77f23c350e9bea9ff286c1cf2c8d574314480031b6363e8ac686cf1f84978
records/update_2026-08-09__rec_000106/attempts/19_repair/response.json,127644,66b7859fba118f79e0ffb0beefb093e65750b4122d967e779d17e16f4dd2ee0d
records/update_2026-08-09__rec_000106/attempts/19_repair/stderr.log,170,c491b3273b8e92b9022292d39f247e35a3245229dfd33fb36e1786ccccb696ed
records/update_2026-08-09__rec_000106/attempts/19_repair/stdout.jsonl,137547,b7c9bb932a3a1a94207638adedcbffbad58ad0e093ac8c6502399a338ea12a42
records/update_2026-08-09__rec_000106/attempts/20_review/meta.json,1695,7b7bbc0ea79eb9e0ab2d5577bfdb8b1cf6cadbd9261d0d670877fb57f3d1748b
records/update_2026-08-09__rec_000106/attempts/20_review/output_schema.json,2482,2f7fde6059c5725fd4066315b7082d9c732aec8fae93b90e64480ce47d95b8c8
records/update_2026-08-09__rec_000106/attempts/20_review/prompt.txt,312660,4ad66c689b3da6d035c8d046e68cdd0332db01e0b4df029d2a4319e193604830
records/update_2026-08-09__rec_000106/attempts/20_review/response.json,10109,1075ea2d48f2aa94f6dcea9316a9d8b1f02167cc9275db5d39ead8cb5a73f963
records/update_2026-08-09__rec_000106/attempts/20_review/stderr.log,317,b996bd9f18efb507957a2cb45ec744ef5ab0c683e402d9a4713681c92e178e29
records/update_2026-08-09__rec_000106/attempts/20_review/stdout.jsonl,11036,b5f4c6f72fcec66a93c4beec35e99b045bb488bccf2461db740352c90281add6
records/update_2026-08-09__rec_000106/evidence.json,80048,26244d669f017efb8da0db6553e9feef172d2a2a2c3e6e886cb198c81a66bc6d
records/update_2026-08-09__rec_000106/final_document.json,190614,20db7838a7340c24cb84efa9dfd03ab82489d2829520b49dad5fb551605e168c
records/update_2026-08-09__rec_000106/last_invalid_document.json,80378,ccba69c09ced4c1d22f8909d7ea3f8332ff1d3e6eab855065cfa3c13784543d3
records/update_2026-08-09__rec_000106/packet_manifest.json,26401,29f328c08ccb92fda440a349b33af8b038114854ab9aa6249b24eae9e88a3540
records/update_2026-08-09__rec_000106/review_round_1.json,14470,4a85fa623fbe7abd64c25bef1d8fcaebbf11c72242fc887b60635fc90a5bd379
records/update_2026-08-09__rec_000106/review_round_2.json,16672,2c96862df4dd5b05abbb5807b69009c72b36b744dac39328165125a9fbe99528
records/update_2026-08-09__rec_000106/review_round_3.json,12105,da99c6b734e5752c69f240fda6a197b140bb0352a0ad23e77b9001956f2560d0
records/update_2026-08-09__rec_000106/sections/sec_0001.md,2464,4d0f6058695d1a525b1cc663ecfd6c7e2b1388f10bb4b95299c05acd8235bed0
records/update_2026-08-09__rec_000106/sections/sec_0002.md,6688,84891609d0757bd52ecc90215a9e5933b45169e33c495e6af360e2223e0a8057
records/update_2026-08-09__rec_000106/sections/sec_0003.md,14,a071080c868c198118d3050fa3b2adac4ebe96fc5ba5037c9d1a269a1552dbe6
records/update_2026-08-09__rec_000106/sections/sec_0004.md,5977,a5e86113e246b7e31bfcb8d296fd09e68f5c0e7de82bf362816be648491c0eff
records/update_2026-08-09__rec_000106/sections/sec_0005.md,6449,5bb067d1868526f1db8191d9846f66d7f5ce7b4009eb5d5bc52dc157a1b041b1
records/update_2026-08-09__rec_000106/sections/sec_0006.md,12120,6ede533d2d65514dd77efe5cbf59171d2ccc1f8c15271c28d5fe80bdc40dd542
records/update_2026-08-09__rec_000106/sections/sec_0007.md,6050,973abc9cb5e136979b811823dca82307eef60c2b359b3f1c01d7a75166ab11f6
records/update_2026-08-09__rec_000106/sections/sec_0008.md,1905,d7a649e8082a5be5bd46ae05497370e4d1a6ebf0f90aa167dae8244b16154dd9
records/update_2026-08-09__rec_000106/sections/sec_0009.md,5116,7617d8a93580883d85cb52e6caaacd76bbd251ff3713649a8fcb06376536babb
records/update_2026-08-09__rec_000106/sections/sec_0010.md,14,51bc3560c3b35016146c2eda0893329e2b7886a7472941ea9ec2754a517e174c
records/update_2026-08-09__rec_000106/sections/sec_0011.md,559,550a35ca2f82b80a615b3458d10083c9223d98bd7943807415114430b3bcddfa
records/update_2026-08-09__rec_000106/sections/sec_0012.md,583,2e39e130b7bf7d88eceb30cec68c4c4a7a3b2decfb4498e79bce1bd381a4af30
records/update_2026-08-09__rec_000106/sections/sec_0013.md,637,e821d20e6692a6a39d81898ab761fdcd1e3b95e3294ef971b3b44dbffdc76859
records/update_2026-08-09__rec_000106/sections/sec_0014.md,1718,a8b3ef4a33098da2323da9677b6f7416b67ecfa2f04bd12d64e18a2b78707fb6
records/update_2026-08-09__rec_000106/sections/sec_0015.md,705,6e17aa82bdf1c4c6f41664b8e1a913432a68e066a938d451071d756246fdb77d
records/update_2026-08-09__rec_000106/sections/sec_0016.md,837,88074593ff8b8e7b0993462320355cc3aff1ae4bf4f48ce7c5fb0dc593971322
records/update_2026-08-09__rec_000106/sections/sec_0017.md,740,efd9eeede58148ffcec785712ce47bb55b23b28fe16c1fb6a8007fbae7a3ae1e
records/update_2026-08-09__rec_000106/sections/sec_0018.md,656,82df750fe2f7e0cb8dae40abc0d1f5d2e4cfa2907a0549fc31b0f8e4d85f61a8
records/update_2026-08-09__rec_000106/sections/sec_0019.md,2661,68fdb4e13a97237c565aa78034fb6bba3748bb664e15495178578f7d5647a5c4
records/update_2026-08-09__rec_000106/sections/sec_0020.md,648,4f5bcf5c86d45270678fc2bc23444a5bd932bad7e3b32ef01fc46bb5092d1507
records/update_2026-08-09__rec_000106/sections/sec_0021.md,693,98e4f30fb7cb2efb40a0a0f70636d3d357fc16b91a0ca231de34dadcda76461f
records/update_2026-08-09__rec_000106/sections/sec_0022.md,817,99f404823042af233e0448a576b8e66edb4311b7e73b61f54d6aa02c3c5c41a8
records/update_2026-08-09__rec_000106/sections/sec_0023.md,1214,39463fbed7a2624bc16b43d2e08af0107c881f4046eb0635bbeed75ab64a6b4a
records/update_2026-08-09__rec_000106/sections/sec_0024.md,1171,a0b4b77c781a60b70d45af2d3c067cc44b74ee5d45be36bca8161817cec1fc88
records/update_2026-08-09__rec_000106/sections/sec_0025.md,1218,af4ac88ff2290d3201d3cbb96ff884d925c7b1f7e2e961676acca769028ea466
records/update_2026-08-09__rec_000106/sections/sec_0026.md,528,3f405bc51d636804b4dc81e4c01dc7599918403d60002fe95c7356e82200a32c
records/update_2026-08-09__rec_000106/sections/sec_0027.md,1899,fde923193fa9d0425712d01075abd1fc7b3e2447195f7da47b3fe376ab330f7c
records/update_2026-08-09__rec_000106/sections/sec_0028.md,595,26a34cfd51d01bcf9c4d63d488f58de11b03d1f8e2d8645b9a1c75af0e378ef0
records/update_2026-08-09__rec_000106/sections/sec_0029.md,131,1011cd18105e97d0ddf719f4fbb7cf97ba899d90609ddc6b10671ba7c1900a0b
records/update_2026-08-09__rec_000106/sections/sec_0030.md,940,95c06817fef44deff319711d643b67bdd0820c3194ad091a33869e844da32cf2
records/update_2026-08-09__rec_000106/sections/sec_0031.md,228,03a3af5b54bf4c04f6bfab9ef367288b53682515df83906c87a10b2f067a0655
records/update_2026-08-09__rec_000106/sections/sec_0032.md,180,ff30f83536d81b37184fb26315c31add9ca4feb09fa17b94b364a01459279faf
records/update_2026-08-09__rec_000106/sections/sec_0033.md,1284,69814cb2765150e508696aeb7301058fd8fe142c62db6d2316c17c36afac25da
records/update_2026-08-09__rec_000106/sections/sec_0034.md,271,d6638eacbb62c25773712f3a4cba223fbb180eeb9acd4e47d4f95637f6f6e002
records/update_2026-08-09__rec_000106/sections/sec_0035.md,190,12a626999152e6423002f14b00b8a114ec23c0e7a84ee8bb22934e059b1c06db
records/update_2026-08-09__rec_000106/sections/sec_0036.md,898,c9da2808c0ba8594fb3b4db44538adf8942dc77b5c0cad07db26a5a5ae586eee
records/update_2026-08-09__rec_000106/sections/sec_0037.md,142,6dd4bcef477e3f63c41a3cf6b42c6c0008ccdef639bc30289326b35551f367db
records/update_2026-08-09__rec_000106/sections/sec_0038.md,102,495fc42cc5e55b6bc20a2fc628515c28de2d2ab0438d120d22c4f8025a3523c1
records/update_2026-08-09__rec_000106/sections/sec_0039.md,479,69436ffde5098c21d5b63d83e096780eca6b3dfa02b7b768979ea9d546cda5d1
records/update_2026-08-09__rec_000106/sections/sec_0040.md,398,48b628acddce0828bbb75142da769e0094b8e84ed790f7f1a3ccb42050ca0b0a
records/update_2026-08-09__rec_000106/sections/sec_0041.md,15184,8f883dd7dfe5a70cf08258d268e50aef1b29e0fdd700153b598e01d71c563465
records/update_2026-08-09__rec_000106/sections/sec_0042.md,27,74d2f13c58c3d38a607fc7b34c28bcc4793274d9cc1ca6e882b91bafbf14ea91
records/update_2026-08-09__rec_000106/sections/sec_0043.md,1006,5a306b0ead8f276d84ddb89ccd5f2f6f3696d6745cf2f2886722310cd829dcc7
records/update_2026-08-09__rec_000106/sections/sec_0044.md,602,2cbed75cee72927c5d306a322865e041b402f88c3349701c6c371e1739fb23ec
records/update_2026-08-09__rec_000106/sections/sec_0045.md,692,f3ce1bb7ffa913429deaba2733886d23ad5df367bb0d552febd2865f7c72ba68
records/update_2026-08-09__rec_000106/sections/sec_0046.md,665,647f751c82b15495398a5729657158df2448c5cd39c257961f25ac0c93ad4b51
records/update_2026-08-09__rec_000106/sections/sec_0047.md,886,d5c7cf7eb61631ea3f0eb49b58710fd8ad52f2c84d2a3c3304793f1e2839ae63
records/update_2026-08-09__rec_000106/sections/sec_0048.md,539,3b6e40dda8197e53e962174ca5ea30af2d11b81b873107c5c58cd30def4219cf
records/update_2026-08-09__rec_000106/sections/sec_0049.md,343,02d1c5104a8ab1d2aa48bd745d35732b4ae3465369f05582a96a4a1f56ebc456
records/update_2026-08-09__rec_000106/sections/sec_0050.md,530,9f048df01dfe5ff9d4cf23dae35be5befc9944e2a675dbe803d16b36246f8526
records/update_2026-08-09__rec_000106/sections/sec_0051.md,522,12dfd632b127d425c99677b04f1080dfca6512159b0820194538c612d53e5cd6
records/update_2026-08-09__rec_000106/sections/sec_0052.md,376,078b389089012dcb6fcc4553d8abdbf86ff64e038eab9bb63567670f9c0a12a1
records/update_2026-08-09__rec_000106/sections/sec_0053.md,526,793c30e695f540325029d9e62b2ff00d566c9657dda0f8a40e05362a6ebbcbdf
records/update_2026-08-09__rec_000106/sections/sec_0054.md,543,baa5de21f7f78168e5a40dc187cf980c52d2ef3f485d7f2ffca8851cc1955f40
records/update_2026-08-09__rec_000106/sections/sec_0055.md,485,29b4286bd5761cc031c69bfb5254fd9681766427d7fc03a2d5776e617302b5a7
records/update_2026-08-09__rec_000106/sections/sec_0056.md,468,77fc1e2587e96a97a4ccc1ee887e21d034e6a0fb41cecf5a2a2c0737552da9e1
records/update_2026-08-09__rec_000106/sections/sec_0057.md,336,5c791651530fdea2c3897e24907e4bdf86092d363d95b24c99e61dc456019a94
records/update_2026-08-09__rec_000106/sections/sec_0058.md,408,5877f585e4fff7adf3e0bcbba656f449ffa39f4a2dd22064bdbd5e8d269f9577
records/update_2026-08-09__rec_000106/sections/sec_0059.md,1237,5ebaae73a001a67ee536e37de39bf4e29c2fd62614425620412b97142571f2c8
records/update_2026-08-09__rec_000106/sections/sec_0060.md,719,5d5fb58d3a1e97dc75f6d3671add18ab7270dc9838d5951b37a85216fe7302ea
records/update_2026-08-09__rec_000106/sections/sec_0061.md,161,691c51c20df86fac5aaba9e0402647589616e5ddc135aedd41f3aa67d76e16f9
records/update_2026-08-09__rec_000106/sections/sec_0062.md,381,7614d0e9dfb9623c91f9058555fcd1177e6bfcf7c91681223b4561490209d830
records/update_2026-08-09__rec_000106/sections/sec_0063.md,472,f644be54493428317b73e24237163925605255ba1a72f6bf674b0271fee37de7
records/update_2026-08-09__rec_000106/sections/sec_0064.md,2756,412d5de67190ab656512bc2e31d04cc6431308ca63d8273968c7412fa8e6451a
records/update_2026-08-09__rec_000106/sections/sec_0065.md,139,828d7a9ee0ba88d4817dd05f80edecc2b6f9e1775e3936d76198a79648429180
records/update_2026-08-09__rec_000106/sections/sec_0066.md,18,4af9d136552fe49313ddb7ea80f655387b27bac81c608fd4a863282c10a26c6f
records/update_2026-08-09__rec_000106/sections/sec_0067.md,764,5d927a55737fcab95bd1dbde8bceceb2cb41bf866862380ac8ed8b342f7d55f2
records/update_2026-08-09__rec_000106/sections/sec_0068.md,821,b1e852bbf2cf2a1f5c148a891d9ef5a918332253db456ff93800bc56498c8a2e
records/update_2026-08-09__rec_000106/sections/sec_0069.md,758,bb403ef27e992c8f088781bf6e7fdc4579590eb6e8e71c808f34973acafb8c35
records/update_2026-08-09__rec_000106/sections/sec_0070.md,26,49f54d26077f88fffd54a71381d41d3508079488d300a91dfaefd4e723e89773
records/update_2026-08-09__rec_000106/sections/sec_0071.md,2616,52e49361aa3a8b459aff8266edf0cd2a13f9bf261edf83151d6c157b74cb984b
records/update_2026-08-09__rec_000106/sections/sec_0072.md,16705,3341c119da88ca31b17906f6dbcaf487a7f1ae78ea388837352217aa59986e6a
records/update_2026-08-09__rec_000106/sections/sec_0073.md,1878,c40b23bbc3d7d9640147c0dd770d02fc5347fc4f5b525b8a202dc20d2717432e
records/update_2026-08-09__rec_000106/sections/sec_0074.md,4237,9dd98d9a0461598b76935577e44a1e78f1f6187336ee7ab3ed816912ac4a2a63
records/update_2026-08-09__rec_000106/sections/sec_0075.md,5519,2911bc91749fd89669761ac2f5caea51b08d360f54d06e5c1d4bf37ba1bcfb92
records/update_2026-08-09__rec_000106/sections/sec_0076.md,4769,9791faf891e9f146dd5c8c7d6c2800315f286f6acfb364832e72d0acd5a2c184
records/update_2026-08-09__rec_000106/status.json,4294,47cd7b72da464be932272b7fd89cd41cfd9f3ab2f4214683d649ca9bfbcd6326
records/update_2026-08-09__rec_000138/assemblies.json,93395,5be09e6f73e4aca225caa34450744eb8cceb612bff2d6bdb10c537696bd458ea
records/update_2026-08-09__rec_000138/attempts/01_extract/meta.json,1697,5682ee39e38ac14c266d02dce8ef4b1c9a6a6a777bf59c0fcddbbaee007e9146
records/update_2026-08-09__rec_000138/attempts/01_extract/output_schema.json,18153,fc4fd08860b2b19da00d319ef5a61b4493eede559424fa5e6129635e69da8656
records/update_2026-08-09__rec_000138/attempts/01_extract/prompt.txt,197317,4d36326923f1d5ee31699d6f2c7555453af4f128db02d9136c0519bc2cc24876
records/update_2026-08-09__rec_000138/attempts/01_extract/response.json,80804,7fbf3fd90ea059f0f7dfdc02301c8e4baa8effc97bdccc0d294e6591043be29f
records/update_2026-08-09__rec_000138/attempts/01_extract/stderr.log,170,642ce71931d0edde00bff7678f951d32bb2ac7d486759f4bf6a88ada00c8bcf3
records/update_2026-08-09__rec_000138/attempts/01_extract/stdout.jsonl,86774,e2bbee2380b784d803e5a6d44c785629445346760a47ae8bdf82e49d15e9c3ba
records/update_2026-08-09__rec_000138/attempts/02_repair/meta.json,1694,984206154ac7e15e038794c3b9a5abd257ae128af8199979f89739b266eb0759
records/update_2026-08-09__rec_000138/attempts/02_repair/output_schema.json,18153,fc4fd08860b2b19da00d319ef5a61b4493eede559424fa5e6129635e69da8656
records/update_2026-08-09__rec_000138/attempts/02_repair/prompt.txt,296903,6abffa2980efbec94c1bf8efe2c0fc8f791a2fdfeaec6ae8636d2b3d73f10292
records/update_2026-08-09__rec_000138/attempts/02_repair/response.json,73425,7ed3ad52fb3c0b3aac550173edfdee22075fa0b8c0e0f70e17627bf5d33f2331
records/update_2026-08-09__rec_000138/attempts/02_repair/stderr.log,170,b44840a7a46bf58abe1ab71837a4f978474cb270165db9ebf0f9ee4ba2e2c1be
records/update_2026-08-09__rec_000138/attempts/02_repair/stdout.jsonl,79127,e4cff6ae270cc275bf0b0d11e36ef562510b845b408e7b8f7d399c7da7c883f5
records/update_2026-08-09__rec_000138/attempts/03_repair/meta.json,1694,fc270ab02a01d7175c5a0c08d69a5864bd42666f4a240061107f0fbe778ded26
records/update_2026-08-09__rec_000138/attempts/03_repair/output_schema.json,18153,fc4fd08860b2b19da00d319ef5a61b4493eede559424fa5e6129635e69da8656
records/update_2026-08-09__rec_000138/attempts/03_repair/prompt.txt,274744,ff27414217a43c825295e764df2f251c2c19eeea4e6e025ab34dadf5535bcc46
records/update_2026-08-09__rec_000138/attempts/03_repair/response.json,35510,aaa253b0b4c2d24ac67f522ac51c326e2e3c6a459ced45c28548263b74f35108
records/update_2026-08-09__rec_000138/attempts/03_repair/stderr.log,170,d1e0b5cd97e19364a3ebe9ebc7d7f33e9887965042cb4919e75fd653c6a2f9e1
records/update_2026-08-09__rec_000138/attempts/03_repair/stdout.jsonl,38356,5e50a6f2d7d499be1da44f180565f6778cb2b52c223e765a63e2bf096bb5f905
records/update_2026-08-09__rec_000138/attempts/04_review/meta.json,1694,1bc04d25bf556252e164f22948531d16a2b6b825a2a1638954d7fea414253c88
records/update_2026-08-09__rec_000138/attempts/04_review/output_schema.json,2482,2f7fde6059c5725fd4066315b7082d9c732aec8fae93b90e64480ce47d95b8c8
records/update_2026-08-09__rec_000138/attempts/04_review/prompt.txt,187354,c0ed8ec3baa49cabebe522b36593560d142cc89115db801db80cdbddbc8e9cff
records/update_2026-08-09__rec_000138/attempts/04_review/response.json,11635,f190a78e40d1adfe4ca5b3f454583d293d3c661bdc70f1079450ae8e9d94d2a2
records/update_2026-08-09__rec_000138/attempts/04_review/stderr.log,317,5b22892b5d6c95c3ca7d815152aa99e3e05e8763f3b3c7ea79965b43279767c4
records/update_2026-08-09__rec_000138/attempts/04_review/stdout.jsonl,12590,63a1028c117c5a46bd761f38480fa9c154d3fd3752e4de697ae6f28c242c3b80
records/update_2026-08-09__rec_000138/attempts/05_revise/meta.json,1695,7b9f95f8b5be822e81d83bcd1f173627cbc50a1edc550646757886bcbbd21187
records/update_2026-08-09__rec_000138/attempts/05_revise/output_schema.json,18153,fc4fd08860b2b19da00d319ef5a61b4493eede559424fa5e6129635e69da8656
records/update_2026-08-09__rec_000138/attempts/05_revise/prompt.txt,246666,df6964f54f7dc1f73c618a57f53d74ccde2f5a46e8b6d9246e2e53461809abd4
records/update_2026-08-09__rec_000138/attempts/05_revise/response.json,120597,39d11454cf873348359c7c83a94fdf6e8b0096401630630a2b87051563a1a65c
records/update_2026-08-09__rec_000138/attempts/05_revise/stderr.log,170,181b5e2ce971cc6df63ac72766fe6b3957cc428b9fdff9675b784e994ae550ef
records/update_2026-08-09__rec_000138/attempts/05_revise/stdout.jsonl,128927,aaeee647c66ac8abdc241fc3a489505e766dffe28dafb8e06283534d8c808215
records/update_2026-08-09__rec_000138/attempts/06_repair/meta.json,1695,7e55c1abec837585f2c924b086dec4642c7ecef88413d2a1404744f8739e56f5
records/update_2026-08-09__rec_000138/attempts/06_repair/output_schema.json,18153,fc4fd08860b2b19da00d319ef5a61b4493eede559424fa5e6129635e69da8656
records/update_2026-08-09__rec_000138/attempts/06_repair/prompt.txt,329491,5765034532e3b0aee510d286ee091ae92027c6dbb21ebc652f192863a8c951b3
records/update_2026-08-09__rec_000138/attempts/06_repair/response.json,119693,14c2806ab5539a6180b9e43d65a7c67313b948898cf2275a915541afce5aa2b6
records/update_2026-08-09__rec_000138/attempts/06_repair/stderr.log,170,272c521e89279baa52e34147d06dab1d407e554b8a0f658d4bd9a7d8b047828e
records/update_2026-08-09__rec_000138/attempts/06_repair/stdout.jsonl,128374,f49eea80bc4ee2f9fe80bd9d143e242a228e0a745bc3dd0e54f1e01f2facc9f6
records/update_2026-08-09__rec_000138/attempts/07_repair/meta.json,1695,f93d34c953e7e693be7f7f83e0e5663c1cb075686465ec21dd4ab367e054fbbe
records/update_2026-08-09__rec_000138/attempts/07_repair/output_schema.json,18153,fc4fd08860b2b19da00d319ef5a61b4493eede559424fa5e6129635e69da8656
records/update_2026-08-09__rec_000138/attempts/07_repair/prompt.txt,321889,4560cb3020fb07ea7d5d42f6576b84226f988a0996e014128e516de933049a2c
records/update_2026-08-09__rec_000138/attempts/07_repair/response.json,119635,c35c561e7e2e76bff6185fbb9425ad5b3630a9cbff4f063259d63abe400a24f1
records/update_2026-08-09__rec_000138/attempts/07_repair/stderr.log,170,6ef1bb7b6b608f23dfc5842aab4d88dd3ac2918439aadf66abf665a7ed4e04de
records/update_2026-08-09__rec_000138/attempts/07_repair/stdout.jsonl,127964,4b01830aa4ecca86cbcef71f90e2c236e080815866f13d90f14466805e32be11
records/update_2026-08-09__rec_000138/attempts/08_review/meta.json,1694,35901229be246dfd923501a5aea48546d771df947b43c03ae2812a55ac5a6ab9
records/update_2026-08-09__rec_000138/attempts/08_review/output_schema.json,2482,2f7fde6059c5725fd4066315b7082d9c732aec8fae93b90e64480ce47d95b8c8
records/update_2026-08-09__rec_000138/attempts/08_review/prompt.txt,274249,de0bcb66c9a1759ece16f8ec9d00595cf01bc76d6e0767ed66829759120f836e
records/update_2026-08-09__rec_000138/attempts/08_review/response.json,7109,c4b2c6012d4f8b46fd6a3ebf2586a35cb2c41718d772aedd561ff24ada6db33e
records/update_2026-08-09__rec_000138/attempts/08_review/stderr.log,170,1306b0c0c914f4e760b1c5707a6ebf3805bbc2fe7de10e2fbc2f98a9295853b8
records/update_2026-08-09__rec_000138/attempts/08_review/stdout.jsonl,7822,46013be41f450c66bbe2cb2c7d9f94b49c42e323d028a1edcbe5a8dd6143e366
records/update_2026-08-09__rec_000138/attempts/09_revise/meta.json,1695,09755c96f9250b60b6c6a8b95954fc6c592593a328402a241ae97194d85b0720
records/update_2026-08-09__rec_000138/attempts/09_revise/output_schema.json,18153,fc4fd08860b2b19da00d319ef5a61b4493eede559424fa5e6129635e69da8656
records/update_2026-08-09__rec_000138/attempts/09_revise/prompt.txt,328898,f2fcd871e4de4cb6b8112b6d4fea6d41f8b1bec34aa4e8a5cdeba4cb44948482
records/update_2026-08-09__rec_000138/attempts/09_revise/response.json,161509,4831e4eee704dbbc23e0c163765590f82362d96128d9294c04752cecf87be281
records/update_2026-08-09__rec_000138/attempts/09_revise/stderr.log,317,3ae2434f926d334e01d5c9400d4d3f699b247c7630075d1c52d135e7ba8be973
records/update_2026-08-09__rec_000138/attempts/09_revise/stdout.jsonl,173056,ae861a1ca5e6bcf503f849885b1531626766fa6a23ead641f0db7bbaab69f4d6
records/update_2026-08-09__rec_000138/attempts/10_repair/meta.json,1695,68229abe5fee69b90761b03363334f9464583f2cd5b6d862bda671a4737cf0b6
records/update_2026-08-09__rec_000138/attempts/10_repair/output_schema.json,18153,fc4fd08860b2b19da00d319ef5a61b4493eede559424fa5e6129635e69da8656
records/update_2026-08-09__rec_000138/attempts/10_repair/prompt.txt,368257,7991d7251faaa39bb61b862a4b5688724db6b820a23d14d7835276db1028427a
records/update_2026-08-09__rec_000138/attempts/10_repair/response.json,56476,b39540d4adfcd6552a44b0a4e9a18bb492485f1386ece12febea3bdf2d527845
records/update_2026-08-09__rec_000138/attempts/10_repair/stderr.log,317,c55d4e177cfe54091ba131cf1172642ad3204a8b87e89e7a671663943d52bc46
records/update_2026-08-09__rec_000138/attempts/10_repair/stdout.jsonl,120554,d11efc65260ba2544a17b33f64e771d33209560c5dbc793d3c987332a92cea39
records/update_2026-08-09__rec_000138/attempts/11_review/meta.json,1694,d4538f3cb88244f33a02a079f3d73419141b43831bfae5216f81cd7090913af7
records/update_2026-08-09__rec_000138/attempts/11_review/output_schema.json,2482,2f7fde6059c5725fd4066315b7082d9c732aec8fae93b90e64480ce47d95b8c8
records/update_2026-08-09__rec_000138/attempts/11_review/prompt.txt,208964,3e2954e5e17efec3030d84f8a40907de5336d905d7392a57f103fefe8b70ea0b
records/update_2026-08-09__rec_000138/attempts/11_review/response.json,12603,7352789d4bd1b8f6be83d108eacc2a392194a5a8a287fddbe765179238f8487b
records/update_2026-08-09__rec_000138/attempts/11_review/stderr.log,317,e925c7d1a4749d17a671fe0dccd7c03b6280396e3088cb680260a0147d09fae3
records/update_2026-08-09__rec_000138/attempts/11_review/stdout.jsonl,13533,52a64609a1af90591182b07bd9541c605b29c245341d4efd52ffb114642b4cbe
records/update_2026-08-09__rec_000138/evidence.json,15280,e519c3f62b53b2749477a24e32d247ad9319a757fc33c95ed9534066f885fbab
records/update_2026-08-09__rec_000138/final_document.json,81822,826c3f26c00f230fbc310453def1b8f11020b9d3fb2ce02e9de02efe66dcfd4a
records/update_2026-08-09__rec_000138/packet_manifest.json,8169,9a12b3c04eec3508b30f51f44176de533bf18b961e7f921c26c487005b13edbb
records/update_2026-08-09__rec_000138/review_round_1.json,13793,1e7f53bc5ce506cc750921b9a84183b5e5a2eff30d3a8700c48987be0a89ba22
records/update_2026-08-09__rec_000138/review_round_2.json,8362,08ab3caa9e63ebd1ac5f96f7c856038b61284f74dc03df8ca2236990b6eeca37
records/update_2026-08-09__rec_000138/review_round_3.json,14688,e4d4b0dea418b77768df2dee8a796eb193d72806c68a52cc41218f6070231a30
records/update_2026-08-09__rec_000138/sections/sec_0001.md,783,10cbf2237109177bbcd549f82e53bdfdf384b20c2722e990b3a4249bd62a08e8
records/update_2026-08-09__rec_000138/sections/sec_0002.md,2545,8669c06719886a32f7d6df64e5dd56e2651ed673a328be585668d831eeed9b76
records/update_2026-08-09__rec_000138/sections/sec_0003.md,6421,448beb2d6787a9b9d8100abe4428677a304e3f04ac66f7463ea7420988852093
records/update_2026-08-09__rec_000138/sections/sec_0004.md,13,61594c6f7a317049dd031c967133eb945d8767eb7797ffa2bcc4d308022d65ad
records/update_2026-08-09__rec_000138/sections/sec_0005.md,15922,456b709ddb79f2d3dae2828b25b865c0cf4e68d1cb2bd237d7c9e9e5fe709a77
records/update_2026-08-09__rec_000138/sections/sec_0006.md,8999,b8ad3dfe825d8f318743e48e020a27280046a7510be50e6f8da4a7526c77fb68
records/update_2026-08-09__rec_000138/sections/sec_0007.md,6700,e9f9ccd9d12ecbf8686cc6d572e98f5b9fc5a78f2cf1fcb71e0fd96435b9d8e6
records/update_2026-08-09__rec_000138/sections/sec_0008.md,8549,9994b904c108c2930b2505cb3e4d9e69309915636f9fb1fd5903c14c2995cf1c
records/update_2026-08-09__rec_000138/sections/sec_0009.md,17214,6ec6687616977e88c08f0527836236af7903ade113740936f8b9cfa82fda5cf1
records/update_2026-08-09__rec_000138/sections/sec_0010.md,5749,74d05f318d117af234b70fd4371177a90a8c9a28b84f02c799b2b41f06f75974
records/update_2026-08-09__rec_000138/sections/sec_0011.md,11871,a964ec7cb76b6ffdc1a658b544d42dc46872edc856e5105e021da7109b03ea12
records/update_2026-08-09__rec_000138/sections/sec_0012.md,7804,6116e170ba97ac5505f907628c1f75b640ea9ce2d50721707e23af9d4bd940b4
records/update_2026-08-09__rec_000138/sections/sec_0013.md,13,eae53f5efee4ccdd85eb18d88d9fb559dc9a153e7557c023b0bef31f509b9034
records/update_2026-08-09__rec_000138/sections/sec_0014.md,6008,ed980d7667c56b87ccd10b02bf3300a2339d3a39d10f73c58c6d6072a7699ffa
records/update_2026-08-09__rec_000138/sections/sec_0015.md,4330,1f837258e9915e2c98d61ea947c21fe24b45391644f818a064c6a528cb935645
records/update_2026-08-09__rec_000138/sections/sec_0016.md,4367,1738da455bf61b1f7f7fa02ca586e0ea5442d7dbcf8ce86f47ecdca00332cf84
records/update_2026-08-09__rec_000138/sections/sec_0017.md,3421,ff4fc99aecc0ab467a8a604ca95228cbafdd55e4ea225192ef00e2d1be3deb5a
records/update_2026-08-09__rec_000138/sections/sec_0018.md,391,a3f15f1da156b8a645d104721bc1cfc94fdf0d6906c45801e79a7421cd952e93
records/update_2026-08-09__rec_000138/sections/sec_0019.md,474,5c7beabe172abe1ab7ef868af2213c6f3102730ec956b499ff26b20280100e39
records/update_2026-08-09__rec_000138/sections/sec_0020.md,129,a73a333ff88a46e6c2dc5a648f23ed3f73d83ee490e91e233d82f201ce152d70
records/update_2026-08-09__rec_000138/sections/sec_0021.md,5479,c0b5b95e7769e79be4697801bb99cb76aead2e93dc1087b0d4360efb59ff765e
records/update_2026-08-09__rec_000138/status.json,3088,4d54ff797e8db8f7a05e24ba8e5ae3a84e8e858ba2faf675518acd9be30530b3
run_config.json,437,18efa2de158116739103e3499d76d45f580cd8c103b815e83573ec1008b4e134
worked_examples.json,54708,7d85d5c0daa6114912baa8909ce4924aca170acbb17048b4498b95ca26b2d0b5
