category,run_label,path,bytes,sha256,description
full_runs,deepseek_v4_review_pipeline_all4027_current_rep1_watchdog_20260510T013948Z,analysis/screening_run_artifacts_after_prompt_update_20260511/full_runs/deepseek_v4_review_pipeline_all4027_current_rep1_watchdog_20260510T013948Z/agent_outputs_dedup.parquet,6788147,95354bce2b64a7a98b2282bcf394d0cf1385d5422a3643d98426055db03432c6,"Deduplicated full row-level agent outputs, including per-stage reviewer JSON fields and final decisions."
full_runs,deepseek_v4_review_pipeline_all4027_current_rep1_watchdog_20260510T013948Z,analysis/screening_run_artifacts_after_prompt_update_20260511/full_runs/deepseek_v4_review_pipeline_all4027_current_rep1_watchdog_20260510T013948Z/artifact_summary.json,1165,e0d270f78f63aa58cf9eafed73b6682c542be22cb8f0829e8415c37bbbfa21b1,"Generated artifact summary with record count, decision counts, and source result files."
full_runs,deepseek_v4_review_pipeline_all4027_current_rep1_watchdog_20260510T013948Z,analysis/screening_run_artifacts_after_prompt_update_20260511/full_runs/deepseek_v4_review_pipeline_all4027_current_rep1_watchdog_20260510T013948Z/guideline_pilot_results_all_completed_dedup.parquet,6785203,e668336b9dd54db2af570a2323d98c22d478ffe41edf2ad4a40a92a4c555ba7c,Original run-level parquet generated by watchdog/runner.
full_runs,deepseek_v4_review_pipeline_all4027_current_rep1_watchdog_20260510T013948Z,analysis/screening_run_artifacts_after_prompt_update_20260511/full_runs/deepseek_v4_review_pipeline_all4027_current_rep1_watchdog_20260510T013948Z/job_11499/api_check.json,587,e9950fd75258ce1a99dd02d17b794b9abaa7b33fddbf2c4fa25d969f236ef631,Original pipeline trace file job_11499/api_check.json.
full_runs,deepseek_v4_review_pipeline_all4027_current_rep1_watchdog_20260510T013948Z,analysis/screening_run_artifacts_after_prompt_update_20260511/full_runs/deepseek_v4_review_pipeline_all4027_current_rep1_watchdog_20260510T013948Z/job_11499/continuation_job.txt,26,3f6fcfd6495f4327eaaa6adac2feda13f35c471d9dae6fbb1b4a4558fed1e965,Original pipeline trace file job_11499/continuation_job.txt.
full_runs,deepseek_v4_review_pipeline_all4027_current_rep1_watchdog_20260510T013948Z,analysis/screening_run_artifacts_after_prompt_update_20260511/full_runs/deepseek_v4_review_pipeline_all4027_current_rep1_watchdog_20260510T013948Z/job_11499/guideline_pilot_raw_completed.csv,2824468,a811e9ecc094e8e3e8ee0ee05c7fc71a5ebf64eb5d2c06acc034a78f69f6e200,Original pipeline trace file job_11499/guideline_pilot_raw_completed.csv.
full_runs,deepseek_v4_review_pipeline_all4027_current_rep1_watchdog_20260510T013948Z,analysis/screening_run_artifacts_after_prompt_update_20260511/full_runs/deepseek_v4_review_pipeline_all4027_current_rep1_watchdog_20260510T013948Z/job_11499/guideline_pilot_raw_completed.jsonl,3947638,60debae8553facecef4b16a15f46a3a2494ac15507ea08cbc17858d657186a38,Original pipeline trace file job_11499/guideline_pilot_raw_completed.jsonl.
full_runs,deepseek_v4_review_pipeline_all4027_current_rep1_watchdog_20260510T013948Z,analysis/screening_run_artifacts_after_prompt_update_20260511/full_runs/deepseek_v4_review_pipeline_all4027_current_rep1_watchdog_20260510T013948Z/job_11499/guideline_pilot_results_partial.csv,3179352,1331c9d755ec1e0a930702cd8712cbcd9546dc155e57694048690e8226acb85e,Original pipeline trace file job_11499/guideline_pilot_results_partial.csv.
full_runs,deepseek_v4_review_pipeline_all4027_current_rep1_watchdog_20260510T013948Z,analysis/screening_run_artifacts_after_prompt_update_20260511/full_runs/deepseek_v4_review_pipeline_all4027_current_rep1_watchdog_20260510T013948Z/job_11499/post_run_watchdog_summary.json,182,792eed02c418416c4b168181f8e522008dc183704756ad8e9b90a58fc77e0ab6,Original pipeline trace file job_11499/post_run_watchdog_summary.json.
full_runs,deepseek_v4_review_pipeline_all4027_current_rep1_watchdog_20260510T013948Z,analysis/screening_run_artifacts_after_prompt_update_20260511/full_runs/deepseek_v4_review_pipeline_all4027_current_rep1_watchdog_20260510T013948Z/job_11499/pre_run_watchdog_summary.json,110,3eafefb67bcb2d94ad2300f4e3391c7312a701c460a00a1262d3479aa5ff0f37,Original pipeline trace file job_11499/pre_run_watchdog_summary.json.
full_runs,deepseek_v4_review_pipeline_all4027_current_rep1_watchdog_20260510T013948Z,analysis/screening_run_artifacts_after_prompt_update_20260511/full_runs/deepseek_v4_review_pipeline_all4027_current_rep1_watchdog_20260510T013948Z/job_11499/runner.log,31606,5b401948573e8e65d834fd1cc492b2d4815a9240005e04dc30042005443fa550,Original pipeline trace file job_11499/runner.log.
full_runs,deepseek_v4_review_pipeline_all4027_current_rep1_watchdog_20260510T013948Z,analysis/screening_run_artifacts_after_prompt_update_20260511/full_runs/deepseek_v4_review_pipeline_all4027_current_rep1_watchdog_20260510T013948Z/job_11499/server_info.env,829,3a27e9cdc31821219b0b86a0eb7f2b6ac5b549b7ea4b430a603905c8f506f184,Original pipeline trace file job_11499/server_info.env.
full_runs,deepseek_v4_review_pipeline_all4027_current_rep1_watchdog_20260510T013948Z,analysis/screening_run_artifacts_after_prompt_update_20260511/full_runs/deepseek_v4_review_pipeline_all4027_current_rep1_watchdog_20260510T013948Z/job_11502/api_check.json,587,627b114da5c852f37fa5c43f0a2acf10ae452af9bdd73ff834607b67097f8a16,Original pipeline trace file job_11502/api_check.json.
full_runs,deepseek_v4_review_pipeline_all4027_current_rep1_watchdog_20260510T013948Z,analysis/screening_run_artifacts_after_prompt_update_20260511/full_runs/deepseek_v4_review_pipeline_all4027_current_rep1_watchdog_20260510T013948Z/job_11502/continuation_job.txt,26,0d8c913031ae81888b99d134253e02233b8579f18afbd0ed981cc99c9b04b329,Original pipeline trace file job_11502/continuation_job.txt.
full_runs,deepseek_v4_review_pipeline_all4027_current_rep1_watchdog_20260510T013948Z,analysis/screening_run_artifacts_after_prompt_update_20260511/full_runs/deepseek_v4_review_pipeline_all4027_current_rep1_watchdog_20260510T013948Z/job_11502/guideline_pilot_raw_completed.csv,2637326,77cb2d469376ae46fa526ce1ee39cf215ed0b1d7fd29d4ebb54e35b4c9f0eef6,Original pipeline trace file job_11502/guideline_pilot_raw_completed.csv.
full_runs,deepseek_v4_review_pipeline_all4027_current_rep1_watchdog_20260510T013948Z,analysis/screening_run_artifacts_after_prompt_update_20260511/full_runs/deepseek_v4_review_pipeline_all4027_current_rep1_watchdog_20260510T013948Z/job_11502/guideline_pilot_raw_completed.jsonl,3699714,fac10bc3427366c562dc4e6fb60bab86da915837fdb61aa6a3c7e79deaeefe89,Original pipeline trace file job_11502/guideline_pilot_raw_completed.jsonl.
full_runs,deepseek_v4_review_pipeline_all4027_current_rep1_watchdog_20260510T013948Z,analysis/screening_run_artifacts_after_prompt_update_20260511/full_runs/deepseek_v4_review_pipeline_all4027_current_rep1_watchdog_20260510T013948Z/job_11502/guideline_pilot_results_partial.csv,2962329,6cd9ad1cba2993013c571d174d39214b1c6654881a1f3465e40ad81a12836221,Original pipeline trace file job_11502/guideline_pilot_results_partial.csv.
full_runs,deepseek_v4_review_pipeline_all4027_current_rep1_watchdog_20260510T013948Z,analysis/screening_run_artifacts_after_prompt_update_20260511/full_runs/deepseek_v4_review_pipeline_all4027_current_rep1_watchdog_20260510T013948Z/job_11502/post_run_watchdog_summary.json,186,6c6361228f703797419ad0b95d4b80023c07f4fdf6efaa292260e36f318a60f6,Original pipeline trace file job_11502/post_run_watchdog_summary.json.
full_runs,deepseek_v4_review_pipeline_all4027_current_rep1_watchdog_20260510T013948Z,analysis/screening_run_artifacts_after_prompt_update_20260511/full_runs/deepseek_v4_review_pipeline_all4027_current_rep1_watchdog_20260510T013948Z/job_11502/pre_run_watchdog_summary.json,182,792eed02c418416c4b168181f8e522008dc183704756ad8e9b90a58fc77e0ab6,Original pipeline trace file job_11502/pre_run_watchdog_summary.json.
full_runs,deepseek_v4_review_pipeline_all4027_current_rep1_watchdog_20260510T013948Z,analysis/screening_run_artifacts_after_prompt_update_20260511/full_runs/deepseek_v4_review_pipeline_all4027_current_rep1_watchdog_20260510T013948Z/job_11502/runner.log,29352,7b5f558e3826a8ec9928f64c48db3da16b4a3462d110658db0dc872cc39d5c58,Original pipeline trace file job_11502/runner.log.
full_runs,deepseek_v4_review_pipeline_all4027_current_rep1_watchdog_20260510T013948Z,analysis/screening_run_artifacts_after_prompt_update_20260511/full_runs/deepseek_v4_review_pipeline_all4027_current_rep1_watchdog_20260510T013948Z/job_11502/server_info.env,829,42edcec29710c6fda9557038a457b4f8b788d8493b5bdf223e8e866c3bf9216e,Original pipeline trace file job_11502/server_info.env.
full_runs,deepseek_v4_review_pipeline_all4027_current_rep1_watchdog_20260510T013948Z,analysis/screening_run_artifacts_after_prompt_update_20260511/full_runs/deepseek_v4_review_pipeline_all4027_current_rep1_watchdog_20260510T013948Z/job_11519/pre_run_watchdog_summary.json,186,6c6361228f703797419ad0b95d4b80023c07f4fdf6efaa292260e36f318a60f6,Original pipeline trace file job_11519/pre_run_watchdog_summary.json.
full_runs,deepseek_v4_review_pipeline_all4027_current_rep1_watchdog_20260510T013948Z,analysis/screening_run_artifacts_after_prompt_update_20260511/full_runs/deepseek_v4_review_pipeline_all4027_current_rep1_watchdog_20260510T013948Z/job_11519/server_info.env,829,4870ace2f5f5e3e116cfae67850985a36bc2ccb8bbcc8bdbf0f2df0aac580dc2,Original pipeline trace file job_11519/server_info.env.
full_runs,deepseek_v4_review_pipeline_all4027_current_rep1_watchdog_20260510T013948Z,analysis/screening_run_artifacts_after_prompt_update_20260511/full_runs/deepseek_v4_review_pipeline_all4027_current_rep1_watchdog_20260510T013948Z/job_11529/api_check.json,587,c9ad3c1188672221cd6a8856caa8e94e1df4d8e48729e4200dc32c07d56bc429,Original pipeline trace file job_11529/api_check.json.
full_runs,deepseek_v4_review_pipeline_all4027_current_rep1_watchdog_20260510T013948Z,analysis/screening_run_artifacts_after_prompt_update_20260511/full_runs/deepseek_v4_review_pipeline_all4027_current_rep1_watchdog_20260510T013948Z/job_11529/continuation_job.txt,26,3afe671b574486535d3a9c043c9338d4925c2a42ba360de428af1d4509d2c756,Original pipeline trace file job_11529/continuation_job.txt.
full_runs,deepseek_v4_review_pipeline_all4027_current_rep1_watchdog_20260510T013948Z,analysis/screening_run_artifacts_after_prompt_update_20260511/full_runs/deepseek_v4_review_pipeline_all4027_current_rep1_watchdog_20260510T013948Z/job_11529/guideline_pilot_raw_completed.csv,2623383,de1d708be79d0c4aba0093d0fd436b671f471c8aacf6cc919b2faa7e1cb5520d,Original pipeline trace file job_11529/guideline_pilot_raw_completed.csv.
full_runs,deepseek_v4_review_pipeline_all4027_current_rep1_watchdog_20260510T013948Z,analysis/screening_run_artifacts_after_prompt_update_20260511/full_runs/deepseek_v4_review_pipeline_all4027_current_rep1_watchdog_20260510T013948Z/job_11529/guideline_pilot_raw_completed.jsonl,3638601,db18dbd0e9c530ee6aa448ad59ab28a03f7a0ffb5b776a879036d2ad584c0b09,Original pipeline trace file job_11529/guideline_pilot_raw_completed.jsonl.
full_runs,deepseek_v4_review_pipeline_all4027_current_rep1_watchdog_20260510T013948Z,analysis/screening_run_artifacts_after_prompt_update_20260511/full_runs/deepseek_v4_review_pipeline_all4027_current_rep1_watchdog_20260510T013948Z/job_11529/guideline_pilot_results_partial.csv,2929017,3a7a7d9805b355a7bc1304d892c04fab477179cf426a0922e463914e18362ca4,Original pipeline trace file job_11529/guideline_pilot_results_partial.csv.
full_runs,deepseek_v4_review_pipeline_all4027_current_rep1_watchdog_20260510T013948Z,analysis/screening_run_artifacts_after_prompt_update_20260511/full_runs/deepseek_v4_review_pipeline_all4027_current_rep1_watchdog_20260510T013948Z/job_11529/post_run_watchdog_summary.json,187,9b9a67afa2be0a50b1a61cadfd323a6c7de5a9a5c373f0978ec77b4b5778ff58,Original pipeline trace file job_11529/post_run_watchdog_summary.json.
full_runs,deepseek_v4_review_pipeline_all4027_current_rep1_watchdog_20260510T013948Z,analysis/screening_run_artifacts_after_prompt_update_20260511/full_runs/deepseek_v4_review_pipeline_all4027_current_rep1_watchdog_20260510T013948Z/job_11529/pre_run_watchdog_summary.json,186,6c6361228f703797419ad0b95d4b80023c07f4fdf6efaa292260e36f318a60f6,Original pipeline trace file job_11529/pre_run_watchdog_summary.json.
full_runs,deepseek_v4_review_pipeline_all4027_current_rep1_watchdog_20260510T013948Z,analysis/screening_run_artifacts_after_prompt_update_20260511/full_runs/deepseek_v4_review_pipeline_all4027_current_rep1_watchdog_20260510T013948Z/job_11529/runner.log,27512,3f194504aed5559cfecdd08e64b71a04cde82f16005b8192d39ffa7ec8e0d240,Original pipeline trace file job_11529/runner.log.
full_runs,deepseek_v4_review_pipeline_all4027_current_rep1_watchdog_20260510T013948Z,analysis/screening_run_artifacts_after_prompt_update_20260511/full_runs/deepseek_v4_review_pipeline_all4027_current_rep1_watchdog_20260510T013948Z/job_11529/server_info.env,829,3bcf359c2e8ea9a9a2e3428954db7cea5ea010927c9a3ac0de1dc8139513afbc,Original pipeline trace file job_11529/server_info.env.
full_runs,deepseek_v4_review_pipeline_all4027_current_rep1_watchdog_20260510T013948Z,analysis/screening_run_artifacts_after_prompt_update_20260511/full_runs/deepseek_v4_review_pipeline_all4027_current_rep1_watchdog_20260510T013948Z/job_11533/api_check.json,587,7f59fc6c0703200be8db0ae69056e78d2340ccfa77afa536f867babda79e77bf,Original pipeline trace file job_11533/api_check.json.
full_runs,deepseek_v4_review_pipeline_all4027_current_rep1_watchdog_20260510T013948Z,analysis/screening_run_artifacts_after_prompt_update_20260511/full_runs/deepseek_v4_review_pipeline_all4027_current_rep1_watchdog_20260510T013948Z/job_11533/continuation_job.txt,26,86346436c0f4c2fa7c978d53a8484e3665ffd6075ded264d088a1cb200e2a310,Original pipeline trace file job_11533/continuation_job.txt.
full_runs,deepseek_v4_review_pipeline_all4027_current_rep1_watchdog_20260510T013948Z,analysis/screening_run_artifacts_after_prompt_update_20260511/full_runs/deepseek_v4_review_pipeline_all4027_current_rep1_watchdog_20260510T013948Z/job_11533/guideline_pilot_raw_completed.csv,2687529,89bcf598cf788a1b813f41a361a420613451f1c4b1c08b7e324b1b832e0dfea1,Original pipeline trace file job_11533/guideline_pilot_raw_completed.csv.
full_runs,deepseek_v4_review_pipeline_all4027_current_rep1_watchdog_20260510T013948Z,analysis/screening_run_artifacts_after_prompt_update_20260511/full_runs/deepseek_v4_review_pipeline_all4027_current_rep1_watchdog_20260510T013948Z/job_11533/guideline_pilot_raw_completed.jsonl,3731132,aef27934a8864f2ece551ac8ab609a9a4575a3ff0a1e49608ab2053d8273e945,Original pipeline trace file job_11533/guideline_pilot_raw_completed.jsonl.
full_runs,deepseek_v4_review_pipeline_all4027_current_rep1_watchdog_20260510T013948Z,analysis/screening_run_artifacts_after_prompt_update_20260511/full_runs/deepseek_v4_review_pipeline_all4027_current_rep1_watchdog_20260510T013948Z/job_11533/guideline_pilot_results_partial.csv,3005550,aa30ec0b496f8cdc90547d2e196ffe0fd15bdfb2f4102695be7a58b7466925d4,Original pipeline trace file job_11533/guideline_pilot_results_partial.csv.
full_runs,deepseek_v4_review_pipeline_all4027_current_rep1_watchdog_20260510T013948Z,analysis/screening_run_artifacts_after_prompt_update_20260511/full_runs/deepseek_v4_review_pipeline_all4027_current_rep1_watchdog_20260510T013948Z/job_11533/post_run_watchdog_summary.json,187,ede71440232982e1dfa4b165c136f266a8271d1a0bd01dae4bfd4cc2602d19a5,Original pipeline trace file job_11533/post_run_watchdog_summary.json.
full_runs,deepseek_v4_review_pipeline_all4027_current_rep1_watchdog_20260510T013948Z,analysis/screening_run_artifacts_after_prompt_update_20260511/full_runs/deepseek_v4_review_pipeline_all4027_current_rep1_watchdog_20260510T013948Z/job_11533/pre_run_watchdog_summary.json,187,9b9a67afa2be0a50b1a61cadfd323a6c7de5a9a5c373f0978ec77b4b5778ff58,Original pipeline trace file job_11533/pre_run_watchdog_summary.json.
full_runs,deepseek_v4_review_pipeline_all4027_current_rep1_watchdog_20260510T013948Z,analysis/screening_run_artifacts_after_prompt_update_20260511/full_runs/deepseek_v4_review_pipeline_all4027_current_rep1_watchdog_20260510T013948Z/job_11533/runner.log,28340,d47f4598d911c981d254d05e649085fa794b03208dfaf66e25ebe6dc585ac61d,Original pipeline trace file job_11533/runner.log.
full_runs,deepseek_v4_review_pipeline_all4027_current_rep1_watchdog_20260510T013948Z,analysis/screening_run_artifacts_after_prompt_update_20260511/full_runs/deepseek_v4_review_pipeline_all4027_current_rep1_watchdog_20260510T013948Z/job_11533/server_info.env,829,5e817fad9e339e527b41c10099d1857f8ce8819bb86cc7ee388241d9329b2606,Original pipeline trace file job_11533/server_info.env.
full_runs,deepseek_v4_review_pipeline_all4027_current_rep1_watchdog_20260510T013948Z,analysis/screening_run_artifacts_after_prompt_update_20260511/full_runs/deepseek_v4_review_pipeline_all4027_current_rep1_watchdog_20260510T013948Z/job_11536/api_check.json,587,5325953ca2b21804d5c4b64d0ee93ed353f4e5e30a3c74fd6758b83ed408c9d8,Original pipeline trace file job_11536/api_check.json.
full_runs,deepseek_v4_review_pipeline_all4027_current_rep1_watchdog_20260510T013948Z,analysis/screening_run_artifacts_after_prompt_update_20260511/full_runs/deepseek_v4_review_pipeline_all4027_current_rep1_watchdog_20260510T013948Z/job_11536/continuation_job.txt,26,9ef048174c128fd4a0c781e8b8a0805f95a4e89f6311110a808dd09bd899db8c,Original pipeline trace file job_11536/continuation_job.txt.
full_runs,deepseek_v4_review_pipeline_all4027_current_rep1_watchdog_20260510T013948Z,analysis/screening_run_artifacts_after_prompt_update_20260511/full_runs/deepseek_v4_review_pipeline_all4027_current_rep1_watchdog_20260510T013948Z/job_11536/guideline_pilot_raw_completed.csv,2305741,c0909093ea5b1f85897c707203d7fc4d3d7c6d164833342916bea21c7f5a9329,Original pipeline trace file job_11536/guideline_pilot_raw_completed.csv.
full_runs,deepseek_v4_review_pipeline_all4027_current_rep1_watchdog_20260510T013948Z,analysis/screening_run_artifacts_after_prompt_update_20260511/full_runs/deepseek_v4_review_pipeline_all4027_current_rep1_watchdog_20260510T013948Z/job_11536/guideline_pilot_raw_completed.jsonl,3264262,07af4e3b897953e593e1271c05b93c1ba1b829c2fb827305ef499dfb907f9830,Original pipeline trace file job_11536/guideline_pilot_raw_completed.jsonl.
full_runs,deepseek_v4_review_pipeline_all4027_current_rep1_watchdog_20260510T013948Z,analysis/screening_run_artifacts_after_prompt_update_20260511/full_runs/deepseek_v4_review_pipeline_all4027_current_rep1_watchdog_20260510T013948Z/job_11536/guideline_pilot_results_partial.csv,2570979,5070399bfbbfcc632f7cc0d643118cfb0d9c447c419d3b753800ea07df86af74,Original pipeline trace file job_11536/guideline_pilot_results_partial.csv.
full_runs,deepseek_v4_review_pipeline_all4027_current_rep1_watchdog_20260510T013948Z,analysis/screening_run_artifacts_after_prompt_update_20260511/full_runs/deepseek_v4_review_pipeline_all4027_current_rep1_watchdog_20260510T013948Z/job_11536/post_run_watchdog_summary.json,186,a186cf78b2f10f26c58ce63784110a406c76dc2139627627abe8577f1181c3bb,Original pipeline trace file job_11536/post_run_watchdog_summary.json.
full_runs,deepseek_v4_review_pipeline_all4027_current_rep1_watchdog_20260510T013948Z,analysis/screening_run_artifacts_after_prompt_update_20260511/full_runs/deepseek_v4_review_pipeline_all4027_current_rep1_watchdog_20260510T013948Z/job_11536/pre_run_watchdog_summary.json,187,ede71440232982e1dfa4b165c136f266a8271d1a0bd01dae4bfd4cc2602d19a5,Original pipeline trace file job_11536/pre_run_watchdog_summary.json.
full_runs,deepseek_v4_review_pipeline_all4027_current_rep1_watchdog_20260510T013948Z,analysis/screening_run_artifacts_after_prompt_update_20260511/full_runs/deepseek_v4_review_pipeline_all4027_current_rep1_watchdog_20260510T013948Z/job_11536/runner.log,24660,dd56339fbbb9e87a50a9f0bd86f5bbb5d7be1bfb3788b5d9383ad00e0b66fe99,Original pipeline trace file job_11536/runner.log.
full_runs,deepseek_v4_review_pipeline_all4027_current_rep1_watchdog_20260510T013948Z,analysis/screening_run_artifacts_after_prompt_update_20260511/full_runs/deepseek_v4_review_pipeline_all4027_current_rep1_watchdog_20260510T013948Z/job_11536/server_info.env,829,8e5ff562fc60e5e55ec213aee1752d1c653dcc76715ebbdcc5f1cb62589735c6,Original pipeline trace file job_11536/server_info.env.
full_runs,deepseek_v4_review_pipeline_all4027_current_rep1_watchdog_20260510T013948Z,analysis/screening_run_artifacts_after_prompt_update_20260511/full_runs/deepseek_v4_review_pipeline_all4027_current_rep1_watchdog_20260510T013948Z/job_11542/api_check.json,587,3f5fee627be41093b73d159b31a60f9fdfacdd11a14d45ad059bc180f386d404,Original pipeline trace file job_11542/api_check.json.
full_runs,deepseek_v4_review_pipeline_all4027_current_rep1_watchdog_20260510T013948Z,analysis/screening_run_artifacts_after_prompt_update_20260511/full_runs/deepseek_v4_review_pipeline_all4027_current_rep1_watchdog_20260510T013948Z/job_11542/continuation_job.txt,26,fc63ac9876f89f2d2fad65bf34509edb03911e3522334752e1e84d7087d8c760,Original pipeline trace file job_11542/continuation_job.txt.
full_runs,deepseek_v4_review_pipeline_all4027_current_rep1_watchdog_20260510T013948Z,analysis/screening_run_artifacts_after_prompt_update_20260511/full_runs/deepseek_v4_review_pipeline_all4027_current_rep1_watchdog_20260510T013948Z/job_11542/guideline_pilot_raw_completed.csv,2059626,d8813686ca0ec74326c6f58bffc9943ad657ed1f6f17bc9bb877798e50c1eae6,Original pipeline trace file job_11542/guideline_pilot_raw_completed.csv.
full_runs,deepseek_v4_review_pipeline_all4027_current_rep1_watchdog_20260510T013948Z,analysis/screening_run_artifacts_after_prompt_update_20260511/full_runs/deepseek_v4_review_pipeline_all4027_current_rep1_watchdog_20260510T013948Z/job_11542/guideline_pilot_raw_completed.jsonl,2994922,14d3978c78febd57392892d6457caad7208501e5b0213d139bb20209eaa5e045,Original pipeline trace file job_11542/guideline_pilot_raw_completed.jsonl.
full_runs,deepseek_v4_review_pipeline_all4027_current_rep1_watchdog_20260510T013948Z,analysis/screening_run_artifacts_after_prompt_update_20260511/full_runs/deepseek_v4_review_pipeline_all4027_current_rep1_watchdog_20260510T013948Z/job_11542/guideline_pilot_results_partial.csv,2318258,1f95c47e919081ce21eb4c0c48c9291522b665a3e9d314a51c2237ce5585f1a8,Original pipeline trace file job_11542/guideline_pilot_results_partial.csv.
full_runs,deepseek_v4_review_pipeline_all4027_current_rep1_watchdog_20260510T013948Z,analysis/screening_run_artifacts_after_prompt_update_20260511/full_runs/deepseek_v4_review_pipeline_all4027_current_rep1_watchdog_20260510T013948Z/job_11542/post_run_watchdog_summary.json,186,49c6bca270c6993a7afeb7c2e0e8f5c1ea83685df1ea5792e22ba172d3da80c1,Original pipeline trace file job_11542/post_run_watchdog_summary.json.
full_runs,deepseek_v4_review_pipeline_all4027_current_rep1_watchdog_20260510T013948Z,analysis/screening_run_artifacts_after_prompt_update_20260511/full_runs/deepseek_v4_review_pipeline_all4027_current_rep1_watchdog_20260510T013948Z/job_11542/pre_run_watchdog_summary.json,186,a186cf78b2f10f26c58ce63784110a406c76dc2139627627abe8577f1181c3bb,Original pipeline trace file job_11542/pre_run_watchdog_summary.json.
full_runs,deepseek_v4_review_pipeline_all4027_current_rep1_watchdog_20260510T013948Z,analysis/screening_run_artifacts_after_prompt_update_20260511/full_runs/deepseek_v4_review_pipeline_all4027_current_rep1_watchdog_20260510T013948Z/job_11542/runner.log,23586,fd1ad77364f3d074cb35dfd1772575db9ae861805bc9e027e3bc0b4e827ae36a,Original pipeline trace file job_11542/runner.log.
full_runs,deepseek_v4_review_pipeline_all4027_current_rep1_watchdog_20260510T013948Z,analysis/screening_run_artifacts_after_prompt_update_20260511/full_runs/deepseek_v4_review_pipeline_all4027_current_rep1_watchdog_20260510T013948Z/job_11542/server_info.env,829,52978b1bb4f8881b070a349861756432383a1b258000c4e17ef520ee448fa1a9,Original pipeline trace file job_11542/server_info.env.
full_runs,deepseek_v4_review_pipeline_all4027_current_rep1_watchdog_20260510T013948Z,analysis/screening_run_artifacts_after_prompt_update_20260511/full_runs/deepseek_v4_review_pipeline_all4027_current_rep1_watchdog_20260510T013948Z/job_11544/api_check.json,587,e4b0911cd1cdcabe06e93bdc9b665d8a747e6b235873ae21325c2b942f0314ab,Original pipeline trace file job_11544/api_check.json.
full_runs,deepseek_v4_review_pipeline_all4027_current_rep1_watchdog_20260510T013948Z,analysis/screening_run_artifacts_after_prompt_update_20260511/full_runs/deepseek_v4_review_pipeline_all4027_current_rep1_watchdog_20260510T013948Z/job_11544/guideline_pilot_raw_completed.csv,1656835,93b92c5c199e9d7efab343db39b9071f3e123d02c11163d7b7f41ecb649e38ed,Original pipeline trace file job_11544/guideline_pilot_raw_completed.csv.
full_runs,deepseek_v4_review_pipeline_all4027_current_rep1_watchdog_20260510T013948Z,analysis/screening_run_artifacts_after_prompt_update_20260511/full_runs/deepseek_v4_review_pipeline_all4027_current_rep1_watchdog_20260510T013948Z/job_11544/guideline_pilot_raw_completed.jsonl,2479852,094a71e6d5c3de4465f24d89685b55263b5d4d3bed3b39669ae7e42727dc56f0,Original pipeline trace file job_11544/guideline_pilot_raw_completed.jsonl.
full_runs,deepseek_v4_review_pipeline_all4027_current_rep1_watchdog_20260510T013948Z,analysis/screening_run_artifacts_after_prompt_update_20260511/full_runs/deepseek_v4_review_pipeline_all4027_current_rep1_watchdog_20260510T013948Z/job_11544/guideline_pilot_results.csv,1867071,cd0b132dc0d7ace6b32db549c140ee4aaa3219da16d7cd50eef51827a717fc48,Original pipeline trace file job_11544/guideline_pilot_results.csv.
full_runs,deepseek_v4_review_pipeline_all4027_current_rep1_watchdog_20260510T013948Z,analysis/screening_run_artifacts_after_prompt_update_20260511/full_runs/deepseek_v4_review_pipeline_all4027_current_rep1_watchdog_20260510T013948Z/job_11544/guideline_pilot_results_partial.csv,1867071,cd0b132dc0d7ace6b32db549c140ee4aaa3219da16d7cd50eef51827a717fc48,Original pipeline trace file job_11544/guideline_pilot_results_partial.csv.
full_runs,deepseek_v4_review_pipeline_all4027_current_rep1_watchdog_20260510T013948Z,analysis/screening_run_artifacts_after_prompt_update_20260511/full_runs/deepseek_v4_review_pipeline_all4027_current_rep1_watchdog_20260510T013948Z/job_11544/guideline_pilot_summary.json,1322,d69a6d659f0068b27f2d850c1d748fbc5f73f9bba51d2d88e2a9c62be5d3ca6d,Original pipeline trace file job_11544/guideline_pilot_summary.json.
full_runs,deepseek_v4_review_pipeline_all4027_current_rep1_watchdog_20260510T013948Z,analysis/screening_run_artifacts_after_prompt_update_20260511/full_runs/deepseek_v4_review_pipeline_all4027_current_rep1_watchdog_20260510T013948Z/job_11544/post_run_watchdog_summary.json,184,5f3c51ba125d0b0cb6f22a7ce5ff2f946e5c1f9eca666a2b3b68df6c8dc97542,Original pipeline trace file job_11544/post_run_watchdog_summary.json.
full_runs,deepseek_v4_review_pipeline_all4027_current_rep1_watchdog_20260510T013948Z,analysis/screening_run_artifacts_after_prompt_update_20260511/full_runs/deepseek_v4_review_pipeline_all4027_current_rep1_watchdog_20260510T013948Z/job_11544/pre_run_watchdog_summary.json,186,49c6bca270c6993a7afeb7c2e0e8f5c1ea83685df1ea5792e22ba172d3da80c1,Original pipeline trace file job_11544/pre_run_watchdog_summary.json.
full_runs,deepseek_v4_review_pipeline_all4027_current_rep1_watchdog_20260510T013948Z,analysis/screening_run_artifacts_after_prompt_update_20260511/full_runs/deepseek_v4_review_pipeline_all4027_current_rep1_watchdog_20260510T013948Z/job_11544/runner.log,21710,dbef3bf55073c2213f23e136fbfc9413c5f80ccba558b3db58574717a4f6eba6,Original pipeline trace file job_11544/runner.log.
full_runs,deepseek_v4_review_pipeline_all4027_current_rep1_watchdog_20260510T013948Z,analysis/screening_run_artifacts_after_prompt_update_20260511/full_runs/deepseek_v4_review_pipeline_all4027_current_rep1_watchdog_20260510T013948Z/job_11544/server_info.env,829,d005f09f712f0950fc89d4154da179c5ae22d35efcfa9f1cfa5ae36f1f127d4d,Original pipeline trace file job_11544/server_info.env.
full_runs,deepseek_v4_review_pipeline_all4027_current_rep1_watchdog_20260510T013948Z,analysis/screening_run_artifacts_after_prompt_update_20260511/full_runs/deepseek_v4_review_pipeline_all4027_current_rep1_watchdog_20260510T013948Z/watchdog_summary.json,211,8cddd5e2768dd0f02aba47cc31e5f2b74ced460811c4e612f663ad34e3c342cf,Original watchdog_summary.json from run root.
full_runs,deepseek_v4_review_pipeline_all4027_current_rep2_watchdog_20260510T013948Z,analysis/screening_run_artifacts_after_prompt_update_20260511/full_runs/deepseek_v4_review_pipeline_all4027_current_rep2_watchdog_20260510T013948Z/agent_outputs_dedup.parquet,6796621,d8c175244bf9f6f9d37529ee5c0dd6d39a31ddb58def7439d6216fab741d8677,"Deduplicated full row-level agent outputs, including per-stage reviewer JSON fields and final decisions."
full_runs,deepseek_v4_review_pipeline_all4027_current_rep2_watchdog_20260510T013948Z,analysis/screening_run_artifacts_after_prompt_update_20260511/full_runs/deepseek_v4_review_pipeline_all4027_current_rep2_watchdog_20260510T013948Z/artifact_summary.json,1165,87a03c3a376ab0df714bd88d747d3d926b0c2a271d83c3e83cdf2b2620216819,"Generated artifact summary with record count, decision counts, and source result files."
full_runs,deepseek_v4_review_pipeline_all4027_current_rep2_watchdog_20260510T013948Z,analysis/screening_run_artifacts_after_prompt_update_20260511/full_runs/deepseek_v4_review_pipeline_all4027_current_rep2_watchdog_20260510T013948Z/guideline_pilot_results_all_completed_dedup.parquet,6791031,4683fceb5ddd8d39ed07148c72560e324567991cc5d2e0a055dbc173991db2df,Original run-level parquet generated by watchdog/runner.
full_runs,deepseek_v4_review_pipeline_all4027_current_rep2_watchdog_20260510T013948Z,analysis/screening_run_artifacts_after_prompt_update_20260511/full_runs/deepseek_v4_review_pipeline_all4027_current_rep2_watchdog_20260510T013948Z/job_11500/api_check.json,587,15058bc9c2da1310f811be29d92f55059bbe413f43e5cce1d32315b414093d4d,Original pipeline trace file job_11500/api_check.json.
full_runs,deepseek_v4_review_pipeline_all4027_current_rep2_watchdog_20260510T013948Z,analysis/screening_run_artifacts_after_prompt_update_20260511/full_runs/deepseek_v4_review_pipeline_all4027_current_rep2_watchdog_20260510T013948Z/job_11500/continuation_job.txt,26,cf76dd36bc418748565929a813f03ffbe3fb463f50468311dff3eaec0ddd97f6,Original pipeline trace file job_11500/continuation_job.txt.
full_runs,deepseek_v4_review_pipeline_all4027_current_rep2_watchdog_20260510T013948Z,analysis/screening_run_artifacts_after_prompt_update_20260511/full_runs/deepseek_v4_review_pipeline_all4027_current_rep2_watchdog_20260510T013948Z/job_11500/guideline_pilot_raw_completed.csv,2822137,fb093de086f8c21bdb1356445d51410990051f07f2c59e541e500bc13064c437,Original pipeline trace file job_11500/guideline_pilot_raw_completed.csv.
full_runs,deepseek_v4_review_pipeline_all4027_current_rep2_watchdog_20260510T013948Z,analysis/screening_run_artifacts_after_prompt_update_20260511/full_runs/deepseek_v4_review_pipeline_all4027_current_rep2_watchdog_20260510T013948Z/job_11500/guideline_pilot_raw_completed.jsonl,3944081,346b2e0cf2c866f88509c39747f4d9ad0b1c98026bc864dcfecac2cbbdb390fc,Original pipeline trace file job_11500/guideline_pilot_raw_completed.jsonl.
full_runs,deepseek_v4_review_pipeline_all4027_current_rep2_watchdog_20260510T013948Z,analysis/screening_run_artifacts_after_prompt_update_20260511/full_runs/deepseek_v4_review_pipeline_all4027_current_rep2_watchdog_20260510T013948Z/job_11500/guideline_pilot_results_partial.csv,3176021,e5326f82f040179bcec8275e5c755431b78da0033f5107db978c8846e453b4ae,Original pipeline trace file job_11500/guideline_pilot_results_partial.csv.
full_runs,deepseek_v4_review_pipeline_all4027_current_rep2_watchdog_20260510T013948Z,analysis/screening_run_artifacts_after_prompt_update_20260511/full_runs/deepseek_v4_review_pipeline_all4027_current_rep2_watchdog_20260510T013948Z/job_11500/post_run_watchdog_summary.json,182,029f0be3b1884c9f707199b3dcaebd4e106354b37ec091c8e21d749034cad47a,Original pipeline trace file job_11500/post_run_watchdog_summary.json.
full_runs,deepseek_v4_review_pipeline_all4027_current_rep2_watchdog_20260510T013948Z,analysis/screening_run_artifacts_after_prompt_update_20260511/full_runs/deepseek_v4_review_pipeline_all4027_current_rep2_watchdog_20260510T013948Z/job_11500/pre_run_watchdog_summary.json,110,3eafefb67bcb2d94ad2300f4e3391c7312a701c460a00a1262d3479aa5ff0f37,Original pipeline trace file job_11500/pre_run_watchdog_summary.json.
full_runs,deepseek_v4_review_pipeline_all4027_current_rep2_watchdog_20260510T013948Z,analysis/screening_run_artifacts_after_prompt_update_20260511/full_runs/deepseek_v4_review_pipeline_all4027_current_rep2_watchdog_20260510T013948Z/job_11500/runner.log,31514,50d7f4897abb05acbbca064483f3fd5ef8e13da2ebff6a3579ccfc5b878b13c4,Original pipeline trace file job_11500/runner.log.
full_runs,deepseek_v4_review_pipeline_all4027_current_rep2_watchdog_20260510T013948Z,analysis/screening_run_artifacts_after_prompt_update_20260511/full_runs/deepseek_v4_review_pipeline_all4027_current_rep2_watchdog_20260510T013948Z/job_11500/server_info.env,829,8a3f26a03f7bb1e1b0e8636a8306add2c9260a1d3abf5f048701ff65ca13f2cb,Original pipeline trace file job_11500/server_info.env.
full_runs,deepseek_v4_review_pipeline_all4027_current_rep2_watchdog_20260510T013948Z,analysis/screening_run_artifacts_after_prompt_update_20260511/full_runs/deepseek_v4_review_pipeline_all4027_current_rep2_watchdog_20260510T013948Z/job_11501/api_check.json,587,f4cf3af5ecc9f3084ff3470bd99de92054419fbcf1947eada80cfc99f062d25b,Original pipeline trace file job_11501/api_check.json.
full_runs,deepseek_v4_review_pipeline_all4027_current_rep2_watchdog_20260510T013948Z,analysis/screening_run_artifacts_after_prompt_update_20260511/full_runs/deepseek_v4_review_pipeline_all4027_current_rep2_watchdog_20260510T013948Z/job_11501/continuation_job.txt,26,0d6c1d77b3f6923d452d3bd7ed487c8280c28bdb0bc17151cc8cbf1c1c36b448,Original pipeline trace file job_11501/continuation_job.txt.
full_runs,deepseek_v4_review_pipeline_all4027_current_rep2_watchdog_20260510T013948Z,analysis/screening_run_artifacts_after_prompt_update_20260511/full_runs/deepseek_v4_review_pipeline_all4027_current_rep2_watchdog_20260510T013948Z/job_11501/guideline_pilot_raw_completed.csv,2687679,afb23a45f1e2fbbec02af2199f8f51b6f5d7eb508fbeb9646cf60c67adbb1836,Original pipeline trace file job_11501/guideline_pilot_raw_completed.csv.
full_runs,deepseek_v4_review_pipeline_all4027_current_rep2_watchdog_20260510T013948Z,analysis/screening_run_artifacts_after_prompt_update_20260511/full_runs/deepseek_v4_review_pipeline_all4027_current_rep2_watchdog_20260510T013948Z/job_11501/guideline_pilot_raw_completed.jsonl,3764494,1cdc35c05ee3127a5ac44b9bf4d133d05624f24cd199467077f93cd8df13bdca,Original pipeline trace file job_11501/guideline_pilot_raw_completed.jsonl.
full_runs,deepseek_v4_review_pipeline_all4027_current_rep2_watchdog_20260510T013948Z,analysis/screening_run_artifacts_after_prompt_update_20260511/full_runs/deepseek_v4_review_pipeline_all4027_current_rep2_watchdog_20260510T013948Z/job_11501/guideline_pilot_results_partial.csv,3018739,1a520dbe8a2bed65fc3a399765e1aee6e3805414c3b49401f45d912945d3659f,Original pipeline trace file job_11501/guideline_pilot_results_partial.csv.
full_runs,deepseek_v4_review_pipeline_all4027_current_rep2_watchdog_20260510T013948Z,analysis/screening_run_artifacts_after_prompt_update_20260511/full_runs/deepseek_v4_review_pipeline_all4027_current_rep2_watchdog_20260510T013948Z/job_11501/post_run_watchdog_summary.json,186,c019ae60eabccce16289df7e3dc4c94ddeedeb137ae866947963841f8a1762c6,Original pipeline trace file job_11501/post_run_watchdog_summary.json.
full_runs,deepseek_v4_review_pipeline_all4027_current_rep2_watchdog_20260510T013948Z,analysis/screening_run_artifacts_after_prompt_update_20260511/full_runs/deepseek_v4_review_pipeline_all4027_current_rep2_watchdog_20260510T013948Z/job_11501/pre_run_watchdog_summary.json,182,029f0be3b1884c9f707199b3dcaebd4e106354b37ec091c8e21d749034cad47a,Original pipeline trace file job_11501/pre_run_watchdog_summary.json.
full_runs,deepseek_v4_review_pipeline_all4027_current_rep2_watchdog_20260510T013948Z,analysis/screening_run_artifacts_after_prompt_update_20260511/full_runs/deepseek_v4_review_pipeline_all4027_current_rep2_watchdog_20260510T013948Z/job_11501/runner.log,29812,508787a507fe63e494745618ddb80368160bf71ff5d64c354d273cda388cf30e,Original pipeline trace file job_11501/runner.log.
full_runs,deepseek_v4_review_pipeline_all4027_current_rep2_watchdog_20260510T013948Z,analysis/screening_run_artifacts_after_prompt_update_20260511/full_runs/deepseek_v4_review_pipeline_all4027_current_rep2_watchdog_20260510T013948Z/job_11501/server_info.env,829,baa8355a76de0c9c956f41ad129cd0fad681164a8094a79f3cfb296c6ffc8455,Original pipeline trace file job_11501/server_info.env.
full_runs,deepseek_v4_review_pipeline_all4027_current_rep2_watchdog_20260510T013948Z,analysis/screening_run_artifacts_after_prompt_update_20260511/full_runs/deepseek_v4_review_pipeline_all4027_current_rep2_watchdog_20260510T013948Z/job_11505/api_check.json,587,de965e0b99af462733b4dac572671f18f21df59e8f32e6413d6eb87e74f735cd,Original pipeline trace file job_11505/api_check.json.
full_runs,deepseek_v4_review_pipeline_all4027_current_rep2_watchdog_20260510T013948Z,analysis/screening_run_artifacts_after_prompt_update_20260511/full_runs/deepseek_v4_review_pipeline_all4027_current_rep2_watchdog_20260510T013948Z/job_11505/continuation_job.txt,26,69512c7ade2bafe14bd42e0d0a78fd689a389bb293156684d6fc36b9189c9189,Original pipeline trace file job_11505/continuation_job.txt.
full_runs,deepseek_v4_review_pipeline_all4027_current_rep2_watchdog_20260510T013948Z,analysis/screening_run_artifacts_after_prompt_update_20260511/full_runs/deepseek_v4_review_pipeline_all4027_current_rep2_watchdog_20260510T013948Z/job_11505/guideline_pilot_raw_completed.csv,2635345,8832dad9706ecd17852a44d65f4fb538b192d9c5c445459f478534ddc09a2dc9,Original pipeline trace file job_11505/guideline_pilot_raw_completed.csv.
full_runs,deepseek_v4_review_pipeline_all4027_current_rep2_watchdog_20260510T013948Z,analysis/screening_run_artifacts_after_prompt_update_20260511/full_runs/deepseek_v4_review_pipeline_all4027_current_rep2_watchdog_20260510T013948Z/job_11505/guideline_pilot_raw_completed.jsonl,3653055,82b94c82abe1c52ed2dba639e7852e8b846fcab008e3f452a2f5a1ffb16a6ef5,Original pipeline trace file job_11505/guideline_pilot_raw_completed.jsonl.
full_runs,deepseek_v4_review_pipeline_all4027_current_rep2_watchdog_20260510T013948Z,analysis/screening_run_artifacts_after_prompt_update_20260511/full_runs/deepseek_v4_review_pipeline_all4027_current_rep2_watchdog_20260510T013948Z/job_11505/guideline_pilot_results_partial.csv,2945693,74ce2557a7e48e1b6c70a61022d34c6391a5de41d16f9a1d927c5a462762310f,Original pipeline trace file job_11505/guideline_pilot_results_partial.csv.
full_runs,deepseek_v4_review_pipeline_all4027_current_rep2_watchdog_20260510T013948Z,analysis/screening_run_artifacts_after_prompt_update_20260511/full_runs/deepseek_v4_review_pipeline_all4027_current_rep2_watchdog_20260510T013948Z/job_11505/post_run_watchdog_summary.json,187,41c3d1859ab8e3f54dc022ddbd1583603e671358f19cddff6c2ec03e81aeec92,Original pipeline trace file job_11505/post_run_watchdog_summary.json.
full_runs,deepseek_v4_review_pipeline_all4027_current_rep2_watchdog_20260510T013948Z,analysis/screening_run_artifacts_after_prompt_update_20260511/full_runs/deepseek_v4_review_pipeline_all4027_current_rep2_watchdog_20260510T013948Z/job_11505/pre_run_watchdog_summary.json,186,c019ae60eabccce16289df7e3dc4c94ddeedeb137ae866947963841f8a1762c6,Original pipeline trace file job_11505/pre_run_watchdog_summary.json.
full_runs,deepseek_v4_review_pipeline_all4027_current_rep2_watchdog_20260510T013948Z,analysis/screening_run_artifacts_after_prompt_update_20260511/full_runs/deepseek_v4_review_pipeline_all4027_current_rep2_watchdog_20260510T013948Z/job_11505/runner.log,27604,5d8263ce5866f94dda3c26f090134aab893a32cdcebb0a220ea6de5936cd6086,Original pipeline trace file job_11505/runner.log.
full_runs,deepseek_v4_review_pipeline_all4027_current_rep2_watchdog_20260510T013948Z,analysis/screening_run_artifacts_after_prompt_update_20260511/full_runs/deepseek_v4_review_pipeline_all4027_current_rep2_watchdog_20260510T013948Z/job_11505/server_info.env,829,dcafcc7b7c21b2e7da4357de334bbb19432826fa37e4b9cd67528334f1c82697,Original pipeline trace file job_11505/server_info.env.
full_runs,deepseek_v4_review_pipeline_all4027_current_rep2_watchdog_20260510T013948Z,analysis/screening_run_artifacts_after_prompt_update_20260511/full_runs/deepseek_v4_review_pipeline_all4027_current_rep2_watchdog_20260510T013948Z/job_11511/api_check.json,587,f3c57117e33fc5bc2405c7718c09831f52f1fba93f5c1850bc452381055fe342,Original pipeline trace file job_11511/api_check.json.
full_runs,deepseek_v4_review_pipeline_all4027_current_rep2_watchdog_20260510T013948Z,analysis/screening_run_artifacts_after_prompt_update_20260511/full_runs/deepseek_v4_review_pipeline_all4027_current_rep2_watchdog_20260510T013948Z/job_11511/continuation_job.txt,26,e290d2beb6d64e93196ce5d587345752d3b4f80e2b64ac6e193d16295a1e7681,Original pipeline trace file job_11511/continuation_job.txt.
full_runs,deepseek_v4_review_pipeline_all4027_current_rep2_watchdog_20260510T013948Z,analysis/screening_run_artifacts_after_prompt_update_20260511/full_runs/deepseek_v4_review_pipeline_all4027_current_rep2_watchdog_20260510T013948Z/job_11511/guideline_pilot_raw_completed.csv,2569586,e16f9401f25f872ccc4b30c1f3aff528084dc70d00cf866bfeb0007fbe148671,Original pipeline trace file job_11511/guideline_pilot_raw_completed.csv.
full_runs,deepseek_v4_review_pipeline_all4027_current_rep2_watchdog_20260510T013948Z,analysis/screening_run_artifacts_after_prompt_update_20260511/full_runs/deepseek_v4_review_pipeline_all4027_current_rep2_watchdog_20260510T013948Z/job_11511/guideline_pilot_raw_completed.jsonl,3566864,2d47a2dd6c274f2e76b16c6e722755039d92839ce69717d59eb506d6c4e1600b,Original pipeline trace file job_11511/guideline_pilot_raw_completed.jsonl.
full_runs,deepseek_v4_review_pipeline_all4027_current_rep2_watchdog_20260510T013948Z,analysis/screening_run_artifacts_after_prompt_update_20260511/full_runs/deepseek_v4_review_pipeline_all4027_current_rep2_watchdog_20260510T013948Z/job_11511/guideline_pilot_results_partial.csv,2873238,e4a7579aa0dac2d8b448c96255b4e610c13716ff5b1a95f418d19ace8e84f632,Original pipeline trace file job_11511/guideline_pilot_results_partial.csv.
full_runs,deepseek_v4_review_pipeline_all4027_current_rep2_watchdog_20260510T013948Z,analysis/screening_run_artifacts_after_prompt_update_20260511/full_runs/deepseek_v4_review_pipeline_all4027_current_rep2_watchdog_20260510T013948Z/job_11511/post_run_watchdog_summary.json,187,9c0969058b51a25165ed1b703254ddc1e10f383f02f6532b19a7ed3dc16b743c,Original pipeline trace file job_11511/post_run_watchdog_summary.json.
full_runs,deepseek_v4_review_pipeline_all4027_current_rep2_watchdog_20260510T013948Z,analysis/screening_run_artifacts_after_prompt_update_20260511/full_runs/deepseek_v4_review_pipeline_all4027_current_rep2_watchdog_20260510T013948Z/job_11511/pre_run_watchdog_summary.json,187,41c3d1859ab8e3f54dc022ddbd1583603e671358f19cddff6c2ec03e81aeec92,Original pipeline trace file job_11511/pre_run_watchdog_summary.json.
full_runs,deepseek_v4_review_pipeline_all4027_current_rep2_watchdog_20260510T013948Z,analysis/screening_run_artifacts_after_prompt_update_20260511/full_runs/deepseek_v4_review_pipeline_all4027_current_rep2_watchdog_20260510T013948Z/job_11511/runner.log,27052,c184561bbf6eae3265656eec1526185e640de3f5f811b17fced7b77a9ce4cae2,Original pipeline trace file job_11511/runner.log.
full_runs,deepseek_v4_review_pipeline_all4027_current_rep2_watchdog_20260510T013948Z,analysis/screening_run_artifacts_after_prompt_update_20260511/full_runs/deepseek_v4_review_pipeline_all4027_current_rep2_watchdog_20260510T013948Z/job_11511/server_info.env,829,78dc823039566a7041aa220b23b55dbe2f48743788b3c764b1df0dab37bbfb75,Original pipeline trace file job_11511/server_info.env.
full_runs,deepseek_v4_review_pipeline_all4027_current_rep2_watchdog_20260510T013948Z,analysis/screening_run_artifacts_after_prompt_update_20260511/full_runs/deepseek_v4_review_pipeline_all4027_current_rep2_watchdog_20260510T013948Z/job_11520/pre_run_watchdog_summary.json,187,9c0969058b51a25165ed1b703254ddc1e10f383f02f6532b19a7ed3dc16b743c,Original pipeline trace file job_11520/pre_run_watchdog_summary.json.
full_runs,deepseek_v4_review_pipeline_all4027_current_rep2_watchdog_20260510T013948Z,analysis/screening_run_artifacts_after_prompt_update_20260511/full_runs/deepseek_v4_review_pipeline_all4027_current_rep2_watchdog_20260510T013948Z/job_11520/server_info.env,829,2d54db707e2d9d7a615c088b748a1904581d6a1ccb39cf9e3d3bacdc2677c5cf,Original pipeline trace file job_11520/server_info.env.
full_runs,deepseek_v4_review_pipeline_all4027_current_rep2_watchdog_20260510T013948Z,analysis/screening_run_artifacts_after_prompt_update_20260511/full_runs/deepseek_v4_review_pipeline_all4027_current_rep2_watchdog_20260510T013948Z/job_11530/api_check.json,587,b218121174625f5d50d8946ce232844746cb7e22f7d69a5ce159cfb88abc29d1,Original pipeline trace file job_11530/api_check.json.
full_runs,deepseek_v4_review_pipeline_all4027_current_rep2_watchdog_20260510T013948Z,analysis/screening_run_artifacts_after_prompt_update_20260511/full_runs/deepseek_v4_review_pipeline_all4027_current_rep2_watchdog_20260510T013948Z/job_11530/continuation_job.txt,26,ad50211a33afc299a2cb284b0a1c0d398091e6c032d45897c1cfc06b6280544e,Original pipeline trace file job_11530/continuation_job.txt.
full_runs,deepseek_v4_review_pipeline_all4027_current_rep2_watchdog_20260510T013948Z,analysis/screening_run_artifacts_after_prompt_update_20260511/full_runs/deepseek_v4_review_pipeline_all4027_current_rep2_watchdog_20260510T013948Z/job_11530/guideline_pilot_raw_completed.csv,2346609,36c3358d07e7f356f7d4bc4d9d941bbab22cc44e848451ea79649c6653635eeb,Original pipeline trace file job_11530/guideline_pilot_raw_completed.csv.
full_runs,deepseek_v4_review_pipeline_all4027_current_rep2_watchdog_20260510T013948Z,analysis/screening_run_artifacts_after_prompt_update_20260511/full_runs/deepseek_v4_review_pipeline_all4027_current_rep2_watchdog_20260510T013948Z/job_11530/guideline_pilot_raw_completed.jsonl,3320884,6a49a3f1771211a3a2052aae02f9be962e7c666ba6d40917ab9ce96932ecceb5,Original pipeline trace file job_11530/guideline_pilot_raw_completed.jsonl.
full_runs,deepseek_v4_review_pipeline_all4027_current_rep2_watchdog_20260510T013948Z,analysis/screening_run_artifacts_after_prompt_update_20260511/full_runs/deepseek_v4_review_pipeline_all4027_current_rep2_watchdog_20260510T013948Z/job_11530/guideline_pilot_results_partial.csv,2620031,db6cb3be8a18b8e0bae5f2f47351476435abf685bc791f8a81d50b46499c644b,Original pipeline trace file job_11530/guideline_pilot_results_partial.csv.
full_runs,deepseek_v4_review_pipeline_all4027_current_rep2_watchdog_20260510T013948Z,analysis/screening_run_artifacts_after_prompt_update_20260511/full_runs/deepseek_v4_review_pipeline_all4027_current_rep2_watchdog_20260510T013948Z/job_11530/post_run_watchdog_summary.json,186,9ca8c7619ba746e4dda49cd039cf3f2b682b3474d937e9d54dc083873fc246ad,Original pipeline trace file job_11530/post_run_watchdog_summary.json.
full_runs,deepseek_v4_review_pipeline_all4027_current_rep2_watchdog_20260510T013948Z,analysis/screening_run_artifacts_after_prompt_update_20260511/full_runs/deepseek_v4_review_pipeline_all4027_current_rep2_watchdog_20260510T013948Z/job_11530/pre_run_watchdog_summary.json,187,9c0969058b51a25165ed1b703254ddc1e10f383f02f6532b19a7ed3dc16b743c,Original pipeline trace file job_11530/pre_run_watchdog_summary.json.
full_runs,deepseek_v4_review_pipeline_all4027_current_rep2_watchdog_20260510T013948Z,analysis/screening_run_artifacts_after_prompt_update_20260511/full_runs/deepseek_v4_review_pipeline_all4027_current_rep2_watchdog_20260510T013948Z/job_11530/runner.log,25304,2d252d4f076a36a33c2f9ca186e9200de5c2fbfadccadb6013424a20cdfe3641,Original pipeline trace file job_11530/runner.log.
full_runs,deepseek_v4_review_pipeline_all4027_current_rep2_watchdog_20260510T013948Z,analysis/screening_run_artifacts_after_prompt_update_20260511/full_runs/deepseek_v4_review_pipeline_all4027_current_rep2_watchdog_20260510T013948Z/job_11530/server_info.env,829,e6ce2bf4fd6b7c9b14e2faa11da4b62df3f672f4905c436d814db26bc124f93c,Original pipeline trace file job_11530/server_info.env.
full_runs,deepseek_v4_review_pipeline_all4027_current_rep2_watchdog_20260510T013948Z,analysis/screening_run_artifacts_after_prompt_update_20260511/full_runs/deepseek_v4_review_pipeline_all4027_current_rep2_watchdog_20260510T013948Z/job_11532/api_check.json,587,c7a2e3e2d5479feda1a4ae4adc612795c5febd1ff190a435ddd90f9c80e0fc4b,Original pipeline trace file job_11532/api_check.json.
full_runs,deepseek_v4_review_pipeline_all4027_current_rep2_watchdog_20260510T013948Z,analysis/screening_run_artifacts_after_prompt_update_20260511/full_runs/deepseek_v4_review_pipeline_all4027_current_rep2_watchdog_20260510T013948Z/job_11532/continuation_job.txt,26,43b423514bf78930f6c75f38760f695f103c3c6425a058c413facf1877270911,Original pipeline trace file job_11532/continuation_job.txt.
full_runs,deepseek_v4_review_pipeline_all4027_current_rep2_watchdog_20260510T013948Z,analysis/screening_run_artifacts_after_prompt_update_20260511/full_runs/deepseek_v4_review_pipeline_all4027_current_rep2_watchdog_20260510T013948Z/job_11532/guideline_pilot_raw_completed.csv,1965196,ec8cfb0040194973ad13110e58f60cffc61c81d736cfde1baaf46c49cd103a04,Original pipeline trace file job_11532/guideline_pilot_raw_completed.csv.
full_runs,deepseek_v4_review_pipeline_all4027_current_rep2_watchdog_20260510T013948Z,analysis/screening_run_artifacts_after_prompt_update_20260511/full_runs/deepseek_v4_review_pipeline_all4027_current_rep2_watchdog_20260510T013948Z/job_11532/guideline_pilot_raw_completed.jsonl,2863575,157527511c83e67987b13d95a1a942c6fa2ae856f115d6a9a27c82580c5eaa31,Original pipeline trace file job_11532/guideline_pilot_raw_completed.jsonl.
full_runs,deepseek_v4_review_pipeline_all4027_current_rep2_watchdog_20260510T013948Z,analysis/screening_run_artifacts_after_prompt_update_20260511/full_runs/deepseek_v4_review_pipeline_all4027_current_rep2_watchdog_20260510T013948Z/job_11532/guideline_pilot_results_partial.csv,2214212,f428046c92fd3edcd65a33e8923e75438965e02803b5b9846ca188ba7215d723,Original pipeline trace file job_11532/guideline_pilot_results_partial.csv.
full_runs,deepseek_v4_review_pipeline_all4027_current_rep2_watchdog_20260510T013948Z,analysis/screening_run_artifacts_after_prompt_update_20260511/full_runs/deepseek_v4_review_pipeline_all4027_current_rep2_watchdog_20260510T013948Z/job_11532/post_run_watchdog_summary.json,186,d1c63c6bdf49b919ef66a1d3f0e5a39ae36988e60ad6c07e885c00cf887f31a3,Original pipeline trace file job_11532/post_run_watchdog_summary.json.
full_runs,deepseek_v4_review_pipeline_all4027_current_rep2_watchdog_20260510T013948Z,analysis/screening_run_artifacts_after_prompt_update_20260511/full_runs/deepseek_v4_review_pipeline_all4027_current_rep2_watchdog_20260510T013948Z/job_11532/pre_run_watchdog_summary.json,186,9ca8c7619ba746e4dda49cd039cf3f2b682b3474d937e9d54dc083873fc246ad,Original pipeline trace file job_11532/pre_run_watchdog_summary.json.
full_runs,deepseek_v4_review_pipeline_all4027_current_rep2_watchdog_20260510T013948Z,analysis/screening_run_artifacts_after_prompt_update_20260511/full_runs/deepseek_v4_review_pipeline_all4027_current_rep2_watchdog_20260510T013948Z/job_11532/runner.log,22596,b01fe1006ee9c56a43bdf85bc87baa64fef24abea929bdf98ffc56f4edf85c5c,Original pipeline trace file job_11532/runner.log.
full_runs,deepseek_v4_review_pipeline_all4027_current_rep2_watchdog_20260510T013948Z,analysis/screening_run_artifacts_after_prompt_update_20260511/full_runs/deepseek_v4_review_pipeline_all4027_current_rep2_watchdog_20260510T013948Z/job_11532/server_info.env,829,cdc5dab9bf46aabf9450a068908bc106b91bec55a905f857387e15a050d393a9,Original pipeline trace file job_11532/server_info.env.
full_runs,deepseek_v4_review_pipeline_all4027_current_rep2_watchdog_20260510T013948Z,analysis/screening_run_artifacts_after_prompt_update_20260511/full_runs/deepseek_v4_review_pipeline_all4027_current_rep2_watchdog_20260510T013948Z/job_11535/api_check.json,587,33ff823527f0091772fde17ecb0675b8908c6de2b414960e2093e623a2153c98,Original pipeline trace file job_11535/api_check.json.
full_runs,deepseek_v4_review_pipeline_all4027_current_rep2_watchdog_20260510T013948Z,analysis/screening_run_artifacts_after_prompt_update_20260511/full_runs/deepseek_v4_review_pipeline_all4027_current_rep2_watchdog_20260510T013948Z/job_11535/guideline_pilot_raw_completed.csv,1764016,3cd2e08125fb2364fe079b37a1b59924b2e981f512308659e6b2b722c54b5eae,Original pipeline trace file job_11535/guideline_pilot_raw_completed.csv.
full_runs,deepseek_v4_review_pipeline_all4027_current_rep2_watchdog_20260510T013948Z,analysis/screening_run_artifacts_after_prompt_update_20260511/full_runs/deepseek_v4_review_pipeline_all4027_current_rep2_watchdog_20260510T013948Z/job_11535/guideline_pilot_raw_completed.jsonl,2625256,a1a1800a4313a552c0a69d3976101eb97c88982698b297abeba913cdc06eb03f,Original pipeline trace file job_11535/guideline_pilot_raw_completed.jsonl.
full_runs,deepseek_v4_review_pipeline_all4027_current_rep2_watchdog_20260510T013948Z,analysis/screening_run_artifacts_after_prompt_update_20260511/full_runs/deepseek_v4_review_pipeline_all4027_current_rep2_watchdog_20260510T013948Z/job_11535/guideline_pilot_results.csv,1989497,744756431b6773a731f1b0f17b1545177ffca122126d6136435306e453a436a2,Original pipeline trace file job_11535/guideline_pilot_results.csv.
full_runs,deepseek_v4_review_pipeline_all4027_current_rep2_watchdog_20260510T013948Z,analysis/screening_run_artifacts_after_prompt_update_20260511/full_runs/deepseek_v4_review_pipeline_all4027_current_rep2_watchdog_20260510T013948Z/job_11535/guideline_pilot_results_partial.csv,1989497,744756431b6773a731f1b0f17b1545177ffca122126d6136435306e453a436a2,Original pipeline trace file job_11535/guideline_pilot_results_partial.csv.
full_runs,deepseek_v4_review_pipeline_all4027_current_rep2_watchdog_20260510T013948Z,analysis/screening_run_artifacts_after_prompt_update_20260511/full_runs/deepseek_v4_review_pipeline_all4027_current_rep2_watchdog_20260510T013948Z/job_11535/guideline_pilot_summary.json,1322,47770660d96c407b2efb8b5d584a160384a8392a1ec5680522e06e40f80f4ee7,Original pipeline trace file job_11535/guideline_pilot_summary.json.
full_runs,deepseek_v4_review_pipeline_all4027_current_rep2_watchdog_20260510T013948Z,analysis/screening_run_artifacts_after_prompt_update_20260511/full_runs/deepseek_v4_review_pipeline_all4027_current_rep2_watchdog_20260510T013948Z/job_11535/post_run_watchdog_summary.json,184,f8ee3d0b3dfbb0909b978d169ae14f5baff803aaf229c655eb3e128c615507e3,Original pipeline trace file job_11535/post_run_watchdog_summary.json.
full_runs,deepseek_v4_review_pipeline_all4027_current_rep2_watchdog_20260510T013948Z,analysis/screening_run_artifacts_after_prompt_update_20260511/full_runs/deepseek_v4_review_pipeline_all4027_current_rep2_watchdog_20260510T013948Z/job_11535/pre_run_watchdog_summary.json,186,d1c63c6bdf49b919ef66a1d3f0e5a39ae36988e60ad6c07e885c00cf887f31a3,Original pipeline trace file job_11535/pre_run_watchdog_summary.json.
full_runs,deepseek_v4_review_pipeline_all4027_current_rep2_watchdog_20260510T013948Z,analysis/screening_run_artifacts_after_prompt_update_20260511/full_runs/deepseek_v4_review_pipeline_all4027_current_rep2_watchdog_20260510T013948Z/job_11535/runner.log,22880,bb6dd03a4fc09068f7328b5e7f420c28ede061596a7f8d91e66f39cea94cc494,Original pipeline trace file job_11535/runner.log.
full_runs,deepseek_v4_review_pipeline_all4027_current_rep2_watchdog_20260510T013948Z,analysis/screening_run_artifacts_after_prompt_update_20260511/full_runs/deepseek_v4_review_pipeline_all4027_current_rep2_watchdog_20260510T013948Z/job_11535/server_info.env,829,bbf89814b9f0993f8dcc7e66b1269763c4705f4bc1115836ccfbac77a56ac600,Original pipeline trace file job_11535/server_info.env.
full_runs,deepseek_v4_review_pipeline_all4027_current_rep2_watchdog_20260510T013948Z,analysis/screening_run_artifacts_after_prompt_update_20260511/full_runs/deepseek_v4_review_pipeline_all4027_current_rep2_watchdog_20260510T013948Z/watchdog_summary.json,211,7f2d76892597529db64bdd5947f6aeafc0cea9ac62bbfc578b675eb68209a666,Original watchdog_summary.json from run root.
full_runs,gpt_oss_120b_review_pipeline_all4027_current_rep2_watchdog_20260511T1642Z,analysis/screening_run_artifacts_after_prompt_update_20260511/full_runs/gpt_oss_120b_review_pipeline_all4027_current_rep2_watchdog_20260511T1642Z/agent_outputs_dedup.parquet,7121590,9d09a88e6356f0689bcfd9eb005fa8b52cd498b266dc9d9aa950ba2650aa988c,"Deduplicated full row-level agent outputs, including per-stage reviewer JSON fields and final decisions."
full_runs,gpt_oss_120b_review_pipeline_all4027_current_rep2_watchdog_20260511T1642Z,analysis/screening_run_artifacts_after_prompt_update_20260511/full_runs/gpt_oss_120b_review_pipeline_all4027_current_rep2_watchdog_20260511T1642Z/artifact_summary.json,497,a0a77b8ea6f187ee1236363093cd0da4e65ef655b198fd02c9a3877ea8c54f3e,"Generated artifact summary with record count, decision counts, and source result files."
full_runs,gpt_oss_120b_review_pipeline_all4027_current_rep2_watchdog_20260511T1642Z,analysis/screening_run_artifacts_after_prompt_update_20260511/full_runs/gpt_oss_120b_review_pipeline_all4027_current_rep2_watchdog_20260511T1642Z/guideline_pilot_results_all_completed_dedup.parquet,7116480,a4a6f1808cc067c77c14aa86bb67515288ee23156aec10834cab065cc1f854a7,Original run-level parquet generated by watchdog/runner.
full_runs,gpt_oss_120b_review_pipeline_all4027_current_rep2_watchdog_20260511T1642Z,analysis/screening_run_artifacts_after_prompt_update_20260511/full_runs/gpt_oss_120b_review_pipeline_all4027_current_rep2_watchdog_20260511T1642Z/job_11575/api_check.json,821,5900b353c229540b656c277b98653f346d9eb9dea3ca9796f0720d9bd1876df3,Original pipeline trace file job_11575/api_check.json.
full_runs,gpt_oss_120b_review_pipeline_all4027_current_rep2_watchdog_20260511T1642Z,analysis/screening_run_artifacts_after_prompt_update_20260511/full_runs/gpt_oss_120b_review_pipeline_all4027_current_rep2_watchdog_20260511T1642Z/job_11575/continuation_job.txt,26,0f70ee5530feca94764c656f5cccda7604eb669b32e80979e61e7909ac065939,Original pipeline trace file job_11575/continuation_job.txt.
full_runs,gpt_oss_120b_review_pipeline_all4027_current_rep2_watchdog_20260511T1642Z,analysis/screening_run_artifacts_after_prompt_update_20260511/full_runs/gpt_oss_120b_review_pipeline_all4027_current_rep2_watchdog_20260511T1642Z/job_11575/guideline_pilot_raw_completed.csv,12236560,6fe3f37c229d63b8d56c79dd8285c46190747ce6b248f2e6bf0353aebce9a58a,Original pipeline trace file job_11575/guideline_pilot_raw_completed.csv.
full_runs,gpt_oss_120b_review_pipeline_all4027_current_rep2_watchdog_20260511T1642Z,analysis/screening_run_artifacts_after_prompt_update_20260511/full_runs/gpt_oss_120b_review_pipeline_all4027_current_rep2_watchdog_20260511T1642Z/job_11575/guideline_pilot_raw_completed.jsonl,16961431,069c17da4047291dec0dbfbf49d6ef51cefcad483991ff4181b6884d27a63f4c,Original pipeline trace file job_11575/guideline_pilot_raw_completed.jsonl.
full_runs,gpt_oss_120b_review_pipeline_all4027_current_rep2_watchdog_20260511T1642Z,analysis/screening_run_artifacts_after_prompt_update_20260511/full_runs/gpt_oss_120b_review_pipeline_all4027_current_rep2_watchdog_20260511T1642Z/job_11575/guideline_pilot_results_partial.csv,13825482,9ed1ea523cb7a79b41b7875446ccf0e12e1338c034121be0dbfb93971d3c807a,Original pipeline trace file job_11575/guideline_pilot_results_partial.csv.
full_runs,gpt_oss_120b_review_pipeline_all4027_current_rep2_watchdog_20260511T1642Z,analysis/screening_run_artifacts_after_prompt_update_20260511/full_runs/gpt_oss_120b_review_pipeline_all4027_current_rep2_watchdog_20260511T1642Z/job_11575/post_run_watchdog_summary.json,186,d0f2e5106b83e0911c543ff33b42650125d4f597c8ace8514f31d3f100f2c0d8,Original pipeline trace file job_11575/post_run_watchdog_summary.json.
full_runs,gpt_oss_120b_review_pipeline_all4027_current_rep2_watchdog_20260511T1642Z,analysis/screening_run_artifacts_after_prompt_update_20260511/full_runs/gpt_oss_120b_review_pipeline_all4027_current_rep2_watchdog_20260511T1642Z/job_11575/pre_run_watchdog_summary.json,110,3eafefb67bcb2d94ad2300f4e3391c7312a701c460a00a1262d3479aa5ff0f37,Original pipeline trace file job_11575/pre_run_watchdog_summary.json.
full_runs,gpt_oss_120b_review_pipeline_all4027_current_rep2_watchdog_20260511T1642Z,analysis/screening_run_artifacts_after_prompt_update_20260511/full_runs/gpt_oss_120b_review_pipeline_all4027_current_rep2_watchdog_20260511T1642Z/job_11575/runner.log,131872,63cd3610bd29437b340f84b03dc67d5b88671db94e680317ceb578088a8cd9fa,Original pipeline trace file job_11575/runner.log.
full_runs,gpt_oss_120b_review_pipeline_all4027_current_rep2_watchdog_20260511T1642Z,analysis/screening_run_artifacts_after_prompt_update_20260511/full_runs/gpt_oss_120b_review_pipeline_all4027_current_rep2_watchdog_20260511T1642Z/job_11575/server_info.env,772,bdd6af67b2bdaa9ebba3efca380a5dd9da5572f8053aef5423a3060d3b65d7c4,Original pipeline trace file job_11575/server_info.env.
full_runs,gpt_oss_120b_review_pipeline_all4027_current_rep2_watchdog_20260511T1642Z,analysis/screening_run_artifacts_after_prompt_update_20260511/full_runs/gpt_oss_120b_review_pipeline_all4027_current_rep2_watchdog_20260511T1642Z/job_11584/api_check.json,821,95218d5b4d8b5337e388d0e8ac873bf0c47b872cb4a5a10cfcb7f10574545272,Original pipeline trace file job_11584/api_check.json.
full_runs,gpt_oss_120b_review_pipeline_all4027_current_rep2_watchdog_20260511T1642Z,analysis/screening_run_artifacts_after_prompt_update_20260511/full_runs/gpt_oss_120b_review_pipeline_all4027_current_rep2_watchdog_20260511T1642Z/job_11584/guideline_pilot_raw_completed.csv,4821806,4c7b904d6cfb7f1ff03f8d199c629ac075fe78a3ca79d80b56d9f4f6eb1b6006,Original pipeline trace file job_11584/guideline_pilot_raw_completed.csv.
full_runs,gpt_oss_120b_review_pipeline_all4027_current_rep2_watchdog_20260511T1642Z,analysis/screening_run_artifacts_after_prompt_update_20260511/full_runs/gpt_oss_120b_review_pipeline_all4027_current_rep2_watchdog_20260511T1642Z/job_11584/guideline_pilot_raw_completed.jsonl,6937593,126edbbf93b45bc8f8ffe7daddc9f60ca7481a402250feff330ca27d12ee1095,Original pipeline trace file job_11584/guideline_pilot_raw_completed.jsonl.
full_runs,gpt_oss_120b_review_pipeline_all4027_current_rep2_watchdog_20260511T1642Z,analysis/screening_run_artifacts_after_prompt_update_20260511/full_runs/gpt_oss_120b_review_pipeline_all4027_current_rep2_watchdog_20260511T1642Z/job_11584/guideline_pilot_results.csv,5491262,33b7c64cd364190ab940254a8b87ee1f11f05486579984832a76bf56f7eba02f,Original pipeline trace file job_11584/guideline_pilot_results.csv.
full_runs,gpt_oss_120b_review_pipeline_all4027_current_rep2_watchdog_20260511T1642Z,analysis/screening_run_artifacts_after_prompt_update_20260511/full_runs/gpt_oss_120b_review_pipeline_all4027_current_rep2_watchdog_20260511T1642Z/job_11584/guideline_pilot_results_partial.csv,5491262,33b7c64cd364190ab940254a8b87ee1f11f05486579984832a76bf56f7eba02f,Original pipeline trace file job_11584/guideline_pilot_results_partial.csv.
full_runs,gpt_oss_120b_review_pipeline_all4027_current_rep2_watchdog_20260511T1642Z,analysis/screening_run_artifacts_after_prompt_update_20260511/full_runs/gpt_oss_120b_review_pipeline_all4027_current_rep2_watchdog_20260511T1642Z/job_11584/guideline_pilot_summary.json,1321,5569609d6bc10b478a58dfa0538a516f85a4409b6b88b004b60abfc847f72e07,Original pipeline trace file job_11584/guideline_pilot_summary.json.
full_runs,gpt_oss_120b_review_pipeline_all4027_current_rep2_watchdog_20260511T1642Z,analysis/screening_run_artifacts_after_prompt_update_20260511/full_runs/gpt_oss_120b_review_pipeline_all4027_current_rep2_watchdog_20260511T1642Z/job_11584/post_run_watchdog_summary.json,184,289c4341891e4147c47030009789e9685c8e594d2c9841d0d1311f9cb5a6ea89,Original pipeline trace file job_11584/post_run_watchdog_summary.json.
full_runs,gpt_oss_120b_review_pipeline_all4027_current_rep2_watchdog_20260511T1642Z,analysis/screening_run_artifacts_after_prompt_update_20260511/full_runs/gpt_oss_120b_review_pipeline_all4027_current_rep2_watchdog_20260511T1642Z/job_11584/pre_run_watchdog_summary.json,186,d0f2e5106b83e0911c543ff33b42650125d4f597c8ace8514f31d3f100f2c0d8,Original pipeline trace file job_11584/pre_run_watchdog_summary.json.
full_runs,gpt_oss_120b_review_pipeline_all4027_current_rep2_watchdog_20260511T1642Z,analysis/screening_run_artifacts_after_prompt_update_20260511/full_runs/gpt_oss_120b_review_pipeline_all4027_current_rep2_watchdog_20260511T1642Z/job_11584/runner.log,57403,d6df605e85c058bb13a42c972f706d265ad5d4eccdcabe0acfd2093c78acc3e8,Original pipeline trace file job_11584/runner.log.
full_runs,gpt_oss_120b_review_pipeline_all4027_current_rep2_watchdog_20260511T1642Z,analysis/screening_run_artifacts_after_prompt_update_20260511/full_runs/gpt_oss_120b_review_pipeline_all4027_current_rep2_watchdog_20260511T1642Z/job_11584/server_info.env,772,ff6e97576768cfa8346b39c8e3b570f09fbf037c336a0a048704557ce87ed0fe,Original pipeline trace file job_11584/server_info.env.
full_runs,gpt_oss_120b_review_pipeline_all4027_current_rep2_watchdog_20260511T1642Z,analysis/screening_run_artifacts_after_prompt_update_20260511/full_runs/gpt_oss_120b_review_pipeline_all4027_current_rep2_watchdog_20260511T1642Z/watchdog_summary.json,211,9305977bbc7d7b553eca82d604b0701626ceade7257ae64fe859596a1153213a,Original watchdog_summary.json from run root.
full_runs,gpt_oss_120b_review_pipeline_all4027_current_watchdog_20260511T1116Z,analysis/screening_run_artifacts_after_prompt_update_20260511/full_runs/gpt_oss_120b_review_pipeline_all4027_current_watchdog_20260511T1116Z/agent_outputs_dedup.parquet,7110182,1d346aad254d8b23f3f20582cdf0b230801534e2b31b1e7e5a2b4b4f27e95596,"Deduplicated full row-level agent outputs, including per-stage reviewer JSON fields and final decisions."
full_runs,gpt_oss_120b_review_pipeline_all4027_current_watchdog_20260511T1116Z,analysis/screening_run_artifacts_after_prompt_update_20260511/full_runs/gpt_oss_120b_review_pipeline_all4027_current_watchdog_20260511T1116Z/artifact_summary.json,482,61bdffd21410b4f57bebbca79e7d15a2c8291f38bbcfd431b4b898c2edd50aad,"Generated artifact summary with record count, decision counts, and source result files."
full_runs,gpt_oss_120b_review_pipeline_all4027_current_watchdog_20260511T1116Z,analysis/screening_run_artifacts_after_prompt_update_20260511/full_runs/gpt_oss_120b_review_pipeline_all4027_current_watchdog_20260511T1116Z/guideline_pilot_results_all_completed_dedup.parquet,7106554,7e9e423db35bf8f2fc88f99d1bb443ec99b5f21180d6eb09bc2d60a7e6738d92,Original run-level parquet generated by watchdog/runner.
full_runs,gpt_oss_120b_review_pipeline_all4027_current_watchdog_20260511T1116Z,analysis/screening_run_artifacts_after_prompt_update_20260511/full_runs/gpt_oss_120b_review_pipeline_all4027_current_watchdog_20260511T1116Z/job_11550/api_check.json,821,c82e49f9f883de4f6441aad9670320a705ee92306a14ff73b659f9005822ae30,Original pipeline trace file job_11550/api_check.json.
full_runs,gpt_oss_120b_review_pipeline_all4027_current_watchdog_20260511T1116Z,analysis/screening_run_artifacts_after_prompt_update_20260511/full_runs/gpt_oss_120b_review_pipeline_all4027_current_watchdog_20260511T1116Z/job_11550/continuation_job.txt,26,e456e7619307166d2db6f57e146b482e538691d9e64caa4eaf12e3ef216dc12a,Original pipeline trace file job_11550/continuation_job.txt.
full_runs,gpt_oss_120b_review_pipeline_all4027_current_watchdog_20260511T1116Z,analysis/screening_run_artifacts_after_prompt_update_20260511/full_runs/gpt_oss_120b_review_pipeline_all4027_current_watchdog_20260511T1116Z/job_11550/guideline_pilot_raw_completed.csv,12557141,e4d18492ebc354b27f734dacaf29d132595cc2d73c22b55b1aa38d34d81f189e,Original pipeline trace file job_11550/guideline_pilot_raw_completed.csv.
full_runs,gpt_oss_120b_review_pipeline_all4027_current_watchdog_20260511T1116Z,analysis/screening_run_artifacts_after_prompt_update_20260511/full_runs/gpt_oss_120b_review_pipeline_all4027_current_watchdog_20260511T1116Z/job_11550/guideline_pilot_raw_completed.jsonl,17414853,22af96992ddc9511d58b603b976700187359963bc5b1442081fba7f42d2d60f7,Original pipeline trace file job_11550/guideline_pilot_raw_completed.jsonl.
full_runs,gpt_oss_120b_review_pipeline_all4027_current_watchdog_20260511T1116Z,analysis/screening_run_artifacts_after_prompt_update_20260511/full_runs/gpt_oss_120b_review_pipeline_all4027_current_watchdog_20260511T1116Z/job_11550/guideline_pilot_results_partial.csv,14183781,1618660d2241d11716a9ff2a91440c504226475f57daf378e43881bc1482dd85,Original pipeline trace file job_11550/guideline_pilot_results_partial.csv.
full_runs,gpt_oss_120b_review_pipeline_all4027_current_watchdog_20260511T1116Z,analysis/screening_run_artifacts_after_prompt_update_20260511/full_runs/gpt_oss_120b_review_pipeline_all4027_current_watchdog_20260511T1116Z/job_11550/post_run_watchdog_summary.json,187,fff90162dae808567aca10a76fc647eea25b248bd986df462950a6787bef046e,Original pipeline trace file job_11550/post_run_watchdog_summary.json.
full_runs,gpt_oss_120b_review_pipeline_all4027_current_watchdog_20260511T1116Z,analysis/screening_run_artifacts_after_prompt_update_20260511/full_runs/gpt_oss_120b_review_pipeline_all4027_current_watchdog_20260511T1116Z/job_11550/pre_run_watchdog_summary.json,110,3eafefb67bcb2d94ad2300f4e3391c7312a701c460a00a1262d3479aa5ff0f37,Original pipeline trace file job_11550/pre_run_watchdog_summary.json.
full_runs,gpt_oss_120b_review_pipeline_all4027_current_watchdog_20260511T1116Z,analysis/screening_run_artifacts_after_prompt_update_20260511/full_runs/gpt_oss_120b_review_pipeline_all4027_current_watchdog_20260511T1116Z/job_11550/runner.log,135303,df07f8c89940e76e3dddc06cfd6a3271ee3c15ee3780d0c31d3c077432b7beab,Original pipeline trace file job_11550/runner.log.
full_runs,gpt_oss_120b_review_pipeline_all4027_current_watchdog_20260511T1116Z,analysis/screening_run_artifacts_after_prompt_update_20260511/full_runs/gpt_oss_120b_review_pipeline_all4027_current_watchdog_20260511T1116Z/job_11550/server_info.env,762,6fcca8dd39abd1be8efd0f21d2709cce4866c0e69b9391e5e0f3061a81ac5330,Original pipeline trace file job_11550/server_info.env.
full_runs,gpt_oss_120b_review_pipeline_all4027_current_watchdog_20260511T1116Z,analysis/screening_run_artifacts_after_prompt_update_20260511/full_runs/gpt_oss_120b_review_pipeline_all4027_current_watchdog_20260511T1116Z/job_11561/api_check.json,821,5b377e3395364266cd0ee6b6986e0e5d2fcdb6d3658f70d30d473b10b64ee3a2,Original pipeline trace file job_11561/api_check.json.
full_runs,gpt_oss_120b_review_pipeline_all4027_current_watchdog_20260511T1116Z,analysis/screening_run_artifacts_after_prompt_update_20260511/full_runs/gpt_oss_120b_review_pipeline_all4027_current_watchdog_20260511T1116Z/job_11561/guideline_pilot_raw_completed.csv,4466297,7cb47bb42d078cc1ebe14bec93dd41d952b838b332e8edab228ba2eedfb7d14e,Original pipeline trace file job_11561/guideline_pilot_raw_completed.csv.
full_runs,gpt_oss_120b_review_pipeline_all4027_current_watchdog_20260511T1116Z,analysis/screening_run_artifacts_after_prompt_update_20260511/full_runs/gpt_oss_120b_review_pipeline_all4027_current_watchdog_20260511T1116Z/job_11561/guideline_pilot_raw_completed.jsonl,6443698,ed1571b893143082b53229d736e623a38511b3e1226c7841fba9edbb24d4c4f9,Original pipeline trace file job_11561/guideline_pilot_raw_completed.jsonl.
full_runs,gpt_oss_120b_review_pipeline_all4027_current_watchdog_20260511T1116Z,analysis/screening_run_artifacts_after_prompt_update_20260511/full_runs/gpt_oss_120b_review_pipeline_all4027_current_watchdog_20260511T1116Z/job_11561/guideline_pilot_results.csv,5094020,6e355902ef36c6943d2a1169b2bee263943ddf23c40a0166e65fdb013712deea,Original pipeline trace file job_11561/guideline_pilot_results.csv.
full_runs,gpt_oss_120b_review_pipeline_all4027_current_watchdog_20260511T1116Z,analysis/screening_run_artifacts_after_prompt_update_20260511/full_runs/gpt_oss_120b_review_pipeline_all4027_current_watchdog_20260511T1116Z/job_11561/guideline_pilot_results_partial.csv,5094020,6e355902ef36c6943d2a1169b2bee263943ddf23c40a0166e65fdb013712deea,Original pipeline trace file job_11561/guideline_pilot_results_partial.csv.
full_runs,gpt_oss_120b_review_pipeline_all4027_current_watchdog_20260511T1116Z,analysis/screening_run_artifacts_after_prompt_update_20260511/full_runs/gpt_oss_120b_review_pipeline_all4027_current_watchdog_20260511T1116Z/job_11561/guideline_pilot_summary.json,1307,c9dbcd290f9c75358bd27b5e5de5570549f0c42f2ed05f5f6c20cba88079b6e4,Original pipeline trace file job_11561/guideline_pilot_summary.json.
full_runs,gpt_oss_120b_review_pipeline_all4027_current_watchdog_20260511T1116Z,analysis/screening_run_artifacts_after_prompt_update_20260511/full_runs/gpt_oss_120b_review_pipeline_all4027_current_watchdog_20260511T1116Z/job_11561/post_run_watchdog_summary.json,184,29b3422c29d86ffad0f0ad4d4e9fc8ae67832f160c7aed1ccc77fd229b4296fc,Original pipeline trace file job_11561/post_run_watchdog_summary.json.
full_runs,gpt_oss_120b_review_pipeline_all4027_current_watchdog_20260511T1116Z,analysis/screening_run_artifacts_after_prompt_update_20260511/full_runs/gpt_oss_120b_review_pipeline_all4027_current_watchdog_20260511T1116Z/job_11561/pre_run_watchdog_summary.json,187,fff90162dae808567aca10a76fc647eea25b248bd986df462950a6787bef046e,Original pipeline trace file job_11561/pre_run_watchdog_summary.json.
full_runs,gpt_oss_120b_review_pipeline_all4027_current_watchdog_20260511T1116Z,analysis/screening_run_artifacts_after_prompt_update_20260511/full_runs/gpt_oss_120b_review_pipeline_all4027_current_watchdog_20260511T1116Z/job_11561/runner.log,53948,983e5c53904e3857bb96dd0a7eb351b88ed0fe4b034f93cedff3d1ab41e209b8,Original pipeline trace file job_11561/runner.log.
full_runs,gpt_oss_120b_review_pipeline_all4027_current_watchdog_20260511T1116Z,analysis/screening_run_artifacts_after_prompt_update_20260511/full_runs/gpt_oss_120b_review_pipeline_all4027_current_watchdog_20260511T1116Z/job_11561/server_info.env,762,b624ed9c159421b6c91392e49891cbbfa7e63ef702719f7ee8fc1932e7bd4780,Original pipeline trace file job_11561/server_info.env.
full_runs,gpt_oss_120b_review_pipeline_all4027_current_watchdog_20260511T1116Z,analysis/screening_run_artifacts_after_prompt_update_20260511/full_runs/gpt_oss_120b_review_pipeline_all4027_current_watchdog_20260511T1116Z/watchdog_summary.json,211,5f9a2f9726c465ab26935c46dee107ffefbb92b9237e5223c3e2a113424dea20,Original watchdog_summary.json from run root.
full_runs,nemotron3_super_120b_fp8_review_pipeline_all4027_current_watchdog_20260511T1116Z,analysis/screening_run_artifacts_after_prompt_update_20260511/full_runs/nemotron3_super_120b_fp8_review_pipeline_all4027_current_watchdog_20260511T1116Z/agent_outputs_dedup.parquet,7006409,684d80a45f6ad4dcfaedcb6710760e55f4ee29aed58853a34557ed3a53a3cb55,"Deduplicated full row-level agent outputs, including per-stage reviewer JSON fields and final decisions."
full_runs,nemotron3_super_120b_fp8_review_pipeline_all4027_current_watchdog_20260511T1116Z,analysis/screening_run_artifacts_after_prompt_update_20260511/full_runs/nemotron3_super_120b_fp8_review_pipeline_all4027_current_watchdog_20260511T1116Z/artifact_summary.json,796,0eb558c0bdecd57f57ad423cd742f2e041ea93d0dd92e4b625e48840bfe43fdc,"Generated artifact summary with record count, decision counts, and source result files."
full_runs,nemotron3_super_120b_fp8_review_pipeline_all4027_current_watchdog_20260511T1116Z,analysis/screening_run_artifacts_after_prompt_update_20260511/full_runs/nemotron3_super_120b_fp8_review_pipeline_all4027_current_watchdog_20260511T1116Z/guideline_pilot_results_all_completed_dedup.parquet,7000092,68054ee4a6513ae30cffcc611cffb6c20c0a5267236280c449c70e3e81f4f6dc,Original run-level parquet generated by watchdog/runner.
full_runs,nemotron3_super_120b_fp8_review_pipeline_all4027_current_watchdog_20260511T1116Z,analysis/screening_run_artifacts_after_prompt_update_20260511/full_runs/nemotron3_super_120b_fp8_review_pipeline_all4027_current_watchdog_20260511T1116Z/job_11551/api_check.json,896,f055dde52fef807645da787b9d12f713de96f84c5b4ad4074855a51aa47a8b63,Original pipeline trace file job_11551/api_check.json.
full_runs,nemotron3_super_120b_fp8_review_pipeline_all4027_current_watchdog_20260511T1116Z,analysis/screening_run_artifacts_after_prompt_update_20260511/full_runs/nemotron3_super_120b_fp8_review_pipeline_all4027_current_watchdog_20260511T1116Z/job_11551/guideline_pilot_raw_completed.csv,5168600,37ae87d1bd340444edbb127a8e56b431cae5d4354dc79b51cddab0e5dac46d2f,Original pipeline trace file job_11551/guideline_pilot_raw_completed.csv.
full_runs,nemotron3_super_120b_fp8_review_pipeline_all4027_current_watchdog_20260511T1116Z,analysis/screening_run_artifacts_after_prompt_update_20260511/full_runs/nemotron3_super_120b_fp8_review_pipeline_all4027_current_watchdog_20260511T1116Z/job_11551/guideline_pilot_raw_completed.jsonl,7223903,39a28c0986778990b880b2dcf930a9a5fe1de4c7686a38ec7737440ece0a5c72,Original pipeline trace file job_11551/guideline_pilot_raw_completed.jsonl.
full_runs,nemotron3_super_120b_fp8_review_pipeline_all4027_current_watchdog_20260511T1116Z,analysis/screening_run_artifacts_after_prompt_update_20260511/full_runs/nemotron3_super_120b_fp8_review_pipeline_all4027_current_watchdog_20260511T1116Z/job_11551/guideline_pilot_results_partial.csv,5802583,12564aae85d21e92de4ad65ea2da9cdbcebaf975029b087244bc63faa1b0cdb7,Original pipeline trace file job_11551/guideline_pilot_results_partial.csv.
full_runs,nemotron3_super_120b_fp8_review_pipeline_all4027_current_watchdog_20260511T1116Z,analysis/screening_run_artifacts_after_prompt_update_20260511/full_runs/nemotron3_super_120b_fp8_review_pipeline_all4027_current_watchdog_20260511T1116Z/job_11551/pre_run_watchdog_summary.json,110,3eafefb67bcb2d94ad2300f4e3391c7312a701c460a00a1262d3479aa5ff0f37,Original pipeline trace file job_11551/pre_run_watchdog_summary.json.
full_runs,nemotron3_super_120b_fp8_review_pipeline_all4027_current_watchdog_20260511T1116Z,analysis/screening_run_artifacts_after_prompt_update_20260511/full_runs/nemotron3_super_120b_fp8_review_pipeline_all4027_current_watchdog_20260511T1116Z/job_11551/runner.log,55826,71e93cb562a527b8d72825e95d15150fd1e236801eceb931cce0e6f69a599a98,Original pipeline trace file job_11551/runner.log.
full_runs,nemotron3_super_120b_fp8_review_pipeline_all4027_current_watchdog_20260511T1116Z,analysis/screening_run_artifacts_after_prompt_update_20260511/full_runs/nemotron3_super_120b_fp8_review_pipeline_all4027_current_watchdog_20260511T1116Z/job_11551/server_info.env,828,b813cd0cd7f441c64824d86e3ec2ca85eb3b0e75adf6d69df8b3e0a6984d2750,Original pipeline trace file job_11551/server_info.env.
full_runs,nemotron3_super_120b_fp8_review_pipeline_all4027_current_watchdog_20260511T1116Z,analysis/screening_run_artifacts_after_prompt_update_20260511/full_runs/nemotron3_super_120b_fp8_review_pipeline_all4027_current_watchdog_20260511T1116Z/job_11570/api_check.json,843,2aee89e37d4e7319a24e72504ea7926491616ebe2c61001596d8e09cb3a10152,Original pipeline trace file job_11570/api_check.json.
full_runs,nemotron3_super_120b_fp8_review_pipeline_all4027_current_watchdog_20260511T1116Z,analysis/screening_run_artifacts_after_prompt_update_20260511/full_runs/nemotron3_super_120b_fp8_review_pipeline_all4027_current_watchdog_20260511T1116Z/job_11570/continuation_job.txt,26,f9f0f0ea27c5851b4edf9226fc62e6c82f7cc01b9a8b0405338896e5f63e70a8,Original pipeline trace file job_11570/continuation_job.txt.
full_runs,nemotron3_super_120b_fp8_review_pipeline_all4027_current_watchdog_20260511T1116Z,analysis/screening_run_artifacts_after_prompt_update_20260511/full_runs/nemotron3_super_120b_fp8_review_pipeline_all4027_current_watchdog_20260511T1116Z/job_11570/guideline_pilot_raw_completed.csv,9055308,0f889e7dc8752b5d0123d6c642ac4205363e93972d898e0290f1f5541ebfd73d,Original pipeline trace file job_11570/guideline_pilot_raw_completed.csv.
full_runs,nemotron3_super_120b_fp8_review_pipeline_all4027_current_watchdog_20260511T1116Z,analysis/screening_run_artifacts_after_prompt_update_20260511/full_runs/nemotron3_super_120b_fp8_review_pipeline_all4027_current_watchdog_20260511T1116Z/job_11570/guideline_pilot_raw_completed.jsonl,12698395,8d61a5c6627bcf8f2cc04abb1c64bae076abf584d5833360e13c8a77ca00de1b,Original pipeline trace file job_11570/guideline_pilot_raw_completed.jsonl.
full_runs,nemotron3_super_120b_fp8_review_pipeline_all4027_current_watchdog_20260511T1116Z,analysis/screening_run_artifacts_after_prompt_update_20260511/full_runs/nemotron3_super_120b_fp8_review_pipeline_all4027_current_watchdog_20260511T1116Z/job_11570/guideline_pilot_results_partial.csv,10133073,f472d737bfebe38d64f7d0c4e45f7d455390c0a0914034063fe51ad7f9c9862f,Original pipeline trace file job_11570/guideline_pilot_results_partial.csv.
full_runs,nemotron3_super_120b_fp8_review_pipeline_all4027_current_watchdog_20260511T1116Z,analysis/screening_run_artifacts_after_prompt_update_20260511/full_runs/nemotron3_super_120b_fp8_review_pipeline_all4027_current_watchdog_20260511T1116Z/job_11570/post_run_watchdog_summary.json,186,f6332e530a66ec354a97192e73aa9565b3f73c5f77d148e1ed1a45ccedd76b91,Original pipeline trace file job_11570/post_run_watchdog_summary.json.
full_runs,nemotron3_super_120b_fp8_review_pipeline_all4027_current_watchdog_20260511T1116Z,analysis/screening_run_artifacts_after_prompt_update_20260511/full_runs/nemotron3_super_120b_fp8_review_pipeline_all4027_current_watchdog_20260511T1116Z/job_11570/pre_run_watchdog_summary.json,186,f2dfce4bc6255439ed1173f54a473b66e6f25dd5acf965d3572fdcc8e4573d45,Original pipeline trace file job_11570/pre_run_watchdog_summary.json.
full_runs,nemotron3_super_120b_fp8_review_pipeline_all4027_current_watchdog_20260511T1116Z,analysis/screening_run_artifacts_after_prompt_update_20260511/full_runs/nemotron3_super_120b_fp8_review_pipeline_all4027_current_watchdog_20260511T1116Z/job_11570/runner.log,96105,49855e221fd069edf3a354e344e00615edba5b837c7204d931a797dc5d36ae9a,Original pipeline trace file job_11570/runner.log.
full_runs,nemotron3_super_120b_fp8_review_pipeline_all4027_current_watchdog_20260511T1116Z,analysis/screening_run_artifacts_after_prompt_update_20260511/full_runs/nemotron3_super_120b_fp8_review_pipeline_all4027_current_watchdog_20260511T1116Z/job_11570/server_info.env,843,ca6f1e011e39f79b1c11d9a2ad13ed916d1045d98c211257bcad6f63bb61851d,Original pipeline trace file job_11570/server_info.env.
full_runs,nemotron3_super_120b_fp8_review_pipeline_all4027_current_watchdog_20260511T1116Z,analysis/screening_run_artifacts_after_prompt_update_20260511/full_runs/nemotron3_super_120b_fp8_review_pipeline_all4027_current_watchdog_20260511T1116Z/job_11581/api_check.json,931,d0d9120e9d3dc1b24d0bfc4eeda328b6581cd73ff003c1a13d8fc8d86f256a05,Original pipeline trace file job_11581/api_check.json.
full_runs,nemotron3_super_120b_fp8_review_pipeline_all4027_current_watchdog_20260511T1116Z,analysis/screening_run_artifacts_after_prompt_update_20260511/full_runs/nemotron3_super_120b_fp8_review_pipeline_all4027_current_watchdog_20260511T1116Z/job_11581/guideline_pilot_raw_completed.csv,2259833,4b05ae537ac4cb0a018c13b38fe9ed4888a548fc2214697ed7151a41c9855a9d,Original pipeline trace file job_11581/guideline_pilot_raw_completed.csv.
full_runs,nemotron3_super_120b_fp8_review_pipeline_all4027_current_watchdog_20260511T1116Z,analysis/screening_run_artifacts_after_prompt_update_20260511/full_runs/nemotron3_super_120b_fp8_review_pipeline_all4027_current_watchdog_20260511T1116Z/job_11581/guideline_pilot_raw_completed.jsonl,3244463,b6822ebd147cd678fcf5d20598ab975b161052ec5a4762a050b0ec16f47bc3e6,Original pipeline trace file job_11581/guideline_pilot_raw_completed.jsonl.
full_runs,nemotron3_super_120b_fp8_review_pipeline_all4027_current_watchdog_20260511T1116Z,analysis/screening_run_artifacts_after_prompt_update_20260511/full_runs/nemotron3_super_120b_fp8_review_pipeline_all4027_current_watchdog_20260511T1116Z/job_11581/guideline_pilot_results_partial.csv,2539207,8f1e2e5470a075ffe0a54b4254bba6537ae7ca47ef9f8619879aa4047fdd9d46,Original pipeline trace file job_11581/guideline_pilot_results_partial.csv.
full_runs,nemotron3_super_120b_fp8_review_pipeline_all4027_current_watchdog_20260511T1116Z,analysis/screening_run_artifacts_after_prompt_update_20260511/full_runs/nemotron3_super_120b_fp8_review_pipeline_all4027_current_watchdog_20260511T1116Z/job_11581/pre_run_watchdog_summary.json,186,f6332e530a66ec354a97192e73aa9565b3f73c5f77d148e1ed1a45ccedd76b91,Original pipeline trace file job_11581/pre_run_watchdog_summary.json.
full_runs,nemotron3_super_120b_fp8_review_pipeline_all4027_current_watchdog_20260511T1116Z,analysis/screening_run_artifacts_after_prompt_update_20260511/full_runs/nemotron3_super_120b_fp8_review_pipeline_all4027_current_watchdog_20260511T1116Z/job_11581/runner.log,24441,83b5e6b626bd6aff205fefb49ee506578068e620d0bbdfbfe566a2c766543c65,Original pipeline trace file job_11581/runner.log.
full_runs,nemotron3_super_120b_fp8_review_pipeline_all4027_current_watchdog_20260511T1116Z,analysis/screening_run_artifacts_after_prompt_update_20260511/full_runs/nemotron3_super_120b_fp8_review_pipeline_all4027_current_watchdog_20260511T1116Z/job_11581/server_info.env,843,e2503f96a2d313d362138f4b066a51dceb672b020b9943433f125da991688ed4,Original pipeline trace file job_11581/server_info.env.
full_runs,nemotron3_super_120b_fp8_review_pipeline_all4027_current_watchdog_20260511T1116Z,analysis/screening_run_artifacts_after_prompt_update_20260511/full_runs/nemotron3_super_120b_fp8_review_pipeline_all4027_current_watchdog_20260511T1116Z/job_11583/api_check.json,849,7bd3cc9235ecf51fe2080966c9940490e79395afa11ae047636b487d8b5c0871,Original pipeline trace file job_11583/api_check.json.
full_runs,nemotron3_super_120b_fp8_review_pipeline_all4027_current_watchdog_20260511T1116Z,analysis/screening_run_artifacts_after_prompt_update_20260511/full_runs/nemotron3_super_120b_fp8_review_pipeline_all4027_current_watchdog_20260511T1116Z/job_11583/guideline_pilot_raw_completed.csv,828642,78a403e80790cece0b6f584a94c36dbe4b3fe8f9539d8d8e8361b5194c93f145,Original pipeline trace file job_11583/guideline_pilot_raw_completed.csv.
full_runs,nemotron3_super_120b_fp8_review_pipeline_all4027_current_watchdog_20260511T1116Z,analysis/screening_run_artifacts_after_prompt_update_20260511/full_runs/nemotron3_super_120b_fp8_review_pipeline_all4027_current_watchdog_20260511T1116Z/job_11583/guideline_pilot_raw_completed.jsonl,1235001,e99a681f9fd3c07e200b952d8d339f042e52b716ba59227cd14170c1051b4e08,Original pipeline trace file job_11583/guideline_pilot_raw_completed.jsonl.
full_runs,nemotron3_super_120b_fp8_review_pipeline_all4027_current_watchdog_20260511T1116Z,analysis/screening_run_artifacts_after_prompt_update_20260511/full_runs/nemotron3_super_120b_fp8_review_pipeline_all4027_current_watchdog_20260511T1116Z/job_11583/guideline_pilot_results.csv,935454,daa16fe0911251b44fed0c8ff0f70e0d580015992d292dfc8db84dcd06c3efa0,Original pipeline trace file job_11583/guideline_pilot_results.csv.
full_runs,nemotron3_super_120b_fp8_review_pipeline_all4027_current_watchdog_20260511T1116Z,analysis/screening_run_artifacts_after_prompt_update_20260511/full_runs/nemotron3_super_120b_fp8_review_pipeline_all4027_current_watchdog_20260511T1116Z/job_11583/guideline_pilot_results_partial.csv,935454,daa16fe0911251b44fed0c8ff0f70e0d580015992d292dfc8db84dcd06c3efa0,Original pipeline trace file job_11583/guideline_pilot_results_partial.csv.
full_runs,nemotron3_super_120b_fp8_review_pipeline_all4027_current_watchdog_20260511T1116Z,analysis/screening_run_artifacts_after_prompt_update_20260511/full_runs/nemotron3_super_120b_fp8_review_pipeline_all4027_current_watchdog_20260511T1116Z/job_11583/guideline_pilot_summary.json,1340,c46f9513ea393a54a2ecd2b58899c957500c2c0ccebfa6db3021f4c4e3134aba,Original pipeline trace file job_11583/guideline_pilot_summary.json.
full_runs,nemotron3_super_120b_fp8_review_pipeline_all4027_current_watchdog_20260511T1116Z,analysis/screening_run_artifacts_after_prompt_update_20260511/full_runs/nemotron3_super_120b_fp8_review_pipeline_all4027_current_watchdog_20260511T1116Z/job_11583/post_run_watchdog_summary.json,184,068467c197d1f5fa5dd986ec40ef285f5e7e8dac9f6825f62b52ac444caa6779,Original pipeline trace file job_11583/post_run_watchdog_summary.json.
full_runs,nemotron3_super_120b_fp8_review_pipeline_all4027_current_watchdog_20260511T1116Z,analysis/screening_run_artifacts_after_prompt_update_20260511/full_runs/nemotron3_super_120b_fp8_review_pipeline_all4027_current_watchdog_20260511T1116Z/job_11583/pre_run_watchdog_summary.json,186,6a9109c036168288e4669a767b13f5ebd612d3578f1d509ade1ac23d6293551d,Original pipeline trace file job_11583/pre_run_watchdog_summary.json.
full_runs,nemotron3_super_120b_fp8_review_pipeline_all4027_current_watchdog_20260511T1116Z,analysis/screening_run_artifacts_after_prompt_update_20260511/full_runs/nemotron3_super_120b_fp8_review_pipeline_all4027_current_watchdog_20260511T1116Z/job_11583/runner.log,11615,d47e038bcfe7618ec40b690ad1e212c6af72ea47b6c49fbba585702475064b61,Original pipeline trace file job_11583/runner.log.
full_runs,nemotron3_super_120b_fp8_review_pipeline_all4027_current_watchdog_20260511T1116Z,analysis/screening_run_artifacts_after_prompt_update_20260511/full_runs/nemotron3_super_120b_fp8_review_pipeline_all4027_current_watchdog_20260511T1116Z/job_11583/server_info.env,843,130b7901ab0f69d2d73dddbb9abaefc5d1da0b9a48b11489874bdf0086c20a72,Original pipeline trace file job_11583/server_info.env.
full_runs,nemotron3_super_120b_fp8_review_pipeline_all4027_current_watchdog_20260511T1116Z,analysis/screening_run_artifacts_after_prompt_update_20260511/full_runs/nemotron3_super_120b_fp8_review_pipeline_all4027_current_watchdog_20260511T1116Z/watchdog_summary.json,211,1a02b1e42b809d67726232c25367db0af64e9c183529bb7da932ba8c08437729,Original watchdog_summary.json from run root.
inputs,,analysis/screening_run_artifacts_after_prompt_update_20260511/inputs/all_abstracts_input_4027.csv,7861845,243838ddc8e9b28d37073235dc2ea1eef3a7a2e1a176d6ae9f98c04e9f998508,"Input set used by full, prompt-iteration, or regression runs."
inputs,,analysis/screening_run_artifacts_after_prompt_update_20260511/inputs/prompt_regression_highsignal_25.csv,45176,7e2841655a86d7e8d7fab04c1e1509ba5444fa5dcd62bc26b22663aebcac3685,"Input set used by full, prompt-iteration, or regression runs."
inputs,,analysis/screening_run_artifacts_after_prompt_update_20260511/inputs/prompt_regression_iter5_unstable3.csv,5662,dd783a305fcb8d5766a8def1263e47de710b4e9b3a337e144de3b6dc7f367e62,"Input set used by full, prompt-iteration, or regression runs."
inputs,,analysis/screening_run_artifacts_after_prompt_update_20260511/inputs/screening_prompt_regression_cases.csv,237792,4073fed2d5ad5dd2dcb70b1b5f8abd950f2201d04a68aa344a54a7c924cfead0,"Input set used by full, prompt-iteration, or regression runs."
metadata,,analysis/screening_run_artifacts_after_prompt_update_20260511/README.md,2020,86735c66b4a32167d5535264799d1e1c6e87dba078ccf34f7d91b778ed0087e6,Bundle README.
prompt_iteration_runs,prompt_iter1_current_highsignal25_deepseekv4_3gpu_11472_20260509T125610Z,analysis/screening_run_artifacts_after_prompt_update_20260511/prompt_iteration_runs/prompt_iter1_current_highsignal25_deepseekv4_3gpu_11472_20260509T125610Z/agent_outputs_dedup.parquet,131922,e8cafd56ebe1712d7fc349f855b48d4de85b1457a0cea1b12f8501a653363b0d,"Deduplicated full row-level agent outputs, including per-stage reviewer JSON fields and final decisions."
prompt_iteration_runs,prompt_iter1_current_highsignal25_deepseekv4_3gpu_11472_20260509T125610Z,analysis/screening_run_artifacts_after_prompt_update_20260511/prompt_iteration_runs/prompt_iter1_current_highsignal25_deepseekv4_3gpu_11472_20260509T125610Z/artifact_summary.json,346,0aefb321bfd2a53a241a2184c05573c4eba2a1d803df61ad2b42a041c23aa3f5,"Generated artifact summary with record count, decision counts, and source result files."
prompt_iteration_runs,prompt_iter1_current_highsignal25_deepseekv4_3gpu_11472_20260509T125610Z,analysis/screening_run_artifacts_after_prompt_update_20260511/prompt_iteration_runs/prompt_iter1_current_highsignal25_deepseekv4_3gpu_11472_20260509T125610Z/guideline_pilot_raw_completed.csv,115801,4da790886a65544a32d0c3a5d0d1a59f6174f51e866b00bf5769882042d60a73,Original pipeline trace file guideline_pilot_raw_completed.csv.
prompt_iteration_runs,prompt_iter1_current_highsignal25_deepseekv4_3gpu_11472_20260509T125610Z,analysis/screening_run_artifacts_after_prompt_update_20260511/prompt_iteration_runs/prompt_iter1_current_highsignal25_deepseekv4_3gpu_11472_20260509T125610Z/guideline_pilot_raw_completed.jsonl,156601,d3a7065427f369bf972d181a95890dd72ae4019e77f40578e2ab7b4cbd4c4e10,Original pipeline trace file guideline_pilot_raw_completed.jsonl.
prompt_iteration_runs,prompt_iter1_current_highsignal25_deepseekv4_3gpu_11472_20260509T125610Z,analysis/screening_run_artifacts_after_prompt_update_20260511/prompt_iteration_runs/prompt_iter1_current_highsignal25_deepseekv4_3gpu_11472_20260509T125610Z/guideline_pilot_results.csv,130609,25aa2f076f3427f13b446f4de5249cb8c089d93b0a89fa1945de16bb66db3f83,Original guideline_pilot_results.csv.
prompt_iteration_runs,prompt_iter1_current_highsignal25_deepseekv4_3gpu_11472_20260509T125610Z,analysis/screening_run_artifacts_after_prompt_update_20260511/prompt_iteration_runs/prompt_iter1_current_highsignal25_deepseekv4_3gpu_11472_20260509T125610Z/guideline_pilot_results_partial.csv,130609,25aa2f076f3427f13b446f4de5249cb8c089d93b0a89fa1945de16bb66db3f83,Original guideline_pilot_results_partial.csv.
prompt_iteration_runs,prompt_iter1_current_highsignal25_deepseekv4_3gpu_11472_20260509T125610Z,analysis/screening_run_artifacts_after_prompt_update_20260511/prompt_iteration_runs/prompt_iter1_current_highsignal25_deepseekv4_3gpu_11472_20260509T125610Z/guideline_pilot_summary.json,1165,19d8d110c34a5d715081fe634a6274f7af29564483541b783cc5160d492288cc,Original pipeline trace file guideline_pilot_summary.json.
prompt_iteration_runs,prompt_iter1_current_highsignal25_deepseekv4_3gpu_11472_20260509T125610Z,analysis/screening_run_artifacts_after_prompt_update_20260511/prompt_iteration_runs/prompt_iter1_current_highsignal25_deepseekv4_3gpu_11472_20260509T125610Z/runner.log,2902,c1659f4910baac39d1d4ff0d780a936cd8f43b3e7fa63d5656b036ba83b64fba,Original pipeline trace file runner.log.
prompt_iteration_runs,prompt_iter2_wrapper_relax_highsignal25_deepseekv4_3gpu_11472_20260509T131343Z,analysis/screening_run_artifacts_after_prompt_update_20260511/prompt_iteration_runs/prompt_iter2_wrapper_relax_highsignal25_deepseekv4_3gpu_11472_20260509T131343Z/agent_outputs_dedup.parquet,129480,9cb00beb1fbed02c05fe2cee417e8dcd63d332810e3f78c11f573a01ee919541,"Deduplicated full row-level agent outputs, including per-stage reviewer JSON fields and final decisions."
prompt_iteration_runs,prompt_iter2_wrapper_relax_highsignal25_deepseekv4_3gpu_11472_20260509T131343Z,analysis/screening_run_artifacts_after_prompt_update_20260511/prompt_iteration_runs/prompt_iter2_wrapper_relax_highsignal25_deepseekv4_3gpu_11472_20260509T131343Z/artifact_summary.json,358,de1ef7c58937bb3b1ce97f5efb6d956cdd979ed67fdf90b5cdaa4c1b47478454,"Generated artifact summary with record count, decision counts, and source result files."
prompt_iteration_runs,prompt_iter2_wrapper_relax_highsignal25_deepseekv4_3gpu_11472_20260509T131343Z,analysis/screening_run_artifacts_after_prompt_update_20260511/prompt_iteration_runs/prompt_iter2_wrapper_relax_highsignal25_deepseekv4_3gpu_11472_20260509T131343Z/guideline_pilot_raw_completed.csv,111627,35fa5df04320b6e94258d99d906e9b0586b051d6c1e0a2cf61b8f94783e889f5,Original pipeline trace file guideline_pilot_raw_completed.csv.
prompt_iteration_runs,prompt_iter2_wrapper_relax_highsignal25_deepseekv4_3gpu_11472_20260509T131343Z,analysis/screening_run_artifacts_after_prompt_update_20260511/prompt_iteration_runs/prompt_iter2_wrapper_relax_highsignal25_deepseekv4_3gpu_11472_20260509T131343Z/guideline_pilot_raw_completed.jsonl,150556,b7db4f32432399d4efe6d0dc0145eac03dec77981e27f8f378c236b5bd892c86,Original pipeline trace file guideline_pilot_raw_completed.jsonl.
prompt_iteration_runs,prompt_iter2_wrapper_relax_highsignal25_deepseekv4_3gpu_11472_20260509T131343Z,analysis/screening_run_artifacts_after_prompt_update_20260511/prompt_iteration_runs/prompt_iter2_wrapper_relax_highsignal25_deepseekv4_3gpu_11472_20260509T131343Z/guideline_pilot_results.csv,125859,b72bb64e0c8f902cec1dd616067dbad6cb12a2264a170236ceeca8f521053564,Original guideline_pilot_results.csv.
prompt_iteration_runs,prompt_iter2_wrapper_relax_highsignal25_deepseekv4_3gpu_11472_20260509T131343Z,analysis/screening_run_artifacts_after_prompt_update_20260511/prompt_iteration_runs/prompt_iter2_wrapper_relax_highsignal25_deepseekv4_3gpu_11472_20260509T131343Z/guideline_pilot_results_partial.csv,125859,b72bb64e0c8f902cec1dd616067dbad6cb12a2264a170236ceeca8f521053564,Original guideline_pilot_results_partial.csv.
prompt_iteration_runs,prompt_iter2_wrapper_relax_highsignal25_deepseekv4_3gpu_11472_20260509T131343Z,analysis/screening_run_artifacts_after_prompt_update_20260511/prompt_iteration_runs/prompt_iter2_wrapper_relax_highsignal25_deepseekv4_3gpu_11472_20260509T131343Z/guideline_pilot_summary.json,1142,502897a8ec0353db3d9ef4ff9b8e3a6294db1aa9cbb3d4a478344844a912a903,Original pipeline trace file guideline_pilot_summary.json.
prompt_iteration_runs,prompt_iter2_wrapper_relax_highsignal25_deepseekv4_3gpu_11472_20260509T131343Z,analysis/screening_run_artifacts_after_prompt_update_20260511/prompt_iteration_runs/prompt_iter2_wrapper_relax_highsignal25_deepseekv4_3gpu_11472_20260509T131343Z/runner.log,2891,748524c31df93b0e0a287d27bf792185c1f0b416c3e2eceef90f6c3beb601579,Original pipeline trace file runner.log.
prompt_iteration_runs,prompt_iter3_bridge_thin_highsignal25_deepseekv4_3gpu_11472_20260509T132756Z,analysis/screening_run_artifacts_after_prompt_update_20260511/prompt_iteration_runs/prompt_iter3_bridge_thin_highsignal25_deepseekv4_3gpu_11472_20260509T132756Z/agent_outputs_dedup.parquet,129327,3c5fffe49d084dc4c4296d154537f287aa4b196f16f687a5eeb1f035b7fdcf61,"Deduplicated full row-level agent outputs, including per-stage reviewer JSON fields and final decisions."
prompt_iteration_runs,prompt_iter3_bridge_thin_highsignal25_deepseekv4_3gpu_11472_20260509T132756Z,analysis/screening_run_artifacts_after_prompt_update_20260511/prompt_iteration_runs/prompt_iter3_bridge_thin_highsignal25_deepseekv4_3gpu_11472_20260509T132756Z/artifact_summary.json,354,f1b71679c6d0bffaa557d3445dfd38b5d4cefb7d424f85a2a4c30a93e93cc8b4,"Generated artifact summary with record count, decision counts, and source result files."
prompt_iteration_runs,prompt_iter3_bridge_thin_highsignal25_deepseekv4_3gpu_11472_20260509T132756Z,analysis/screening_run_artifacts_after_prompt_update_20260511/prompt_iteration_runs/prompt_iter3_bridge_thin_highsignal25_deepseekv4_3gpu_11472_20260509T132756Z/guideline_pilot_raw_completed.csv,112701,200e6674549ac5e6f5f483a07b18df97da8f798adb2814c86078d08bfdca58c3,Original pipeline trace file guideline_pilot_raw_completed.csv.
prompt_iteration_runs,prompt_iter3_bridge_thin_highsignal25_deepseekv4_3gpu_11472_20260509T132756Z,analysis/screening_run_artifacts_after_prompt_update_20260511/prompt_iteration_runs/prompt_iter3_bridge_thin_highsignal25_deepseekv4_3gpu_11472_20260509T132756Z/guideline_pilot_raw_completed.jsonl,151632,082514d67cd7a53b9490bbd6b019c4dfea7f54302a9dd910286f094c89943cb2,Original pipeline trace file guideline_pilot_raw_completed.jsonl.
prompt_iteration_runs,prompt_iter3_bridge_thin_highsignal25_deepseekv4_3gpu_11472_20260509T132756Z,analysis/screening_run_artifacts_after_prompt_update_20260511/prompt_iteration_runs/prompt_iter3_bridge_thin_highsignal25_deepseekv4_3gpu_11472_20260509T132756Z/guideline_pilot_results.csv,127259,1ed0d662b4dfa91defb80471ad6df0a64128fe2d080a7261eb371f9f4b599d10,Original guideline_pilot_results.csv.
prompt_iteration_runs,prompt_iter3_bridge_thin_highsignal25_deepseekv4_3gpu_11472_20260509T132756Z,analysis/screening_run_artifacts_after_prompt_update_20260511/prompt_iteration_runs/prompt_iter3_bridge_thin_highsignal25_deepseekv4_3gpu_11472_20260509T132756Z/guideline_pilot_results_partial.csv,127259,1ed0d662b4dfa91defb80471ad6df0a64128fe2d080a7261eb371f9f4b599d10,Original guideline_pilot_results_partial.csv.
prompt_iteration_runs,prompt_iter3_bridge_thin_highsignal25_deepseekv4_3gpu_11472_20260509T132756Z,analysis/screening_run_artifacts_after_prompt_update_20260511/prompt_iteration_runs/prompt_iter3_bridge_thin_highsignal25_deepseekv4_3gpu_11472_20260509T132756Z/guideline_pilot_summary.json,1141,78027723fd12d4177cbebfbf84289616ad39b32cdb1403e57173a59d50f9c366,Original pipeline trace file guideline_pilot_summary.json.
prompt_iteration_runs,prompt_iter3_bridge_thin_highsignal25_deepseekv4_3gpu_11472_20260509T132756Z,analysis/screening_run_artifacts_after_prompt_update_20260511/prompt_iteration_runs/prompt_iter3_bridge_thin_highsignal25_deepseekv4_3gpu_11472_20260509T132756Z/runner.log,2886,eb42daf1659d3703896c8f328a35cd53ce7149a790b0453b22eec243a204c9d1,Original pipeline trace file runner.log.
prompt_iteration_runs,prompt_iter3_repeat2_highsignal25_deepseekv4_3gpu_11472_20260509T134453Z,analysis/screening_run_artifacts_after_prompt_update_20260511/prompt_iteration_runs/prompt_iter3_repeat2_highsignal25_deepseekv4_3gpu_11472_20260509T134453Z/agent_outputs_dedup.parquet,129200,582ecea429df52422d11b3b041e107ee928161c35937a673b9a81662015ab88c,"Deduplicated full row-level agent outputs, including per-stage reviewer JSON fields and final decisions."
prompt_iteration_runs,prompt_iter3_repeat2_highsignal25_deepseekv4_3gpu_11472_20260509T134453Z,analysis/screening_run_artifacts_after_prompt_update_20260511/prompt_iteration_runs/prompt_iter3_repeat2_highsignal25_deepseekv4_3gpu_11472_20260509T134453Z/artifact_summary.json,346,1381c8f9263d4c916b6a17ed0cb775a52623c3bc0a8ef92eebb28bdcaabde70d,"Generated artifact summary with record count, decision counts, and source result files."
prompt_iteration_runs,prompt_iter3_repeat2_highsignal25_deepseekv4_3gpu_11472_20260509T134453Z,analysis/screening_run_artifacts_after_prompt_update_20260511/prompt_iteration_runs/prompt_iter3_repeat2_highsignal25_deepseekv4_3gpu_11472_20260509T134453Z/guideline_pilot_raw_completed.csv,110333,b76fda295a38e4b8742043ef27d349de804610ec1cffb37aedb98f171c065c5a,Original pipeline trace file guideline_pilot_raw_completed.csv.
prompt_iteration_runs,prompt_iter3_repeat2_highsignal25_deepseekv4_3gpu_11472_20260509T134453Z,analysis/screening_run_artifacts_after_prompt_update_20260511/prompt_iteration_runs/prompt_iter3_repeat2_highsignal25_deepseekv4_3gpu_11472_20260509T134453Z/guideline_pilot_raw_completed.jsonl,148651,d278d4a50e8264ab642df663a30028924a43fedbed3384da789ba38a7f12ac25,Original pipeline trace file guideline_pilot_raw_completed.jsonl.
prompt_iteration_runs,prompt_iter3_repeat2_highsignal25_deepseekv4_3gpu_11472_20260509T134453Z,analysis/screening_run_artifacts_after_prompt_update_20260511/prompt_iteration_runs/prompt_iter3_repeat2_highsignal25_deepseekv4_3gpu_11472_20260509T134453Z/guideline_pilot_results.csv,124695,756320b91541d6faf1e998e52672fa2431c4d97f56524a75f5cbe5f82433336f,Original guideline_pilot_results.csv.
prompt_iteration_runs,prompt_iter3_repeat2_highsignal25_deepseekv4_3gpu_11472_20260509T134453Z,analysis/screening_run_artifacts_after_prompt_update_20260511/prompt_iteration_runs/prompt_iter3_repeat2_highsignal25_deepseekv4_3gpu_11472_20260509T134453Z/guideline_pilot_results_partial.csv,124695,756320b91541d6faf1e998e52672fa2431c4d97f56524a75f5cbe5f82433336f,Original guideline_pilot_results_partial.csv.
prompt_iteration_runs,prompt_iter3_repeat2_highsignal25_deepseekv4_3gpu_11472_20260509T134453Z,analysis/screening_run_artifacts_after_prompt_update_20260511/prompt_iteration_runs/prompt_iter3_repeat2_highsignal25_deepseekv4_3gpu_11472_20260509T134453Z/guideline_pilot_summary.json,1165,805ebe11dbdc30644ac3599f8ea575820718f2303eb0ba6b41e2844d5b8397f4,Original pipeline trace file guideline_pilot_summary.json.
prompt_iteration_runs,prompt_iter3_repeat2_highsignal25_deepseekv4_3gpu_11472_20260509T134453Z,analysis/screening_run_artifacts_after_prompt_update_20260511/prompt_iteration_runs/prompt_iter3_repeat2_highsignal25_deepseekv4_3gpu_11472_20260509T134453Z/runner.log,2902,9ecb26b07731d3c045a13cb1046cc7557e59ebabeb5bc425a765b78cd79bb4ff,Original pipeline trace file runner.log.
prompt_iteration_runs,prompt_iter4_repeat2_highsignal25_deepseekv4_3gpu_11472_20260509T141758Z,analysis/screening_run_artifacts_after_prompt_update_20260511/prompt_iteration_runs/prompt_iter4_repeat2_highsignal25_deepseekv4_3gpu_11472_20260509T141758Z/agent_outputs_dedup.parquet,128404,9b4e925f7f8558c8cf5f1ecebed738f501d46d836452ec7d292011fb32b7f8bc,"Deduplicated full row-level agent outputs, including per-stage reviewer JSON fields and final decisions."
prompt_iteration_runs,prompt_iter4_repeat2_highsignal25_deepseekv4_3gpu_11472_20260509T141758Z,analysis/screening_run_artifacts_after_prompt_update_20260511/prompt_iteration_runs/prompt_iter4_repeat2_highsignal25_deepseekv4_3gpu_11472_20260509T141758Z/artifact_summary.json,346,6f7285339924c40ce2648520705b7ed3a57a2320493fe4254d650783a44a5bad,"Generated artifact summary with record count, decision counts, and source result files."
prompt_iteration_runs,prompt_iter4_repeat2_highsignal25_deepseekv4_3gpu_11472_20260509T141758Z,analysis/screening_run_artifacts_after_prompt_update_20260511/prompt_iteration_runs/prompt_iter4_repeat2_highsignal25_deepseekv4_3gpu_11472_20260509T141758Z/guideline_pilot_raw_completed.csv,111912,63186053487eb199a058d49f2e7a1119f1c71578167243cf1eed79b3d6d300c3,Original pipeline trace file guideline_pilot_raw_completed.csv.
prompt_iteration_runs,prompt_iter4_repeat2_highsignal25_deepseekv4_3gpu_11472_20260509T141758Z,analysis/screening_run_artifacts_after_prompt_update_20260511/prompt_iteration_runs/prompt_iter4_repeat2_highsignal25_deepseekv4_3gpu_11472_20260509T141758Z/guideline_pilot_raw_completed.jsonl,151464,c9c9d1969c6202245dc8aa671d591dafef8cfd19f98184713d682ca880cbdd7b,Original pipeline trace file guideline_pilot_raw_completed.jsonl.
prompt_iteration_runs,prompt_iter4_repeat2_highsignal25_deepseekv4_3gpu_11472_20260509T141758Z,analysis/screening_run_artifacts_after_prompt_update_20260511/prompt_iteration_runs/prompt_iter4_repeat2_highsignal25_deepseekv4_3gpu_11472_20260509T141758Z/guideline_pilot_results.csv,125617,c2543efbca56fcf2d4224397be7de4e29730a0965f493d5c42d961ea2a1d824a,Original guideline_pilot_results.csv.
prompt_iteration_runs,prompt_iter4_repeat2_highsignal25_deepseekv4_3gpu_11472_20260509T141758Z,analysis/screening_run_artifacts_after_prompt_update_20260511/prompt_iteration_runs/prompt_iter4_repeat2_highsignal25_deepseekv4_3gpu_11472_20260509T141758Z/guideline_pilot_results_partial.csv,125617,c2543efbca56fcf2d4224397be7de4e29730a0965f493d5c42d961ea2a1d824a,Original guideline_pilot_results_partial.csv.
prompt_iteration_runs,prompt_iter4_repeat2_highsignal25_deepseekv4_3gpu_11472_20260509T141758Z,analysis/screening_run_artifacts_after_prompt_update_20260511/prompt_iteration_runs/prompt_iter4_repeat2_highsignal25_deepseekv4_3gpu_11472_20260509T141758Z/guideline_pilot_summary.json,1137,7cb8a8708525355867cbfce810b65d3c4fbe6d2947135b3a9953846250c8e206,Original pipeline trace file guideline_pilot_summary.json.
prompt_iteration_runs,prompt_iter4_repeat2_highsignal25_deepseekv4_3gpu_11472_20260509T141758Z,analysis/screening_run_artifacts_after_prompt_update_20260511/prompt_iteration_runs/prompt_iter4_repeat2_highsignal25_deepseekv4_3gpu_11472_20260509T141758Z/runner.log,2874,9996371b0c114e6a2550dc59b41f74ab799d6808ea87cf7cc6269a57d0e1ed3d,Original pipeline trace file runner.log.
prompt_iteration_runs,prompt_iter4_text_conditioning_highsignal25_deepseekv4_3gpu_11472_20260509T140133Z,analysis/screening_run_artifacts_after_prompt_update_20260511/prompt_iteration_runs/prompt_iter4_text_conditioning_highsignal25_deepseekv4_3gpu_11472_20260509T140133Z/agent_outputs_dedup.parquet,129909,ead288ebb9b9d3ef71bec59d59d7522494c5d114309474f6763f051a5f66dd35,"Deduplicated full row-level agent outputs, including per-stage reviewer JSON fields and final decisions."
prompt_iteration_runs,prompt_iter4_text_conditioning_highsignal25_deepseekv4_3gpu_11472_20260509T140133Z,analysis/screening_run_artifacts_after_prompt_update_20260511/prompt_iteration_runs/prompt_iter4_text_conditioning_highsignal25_deepseekv4_3gpu_11472_20260509T140133Z/artifact_summary.json,366,7660742d087f0a140a5bdd11eb9e559f4363f5340a67ca05e58aaa1749f327bf,"Generated artifact summary with record count, decision counts, and source result files."
prompt_iteration_runs,prompt_iter4_text_conditioning_highsignal25_deepseekv4_3gpu_11472_20260509T140133Z,analysis/screening_run_artifacts_after_prompt_update_20260511/prompt_iteration_runs/prompt_iter4_text_conditioning_highsignal25_deepseekv4_3gpu_11472_20260509T140133Z/guideline_pilot_raw_completed.csv,112386,bb5a7bfb56d6b3c77d6e1d9775bfb0233fce22c2c289d93d1a243f0058d41bc6,Original pipeline trace file guideline_pilot_raw_completed.csv.
prompt_iteration_runs,prompt_iter4_text_conditioning_highsignal25_deepseekv4_3gpu_11472_20260509T140133Z,analysis/screening_run_artifacts_after_prompt_update_20260511/prompt_iteration_runs/prompt_iter4_text_conditioning_highsignal25_deepseekv4_3gpu_11472_20260509T140133Z/guideline_pilot_raw_completed.jsonl,151311,e6dd1cac9b8e547e427fae1731dcdc3e001fb44adeca0f8501ad532663a3da16,Original pipeline trace file guideline_pilot_raw_completed.jsonl.
prompt_iteration_runs,prompt_iter4_text_conditioning_highsignal25_deepseekv4_3gpu_11472_20260509T140133Z,analysis/screening_run_artifacts_after_prompt_update_20260511/prompt_iteration_runs/prompt_iter4_text_conditioning_highsignal25_deepseekv4_3gpu_11472_20260509T140133Z/guideline_pilot_results.csv,126544,9e795848eb2b37391d2973083f69bcf49f1330227f76432b625e8f154e1028cf,Original guideline_pilot_results.csv.
prompt_iteration_runs,prompt_iter4_text_conditioning_highsignal25_deepseekv4_3gpu_11472_20260509T140133Z,analysis/screening_run_artifacts_after_prompt_update_20260511/prompt_iteration_runs/prompt_iter4_text_conditioning_highsignal25_deepseekv4_3gpu_11472_20260509T140133Z/guideline_pilot_results_partial.csv,126544,9e795848eb2b37391d2973083f69bcf49f1330227f76432b625e8f154e1028cf,Original guideline_pilot_results_partial.csv.
prompt_iteration_runs,prompt_iter4_text_conditioning_highsignal25_deepseekv4_3gpu_11472_20260509T140133Z,analysis/screening_run_artifacts_after_prompt_update_20260511/prompt_iteration_runs/prompt_iter4_text_conditioning_highsignal25_deepseekv4_3gpu_11472_20260509T140133Z/guideline_pilot_summary.json,1150,ce3176f11c99f39ec26981959b275bd1edd43186b37a60d7cc776092059125af,Original pipeline trace file guideline_pilot_summary.json.
prompt_iteration_runs,prompt_iter4_text_conditioning_highsignal25_deepseekv4_3gpu_11472_20260509T140133Z,analysis/screening_run_artifacts_after_prompt_update_20260511/prompt_iteration_runs/prompt_iter4_text_conditioning_highsignal25_deepseekv4_3gpu_11472_20260509T140133Z/runner.log,2907,d935f3dcf5c9c9073df27d5d977634e56f336a4ea183b1c45924db5528edea67,Original pipeline trace file runner.log.
prompt_iteration_runs,prompt_iter5_ambiguous_tiebreak_unstable3_deepseekv4_3gpu_11472_20260509T143515Z,analysis/screening_run_artifacts_after_prompt_update_20260511/prompt_iteration_runs/prompt_iter5_ambiguous_tiebreak_unstable3_deepseekv4_3gpu_11472_20260509T143515Z/agent_outputs_dedup.parquet,88576,f2bff1316aea8b2247f9ffbf6f866354a2389c532e36f4122739e8bba2297707,"Deduplicated full row-level agent outputs, including per-stage reviewer JSON fields and final decisions."
prompt_iteration_runs,prompt_iter5_ambiguous_tiebreak_unstable3_deepseekv4_3gpu_11472_20260509T143515Z,analysis/screening_run_artifacts_after_prompt_update_20260511/prompt_iteration_runs/prompt_iter5_ambiguous_tiebreak_unstable3_deepseekv4_3gpu_11472_20260509T143515Z/artifact_summary.json,342,b4128f153ec696e9f0a388a24e8316501582799b56ce5d5234ccfca8b7118462,"Generated artifact summary with record count, decision counts, and source result files."
prompt_iteration_runs,prompt_iter5_ambiguous_tiebreak_unstable3_deepseekv4_3gpu_11472_20260509T143515Z,analysis/screening_run_artifacts_after_prompt_update_20260511/prompt_iteration_runs/prompt_iter5_ambiguous_tiebreak_unstable3_deepseekv4_3gpu_11472_20260509T143515Z/guideline_pilot_raw_completed.csv,17816,0928c0ab39654100c5d523e36cf66513a0a4d0078a1e285a48bcf1387c7c9deb,Original pipeline trace file guideline_pilot_raw_completed.csv.
prompt_iteration_runs,prompt_iter5_ambiguous_tiebreak_unstable3_deepseekv4_3gpu_11472_20260509T143515Z,analysis/screening_run_artifacts_after_prompt_update_20260511/prompt_iteration_runs/prompt_iter5_ambiguous_tiebreak_unstable3_deepseekv4_3gpu_11472_20260509T143515Z/guideline_pilot_raw_completed.jsonl,22056,9b0e46377295ab9d101d89299877eaebfc62beabde8128982787b60c8d0f29fc,Original pipeline trace file guideline_pilot_raw_completed.jsonl.
prompt_iteration_runs,prompt_iter5_ambiguous_tiebreak_unstable3_deepseekv4_3gpu_11472_20260509T143515Z,analysis/screening_run_artifacts_after_prompt_update_20260511/prompt_iteration_runs/prompt_iter5_ambiguous_tiebreak_unstable3_deepseekv4_3gpu_11472_20260509T143515Z/guideline_pilot_results.csv,19959,19c54b0d405edddc9d44d80fac2e6bc5cbe1beb579389e63f73e868dc3f4624a,Original guideline_pilot_results.csv.
prompt_iteration_runs,prompt_iter5_ambiguous_tiebreak_unstable3_deepseekv4_3gpu_11472_20260509T143515Z,analysis/screening_run_artifacts_after_prompt_update_20260511/prompt_iteration_runs/prompt_iter5_ambiguous_tiebreak_unstable3_deepseekv4_3gpu_11472_20260509T143515Z/guideline_pilot_results_partial.csv,19959,19c54b0d405edddc9d44d80fac2e6bc5cbe1beb579389e63f73e868dc3f4624a,Original guideline_pilot_results_partial.csv.
prompt_iteration_runs,prompt_iter5_ambiguous_tiebreak_unstable3_deepseekv4_3gpu_11472_20260509T143515Z,analysis/screening_run_artifacts_after_prompt_update_20260511/prompt_iteration_runs/prompt_iter5_ambiguous_tiebreak_unstable3_deepseekv4_3gpu_11472_20260509T143515Z/guideline_pilot_summary.json,1035,95ef5e89fdd5a3999609fba21bffa9c483db1062c35c2663c35be8d93e84d538,Original pipeline trace file guideline_pilot_summary.json.
prompt_iteration_runs,prompt_iter5_ambiguous_tiebreak_unstable3_deepseekv4_3gpu_11472_20260509T143515Z,analysis/screening_run_artifacts_after_prompt_update_20260511/prompt_iteration_runs/prompt_iter5_ambiguous_tiebreak_unstable3_deepseekv4_3gpu_11472_20260509T143515Z/runner.log,1844,b571f2f0e45a9e1b21e120bb25d1e91cf6189aa4c9a72ea37e2128f409ff55f0,Original pipeline trace file runner.log.
prompt_iteration_runs,prompt_stability_iter1_current_rep1_deepseekv4_3gpu_11472_20260509T125211Z,analysis/screening_run_artifacts_after_prompt_update_20260511/prompt_iteration_runs/prompt_stability_iter1_current_rep1_deepseekv4_3gpu_11472_20260509T125211Z/agent_outputs_dedup.parquet,67189,c60dbebcc7a22418af3471e31d99e637f4ade3ce72f355ec41ee71c1dd0c6d61,"Deduplicated full row-level agent outputs, including per-stage reviewer JSON fields and final decisions."
prompt_iteration_runs,prompt_stability_iter1_current_rep1_deepseekv4_3gpu_11472_20260509T125211Z,analysis/screening_run_artifacts_after_prompt_update_20260511/prompt_iteration_runs/prompt_stability_iter1_current_rep1_deepseekv4_3gpu_11472_20260509T125211Z/artifact_summary.json,310,921e91a38ac5ea03e4007c77c2a540fba0bd43053dc436ed0321dd134de519f8,"Generated artifact summary with record count, decision counts, and source result files."
prompt_iteration_runs,prompt_stability_iter1_current_rep1_deepseekv4_3gpu_11472_20260509T125211Z,analysis/screening_run_artifacts_after_prompt_update_20260511/prompt_iteration_runs/prompt_stability_iter1_current_rep1_deepseekv4_3gpu_11472_20260509T125211Z/guideline_pilot_raw_completed.csv,12147,c35d9fb70d4706dad9413676de02b753c185f5e2465a692c5bea94309a99fbcb,Original pipeline trace file guideline_pilot_raw_completed.csv.
prompt_iteration_runs,prompt_stability_iter1_current_rep1_deepseekv4_3gpu_11472_20260509T125211Z,analysis/screening_run_artifacts_after_prompt_update_20260511/prompt_iteration_runs/prompt_stability_iter1_current_rep1_deepseekv4_3gpu_11472_20260509T125211Z/guideline_pilot_raw_completed.jsonl,15181,3937e1cf87a95a88f2f68146c7e2a921dcb4c8501e035df434344afb3fed3ff6,Original pipeline trace file guideline_pilot_raw_completed.jsonl.
prompt_iteration_runs,prompt_stability_iter1_current_rep1_deepseekv4_3gpu_11472_20260509T125211Z,analysis/screening_run_artifacts_after_prompt_update_20260511/prompt_iteration_runs/prompt_stability_iter1_current_rep1_deepseekv4_3gpu_11472_20260509T125211Z/guideline_pilot_results_partial.csv,14962,fea54188b4aeed013c97a4262707ac45089606a6911c6681c54e7e11e7ec740c,Original guideline_pilot_results_partial.csv.
prompt_iteration_runs,prompt_stability_iter1_current_rep1_deepseekv4_3gpu_11472_20260509T125211Z,analysis/screening_run_artifacts_after_prompt_update_20260511/prompt_iteration_runs/prompt_stability_iter1_current_rep1_deepseekv4_3gpu_11472_20260509T125211Z/runner.log,333,c492c1fbff0e18fb290efb30d435b5fc4c1290307b6427f59c008867145f5771,Original pipeline trace file runner.log.
prompt_templates,,analysis/screening_run_artifacts_after_prompt_update_20260511/prompt_templates/README.md,2317,a5ca094c6da9c92e8ce44d524c80aa1aabce1a6b175d39d7adfaaea770e4b585,Runtime prompt template used by current pipeline.
prompt_templates,,analysis/screening_run_artifacts_after_prompt_update_20260511/prompt_templates/adjudicator_prompt.txt,7998,cc28343212c4515daa69dfcda11917c7fd14118701244ddcad0a397dde18dba4,Runtime prompt template used by current pipeline.
prompt_templates,,analysis/screening_run_artifacts_after_prompt_update_20260511/prompt_templates/architecture_reviewer_prompt.txt,4717,1a06a49e0d7be8b14277b95e8e2811f41e90b6c6737a555ed18034c2b9e43ac2,Runtime prompt template used by current pipeline.
prompt_templates,,analysis/screening_run_artifacts_after_prompt_update_20260511/prompt_templates/scope_reviewer_prompt.txt,8165,bd77dcfbc82b8c99eb7832c1a25964583b20d6378a673693ee569f03e6633060,Runtime prompt template used by current pipeline.
regression_runs,prompt_regression_116_deepseek_v4_iter5_3repeats_20260509T213855Z_rep1,analysis/screening_run_artifacts_after_prompt_update_20260511/regression_runs/prompt_regression_116_deepseek_v4_iter5_3repeats_20260509T213855Z_rep1/agent_outputs_dedup.parquet,301291,e902d0c191d72beb7f04b2e834c148d6d8922d1b6562a666017b978fe6d28eb9,"Deduplicated full row-level agent outputs, including per-stage reviewer JSON fields and final decisions."
regression_runs,prompt_regression_116_deepseek_v4_iter5_3repeats_20260509T213855Z_rep1,analysis/screening_run_artifacts_after_prompt_update_20260511/regression_runs/prompt_regression_116_deepseek_v4_iter5_3repeats_20260509T213855Z_rep1/api_check.json,587,6df667dff71feae32030008b814c4cc861f204d72a4db6f0fcd28243e64962d4,Original api_check.json from run root.
regression_runs,prompt_regression_116_deepseek_v4_iter5_3repeats_20260509T213855Z_rep1,analysis/screening_run_artifacts_after_prompt_update_20260511/regression_runs/prompt_regression_116_deepseek_v4_iter5_3repeats_20260509T213855Z_rep1/api_check.json,587,6df667dff71feae32030008b814c4cc861f204d72a4db6f0fcd28243e64962d4,Original pipeline trace file api_check.json.
regression_runs,prompt_regression_116_deepseek_v4_iter5_3repeats_20260509T213855Z_rep1,analysis/screening_run_artifacts_after_prompt_update_20260511/regression_runs/prompt_regression_116_deepseek_v4_iter5_3repeats_20260509T213855Z_rep1/artifact_summary.json,354,28dfdc6da600d57d87d914d5a739ecdd92eeb62f573db2f3044c9b9fc88d38cb,"Generated artifact summary with record count, decision counts, and source result files."
regression_runs,prompt_regression_116_deepseek_v4_iter5_3repeats_20260509T213855Z_rep1,analysis/screening_run_artifacts_after_prompt_update_20260511/regression_runs/prompt_regression_116_deepseek_v4_iter5_3repeats_20260509T213855Z_rep1/models.json,521,16e1040b7bfcbf64ef8ca04498ed56560ca05131f5849e4f056bcbfa6a627878,Original models.json from run root.
regression_runs,prompt_regression_116_deepseek_v4_iter5_3repeats_20260509T213855Z_rep1,analysis/screening_run_artifacts_after_prompt_update_20260511/regression_runs/prompt_regression_116_deepseek_v4_iter5_3repeats_20260509T213855Z_rep1/repeat_1/guideline_pilot_raw_completed.csv,553204,93a6bb76c4bed57f655ed970e80a90cb25edd6908a8728b38477c5b56d46d1eb,Original pipeline trace file repeat_1/guideline_pilot_raw_completed.csv.
regression_runs,prompt_regression_116_deepseek_v4_iter5_3repeats_20260509T213855Z_rep1,analysis/screening_run_artifacts_after_prompt_update_20260511/regression_runs/prompt_regression_116_deepseek_v4_iter5_3repeats_20260509T213855Z_rep1/repeat_1/guideline_pilot_raw_completed.jsonl,748039,e3bcd7ae99ea4534a6174c2fc4b74f9ef672b9c5dbb273332c5c74502bcde7fc,Original pipeline trace file repeat_1/guideline_pilot_raw_completed.jsonl.
regression_runs,prompt_regression_116_deepseek_v4_iter5_3repeats_20260509T213855Z_rep1,analysis/screening_run_artifacts_after_prompt_update_20260511/regression_runs/prompt_regression_116_deepseek_v4_iter5_3repeats_20260509T213855Z_rep1/repeat_1/guideline_pilot_results.csv,615491,d2896f43c96bdb9f01323d6f2ef71defe8090d601fa26350e941e67e3d1bb35a,Original pipeline trace file repeat_1/guideline_pilot_results.csv.
regression_runs,prompt_regression_116_deepseek_v4_iter5_3repeats_20260509T213855Z_rep1,analysis/screening_run_artifacts_after_prompt_update_20260511/regression_runs/prompt_regression_116_deepseek_v4_iter5_3repeats_20260509T213855Z_rep1/repeat_1/guideline_pilot_results_partial.csv,615491,d2896f43c96bdb9f01323d6f2ef71defe8090d601fa26350e941e67e3d1bb35a,Original pipeline trace file repeat_1/guideline_pilot_results_partial.csv.
regression_runs,prompt_regression_116_deepseek_v4_iter5_3repeats_20260509T213855Z_rep1,analysis/screening_run_artifacts_after_prompt_update_20260511/regression_runs/prompt_regression_116_deepseek_v4_iter5_3repeats_20260509T213855Z_rep1/repeat_1/guideline_pilot_summary.json,1246,91fbfecdd260db55e00c646c8dd44ebd610cbe73c86fbfcb2c6bffa42ccbd20a,Original pipeline trace file repeat_1/guideline_pilot_summary.json.
regression_runs,prompt_regression_116_deepseek_v4_iter5_3repeats_20260509T213855Z_rep1,analysis/screening_run_artifacts_after_prompt_update_20260511/regression_runs/prompt_regression_116_deepseek_v4_iter5_3repeats_20260509T213855Z_rep1/repeat_1/regression_analysis.txt,977,51bab533e1d6e79850e44a3c696a67430bb8c133df54524762db3e62fcdcefde,Original pipeline trace file repeat_1/regression_analysis.txt.
regression_runs,prompt_regression_116_deepseek_v4_iter5_3repeats_20260509T213855Z_rep1,analysis/screening_run_artifacts_after_prompt_update_20260511/regression_runs/prompt_regression_116_deepseek_v4_iter5_3repeats_20260509T213855Z_rep1/repeat_1/runner.log,7044,c293724e6e514dccb4accfe5855c341b0905113f1840f3580659fe5947207ad3,Original pipeline trace file repeat_1/runner.log.
regression_runs,prompt_regression_116_deepseek_v4_iter5_3repeats_20260509T213855Z_rep1,analysis/screening_run_artifacts_after_prompt_update_20260511/regression_runs/prompt_regression_116_deepseek_v4_iter5_3repeats_20260509T213855Z_rep1/server_info.env,609,94e1c219af65fa8a21f0dec367a56e3e3ea1141c24dcaffa1400bf9d6a5dd2a1,Original server_info.env from run root.
regression_runs,prompt_regression_116_deepseek_v4_iter5_3repeats_20260509T213855Z_rep1,analysis/screening_run_artifacts_after_prompt_update_20260511/regression_runs/prompt_regression_116_deepseek_v4_iter5_3repeats_20260509T213855Z_rep1/server_info.env,609,94e1c219af65fa8a21f0dec367a56e3e3ea1141c24dcaffa1400bf9d6a5dd2a1,Original pipeline trace file server_info.env.
regression_runs,prompt_regression_116_deepseek_v4_iter5_3repeats_20260509T213855Z_rep2,analysis/screening_run_artifacts_after_prompt_update_20260511/regression_runs/prompt_regression_116_deepseek_v4_iter5_3repeats_20260509T213855Z_rep2/agent_outputs_dedup.parquet,307241,8190816d86215ee3fc51ab73f1cd60ae740841df3751c078e670875dd560a0aa,"Deduplicated full row-level agent outputs, including per-stage reviewer JSON fields and final decisions."
regression_runs,prompt_regression_116_deepseek_v4_iter5_3repeats_20260509T213855Z_rep2,analysis/screening_run_artifacts_after_prompt_update_20260511/regression_runs/prompt_regression_116_deepseek_v4_iter5_3repeats_20260509T213855Z_rep2/api_check.json,587,7a02bfc50cdf1bf7452291185bc49c4b82712bae4fc7137eae709a58726e0d64,Original api_check.json from run root.
regression_runs,prompt_regression_116_deepseek_v4_iter5_3repeats_20260509T213855Z_rep2,analysis/screening_run_artifacts_after_prompt_update_20260511/regression_runs/prompt_regression_116_deepseek_v4_iter5_3repeats_20260509T213855Z_rep2/api_check.json,587,7a02bfc50cdf1bf7452291185bc49c4b82712bae4fc7137eae709a58726e0d64,Original pipeline trace file api_check.json.
regression_runs,prompt_regression_116_deepseek_v4_iter5_3repeats_20260509T213855Z_rep2,analysis/screening_run_artifacts_after_prompt_update_20260511/regression_runs/prompt_regression_116_deepseek_v4_iter5_3repeats_20260509T213855Z_rep2/artifact_summary.json,354,1cea4fc52352e8bd5f54cfc5a2d62416baaa8ccda42fe8101b19c4ec85b1827c,"Generated artifact summary with record count, decision counts, and source result files."
regression_runs,prompt_regression_116_deepseek_v4_iter5_3repeats_20260509T213855Z_rep2,analysis/screening_run_artifacts_after_prompt_update_20260511/regression_runs/prompt_regression_116_deepseek_v4_iter5_3repeats_20260509T213855Z_rep2/models.json,521,6ce1ba48233d4640955447760d2e3bab31b98ab2202eeca305846a86049612bf,Original models.json from run root.
regression_runs,prompt_regression_116_deepseek_v4_iter5_3repeats_20260509T213855Z_rep2,analysis/screening_run_artifacts_after_prompt_update_20260511/regression_runs/prompt_regression_116_deepseek_v4_iter5_3repeats_20260509T213855Z_rep2/repeat_1/guideline_pilot_raw_completed.csv,567934,2176aefb33d9025f31e2779d3a538ccbaa2a4d161baf844b48ed2265cc116fe3,Original pipeline trace file repeat_1/guideline_pilot_raw_completed.csv.
regression_runs,prompt_regression_116_deepseek_v4_iter5_3repeats_20260509T213855Z_rep2,analysis/screening_run_artifacts_after_prompt_update_20260511/regression_runs/prompt_regression_116_deepseek_v4_iter5_3repeats_20260509T213855Z_rep2/repeat_1/guideline_pilot_raw_completed.jsonl,767703,8783f0e97d9c11bee4e1de9ca352e69bef10e1f2f3064780c268c362c7088407,Original pipeline trace file repeat_1/guideline_pilot_raw_completed.jsonl.
regression_runs,prompt_regression_116_deepseek_v4_iter5_3repeats_20260509T213855Z_rep2,analysis/screening_run_artifacts_after_prompt_update_20260511/regression_runs/prompt_regression_116_deepseek_v4_iter5_3repeats_20260509T213855Z_rep2/repeat_1/guideline_pilot_results.csv,630078,1a39baec72532f6ec269e928f00ad77f3e4ac36a725a1d9dedca37af3aa434ee,Original pipeline trace file repeat_1/guideline_pilot_results.csv.
regression_runs,prompt_regression_116_deepseek_v4_iter5_3repeats_20260509T213855Z_rep2,analysis/screening_run_artifacts_after_prompt_update_20260511/regression_runs/prompt_regression_116_deepseek_v4_iter5_3repeats_20260509T213855Z_rep2/repeat_1/guideline_pilot_results_partial.csv,630078,1a39baec72532f6ec269e928f00ad77f3e4ac36a725a1d9dedca37af3aa434ee,Original pipeline trace file repeat_1/guideline_pilot_results_partial.csv.
regression_runs,prompt_regression_116_deepseek_v4_iter5_3repeats_20260509T213855Z_rep2,analysis/screening_run_artifacts_after_prompt_update_20260511/regression_runs/prompt_regression_116_deepseek_v4_iter5_3repeats_20260509T213855Z_rep2/repeat_1/guideline_pilot_summary.json,1248,b26154cf712c2139514d538a394d80ba0e5e2b85c13f1394c6df026fc964e777,Original pipeline trace file repeat_1/guideline_pilot_summary.json.
regression_runs,prompt_regression_116_deepseek_v4_iter5_3repeats_20260509T213855Z_rep2,analysis/screening_run_artifacts_after_prompt_update_20260511/regression_runs/prompt_regression_116_deepseek_v4_iter5_3repeats_20260509T213855Z_rep2/repeat_1/regression_analysis.txt,861,80711a9ca3b68a4b64df97becf007c5e979df20ab45cb899a699adadda9f7b82,Original pipeline trace file repeat_1/regression_analysis.txt.
regression_runs,prompt_regression_116_deepseek_v4_iter5_3repeats_20260509T213855Z_rep2,analysis/screening_run_artifacts_after_prompt_update_20260511/regression_runs/prompt_regression_116_deepseek_v4_iter5_3repeats_20260509T213855Z_rep2/repeat_1/runner.log,7046,f1caf97828328e5ac58c3c890afc355dd90fde99b92c44cb2264880fc05bc312,Original pipeline trace file repeat_1/runner.log.
regression_runs,prompt_regression_116_deepseek_v4_iter5_3repeats_20260509T213855Z_rep2,analysis/screening_run_artifacts_after_prompt_update_20260511/regression_runs/prompt_regression_116_deepseek_v4_iter5_3repeats_20260509T213855Z_rep2/server_info.env,609,283763867a84cbfcd7ec03e9b1427e9d4ba521661e728c6ab8e6056546afb426,Original server_info.env from run root.
regression_runs,prompt_regression_116_deepseek_v4_iter5_3repeats_20260509T213855Z_rep2,analysis/screening_run_artifacts_after_prompt_update_20260511/regression_runs/prompt_regression_116_deepseek_v4_iter5_3repeats_20260509T213855Z_rep2/server_info.env,609,283763867a84cbfcd7ec03e9b1427e9d4ba521661e728c6ab8e6056546afb426,Original pipeline trace file server_info.env.
regression_runs,prompt_regression_116_deepseek_v4_iter5_3repeats_20260509T213855Z_rep3,analysis/screening_run_artifacts_after_prompt_update_20260511/regression_runs/prompt_regression_116_deepseek_v4_iter5_3repeats_20260509T213855Z_rep3/agent_outputs_dedup.parquet,301333,4f81ef237f68d672c2ee3899336ade6a499d58f79db85455babf7fa4b442782e,"Deduplicated full row-level agent outputs, including per-stage reviewer JSON fields and final decisions."
regression_runs,prompt_regression_116_deepseek_v4_iter5_3repeats_20260509T213855Z_rep3,analysis/screening_run_artifacts_after_prompt_update_20260511/regression_runs/prompt_regression_116_deepseek_v4_iter5_3repeats_20260509T213855Z_rep3/api_check.json,587,5fbc638ede618db88eb29c160582c1a53cfbf1f9dbf3110cf094ffae24e2ff41,Original api_check.json from run root.
regression_runs,prompt_regression_116_deepseek_v4_iter5_3repeats_20260509T213855Z_rep3,analysis/screening_run_artifacts_after_prompt_update_20260511/regression_runs/prompt_regression_116_deepseek_v4_iter5_3repeats_20260509T213855Z_rep3/api_check.json,587,5fbc638ede618db88eb29c160582c1a53cfbf1f9dbf3110cf094ffae24e2ff41,Original pipeline trace file api_check.json.
regression_runs,prompt_regression_116_deepseek_v4_iter5_3repeats_20260509T213855Z_rep3,analysis/screening_run_artifacts_after_prompt_update_20260511/regression_runs/prompt_regression_116_deepseek_v4_iter5_3repeats_20260509T213855Z_rep3/artifact_summary.json,354,7129fa0f9d635b2cd2fe28266923459122a25b6068561253ffe16f408c3839b2,"Generated artifact summary with record count, decision counts, and source result files."
regression_runs,prompt_regression_116_deepseek_v4_iter5_3repeats_20260509T213855Z_rep3,analysis/screening_run_artifacts_after_prompt_update_20260511/regression_runs/prompt_regression_116_deepseek_v4_iter5_3repeats_20260509T213855Z_rep3/models.json,521,284000c38249c80d64203becf8291ec1f4d1e50ad4cf01709c49b2f15b5e52f1,Original models.json from run root.
regression_runs,prompt_regression_116_deepseek_v4_iter5_3repeats_20260509T213855Z_rep3,analysis/screening_run_artifacts_after_prompt_update_20260511/regression_runs/prompt_regression_116_deepseek_v4_iter5_3repeats_20260509T213855Z_rep3/repeat_1/guideline_pilot_raw_completed.csv,553631,9134ecf01012097e06ca206c1d3371e1ecb5035c7cd4f76df4f150172de8b459,Original pipeline trace file repeat_1/guideline_pilot_raw_completed.csv.
regression_runs,prompt_regression_116_deepseek_v4_iter5_3repeats_20260509T213855Z_rep3,analysis/screening_run_artifacts_after_prompt_update_20260511/regression_runs/prompt_regression_116_deepseek_v4_iter5_3repeats_20260509T213855Z_rep3/repeat_1/guideline_pilot_raw_completed.jsonl,749093,691d8745371f8cc110c7b5ca547d552f00553e1acbfd9f69a4aab863b9f13627,Original pipeline trace file repeat_1/guideline_pilot_raw_completed.jsonl.
regression_runs,prompt_regression_116_deepseek_v4_iter5_3repeats_20260509T213855Z_rep3,analysis/screening_run_artifacts_after_prompt_update_20260511/regression_runs/prompt_regression_116_deepseek_v4_iter5_3repeats_20260509T213855Z_rep3/repeat_1/guideline_pilot_results.csv,615852,b9abe7ae92571b347a3754de57ec96451136f6faa18ec3be6c7c0ea9b139ef07,Original pipeline trace file repeat_1/guideline_pilot_results.csv.
regression_runs,prompt_regression_116_deepseek_v4_iter5_3repeats_20260509T213855Z_rep3,analysis/screening_run_artifacts_after_prompt_update_20260511/regression_runs/prompt_regression_116_deepseek_v4_iter5_3repeats_20260509T213855Z_rep3/repeat_1/guideline_pilot_results_partial.csv,615852,b9abe7ae92571b347a3754de57ec96451136f6faa18ec3be6c7c0ea9b139ef07,Original pipeline trace file repeat_1/guideline_pilot_results_partial.csv.
regression_runs,prompt_regression_116_deepseek_v4_iter5_3repeats_20260509T213855Z_rep3,analysis/screening_run_artifacts_after_prompt_update_20260511/regression_runs/prompt_regression_116_deepseek_v4_iter5_3repeats_20260509T213855Z_rep3/repeat_1/guideline_pilot_summary.json,1246,c34d9cc17332c2f47b04971548f0c8de495c2debab53015e09824f1b14d893cb,Original pipeline trace file repeat_1/guideline_pilot_summary.json.
regression_runs,prompt_regression_116_deepseek_v4_iter5_3repeats_20260509T213855Z_rep3,analysis/screening_run_artifacts_after_prompt_update_20260511/regression_runs/prompt_regression_116_deepseek_v4_iter5_3repeats_20260509T213855Z_rep3/repeat_1/regression_analysis.txt,940,cf7232b69a62fe8d623239e9bc3f0e24bdd2a1aa943f09763ce97289b7107ec5,Original pipeline trace file repeat_1/regression_analysis.txt.
regression_runs,prompt_regression_116_deepseek_v4_iter5_3repeats_20260509T213855Z_rep3,analysis/screening_run_artifacts_after_prompt_update_20260511/regression_runs/prompt_regression_116_deepseek_v4_iter5_3repeats_20260509T213855Z_rep3/repeat_1/runner.log,7044,13d0258c63b1969732586ecb5a8d80975c5de190f5e025bf7264190805e71e42,Original pipeline trace file repeat_1/runner.log.
regression_runs,prompt_regression_116_deepseek_v4_iter5_3repeats_20260509T213855Z_rep3,analysis/screening_run_artifacts_after_prompt_update_20260511/regression_runs/prompt_regression_116_deepseek_v4_iter5_3repeats_20260509T213855Z_rep3/server_info.env,609,9dbed1c569bdcea0a40d4c6b7abbba6c6ae9e070f6223f0f268e51b1a9e622ff,Original server_info.env from run root.
regression_runs,prompt_regression_116_deepseek_v4_iter5_3repeats_20260509T213855Z_rep3,analysis/screening_run_artifacts_after_prompt_update_20260511/regression_runs/prompt_regression_116_deepseek_v4_iter5_3repeats_20260509T213855Z_rep3/server_info.env,609,9dbed1c569bdcea0a40d4c6b7abbba6c6ae9e070f6223f0f268e51b1a9e622ff,Original pipeline trace file server_info.env.
regression_runs,prompt_regression_116_gpt_oss_120b_2repeats_20260509T214053Z_rep1,analysis/screening_run_artifacts_after_prompt_update_20260511/regression_runs/prompt_regression_116_gpt_oss_120b_2repeats_20260509T214053Z_rep1/agent_outputs_dedup.parquet,298507,83037d8b955711e1551f322a8397daf7ec5e41b39eb16b0575426cf4fd90a5c0,"Deduplicated full row-level agent outputs, including per-stage reviewer JSON fields and final decisions."
regression_runs,prompt_regression_116_gpt_oss_120b_2repeats_20260509T214053Z_rep1,analysis/screening_run_artifacts_after_prompt_update_20260511/regression_runs/prompt_regression_116_gpt_oss_120b_2repeats_20260509T214053Z_rep1/api_check.json,827,d933cedc1e29b32aa1ca9aee467a5e9d0e813b9e54ce1c925edf3e1beda5f3de,Original api_check.json from run root.
regression_runs,prompt_regression_116_gpt_oss_120b_2repeats_20260509T214053Z_rep1,analysis/screening_run_artifacts_after_prompt_update_20260511/regression_runs/prompt_regression_116_gpt_oss_120b_2repeats_20260509T214053Z_rep1/api_check.json,827,d933cedc1e29b32aa1ca9aee467a5e9d0e813b9e54ce1c925edf3e1beda5f3de,Original pipeline trace file api_check.json.
regression_runs,prompt_regression_116_gpt_oss_120b_2repeats_20260509T214053Z_rep1,analysis/screening_run_artifacts_after_prompt_update_20260511/regression_runs/prompt_regression_116_gpt_oss_120b_2repeats_20260509T214053Z_rep1/artifact_summary.json,343,519cf943c24a7ca132a5e01799c6c1d45f621a40b07188e59e46b720c2b5e683,"Generated artifact summary with record count, decision counts, and source result files."
regression_runs,prompt_regression_116_gpt_oss_120b_2repeats_20260509T214053Z_rep1,analysis/screening_run_artifacts_after_prompt_update_20260511/regression_runs/prompt_regression_116_gpt_oss_120b_2repeats_20260509T214053Z_rep1/models.json,466,8f300519db93e9bacfcf48c738a2c874f46753bc6d0c183e9f787a81e9b75bc6,Original models.json from run root.
regression_runs,prompt_regression_116_gpt_oss_120b_2repeats_20260509T214053Z_rep1,analysis/screening_run_artifacts_after_prompt_update_20260511/regression_runs/prompt_regression_116_gpt_oss_120b_2repeats_20260509T214053Z_rep1/repeat_1/guideline_pilot_raw_completed.csv,536752,96e33875783f88733f517a40d8aa28c5be43fbac3550bb3990ca9f386d35f250,Original pipeline trace file repeat_1/guideline_pilot_raw_completed.csv.
regression_runs,prompt_regression_116_gpt_oss_120b_2repeats_20260509T214053Z_rep1,analysis/screening_run_artifacts_after_prompt_update_20260511/regression_runs/prompt_regression_116_gpt_oss_120b_2repeats_20260509T214053Z_rep1/repeat_1/guideline_pilot_raw_completed.jsonl,719792,cb5ce861f2473c8d8dc40d92b3c50114a01dc606c0eac2ca04a10303f016d2f5,Original pipeline trace file repeat_1/guideline_pilot_raw_completed.jsonl.
regression_runs,prompt_regression_116_gpt_oss_120b_2repeats_20260509T214053Z_rep1,analysis/screening_run_artifacts_after_prompt_update_20260511/regression_runs/prompt_regression_116_gpt_oss_120b_2repeats_20260509T214053Z_rep1/repeat_1/guideline_pilot_results.csv,603338,00e9217b9b29e8d21c434d0c0e1cf54c2af7c69bad588578b6f924a2b2a3edf3,Original pipeline trace file repeat_1/guideline_pilot_results.csv.
regression_runs,prompt_regression_116_gpt_oss_120b_2repeats_20260509T214053Z_rep1,analysis/screening_run_artifacts_after_prompt_update_20260511/regression_runs/prompt_regression_116_gpt_oss_120b_2repeats_20260509T214053Z_rep1/repeat_1/guideline_pilot_results_partial.csv,603338,00e9217b9b29e8d21c434d0c0e1cf54c2af7c69bad588578b6f924a2b2a3edf3,Original pipeline trace file repeat_1/guideline_pilot_results_partial.csv.
regression_runs,prompt_regression_116_gpt_oss_120b_2repeats_20260509T214053Z_rep1,analysis/screening_run_artifacts_after_prompt_update_20260511/regression_runs/prompt_regression_116_gpt_oss_120b_2repeats_20260509T214053Z_rep1/repeat_1/guideline_pilot_summary.json,1230,c49fe8f7e4d6d582ee5f7a74d42dac98b5433b3481e0ac9e9627f1566b6cde8a,Original pipeline trace file repeat_1/guideline_pilot_summary.json.
regression_runs,prompt_regression_116_gpt_oss_120b_2repeats_20260509T214053Z_rep1,analysis/screening_run_artifacts_after_prompt_update_20260511/regression_runs/prompt_regression_116_gpt_oss_120b_2repeats_20260509T214053Z_rep1/repeat_1/regression_analysis.txt,856,78a5dfc9f27848fa4033d533b4176a94767908be9d8ee571ce187209ebaaee3b,Original pipeline trace file repeat_1/regression_analysis.txt.
regression_runs,prompt_regression_116_gpt_oss_120b_2repeats_20260509T214053Z_rep1,analysis/screening_run_artifacts_after_prompt_update_20260511/regression_runs/prompt_regression_116_gpt_oss_120b_2repeats_20260509T214053Z_rep1/repeat_1/runner.log,7018,e1a4602d06b4245016b87e8f5b8e95f498f1629113e33eccd32cec1c07a7da21,Original pipeline trace file repeat_1/runner.log.
regression_runs,prompt_regression_116_gpt_oss_120b_2repeats_20260509T214053Z_rep1,analysis/screening_run_artifacts_after_prompt_update_20260511/regression_runs/prompt_regression_116_gpt_oss_120b_2repeats_20260509T214053Z_rep1/server_info.env,541,7854c60e813ee151a3778558858599147759407217df1e07c6157d0c735995e3,Original server_info.env from run root.
regression_runs,prompt_regression_116_gpt_oss_120b_2repeats_20260509T214053Z_rep1,analysis/screening_run_artifacts_after_prompt_update_20260511/regression_runs/prompt_regression_116_gpt_oss_120b_2repeats_20260509T214053Z_rep1/server_info.env,541,7854c60e813ee151a3778558858599147759407217df1e07c6157d0c735995e3,Original pipeline trace file server_info.env.
regression_runs,prompt_regression_116_gpt_oss_120b_2repeats_20260509T214053Z_rep2,analysis/screening_run_artifacts_after_prompt_update_20260511/regression_runs/prompt_regression_116_gpt_oss_120b_2repeats_20260509T214053Z_rep2/agent_outputs_dedup.parquet,295824,839f36909fe119670fb0b1062718873631413adc54d19d8f2dfcbdd6f04db17f,"Deduplicated full row-level agent outputs, including per-stage reviewer JSON fields and final decisions."
regression_runs,prompt_regression_116_gpt_oss_120b_2repeats_20260509T214053Z_rep2,analysis/screening_run_artifacts_after_prompt_update_20260511/regression_runs/prompt_regression_116_gpt_oss_120b_2repeats_20260509T214053Z_rep2/api_check.json,821,f71826042787060da3e24429bfbce89976009062c9c9da6092a0b5218690c9b4,Original api_check.json from run root.
regression_runs,prompt_regression_116_gpt_oss_120b_2repeats_20260509T214053Z_rep2,analysis/screening_run_artifacts_after_prompt_update_20260511/regression_runs/prompt_regression_116_gpt_oss_120b_2repeats_20260509T214053Z_rep2/api_check.json,821,f71826042787060da3e24429bfbce89976009062c9c9da6092a0b5218690c9b4,Original pipeline trace file api_check.json.
regression_runs,prompt_regression_116_gpt_oss_120b_2repeats_20260509T214053Z_rep2,analysis/screening_run_artifacts_after_prompt_update_20260511/regression_runs/prompt_regression_116_gpt_oss_120b_2repeats_20260509T214053Z_rep2/artifact_summary.json,343,cefc6979c3bce0cd2777241c8c92ced168f4d9232b2438cf7f903066105e1c27,"Generated artifact summary with record count, decision counts, and source result files."
regression_runs,prompt_regression_116_gpt_oss_120b_2repeats_20260509T214053Z_rep2,analysis/screening_run_artifacts_after_prompt_update_20260511/regression_runs/prompt_regression_116_gpt_oss_120b_2repeats_20260509T214053Z_rep2/models.json,466,306f462267fdf5d6fd655c4442c5745957d6d7b9c4f73d71c101a4cf36989a84,Original models.json from run root.
regression_runs,prompt_regression_116_gpt_oss_120b_2repeats_20260509T214053Z_rep2,analysis/screening_run_artifacts_after_prompt_update_20260511/regression_runs/prompt_regression_116_gpt_oss_120b_2repeats_20260509T214053Z_rep2/repeat_1/guideline_pilot_raw_completed.csv,528522,9804442903d297f692506fc3b917faff59ef904517aec39054bc2ce844d22097,Original pipeline trace file repeat_1/guideline_pilot_raw_completed.csv.
regression_runs,prompt_regression_116_gpt_oss_120b_2repeats_20260509T214053Z_rep2,analysis/screening_run_artifacts_after_prompt_update_20260511/regression_runs/prompt_regression_116_gpt_oss_120b_2repeats_20260509T214053Z_rep2/repeat_1/guideline_pilot_raw_completed.jsonl,707858,4d926b45d057670f0e09ab035f66bb3de58d9362ae2904225f2cb3661fe92d9f,Original pipeline trace file repeat_1/guideline_pilot_raw_completed.jsonl.
regression_runs,prompt_regression_116_gpt_oss_120b_2repeats_20260509T214053Z_rep2,analysis/screening_run_artifacts_after_prompt_update_20260511/regression_runs/prompt_regression_116_gpt_oss_120b_2repeats_20260509T214053Z_rep2/repeat_1/guideline_pilot_results.csv,595619,dd56e18e87909913e89526f72f0a5f426e7169d2f8a9251a9f57c2b91c19e0cb,Original pipeline trace file repeat_1/guideline_pilot_results.csv.
regression_runs,prompt_regression_116_gpt_oss_120b_2repeats_20260509T214053Z_rep2,analysis/screening_run_artifacts_after_prompt_update_20260511/regression_runs/prompt_regression_116_gpt_oss_120b_2repeats_20260509T214053Z_rep2/repeat_1/guideline_pilot_results_partial.csv,595619,dd56e18e87909913e89526f72f0a5f426e7169d2f8a9251a9f57c2b91c19e0cb,Original pipeline trace file repeat_1/guideline_pilot_results_partial.csv.
regression_runs,prompt_regression_116_gpt_oss_120b_2repeats_20260509T214053Z_rep2,analysis/screening_run_artifacts_after_prompt_update_20260511/regression_runs/prompt_regression_116_gpt_oss_120b_2repeats_20260509T214053Z_rep2/repeat_1/guideline_pilot_summary.json,1231,3b6281ab50cb44d0b877fac9d7ba7c7fdb78b2485e5bac180b9377cf727776cb,Original pipeline trace file repeat_1/guideline_pilot_summary.json.
regression_runs,prompt_regression_116_gpt_oss_120b_2repeats_20260509T214053Z_rep2,analysis/screening_run_artifacts_after_prompt_update_20260511/regression_runs/prompt_regression_116_gpt_oss_120b_2repeats_20260509T214053Z_rep2/repeat_1/regression_analysis.txt,856,89709fb16b89b4e3b96be9822576f3adba35c35c5b3661761298c9f8e15f2531,Original pipeline trace file repeat_1/regression_analysis.txt.
regression_runs,prompt_regression_116_gpt_oss_120b_2repeats_20260509T214053Z_rep2,analysis/screening_run_artifacts_after_prompt_update_20260511/regression_runs/prompt_regression_116_gpt_oss_120b_2repeats_20260509T214053Z_rep2/repeat_1/runner.log,7019,7451e1fcf34a307766f55dccdfc9c24c7865b8cf44dd0256357de2016801e843,Original pipeline trace file repeat_1/runner.log.
regression_runs,prompt_regression_116_gpt_oss_120b_2repeats_20260509T214053Z_rep2,analysis/screening_run_artifacts_after_prompt_update_20260511/regression_runs/prompt_regression_116_gpt_oss_120b_2repeats_20260509T214053Z_rep2/server_info.env,541,fdd7088aadd94266bb7603eb53d2e2c52a1bea243d31a4780c6dd413a61ebe17,Original server_info.env from run root.
regression_runs,prompt_regression_116_gpt_oss_120b_2repeats_20260509T214053Z_rep2,analysis/screening_run_artifacts_after_prompt_update_20260511/regression_runs/prompt_regression_116_gpt_oss_120b_2repeats_20260509T214053Z_rep2/server_info.env,541,fdd7088aadd94266bb7603eb53d2e2c52a1bea243d31a4780c6dd413a61ebe17,Original pipeline trace file server_info.env.
