route_id,record_id,model_id,configuration_id,disposition,changed_fields,confidence,rationale
route_49e2cc9a5c64,full_2026-07-06__rec_000060,model_ff0ac12f6b2a,config_3f6b2df58274,unchanged_outside_f6_correction_population,[],not_applicable,Outside the frozen correction population.
route_0d733b511958,full_2026-07-06__rec_000060,model_ff0ac12f6b2a,config_3f6b2df58274,unchanged_outside_f6_correction_population,[],not_applicable,Outside the frozen correction population.
route_226242be284c,full_2026-07-06__rec_000060,model_ff0ac12f6b2a,config_df2e5ea900f1,unchanged_outside_f6_correction_population,[],not_applicable,Outside the frozen correction population.
route_39890e09066d,full_2026-07-06__rec_000060,model_ff0ac12f6b2a,config_df2e5ea900f1,unchanged_outside_f6_correction_population,[],not_applicable,Outside the frozen correction population.
route_de59b0fceddc,full_2026-07-06__rec_000063,model_df8ed6559ceb,config_5e8d49c69552,unchanged_outside_f6_correction_population,[],not_applicable,Outside the frozen correction population.
route_a5e96dd9a19b,full_2026-07-06__rec_000063,model_df8ed6559ceb,config_0483e926ac88,unchanged_outside_f6_correction_population,[],not_applicable,Outside the frozen correction population.
route_dbc6b7ab297a,full_2026-07-06__rec_000063,model_df8ed6559ceb,config_597a8a8b8d6b,unchanged_outside_f6_correction_population,[],not_applicable,Outside the frozen correction population.
route_5a170efb9d64,full_2026-07-06__rec_000063,model_df8ed6559ceb,config_1dbd78fd297a,unchanged_outside_f6_correction_population,[],not_applicable,Outside the frozen correction population.
route_24ffc126eb25,full_2026-07-06__rec_000063,model_df8ed6559ceb,config_bc93787e451a,unchanged_outside_f6_correction_population,[],not_applicable,Outside the frozen correction population.
route_6ccf596636de,full_2026-07-06__rec_000063,model_df8ed6559ceb,config_c72b62f6828f,unchanged_outside_f6_correction_population,[],not_applicable,Outside the frozen correction population.
route_a3f58fcbfec1,full_2026-07-06__rec_000063,model_df8ed6559ceb,config_bdaf00473df9,unchanged_outside_f6_correction_population,[],not_applicable,Outside the frozen correction population.
route_9a2e2f038920,full_2026-07-06__rec_000086,model_f8e766fddf66,config_a5406ac959eb,unchanged_outside_f6_correction_population,[],not_applicable,Outside the frozen correction population.
route_440ad7fad63b,full_2026-07-06__rec_000086,model_b1f724b128da,config_f42dcc13c120,unchanged_outside_f6_correction_population,[],not_applicable,Outside the frozen correction population.
route_de75413d9ba2,full_2026-07-06__rec_000086,model_b1f724b128da,config_f42dcc13c120,unchanged_outside_f6_correction_population,[],not_applicable,Outside the frozen correction population.
route_caa6f466af38,full_2026-07-06__rec_000086,model_b1f724b128da,config_d9c453530470,unchanged_outside_f6_correction_population,[],not_applicable,Outside the frozen correction population.
route_c4afa80469f5,full_2026-07-06__rec_000086,model_b1f724b128da,config_d9c453530470,unchanged_outside_f6_correction_population,[],not_applicable,Outside the frozen correction population.
route_4c1c9b303c55,full_2026-07-06__rec_000086,model_b1f724b128da,config_d9c453530470,unchanged_outside_f6_correction_population,[],not_applicable,Outside the frozen correction population.
route_9d3af98fe18f,full_2026-07-06__rec_000086,model_f8e766fddf66,config_2f56a8eaf38c,unchanged_outside_f6_correction_population,[],not_applicable,Outside the frozen correction population.
route_5d20ca16ef9b,full_2026-07-06__rec_000086,model_f8e766fddf66,config_54ef93b735da,unchanged_outside_f6_correction_population,[],not_applicable,Outside the frozen correction population.
route_3e07d92b7f4a,full_2026-07-06__rec_000086,model_f8e766fddf66,config_e5d13f421ef7,unchanged_outside_f6_correction_population,[],not_applicable,Outside the frozen correction population.
route_35c4dd0a1c2f,full_2026-07-06__rec_000086,model_f8e766fddf66,config_f27afc5252c3,unchanged_outside_f6_correction_population,[],not_applicable,Outside the frozen correction population.
route_18a49a03ed5f,full_2026-07-06__rec_000086,model_f8e766fddf66,config_ef318b451e47,revise_fields,"['carrier_family', 'carrier_subtype', 'evidence_quote', 'evidence_status', 'fusion_topology', 'insertion_or_fusion_verbatim', 'lifecycle_phase', 'model_visible_form_verbatim', 'section_heading', 'source_modality_normalized', 'source_object_normalized', 'source_object_verbatim', 'supporting_figure_or_table', 'task_or_configuration_verbatim', 'text_role', 'transformation_chain_normalized', 'transformation_chain_verbatim', 'uncertainty']",high,"This label is grounded in Figure 1c as one of the source databases curated into PROCYON-INSTRUCT, and the caption states that those pairs were turned into instruction tuning examples. It is therefore a fine-tuning source-to-model route, not an evaluation peptide route."
route_ba110b719918,full_2026-07-06__rec_000086,model_f8e766fddf66,config_5c2cee1633c3,revise_fields,"['carrier_family', 'carrier_subtype', 'evidence_quote', 'evidence_status', 'fusion_topology', 'insertion_or_fusion_verbatim', 'lifecycle_phase', 'model_visible_form_verbatim', 'section_heading', 'source_modality_normalized', 'source_object_normalized', 'source_object_verbatim', 'supporting_figure_or_table', 'task_or_configuration_verbatim', 'text_role', 'transformation_chain_normalized', 'transformation_chain_verbatim', 'uncertainty']",high,GtoP is explicitly shown in Figure 1c and is described in the caption as one of the databases whose protein-phenotype description pairs were curated into instruction examples. It should be coded the same way as the sibling source labels.
route_7d3bbc8ca354,full_2026-07-06__rec_000086,model_f8e766fddf66,config_7bae17ec6575,revise_fields,"['carrier_family', 'carrier_subtype', 'evidence_quote', 'evidence_status', 'fusion_topology', 'insertion_or_fusion_verbatim', 'lifecycle_phase', 'model_visible_form_verbatim', 'section_heading', 'source_modality_normalized', 'source_object_normalized', 'source_object_verbatim', 'supporting_figure_or_table', 'task_or_configuration_verbatim', 'text_role', 'transformation_chain_normalized', 'transformation_chain_verbatim', 'uncertainty']",high,"Drugbank Transporter is likewise one of the Figure 1c source labels curated into PROCYON-INSTRUCT. Using the same criterion as the sibling routes, it is a valid source-to-model fine-tuning route."
route_67d60756e8b4,full_2026-07-06__rec_000086,model_f8e766fddf66,config_06361596bc98,revise_fields,"['carrier_family', 'carrier_subtype', 'evidence_quote', 'evidence_status', 'fusion_topology', 'insertion_or_fusion_verbatim', 'lifecycle_phase', 'model_visible_form_verbatim', 'section_heading', 'source_modality_normalized', 'source_object_normalized', 'source_object_verbatim', 'supporting_figure_or_table', 'task_or_configuration_verbatim', 'text_role', 'transformation_chain_normalized', 'transformation_chain_verbatim', 'uncertainty']",high,Drugbank Target appears as a PROCYON-INSTRUCT source label in Figure 1c and is explicitly covered by the caption's statement that the pairs were curated into instruction tuning examples. That supports a distinct fine-tuning route.
route_7b76d04a0605,full_2026-07-06__rec_000086,model_f8e766fddf66,config_991a56245b75,revise_fields,"['carrier_subtype', 'evidence_quote', 'fusion_topology', 'model_visible_form_verbatim', 'section_heading', 'transformation_chain_normalized', 'transformation_chain_verbatim', 'uncertainty']",high,"The UniProt source is explicit, and the paper clearly describes converting protein-phenotype pairs into instruction-tuning examples. The narrow correction is to recode the model-visible form as a structured text prompt scaffold rather than a serialized biological profile."
route_17d54e15b5c5,full_2026-07-06__rec_000086,model_f8e766fddf66,config_991a56245b75,revise_fields,"['carrier_subtype', 'evidence_quote', 'evidence_status', 'fusion_topology', 'model_visible_form_verbatim', 'section_heading', 'transformation_chain_normalized', 'transformation_chain_verbatim', 'uncertainty']",high,"The paper supports a text-native instruction scaffold derived from protein-phenotype pairs, but not a serialized-profile subtype. The correct route is the fine-tuning instruction example, with prompt templating as the fusion mechanism."
route_6ea7a3e5f9c4,full_2026-07-06__rec_000086,model_f8e766fddf66,config_991a56245b75,revise_fields,"['carrier_subtype', 'evidence_quote', 'fusion_topology', 'model_visible_form_verbatim', 'section_heading', 'transformation_chain_normalized', 'transformation_chain_verbatim', 'uncertainty']",medium,"The dataset source and instruction-tuning construction are explicit. The route is better coded as a structured prompt scaffold, not a serialized biological profile."
route_935a12c569e2,full_2026-07-06__rec_000086,model_f8e766fddf66,config_991a56245b75,revise_fields,"['carrier_subtype', 'evidence_quote', 'fusion_topology', 'model_visible_form_verbatim', 'section_heading', 'task_or_configuration_verbatim', 'uncertainty']",medium,"OMIM is one of the PROCYON-INSTRUCT source databases in Figure 1c, and the paper states that each protein-phenotype pair is turned into an instruction-tuning example. The main correction is to align the model-visible form and fusion coding with the explicit instruction-template interface rather than a serialized-profile reading."
route_010f2669b2a2,full_2026-07-06__rec_000086,model_f8e766fddf66,config_5cc6d5f156ab,unchanged_outside_f6_correction_population,[],not_applicable,Outside the frozen correction population.
route_51fc1b08e24b,full_2026-07-06__rec_000086,model_f8e766fddf66,config_5cc6d5f156ab,unchanged_outside_f6_correction_population,[],not_applicable,Outside the frozen correction population.
route_3d1f794c8397,full_2026-07-06__rec_000086,model_f8e766fddf66,config_5cc6d5f156ab,unchanged_outside_f6_correction_population,[],not_applicable,Outside the frozen correction population.
route_0b1b43567b95,full_2026-07-06__rec_000086,model_f8e766fddf66,config_c81d5d1f9649,unchanged_outside_f6_correction_population,[],not_applicable,Outside the frozen correction population.
route_67104b9f17d9,full_2026-07-06__rec_000086,model_f8e766fddf66,config_0f578b47e332,revise_fields,"['carrier_subtype', 'evidence_quote', 'fusion_topology', 'section_heading', 'transformation_chain_normalized', 'transformation_chain_verbatim']",medium,"The benchmark route is real, but the paper supports a direct projected protein embedding aligned in a shared latent space, not a pooled embedding. The route stays intact; only the carrier subtype, fusion topology, transformation chain, evidence quote, and section heading need narrowing."
route_45c11f118d39,full_2026-07-06__rec_000086,model_f8e766fddf66,config_fd6d26b9af6e,revise_fields,"['carrier_subtype', 'evidence_quote', 'fusion_topology', 'section_heading', 'transformation_chain_normalized', 'transformation_chain_verbatim']",medium,"The benchmark route is real, but the paper supports a direct projected protein embedding aligned in a shared latent space, not a pooled embedding. The route stays intact; only the carrier subtype, fusion topology, transformation chain, evidence quote, and section heading need narrowing."
route_058ac010dea2,full_2026-07-06__rec_000086,model_f8e766fddf66,config_dee28cec603c,revise_fields,"['carrier_subtype', 'evidence_quote', 'fusion_topology', 'insertion_or_fusion_verbatim', 'section_heading', 'text_role', 'uncertainty']",medium,"The paper supports a dense latent-space retrieval route for the drug-protein interaction benchmark, but the prior pooled subtype and metadata-style role were too specific and not aligned with the architecture. This is a connector-mediated shared-latent-space retrieval input route in evaluation."
route_23a47183c915,full_2026-07-06__rec_000086,model_f8e766fddf66,config_5f87d2b37166,revise_fields,"['evidence_quote', 'insertion_or_fusion_verbatim', 'section_heading', 'source_object_normalized', 'source_object_verbatim']",high,The paper explicitly defines many-shot phenotypes as part of the PROCYON-INSTRUCT split scheme and uses them in Figure 2c. I corrected the canonical hyphenation and the section heading to the Results section; the route itself is real and retained.
route_1372c917a03e,full_2026-07-06__rec_000086,model_f8e766fddf66,config_5f87d2b37166,revise_fields,"['evidence_quote', 'fusion_topology', 'section_heading', 'transformation_chain_normalized', 'transformation_chain_verbatim', 'uncertainty']",medium,"The split-evaluation route is explicit, but the prior tokenizer-sequence topology overstated the paper. The route is a text-native instruction scaffold evaluated under the few-shot subset of PROCYON-INSTRUCT."
route_205dede67b6c,full_2026-07-06__rec_000086,model_f8e766fddf66,config_5f87d2b37166,revise_fields,"['evidence_quote', 'insertion_or_fusion_verbatim', 'section_heading', 'source_object_normalized', 'source_object_verbatim']",high,The paper explicitly defines zero-shot phenotypes as a PROCYON-INSTRUCT split and evaluates them in Figure 2c. I corrected the canonical hyphenation and the section heading to the Results section; the route itself is real and retained.
route_151e451d06e7,full_2026-07-06__rec_000086,model_f8e766fddf66,config_242b4563b4b5,unchanged_outside_f6_correction_population,[],not_applicable,Outside the frozen correction population.
route_5586550693cf,full_2026-07-06__rec_000086,model_f8e766fddf66,config_d8d53784b84e,unchanged_outside_f6_correction_population,[],not_applicable,Outside the frozen correction population.
route_6b0e6e9a158c,full_2026-07-06__rec_000086,model_f8e766fddf66,config_2a0fd9641f9f,unchanged_outside_f6_correction_population,[],not_applicable,Outside the frozen correction population.
route_daf657937cea,full_2026-07-06__rec_000086,model_f8e766fddf66,config_2a0fd9641f9f,unchanged_outside_f6_correction_population,[],not_applicable,Outside the frozen correction population.
route_d5fcb8c41818,full_2026-07-06__rec_000086,model_f8e766fddf66,config_7612559b9f05,unchanged_outside_f6_correction_population,[],not_applicable,Outside the frozen correction population.
route_a141e53f4d01,full_2026-07-06__rec_000086,model_f8e766fddf66,config_2b2272ce78af,unchanged_outside_f6_correction_population,[],not_applicable,Outside the frozen correction population.
route_f42fa0ac09e5,full_2026-07-06__rec_000086,model_f8e766fddf66,config_404ae1a44c21,revise_fields,['source_modality_normalized'],medium,"The therapeutics route is established. The narrow correction is the source modality, which should reflect a protein-plus-small-molecule association rather than text."
route_78cbb264c279,full_2026-07-06__rec_000086,model_f8e766fddf66,config_404ae1a44c21,unchanged_outside_f6_correction_population,[],not_applicable,Outside the frozen correction population.
route_e03e955f25bb,full_2026-07-06__rec_000086,model_f8e766fddf66,config_404ae1a44c21,revise_fields,['source_modality_normalized'],medium,"The route is real and the text scaffold is supported. The only narrow correction is the source modality: this route concerns protein interactions, not plain text."
route_4b1ea824da6c,full_2026-07-06__rec_000086,model_b1f724b128da,config_72c35ec819bd,unchanged_outside_f6_correction_population,[],not_applicable,Outside the frozen correction population.
route_7cb2dbf173a7,full_2026-07-06__rec_000090,model_79e042109d33,config_7de8c496a60a,unchanged_outside_f6_correction_population,[],not_applicable,Outside the frozen correction population.
route_92e25ae511ab,full_2026-07-06__rec_000090,model_79e042109d33,config_b4dd8cadb16d,unchanged_outside_f6_correction_population,[],not_applicable,Outside the frozen correction population.
route_5000a33edeb7,full_2026-07-06__rec_000090,model_79e042109d33,config_93a6487f7864,unchanged_outside_f6_correction_population,[],not_applicable,Outside the frozen correction population.
route_38607301656a,full_2026-07-06__rec_000090,model_79e042109d33,config_328922eb081f,unchanged_outside_f6_correction_population,[],not_applicable,Outside the frozen correction population.
route_cba015cfd76f,full_2026-07-06__rec_000090,model_79e042109d33,config_f70f0e040253,unchanged_outside_f6_correction_population,[],not_applicable,Outside the frozen correction population.
route_8b224797b192,full_2026-07-06__rec_000090,model_79e042109d33,config_9c070c42984b,unchanged_outside_f6_correction_population,[],not_applicable,Outside the frozen correction population.
route_26c7508ccc65,full_2026-07-06__rec_000090,model_79e042109d33,config_2c9d4bb1b06f,unchanged_outside_f6_correction_population,[],not_applicable,Outside the frozen correction population.
route_6c6756ff33b1,full_2026-07-06__rec_000090,model_79e042109d33,config_e101a68fa73e,unchanged_outside_f6_correction_population,[],not_applicable,Outside the frozen correction population.
route_ade35c66eb40,full_2026-07-06__rec_000090,model_79e042109d33,config_e995b9f3ef6c,unchanged_outside_f6_correction_population,[],not_applicable,Outside the frozen correction population.
route_6054e5a31b07,full_2026-07-06__rec_000090,model_79e042109d33,config_02f830343904,unchanged_outside_f6_correction_population,[],not_applicable,Outside the frozen correction population.
route_d1fbf31866b4,full_2026-07-06__rec_000090,model_79e042109d33,config_76990fdf8f04,unchanged_outside_f6_correction_population,[],not_applicable,Outside the frozen correction population.
route_4890ce7d64b4,full_2026-07-06__rec_000090,model_79e042109d33,config_aa6fd5dcdc8b,unchanged_outside_f6_correction_population,[],not_applicable,Outside the frozen correction population.
route_d09976e7764b,full_2026-07-06__rec_000090,model_79e042109d33,config_83d6ff91fa18,unchanged_outside_f6_correction_population,[],not_applicable,Outside the frozen correction population.
route_1862ed4360b8,full_2026-07-06__rec_000090,model_79e042109d33,config_6a4092dc936d,unchanged_outside_f6_correction_population,[],not_applicable,Outside the frozen correction population.
route_b13affe14b84,full_2026-07-06__rec_000090,model_9ead93555f87,config_a4393294c22e,unchanged_outside_f6_correction_population,[],not_applicable,Outside the frozen correction population.
route_12e86a771664,full_2026-07-06__rec_000771,model_6f7f8cee95d1,config_3b68c196f02e,unchanged_outside_f6_correction_population,[],not_applicable,Outside the frozen correction population.
route_9fe977bd9211,full_2026-07-06__rec_000771,model_6f7f8cee95d1,config_addd7d464405,unchanged_outside_f6_correction_population,[],not_applicable,Outside the frozen correction population.
route_3c3a5f5b5f89,full_2026-07-06__rec_000771,model_6f7f8cee95d1,config_c9d5acdde76d,unchanged_outside_f6_correction_population,[],not_applicable,Outside the frozen correction population.
route_0e6d44b44412,full_2026-07-06__rec_000771,model_6f7f8cee95d1,config_63fbe9cc1710,unchanged_outside_f6_correction_population,[],not_applicable,Outside the frozen correction population.
route_23ef5a05a115,full_2026-07-06__rec_000827,model_073c1a9ed6a3,config_6f1ccbd9e068,unchanged_outside_f6_correction_population,[],not_applicable,Outside the frozen correction population.
route_f379828f3729,full_2026-07-06__rec_000827,model_f1bf6497dcf0,config_8786848df489,unchanged_outside_f6_correction_population,[],not_applicable,Outside the frozen correction population.
route_9c9472f8e7e2,full_2026-07-06__rec_000827,model_f1bf6497dcf0,config_8786848df489,unchanged_outside_f6_correction_population,[],not_applicable,Outside the frozen correction population.
route_18f89518c544,full_2026-07-06__rec_000827,model_f1bf6497dcf0,config_26dea27b9f22,unchanged_outside_f6_correction_population,[],not_applicable,Outside the frozen correction population.
route_bb26511b84b2,full_2026-07-06__rec_000827,model_f1bf6497dcf0,config_26dea27b9f22,unchanged_outside_f6_correction_population,[],not_applicable,Outside the frozen correction population.
route_98786d109e18,full_2026-07-06__rec_000827,model_f1bf6497dcf0,config_f655c388e39b,unchanged_outside_f6_correction_population,[],not_applicable,Outside the frozen correction population.
route_d9f23aaa6ac4,full_2026-07-06__rec_000827,model_f1bf6497dcf0,config_f655c388e39b,unchanged_outside_f6_correction_population,[],not_applicable,Outside the frozen correction population.
route_7fa24c55923f,full_2026-07-06__rec_000827,model_36c6451d1b55,config_c6cff05cc790,unchanged_outside_f6_correction_population,[],not_applicable,Outside the frozen correction population.
route_5d1c44891b0e,full_2026-07-06__rec_000827,model_36c6451d1b55,config_b184b153cb13,unchanged_outside_f6_correction_population,[],not_applicable,Outside the frozen correction population.
route_aeb5e2abdcbf,full_2026-07-06__rec_000827,model_2b474a3814ef,config_b7484e645621,unchanged_outside_f6_correction_population,[],not_applicable,Outside the frozen correction population.
route_74816136a511,full_2026-07-06__rec_000827,model_2b474a3814ef,config_7538ed7a00b0,unchanged_outside_f6_correction_population,[],not_applicable,Outside the frozen correction population.
route_e0daee322d2c,full_2026-07-06__rec_000827,model_2b474a3814ef,config_7538ed7a00b0,unchanged_outside_f6_correction_population,[],not_applicable,Outside the frozen correction population.
route_7961776cdf5d,full_2026-07-06__rec_000827,model_2b474a3814ef,config_7538ed7a00b0,unchanged_outside_f6_correction_population,[],not_applicable,Outside the frozen correction population.
route_b48c4af698c6,full_2026-07-06__rec_000950,model_efc702564a41,config_e2bcf5a460d6,unchanged_outside_f6_correction_population,[],not_applicable,Outside the frozen correction population.
route_a46c8a9da4a4,full_2026-07-06__rec_000950,model_efc702564a41,config_ec3c84fcc42d,unchanged_outside_f6_correction_population,[],not_applicable,Outside the frozen correction population.
route_7776f0a5da8d,full_2026-07-06__rec_000950,model_efc702564a41,config_aebdbb7ff9dc,unchanged_outside_f6_correction_population,[],not_applicable,Outside the frozen correction population.
route_dde3a4ff2302,full_2026-07-06__rec_000950,model_efc702564a41,config_30285285de77,unchanged_outside_f6_correction_population,[],not_applicable,Outside the frozen correction population.
route_f1dd746f351d,full_2026-07-06__rec_000950,model_efc702564a41,config_820acd84f1ef,unchanged_outside_f6_correction_population,[],not_applicable,Outside the frozen correction population.
route_a9ab693f3f0f,full_2026-07-06__rec_000950,model_efc702564a41,config_346ccf310ac1,unchanged_outside_f6_correction_population,[],not_applicable,Outside the frozen correction population.
route_ab0d8afb5c61,full_2026-07-06__rec_000950,model_efc702564a41,config_f51a8a28c295,unchanged_outside_f6_correction_population,[],not_applicable,Outside the frozen correction population.
route_ccd3934eda3c,full_2026-07-06__rec_000950,model_efc702564a41,config_9362de33af21,revise_fields,['evidence_quote'],high,"The paper explicitly establishes a distinct fold-class conditioning route for Chroma, with sampling conditioners that bias generation and classifier probabilities improving under conditioning. The current analytical coding already matches the mechanism described in the paper, including the symbolic structural-constraint subtype."
route_1ea651fde5b6,full_2026-07-06__rec_000950,model_efc702564a41,config_55a3906cbcaa,unchanged_outside_f6_correction_population,[],not_applicable,Outside the frozen correction population.
route_159cdd15d900,full_2026-07-06__rec_000950,model_efc702564a41,config_fe83bf7f4ba9,unchanged_outside_f6_correction_population,[],not_applicable,Outside the frozen correction population.
route_db75cb3b4b73,full_2026-07-06__rec_000950,model_efc702564a41,config_d351e036e129,unchanged_outside_f6_correction_population,[],not_applicable,Outside the frozen correction population.
route_5a806a5a73a1,full_2026-07-06__rec_000950,model_efc702564a41,config_d351e036e129,unchanged_outside_f6_correction_population,[],not_applicable,Outside the frozen correction population.
route_6b88a24df658,full_2026-07-06__rec_001074,model_9d05ddb97916,config_9cb0e556b0e9,unchanged_outside_f6_correction_population,[],not_applicable,Outside the frozen correction population.
route_63d3232eb95a,full_2026-07-06__rec_001074,model_9d05ddb97916,config_9cb0e556b0e9,unchanged_outside_f6_correction_population,[],not_applicable,Outside the frozen correction population.
route_9f2e4378ab4e,full_2026-07-06__rec_001074,model_9d05ddb97916,config_ab760363a2a6,unchanged_outside_f6_correction_population,[],not_applicable,Outside the frozen correction population.
route_f1557c915aec,full_2026-07-06__rec_001074,model_9d05ddb97916,config_ab760363a2a6,unchanged_outside_f6_correction_population,[],not_applicable,Outside the frozen correction population.
route_909fab50c354,full_2026-07-06__rec_001074,model_9d05ddb97916,config_b328edf6e110,unchanged_outside_f6_correction_population,[],not_applicable,Outside the frozen correction population.
route_d16851ea3c52,full_2026-07-06__rec_001074,model_9d05ddb97916,config_b328edf6e110,unchanged_outside_f6_correction_population,[],not_applicable,Outside the frozen correction population.
route_1945b7def38e,full_2026-07-06__rec_001074,model_9d05ddb97916,config_0e1cf756a45e,unchanged_outside_f6_correction_population,[],not_applicable,Outside the frozen correction population.
route_0bb6ee8832aa,full_2026-07-06__rec_001074,model_0e0c28b60ee7,config_bee4b50ef6b8,revise_fields,['fusion_topology'],high,"The route is real and the prompt/source/input fields are grounded. The only correction needed is the fusion topology: the paper shows a direct case-study question/prompt with inserted PFN1/pathway text, but it does not support the prior tokenizer-sequence label. I mapped that to the narrow supported prompt-style fusion instead."
route_4f41a9d21678,full_2026-07-06__rec_001126,model_c0a097206f2c,config_1b70a9ab19ec,unchanged_outside_f6_correction_population,[],not_applicable,Outside the frozen correction population.
route_ff6373f5dec8,full_2026-07-06__rec_001126,model_c0a097206f2c,config_e59ac3481d1d,unchanged_outside_f6_correction_population,[],not_applicable,Outside the frozen correction population.
route_392326cd1a03,full_2026-07-06__rec_001126,model_c0a097206f2c,config_5b163fc754a4,unchanged_outside_f6_correction_population,[],not_applicable,Outside the frozen correction population.
route_93a958aa7b2a,full_2026-07-06__rec_001126,model_c0a097206f2c,config_9375a57b2eac,unchanged_outside_f6_correction_population,[],not_applicable,Outside the frozen correction population.
route_c2c95046be4c,full_2026-07-06__rec_001126,model_c0a097206f2c,config_cecac222d356,unchanged_outside_f6_correction_population,[],not_applicable,Outside the frozen correction population.
route_6c8f21176e6c,full_2026-07-06__rec_001126,model_c0a097206f2c,config_d01cbb37c601,unchanged_outside_f6_correction_population,[],not_applicable,Outside the frozen correction population.
route_25b99cf078be,full_2026-07-06__rec_001126,model_c0a097206f2c,config_1ab1af327eb6,unchanged_outside_f6_correction_population,[],not_applicable,Outside the frozen correction population.
route_0edf23432715,full_2026-07-06__rec_001126,model_c0a097206f2c,config_3402b100d775,unchanged_outside_f6_correction_population,[],not_applicable,Outside the frozen correction population.
route_ccfc70eb3ae8,full_2026-07-06__rec_001126,model_c0a097206f2c,config_8ef7057c2b5c,unchanged_outside_f6_correction_population,[],not_applicable,Outside the frozen correction population.
route_95763cec2e30,full_2026-07-06__rec_001126,model_c0a097206f2c,config_738a40ebc45e,unchanged_outside_f6_correction_population,[],not_applicable,Outside the frozen correction population.
route_038e564e42f0,full_2026-07-06__rec_001126,model_c0a097206f2c,config_26aa01d602cb,unchanged_outside_f6_correction_population,[],not_applicable,Outside the frozen correction population.
route_8f43e17eb0ce,full_2026-07-06__rec_001126,model_c0a097206f2c,config_9b3859ba3b80,unchanged_outside_f6_correction_population,[],not_applicable,Outside the frozen correction population.
route_499c67ed1380,full_2026-07-06__rec_001126,model_c0a097206f2c,config_058714fbf0fa,unchanged_outside_f6_correction_population,[],not_applicable,Outside the frozen correction population.
route_26c3e6a61748,full_2026-07-06__rec_001126,model_c0a097206f2c,config_2c546774b81a,unchanged_outside_f6_correction_population,[],not_applicable,Outside the frozen correction population.
route_1dc4de8f3ba0,full_2026-07-06__rec_001187,model_860d9511b312,config_c7963bc5af93,unchanged_outside_f6_correction_population,[],not_applicable,Outside the frozen correction population.
route_3a1dcc4d9cc9,full_2026-07-06__rec_001187,model_860d9511b312,config_6ff062e9843d,unchanged_outside_f6_correction_population,[],not_applicable,Outside the frozen correction population.
route_fecdaf390901,full_2026-07-06__rec_001187,model_860d9511b312,config_a99ce089fff2,unchanged_outside_f6_correction_population,[],not_applicable,Outside the frozen correction population.
route_c4cbe3c8fb77,full_2026-07-06__rec_001187,model_860d9511b312,config_36b6865a6803,unchanged_outside_f6_correction_population,[],not_applicable,Outside the frozen correction population.
route_1e37d80b54f4,full_2026-07-06__rec_001187,model_860d9511b312,config_a61df29bcbc9,unchanged_outside_f6_correction_population,[],not_applicable,Outside the frozen correction population.
route_88869c561134,full_2026-07-06__rec_001187,model_860d9511b312,config_a61df29bcbc9,unchanged_outside_f6_correction_population,[],not_applicable,Outside the frozen correction population.
route_14d49b87f50f,full_2026-07-06__rec_001187,model_860d9511b312,config_5626f90cf2cb,unchanged_outside_f6_correction_population,[],not_applicable,Outside the frozen correction population.
route_42e13a712e55,full_2026-07-06__rec_001187,model_860d9511b312,config_50ebb50f276d,unchanged_outside_f6_correction_population,[],not_applicable,Outside the frozen correction population.
route_4ea7d2fffd2b,full_2026-07-06__rec_001187,model_860d9511b312,config_ce9056ba8d22,unchanged_outside_f6_correction_population,[],not_applicable,Outside the frozen correction population.
route_eb4d5b439c28,full_2026-07-06__rec_001187,model_860d9511b312,config_c6fab3de6829,unchanged_outside_f6_correction_population,[],not_applicable,Outside the frozen correction population.
route_6ef939c09098,full_2026-07-06__rec_001187,model_860d9511b312,config_e406945de0fc,revise_fields,"['carrier_subtype', 'evidence_quote', 'fusion_topology']",high,"The route is real and remains an evaluation route grounded in explicit text. The paper supports per-gene P3GPT embeddings feeding binary GO-term classifiers, but not the pooled subtype. The fusion label is narrowed away from the prior generic value to reflect the explicit downstream classifier setup."
route_acbc9f71b368,full_2026-07-06__rec_001187,model_0dc740f11cc3,config_8700f9c1c72d,unchanged_outside_f6_correction_population,[],not_applicable,Outside the frozen correction population.
route_9ee2a23f3bb4,full_2026-07-06__rec_001187,model_860d9511b312,config_28a9a7d267af,unchanged_outside_f6_correction_population,[],not_applicable,Outside the frozen correction population.
route_68c5a50f865a,full_2026-07-06__rec_001200,model_d3d6352d5bcb,config_ca8e89be6fba,unchanged_outside_f6_correction_population,[],not_applicable,Outside the frozen correction population.
route_1df4fd7ee33b,full_2026-07-06__rec_001200,model_d3d6352d5bcb,config_4ff6c3f2b5bd,unchanged_outside_f6_correction_population,[],not_applicable,Outside the frozen correction population.
route_b63107a7a758,full_2026-07-06__rec_001200,model_d3d6352d5bcb,config_4ff6c3f2b5bd,unchanged_outside_f6_correction_population,[],not_applicable,Outside the frozen correction population.
route_e3362f03567b,full_2026-07-06__rec_001200,model_d3d6352d5bcb,config_e87a089c0b5c,unchanged_outside_f6_correction_population,[],not_applicable,Outside the frozen correction population.
route_5de733be5449,full_2026-07-06__rec_001200,model_d3d6352d5bcb,config_4f143b5265d5,unchanged_outside_f6_correction_population,[],not_applicable,Outside the frozen correction population.
route_c75010de41e1,full_2026-07-06__rec_001200,model_d3d6352d5bcb,config_e01a80179e5c,unchanged_outside_f6_correction_population,[],not_applicable,Outside the frozen correction population.
route_814eb4ef1898,full_2026-07-06__rec_001218,model_a45de7f446e9,config_2d9f3edb813e,unchanged_outside_f6_correction_population,[],not_applicable,Outside the frozen correction population.
route_a525acddbe12,full_2026-07-06__rec_001218,model_a45de7f446e9,config_2d9f3edb813e,unchanged_outside_f6_correction_population,[],not_applicable,Outside the frozen correction population.
route_79351a652029,full_2026-07-06__rec_001218,model_a45de7f446e9,config_2d9f3edb813e,unchanged_outside_f6_correction_population,[],not_applicable,Outside the frozen correction population.
route_2997abc848de,full_2026-07-06__rec_001218,model_a45de7f446e9,config_7cb973758416,unchanged_outside_f6_correction_population,[],not_applicable,Outside the frozen correction population.
route_f1f43f8f60ae,full_2026-07-06__rec_001218,model_a45de7f446e9,config_7cb973758416,unchanged_outside_f6_correction_population,[],not_applicable,Outside the frozen correction population.
route_06651029e746,full_2026-07-06__rec_001218,model_a45de7f446e9,config_1d924205fa17,unchanged_outside_f6_correction_population,[],not_applicable,Outside the frozen correction population.
route_3255c1091034,full_2026-07-06__rec_001218,model_a45de7f446e9,config_58effcb8cce2,unchanged_outside_f6_correction_population,[],not_applicable,Outside the frozen correction population.
route_37eae69f2672,full_2026-07-06__rec_001218,model_a45de7f446e9,config_53ea83ea3c04,unchanged_outside_f6_correction_population,[],not_applicable,Outside the frozen correction population.
route_59c0f2ea15e4,full_2026-07-06__rec_001277,model_5f2f0ba1126a,config_0755fcfb4525,unchanged_outside_f6_correction_population,[],not_applicable,Outside the frozen correction population.
route_ff7cf939a1c2,full_2026-07-06__rec_001277,model_5f2f0ba1126a,config_11fafbe2ecd8,unchanged_outside_f6_correction_population,[],not_applicable,Outside the frozen correction population.
route_050dc5bde59a,full_2026-07-06__rec_001277,model_cc36a8d0a233,config_cfd69d086451,unchanged_outside_f6_correction_population,[],not_applicable,Outside the frozen correction population.
route_834ff7bbf34f,full_2026-07-06__rec_001277,model_422e09e03da5,config_00c5c600c476,unchanged_outside_f6_correction_population,[],not_applicable,Outside the frozen correction population.
route_2ba5313f5a9d,full_2026-07-06__rec_001277,model_422e09e03da5,config_00c5c600c476,unchanged_outside_f6_correction_population,[],not_applicable,Outside the frozen correction population.
route_14152f1e2537,full_2026-07-06__rec_001319,model_867ffa020512,config_ea30fd3ce47b,unchanged_outside_f6_correction_population,[],not_applicable,Outside the frozen correction population.
route_be3424510352,full_2026-07-06__rec_001319,model_867ffa020512,config_38a38b1932fb,unchanged_outside_f6_correction_population,[],not_applicable,Outside the frozen correction population.
route_35cf8fd29c94,full_2026-07-06__rec_001319,model_867ffa020512,config_38a38b1932fb,unchanged_outside_f6_correction_population,[],not_applicable,Outside the frozen correction population.
route_61f880bd73b6,full_2026-07-06__rec_001319,model_867ffa020512,config_f76ed6c108bb,unchanged_outside_f6_correction_population,[],not_applicable,Outside the frozen correction population.
route_4734953682d7,full_2026-07-06__rec_001319,model_867ffa020512,config_f76ed6c108bb,unchanged_outside_f6_correction_population,[],not_applicable,Outside the frozen correction population.
route_341400d84a00,full_2026-07-06__rec_001343,model_2a4d0a37a0ad,config_7864e4c05d65,unchanged_outside_f6_correction_population,[],not_applicable,Outside the frozen correction population.
route_33c428778637,full_2026-07-06__rec_001343,model_2a4d0a37a0ad,config_c09a1eee8b62,unchanged_outside_f6_correction_population,[],not_applicable,Outside the frozen correction population.
route_60811d2ca646,full_2026-07-06__rec_001343,model_2a4d0a37a0ad,config_3b6517c35c69,unchanged_outside_f6_correction_population,[],not_applicable,Outside the frozen correction population.
route_b441718bb9ae,full_2026-07-06__rec_001343,model_2a4d0a37a0ad,config_295e12629e55,unchanged_outside_f6_correction_population,[],not_applicable,Outside the frozen correction population.
route_db014e40a27b,full_2026-07-06__rec_001343,model_2a4d0a37a0ad,config_6207fb630733,unchanged_outside_f6_correction_population,[],not_applicable,Outside the frozen correction population.
route_7a11d879f520,full_2026-07-06__rec_001343,model_2a4d0a37a0ad,config_944b120e0e26,unchanged_outside_f6_correction_population,[],not_applicable,Outside the frozen correction population.
route_c88dc1223aa2,full_2026-07-06__rec_001343,model_2a4d0a37a0ad,config_7ca2f221b08f,revise_fields,"['evidence_quote', 'lifecycle_phase']",high,"Appendix D explicitly defines the deconvolution task and its reference source, but the paper does not place this route in the reported scDiff experiments, so lifecycle_phase should be unclear rather than evaluation."
route_fe676aa8da45,full_2026-07-06__rec_001343,model_2a4d0a37a0ad,config_5419b3118b6a,revise_fields,"['evidence_quote', 'lifecycle_phase']",high,"Appendix D explicitly defines modality prediction and its concatenated source/target formulation, but the paper does not report it as an evaluated scDiff route, so lifecycle_phase should be unclear rather than evaluation."
route_f69f5645b8b6,full_2026-07-06__rec_001352,model_23ffab302d6b,config_5ddf5593b4c7,unchanged_outside_f6_correction_population,[],not_applicable,Outside the frozen correction population.
route_f448f8567994,full_2026-07-06__rec_001352,model_23ffab302d6b,config_6d46568fec9e,unchanged_outside_f6_correction_population,[],not_applicable,Outside the frozen correction population.
route_a6559f47554c,full_2026-07-06__rec_001352,model_23ffab302d6b,config_e586a9eed414,unchanged_outside_f6_correction_population,[],not_applicable,Outside the frozen correction population.
route_c80d1f7e2b18,full_2026-07-06__rec_001352,model_23ffab302d6b,config_1c6cc9c14ad4,unchanged_outside_f6_correction_population,[],not_applicable,Outside the frozen correction population.
route_25afc922cc13,full_2026-07-06__rec_001352,model_23ffab302d6b,config_85568fbdea80,unchanged_outside_f6_correction_population,[],not_applicable,Outside the frozen correction population.
route_d7dcfe8ab908,full_2026-07-06__rec_001352,model_23ffab302d6b,config_85568fbdea80,unchanged_outside_f6_correction_population,[],not_applicable,Outside the frozen correction population.
route_fce69a574de1,full_2026-07-06__rec_001352,model_23ffab302d6b,config_9af8e886f341,unchanged_outside_f6_correction_population,[],not_applicable,Outside the frozen correction population.
route_fbd79b00ab68,full_2026-07-06__rec_001352,model_23ffab302d6b,config_9af8e886f341,unchanged_outside_f6_correction_population,[],not_applicable,Outside the frozen correction population.
route_bca4ff4bec3d,full_2026-07-06__rec_001352,model_23ffab302d6b,config_11313b3b47cd,unchanged_outside_f6_correction_population,[],not_applicable,Outside the frozen correction population.
route_a296352c6985,full_2026-07-06__rec_001352,model_23ffab302d6b,config_11313b3b47cd,unchanged_outside_f6_correction_population,[],not_applicable,Outside the frozen correction population.
route_316a17c531e7,full_2026-07-06__rec_001352,model_23ffab302d6b,config_b680eac8f201,unchanged_outside_f6_correction_population,[],not_applicable,Outside the frozen correction population.
route_66ceed3a7c7c,full_2026-07-06__rec_001352,model_23ffab302d6b,config_b680eac8f201,unchanged_outside_f6_correction_population,[],not_applicable,Outside the frozen correction population.
route_ab73c9e4c443,full_2026-07-06__rec_001352,model_23ffab302d6b,config_8a01c4273ca1,unchanged_outside_f6_correction_population,[],not_applicable,Outside the frozen correction population.
route_dd6b4b0a8833,full_2026-07-06__rec_001352,model_23ffab302d6b,config_8a01c4273ca1,unchanged_outside_f6_correction_population,[],not_applicable,Outside the frozen correction population.
route_d0d20292a638,full_2026-07-06__rec_001352,model_23ffab302d6b,config_38a3f3baa7b4,unchanged_outside_f6_correction_population,[],not_applicable,Outside the frozen correction population.
route_96155896761d,full_2026-07-06__rec_001352,model_23ffab302d6b,config_38a3f3baa7b4,unchanged_outside_f6_correction_population,[],not_applicable,Outside the frozen correction population.
route_4c177264121e,full_2026-07-06__rec_001352,model_23ffab302d6b,config_7bacbcbb3c60,unchanged_outside_f6_correction_population,[],not_applicable,Outside the frozen correction population.
route_4b59d8f2b620,full_2026-07-06__rec_001352,model_23ffab302d6b,config_7bacbcbb3c60,unchanged_outside_f6_correction_population,[],not_applicable,Outside the frozen correction population.
route_5b512157360b,full_2026-07-06__rec_001352,model_23ffab302d6b,config_359cff626769,unchanged_outside_f6_correction_population,[],not_applicable,Outside the frozen correction population.
route_12d7d966e290,full_2026-07-06__rec_001352,model_23ffab302d6b,config_359cff626769,unchanged_outside_f6_correction_population,[],not_applicable,Outside the frozen correction population.
route_e41c2b760139,full_2026-07-06__rec_001352,model_23ffab302d6b,config_bfbf81110497,unchanged_outside_f6_correction_population,[],not_applicable,Outside the frozen correction population.
route_f27cdb31c4ca,full_2026-07-06__rec_001352,model_23ffab302d6b,config_aaf68bad874e,unchanged_outside_f6_correction_population,[],not_applicable,Outside the frozen correction population.
route_347b0e24a453,full_2026-07-06__rec_001352,model_23ffab302d6b,config_b1111b097343,unchanged_outside_f6_correction_population,[],not_applicable,Outside the frozen correction population.
route_23711b8a6d22,full_2026-07-06__rec_001352,model_23ffab302d6b,config_b1111b097343,unchanged_outside_f6_correction_population,[],not_applicable,Outside the frozen correction population.
route_dedea019c8c6,full_2026-07-06__rec_001352,model_23ffab302d6b,config_ceb43afe2cc2,unchanged_outside_f6_correction_population,[],not_applicable,Outside the frozen correction population.
route_24c930aa65f9,full_2026-07-06__rec_001352,model_23ffab302d6b,config_46c4b9bbddaa,unchanged_outside_f6_correction_population,[],not_applicable,Outside the frozen correction population.
route_e5b3f0ddc7a8,full_2026-07-06__rec_001352,model_23ffab302d6b,config_46c4b9bbddaa,unchanged_outside_f6_correction_population,[],not_applicable,Outside the frozen correction population.
route_74341e8e7404,full_2026-07-06__rec_001352,model_23ffab302d6b,config_bfbf81110497,unchanged_outside_f6_correction_population,[],not_applicable,Outside the frozen correction population.
route_b1a0860c865c,full_2026-07-06__rec_001352,model_23ffab302d6b,config_aaf68bad874e,unchanged_outside_f6_correction_population,[],not_applicable,Outside the frozen correction population.
route_18f47c655714,full_2026-07-06__rec_001381,model_58c5ce11b66a,config_b1292816fcbd,revise_fields,"['evidence_quote', 'model_visible_form_verbatim']",high,"The pretraining route is supported, but the model-visible form should be the gene-symbol/expression representation after normalization, not the raw count matrix itself."
route_ba81ad8a8e8d,full_2026-07-06__rec_001381,model_0ea0b64c5788,config_2994db049e48,unchanged_outside_f6_correction_population,[],not_applicable,Outside the frozen correction population.
route_d9d1fbe0e6f2,full_2026-07-06__rec_001381,model_ffaa8b52273c,config_da094946c522,unchanged_outside_f6_correction_population,[],not_applicable,Outside the frozen correction population.
route_2d321e59d60e,full_2026-07-06__rec_001381,model_ffaa8b52273c,config_999e5ded8642,unchanged_outside_f6_correction_population,[],not_applicable,Outside the frozen correction population.
route_82d0d8cf6fc5,full_2026-07-06__rec_001381,model_ffaa8b52273c,config_a2cb5fda0aed,unchanged_outside_f6_correction_population,[],not_applicable,Outside the frozen correction population.
route_e85e6aec8370,full_2026-07-06__rec_001381,model_ffaa8b52273c,config_a2cb5fda0aed,unchanged_outside_f6_correction_population,[],not_applicable,Outside the frozen correction population.
route_bbae04cee963,full_2026-07-06__rec_001381,model_b4a92e5e540d,config_3c8409d79794,unchanged_outside_f6_correction_population,[],not_applicable,Outside the frozen correction population.
route_0e7af367b8f6,full_2026-07-06__rec_001381,model_ffaa8b52273c,config_11f0ba65eaae,revise_fields,"['evidence_quote', 'fusion_topology']",high,"The route is real and supported as downstream inference-time feature extraction for clustering, but the paper does not establish a shared-latent fusion topology here."
route_88e8d2744e24,full_2026-07-06__rec_001519,model_5421186d4cbe,config_68986844968e,unchanged_outside_f6_correction_population,[],not_applicable,Outside the frozen correction population.
route_424e87dd1e00,full_2026-07-06__rec_001519,model_5421186d4cbe,config_b346192e560b,unchanged_outside_f6_correction_population,[],not_applicable,Outside the frozen correction population.
route_8db6326aa3e2,full_2026-07-06__rec_001617,model_b47a3fca0d58,config_9d14c1087c91,unchanged_outside_f6_correction_population,[],not_applicable,Outside the frozen correction population.
route_6c9a758213b0,full_2026-07-06__rec_001617,model_a0f67b1880c7,config_81231981abe8,unchanged_outside_f6_correction_population,[],not_applicable,Outside the frozen correction population.
route_ae1471c9185d,full_2026-07-06__rec_001617,model_61aa6fc79089,config_ec21e5b052f3,unchanged_outside_f6_correction_population,[],not_applicable,Outside the frozen correction population.
route_1abad50b2c88,full_2026-07-06__rec_001617,model_a0f67b1880c7,config_0ee079663382,unchanged_outside_f6_correction_population,[],not_applicable,Outside the frozen correction population.
route_28b3534a8da1,full_2026-07-06__rec_001617,model_61aa6fc79089,config_2fe58c8bb499,unchanged_outside_f6_correction_population,[],not_applicable,Outside the frozen correction population.
route_f6a3945350e8,full_2026-07-06__rec_001617,model_ca02cecd45be,config_7de96db454db,unchanged_outside_f6_correction_population,[],not_applicable,Outside the frozen correction population.
route_795c27e38c2b,full_2026-07-06__rec_001617,model_a62125696693,config_009f05c2ad30,unchanged_outside_f6_correction_population,[],not_applicable,Outside the frozen correction population.
route_3346bafbaa10,full_2026-07-06__rec_001617,model_cabb39a8d967,config_83f676f523b2,unchanged_outside_f6_correction_population,[],not_applicable,Outside the frozen correction population.
route_781af690075d,full_2026-07-06__rec_001617,model_c47c8bf166d6,config_6eca46c2607b,unchanged_outside_f6_correction_population,[],not_applicable,Outside the frozen correction population.
route_c9cb216e6226,full_2026-07-06__rec_001617,model_a95b39ba55bc,config_3470d1e24dfc,unchanged_outside_f6_correction_population,[],not_applicable,Outside the frozen correction population.
route_dcf75e6ddb0d,full_2026-07-06__rec_001617,model_a62125696693,config_f5cb8b4e9918,unchanged_outside_f6_correction_population,[],not_applicable,Outside the frozen correction population.
route_d52f38caf9ac,full_2026-07-06__rec_001617,model_cabb39a8d967,config_d56038733eb8,unchanged_outside_f6_correction_population,[],not_applicable,Outside the frozen correction population.
route_b3ec9d44728a,full_2026-07-06__rec_001617,model_c47c8bf166d6,config_39814cbdf685,unchanged_outside_f6_correction_population,[],not_applicable,Outside the frozen correction population.
route_ef7e448e3f6c,full_2026-07-06__rec_001617,model_a95b39ba55bc,config_453d162792a5,unchanged_outside_f6_correction_population,[],not_applicable,Outside the frozen correction population.
route_1f9a26bc7035,full_2026-07-06__rec_001617,model_61aa6fc79089,config_661abd234cc0,unchanged_outside_f6_correction_population,[],not_applicable,Outside the frozen correction population.
route_d1359ce2ae2e,full_2026-07-06__rec_001617,model_ca02cecd45be,config_0c32a45ad13a,unchanged_outside_f6_correction_population,[],not_applicable,Outside the frozen correction population.
route_69221bb4cbfb,full_2026-07-06__rec_001617,model_a62125696693,config_f1e45f8b416b,unchanged_outside_f6_correction_population,[],not_applicable,Outside the frozen correction population.
route_c7edfd5df171,full_2026-07-06__rec_001617,model_cabb39a8d967,config_d31cbaed0251,unchanged_outside_f6_correction_population,[],not_applicable,Outside the frozen correction population.
route_768e5f339019,full_2026-07-06__rec_001617,model_c47c8bf166d6,config_1be8cc672eec,unchanged_outside_f6_correction_population,[],not_applicable,Outside the frozen correction population.
route_f021d74d7c8a,full_2026-07-06__rec_001617,model_a95b39ba55bc,config_c0e76edefa1d,unchanged_outside_f6_correction_population,[],not_applicable,Outside the frozen correction population.
route_b001b0667306,full_2026-07-06__rec_001617,model_61aa6fc79089,config_b560295f29f6,unchanged_outside_f6_correction_population,[],not_applicable,Outside the frozen correction population.
route_e8e195e0b315,full_2026-07-06__rec_001617,model_ca02cecd45be,config_aa11e3609f0b,unchanged_outside_f6_correction_population,[],not_applicable,Outside the frozen correction population.
route_22c5b93e6465,full_2026-07-06__rec_001617,model_a62125696693,config_2c89d5fc1190,unchanged_outside_f6_correction_population,[],not_applicable,Outside the frozen correction population.
route_a03dbfe863f0,full_2026-07-06__rec_001617,model_cabb39a8d967,config_626166b17e6a,unchanged_outside_f6_correction_population,[],not_applicable,Outside the frozen correction population.
route_b74ebbc6e38c,full_2026-07-06__rec_001617,model_c47c8bf166d6,config_ec5e7001d7e8,unchanged_outside_f6_correction_population,[],not_applicable,Outside the frozen correction population.
route_3bdf37b783eb,full_2026-07-06__rec_001617,model_a95b39ba55bc,config_144bd7e41bc8,unchanged_outside_f6_correction_population,[],not_applicable,Outside the frozen correction population.
route_f8ebcb685ef1,full_2026-07-06__rec_001687,model_fcda05dbbcd5,config_299257729549,unchanged_outside_f6_correction_population,[],not_applicable,Outside the frozen correction population.
route_a05532f42152,full_2026-07-06__rec_001687,model_fcda05dbbcd5,config_6ff25415292f,unchanged_outside_f6_correction_population,[],not_applicable,Outside the frozen correction population.
route_45715fc3d13b,full_2026-07-06__rec_001687,model_fcda05dbbcd5,config_a014627e87ff,unchanged_outside_f6_correction_population,[],not_applicable,Outside the frozen correction population.
route_1f5299997eba,full_2026-07-06__rec_001687,model_fcda05dbbcd5,config_a014627e87ff,unchanged_outside_f6_correction_population,[],not_applicable,Outside the frozen correction population.
route_1562a2c1b3ef,full_2026-07-06__rec_001687,model_fcda05dbbcd5,config_016f94e5bc27,unchanged_outside_f6_correction_population,[],not_applicable,Outside the frozen correction population.
route_cd801d11023c,full_2026-07-06__rec_001687,model_fcda05dbbcd5,config_200d022b888d,unchanged_outside_f6_correction_population,[],not_applicable,Outside the frozen correction population.
route_ff58ef3678d5,full_2026-07-06__rec_001773,model_b4d1be45d2bb,config_40d2635ba7e6,unchanged_outside_f6_correction_population,[],not_applicable,Outside the frozen correction population.
route_5a870e25295a,full_2026-07-06__rec_001773,model_b4d1be45d2bb,config_d12728aa31ae,unchanged_outside_f6_correction_population,[],not_applicable,Outside the frozen correction population.
route_6610039a3b9e,full_2026-07-06__rec_001773,model_b4d1be45d2bb,config_9d74fde07d18,unchanged_outside_f6_correction_population,[],not_applicable,Outside the frozen correction population.
route_c4ad04e86ac4,full_2026-07-06__rec_001773,model_b4d1be45d2bb,config_065d161a999e,unchanged_outside_f6_correction_population,[],not_applicable,Outside the frozen correction population.
route_96f0223e6ea1,full_2026-07-06__rec_001773,model_b4d1be45d2bb,config_7e2bdb6bd7f0,unchanged_outside_f6_correction_population,[],not_applicable,Outside the frozen correction population.
route_b81c19c31deb,full_2026-07-06__rec_001773,model_b4d1be45d2bb,config_075a23c13205,unchanged_outside_f6_correction_population,[],not_applicable,Outside the frozen correction population.
route_fdd5a06de00b,full_2026-07-06__rec_001830,model_1bf0ccb8259f,config_0c7145e694de,unchanged_outside_f6_correction_population,[],not_applicable,Outside the frozen correction population.
route_ce89ed8fc2f8,full_2026-07-06__rec_001830,model_1bf0ccb8259f,config_a09758a77aff,unchanged_outside_f6_correction_population,[],not_applicable,Outside the frozen correction population.
route_167e8d61aaec,full_2026-07-06__rec_001830,model_1bf0ccb8259f,config_8f8a92b8feaf,unchanged_outside_f6_correction_population,[],not_applicable,Outside the frozen correction population.
route_4c3ebc517d6c,full_2026-07-06__rec_001830,model_1bf0ccb8259f,config_f6f3115cba8a,unchanged_outside_f6_correction_population,[],not_applicable,Outside the frozen correction population.
route_f7dea95d8f42,full_2026-07-06__rec_001830,model_1bf0ccb8259f,config_a23c2371e05c,unchanged_outside_f6_correction_population,[],not_applicable,Outside the frozen correction population.
route_990b08560f17,full_2026-07-06__rec_001830,model_1bf0ccb8259f,config_d648d791d43e,unchanged_outside_f6_correction_population,[],not_applicable,Outside the frozen correction population.
route_d52d8c7a5bcf,full_2026-07-06__rec_001838,model_9c283f71363e,config_7b64886571d4,unchanged_outside_f6_correction_population,[],not_applicable,Outside the frozen correction population.
route_22e9c9cfdc9b,full_2026-07-06__rec_001838,model_99366b543213,config_50b9e7a80491,unchanged_outside_f6_correction_population,[],not_applicable,Outside the frozen correction population.
route_89003c6e8325,full_2026-07-06__rec_001838,model_35105bbde921,config_e37c16992a01,unchanged_outside_f6_correction_population,[],not_applicable,Outside the frozen correction population.
route_3cfe128dfd30,full_2026-07-06__rec_001889,model_5fd880eafa1a,config_6cd68fbfc84e,unchanged_outside_f6_correction_population,[],not_applicable,Outside the frozen correction population.
route_f1a7508064a3,full_2026-07-06__rec_001889,model_5fd880eafa1a,config_6cd68fbfc84e,unchanged_outside_f6_correction_population,[],not_applicable,Outside the frozen correction population.
route_926edf3c6519,full_2026-07-06__rec_001889,model_5fd880eafa1a,config_6cd68fbfc84e,unchanged_outside_f6_correction_population,[],not_applicable,Outside the frozen correction population.
route_09b4e223ce85,full_2026-07-06__rec_001889,model_5fd880eafa1a,config_93bfc5c4c2de,unchanged_outside_f6_correction_population,[],not_applicable,Outside the frozen correction population.
route_2837ee1774c1,full_2026-07-06__rec_001889,model_5fd880eafa1a,config_fcb24407df50,unchanged_outside_f6_correction_population,[],not_applicable,Outside the frozen correction population.
route_a4c774fd1b5b,full_2026-07-06__rec_001889,model_5fd880eafa1a,config_fcb24407df50,unchanged_outside_f6_correction_population,[],not_applicable,Outside the frozen correction population.
route_d9808b3f41b5,full_2026-07-06__rec_001889,model_5fd880eafa1a,config_fcb24407df50,unchanged_outside_f6_correction_population,[],not_applicable,Outside the frozen correction population.
route_6c33fca90b79,full_2026-07-06__rec_001889,model_5fd880eafa1a,config_7e452383cac4,unchanged_outside_f6_correction_population,[],not_applicable,Outside the frozen correction population.
route_12d12f1ba884,full_2026-07-06__rec_001889,model_5fd880eafa1a,config_80d44a9b554e,unchanged_outside_f6_correction_population,[],not_applicable,Outside the frozen correction population.
route_db10859c8abb,full_2026-07-06__rec_001889,model_5fd880eafa1a,config_62ed1825501a,unchanged_outside_f6_correction_population,[],not_applicable,Outside the frozen correction population.
route_b41e139a6df2,full_2026-07-06__rec_001889,model_5fd880eafa1a,config_3d89c24f9175,unchanged_outside_f6_correction_population,[],not_applicable,Outside the frozen correction population.
route_d741b667bdc9,full_2026-07-06__rec_001889,model_5fd880eafa1a,config_3f9f9e383486,unchanged_outside_f6_correction_population,[],not_applicable,Outside the frozen correction population.
route_fcd011353b68,full_2026-07-06__rec_001889,model_5fd880eafa1a,config_6eef6e2a23f7,unchanged_outside_f6_correction_population,[],not_applicable,Outside the frozen correction population.
route_d58aa4c7d1dd,full_2026-07-06__rec_002049,model_9be63ad52f90,config_a1e1d340bbb5,unchanged_outside_f6_correction_population,[],not_applicable,Outside the frozen correction population.
route_4224ba560f81,full_2026-07-06__rec_002049,model_9be63ad52f90,config_d625f1596463,unchanged_outside_f6_correction_population,[],not_applicable,Outside the frozen correction population.
route_b7fbc161d721,full_2026-07-06__rec_002049,model_9be63ad52f90,config_4a75fa6fd0c0,unchanged_outside_f6_correction_population,[],not_applicable,Outside the frozen correction population.
route_c61f8f6a5c1e,full_2026-07-06__rec_002049,model_9be63ad52f90,config_e0a1d4043f6b,unchanged_outside_f6_correction_population,[],not_applicable,Outside the frozen correction population.
route_8b4b2de14039,full_2026-07-06__rec_002049,model_9be63ad52f90,config_e0a1d4043f6b,unchanged_outside_f6_correction_population,[],not_applicable,Outside the frozen correction population.
route_9d7c941595fc,full_2026-07-06__rec_002049,model_9be63ad52f90,config_eca65a3e71b5,unchanged_outside_f6_correction_population,[],not_applicable,Outside the frozen correction population.
route_c4cd401ae46b,full_2026-07-06__rec_002049,model_9be63ad52f90,config_71ede05b6f9f,unchanged_outside_f6_correction_population,[],not_applicable,Outside the frozen correction population.
route_595dcf1b86f3,full_2026-07-06__rec_002049,model_9be63ad52f90,config_71ede05b6f9f,unchanged_outside_f6_correction_population,[],not_applicable,Outside the frozen correction population.
route_fad8a3478784,full_2026-07-06__rec_002049,model_9be63ad52f90,config_178dc3728fb8,unchanged_outside_f6_correction_population,[],not_applicable,Outside the frozen correction population.
route_4046842f6227,full_2026-07-06__rec_002105,model_7edc725404f8,config_97e791188e94,unchanged_outside_f6_correction_population,[],not_applicable,Outside the frozen correction population.
route_42e3497047e3,full_2026-07-06__rec_002105,model_7edc725404f8,config_1928e83b2412,unchanged_outside_f6_correction_population,[],not_applicable,Outside the frozen correction population.
route_50dfc1a52d64,full_2026-07-06__rec_002105,model_1fb19463c978,config_52b7f20c931a,unchanged_outside_f6_correction_population,[],not_applicable,Outside the frozen correction population.
route_5e86ef1efcaa,full_2026-07-06__rec_002105,model_16a912645955,config_3aa1e59baeda,unchanged_outside_f6_correction_population,[],not_applicable,Outside the frozen correction population.
route_bb452f4c33e5,full_2026-07-06__rec_002105,model_16a912645955,config_c0c5efca9f9e,unchanged_outside_f6_correction_population,[],not_applicable,Outside the frozen correction population.
route_2951164b5686,full_2026-07-06__rec_002105,model_16a912645955,config_fed1b10ee176,unchanged_outside_f6_correction_population,[],not_applicable,Outside the frozen correction population.
route_110ecfea952d,full_2026-07-06__rec_002105,model_16a912645955,config_92cbb588891d,unchanged_outside_f6_correction_population,[],not_applicable,Outside the frozen correction population.
route_bf01b711c418,full_2026-07-06__rec_002243,model_d2833fcd27aa,config_b6eaa1e1287d,unchanged_outside_f6_correction_population,[],not_applicable,Outside the frozen correction population.
route_9fcc57f4af69,full_2026-07-06__rec_002243,model_d2833fcd27aa,config_b6eaa1e1287d,unchanged_outside_f6_correction_population,[],not_applicable,Outside the frozen correction population.
route_a70369fbdf43,full_2026-07-06__rec_002243,model_d2833fcd27aa,config_b6eaa1e1287d,unchanged_outside_f6_correction_population,[],not_applicable,Outside the frozen correction population.
route_37a7cca91a29,full_2026-07-06__rec_002243,model_5e9bb9e443dc,config_e5935fc62197,unchanged_outside_f6_correction_population,[],not_applicable,Outside the frozen correction population.
route_6ba807e0d8ae,full_2026-07-06__rec_002243,model_3841ec0733e7,config_dd78ee229e66,unchanged_outside_f6_correction_population,[],not_applicable,Outside the frozen correction population.
route_ee89475f41a7,full_2026-07-06__rec_002243,model_5e9bb9e443dc,config_5e2704f905bd,unchanged_outside_f6_correction_population,[],not_applicable,Outside the frozen correction population.
route_61ca2ca26bf3,full_2026-07-06__rec_002243,model_58435d2084b0,config_164b71abdcfa,unchanged_outside_f6_correction_population,[],not_applicable,Outside the frozen correction population.
route_6aa93231ea9d,full_2026-07-06__rec_002243,model_58435d2084b0,config_d90d572bfa0e,unchanged_outside_f6_correction_population,[],not_applicable,Outside the frozen correction population.
route_e3205dec51da,full_2026-07-06__rec_002243,model_3841ec0733e7,config_1fb52b6c832d,unchanged_outside_f6_correction_population,[],not_applicable,Outside the frozen correction population.
route_e8cc2811eb6b,full_2026-07-06__rec_002243,model_5e9bb9e443dc,config_5e2704f905bd,unchanged_outside_f6_correction_population,[],not_applicable,Outside the frozen correction population.
route_66ca1cdc7b10,full_2026-07-06__rec_002243,model_5e9bb9e443dc,config_ec89ce1818db,unchanged_outside_f6_correction_population,[],not_applicable,Outside the frozen correction population.
route_d2a0d71b1a7b,full_2026-07-06__rec_002243,model_58435d2084b0,config_4dd437867bf9,unchanged_outside_f6_correction_population,[],not_applicable,Outside the frozen correction population.
route_da112bfb76ee,full_2026-07-06__rec_002243,model_58435d2084b0,config_475bf78d5ab3,unchanged_outside_f6_correction_population,[],not_applicable,Outside the frozen correction population.
route_958373e19abf,full_2026-07-06__rec_002304,model_0e34c1fd11f6,config_dab2ca7192c5,unchanged_outside_f6_correction_population,[],not_applicable,Outside the frozen correction population.
route_b11ae6a91236,full_2026-07-06__rec_002304,model_0e34c1fd11f6,config_dab2ca7192c5,unchanged_outside_f6_correction_population,[],not_applicable,Outside the frozen correction population.
route_73685d611122,full_2026-07-06__rec_002304,model_0e34c1fd11f6,config_dab2ca7192c5,unchanged_outside_f6_correction_population,[],not_applicable,Outside the frozen correction population.
route_a2c45897af77,full_2026-07-06__rec_002304,model_0e34c1fd11f6,config_dab2ca7192c5,unchanged_outside_f6_correction_population,[],not_applicable,Outside the frozen correction population.
route_f25f4eadc58f,full_2026-07-06__rec_002327,model_74758c50e662,config_9e37c67ea218,unchanged_outside_f6_correction_population,[],not_applicable,Outside the frozen correction population.
route_c9f58cc549fc,full_2026-07-06__rec_002327,model_74758c50e662,config_9e37c67ea218,unchanged_outside_f6_correction_population,[],not_applicable,Outside the frozen correction population.
route_846f86009834,full_2026-07-06__rec_002327,model_74758c50e662,config_aadec28219bc,unchanged_outside_f6_correction_population,[],not_applicable,Outside the frozen correction population.
route_02ce74ec15e8,full_2026-07-06__rec_002327,model_74758c50e662,config_aadec28219bc,unchanged_outside_f6_correction_population,[],not_applicable,Outside the frozen correction population.
route_9c4898db67f0,full_2026-07-06__rec_002327,model_74758c50e662,config_d47be6e5cd38,revise_fields,"['carrier_family', 'carrier_subtype', 'evidence_quote', 'fusion_topology']",high,"The paper explicitly establishes a paired mutated-vs-wild-type nucleotide-sequence scoring route via LL differences. That supports the route, but the model-facing carrier is tokenized nucleotide sequence content rather than serialized biological context, and no explicit fusion topology is described, so the carrier coding should be narrowed and the fusion field set to unclear."
route_b382ae08863d,full_2026-07-06__rec_002327,model_74758c50e662,config_c84f48c96136,revise_fields,"['carrier_family', 'carrier_subtype', 'evidence_quote', 'fusion_topology']",high,"This is the same paired-sequence LL-scoring interface applied to mutation-impact prediction across genomic contexts. The route is real, but the carrier should be coded as tokenized biological sequence input rather than serialized context, and the document does not specify a distinct fusion mechanism, so that field should be unclear."
route_e06d358227d9,full_2026-07-06__rec_002517,model_68562cc69016,config_7b7b33de4f88,unchanged_outside_f6_correction_population,[],not_applicable,Outside the frozen correction population.
route_218bfcdb85c8,full_2026-07-06__rec_002517,model_68562cc69016,config_d712584c4503,unchanged_outside_f6_correction_population,[],not_applicable,Outside the frozen correction population.
route_b4eb31a00390,full_2026-07-06__rec_002517,model_68562cc69016,config_3ddc919c3776,unchanged_outside_f6_correction_population,[],not_applicable,Outside the frozen correction population.
route_ba946f8587c7,full_2026-07-06__rec_002517,model_68562cc69016,config_0e811051c918,unchanged_outside_f6_correction_population,[],not_applicable,Outside the frozen correction population.
route_b34f6289051f,full_2026-07-06__rec_002517,model_68562cc69016,config_0e811051c918,unchanged_outside_f6_correction_population,[],not_applicable,Outside the frozen correction population.
route_e96a31addae7,full_2026-07-06__rec_002517,model_68562cc69016,config_0e811051c918,unchanged_outside_f6_correction_population,[],not_applicable,Outside the frozen correction population.
route_469c5890ae77,full_2026-07-06__rec_003008,model_c7150172725e,config_a1920ad5a8ee,unchanged_outside_f6_correction_population,[],not_applicable,Outside the frozen correction population.
route_a11168101d2d,full_2026-07-06__rec_003008,model_3d02d9393c92,config_cbbb988cc8ae,unchanged_outside_f6_correction_population,[],not_applicable,Outside the frozen correction population.
route_ccfe017e70f5,full_2026-07-06__rec_003008,model_3d02d9393c92,config_fe4b33c2af55,unchanged_outside_f6_correction_population,[],not_applicable,Outside the frozen correction population.
route_e7ac8502029f,full_2026-07-06__rec_003008,model_8553f59d67fa,config_6ed6c84d88e3,unchanged_outside_f6_correction_population,[],not_applicable,Outside the frozen correction population.
route_aff9dbfc0d11,full_2026-07-06__rec_003008,model_0b491a7a5d54,config_7c90b43f117b,unchanged_outside_f6_correction_population,[],not_applicable,Outside the frozen correction population.
route_b9151c53252e,full_2026-07-06__rec_003008,model_7ed6448bcdeb,config_e6a8e72e657d,unchanged_outside_f6_correction_population,[],not_applicable,Outside the frozen correction population.
route_9db368b35e63,full_2026-07-06__rec_003008,model_0b491a7a5d54,config_f43a2f899c54,unchanged_outside_f6_correction_population,[],not_applicable,Outside the frozen correction population.
route_1efccd4707e6,full_2026-07-06__rec_003008,model_3d02d9393c92,config_1eacd39a4f7b,unchanged_outside_f6_correction_population,[],not_applicable,Outside the frozen correction population.
route_1701512ab87c,full_2026-07-06__rec_003008,model_3d02d9393c92,config_223be17f91fd,unchanged_outside_f6_correction_population,[],not_applicable,Outside the frozen correction population.
route_ce3413c5632f,full_2026-07-06__rec_003008,model_3d02d9393c92,config_002034fa0e26,unchanged_outside_f6_correction_population,[],not_applicable,Outside the frozen correction population.
route_4f0a7233781e,full_2026-07-06__rec_003008,model_3d02d9393c92,config_002034fa0e26,unchanged_outside_f6_correction_population,[],not_applicable,Outside the frozen correction population.
route_b4746361feed,full_2026-07-06__rec_003008,model_3d02d9393c92,config_002034fa0e26,unchanged_outside_f6_correction_population,[],not_applicable,Outside the frozen correction population.
route_c450584a8acc,full_2026-07-06__rec_003043,model_fa94e391fe47,config_dbaf35a033bb,revise_fields,"['carrier_subtype', 'evidence_quote', 'fusion_topology', 'input_status', 'insertion_or_fusion_verbatim', 'model_visible_form_verbatim', 'section_heading', 'supporting_figure_or_table', 'text_role', 'transformation_chain_normalized', 'transformation_chain_verbatim']",medium,"The paper clearly establishes a text-only supervised fine-tuning route for gene-function description generation. The source label is supported, but the model-facing form is the instruction-tuning training dataset, not the source label itself; the route should be recoded as structured prompt/task scaffolding with paired alignment supervision and explicit prompt-template-style composition rather than tokenizer-level fusion."
route_22d13b63dfa8,full_2026-07-06__rec_003043,model_c443713ee155,config_293dd526689e,unchanged_outside_f6_correction_population,[],not_applicable,Outside the frozen correction population.
route_9640f876d90e,full_2026-07-06__rec_003043,model_4b363c370943,config_dab2b272adfe,unchanged_outside_f6_correction_population,[],not_applicable,Outside the frozen correction population.
route_a8fb3283b641,full_2026-07-06__rec_003043,model_364e087c07ba,config_0f827720913c,unchanged_outside_f6_correction_population,[],not_applicable,Outside the frozen correction population.
route_95a5e9d8fe90,full_2026-07-06__rec_003043,model_6cd07bd7db7c,config_c4e1ebbb6016,unchanged_outside_f6_correction_population,[],not_applicable,Outside the frozen correction population.
route_3af6eeab6bde,full_2026-07-06__rec_003043,model_af471cc4e529,config_60ee7fa24e26,unchanged_outside_f6_correction_population,[],not_applicable,Outside the frozen correction population.
route_e3e67790db59,full_2026-07-06__rec_003043,model_78760ba29751,config_77a4478e9b26,unchanged_outside_f6_correction_population,[],not_applicable,Outside the frozen correction population.
route_f37dc335797b,full_2026-07-06__rec_003043,model_f35a32a6436b,config_dcbabd4d7ffe,unchanged_outside_f6_correction_population,[],not_applicable,Outside the frozen correction population.
route_5496539f3e31,full_2026-07-06__rec_003043,model_f35a32a6436b,config_1be2942b6999,unchanged_outside_f6_correction_population,[],not_applicable,Outside the frozen correction population.
route_84fcd76e9fd3,full_2026-07-06__rec_003131,model_6b93a9600bf1,config_d20ec823eb71,unchanged_outside_f6_correction_population,[],not_applicable,Outside the frozen correction population.
route_e0db3750e2c7,full_2026-07-06__rec_003131,model_6b93a9600bf1,config_0e04c1ed51e4,unchanged_outside_f6_correction_population,[],not_applicable,Outside the frozen correction population.
route_9e462c7819b0,full_2026-07-06__rec_003131,model_6b93a9600bf1,config_4897976b13b9,unchanged_outside_f6_correction_population,[],not_applicable,Outside the frozen correction population.
route_e37e280eb801,full_2026-07-06__rec_003131,model_6b93a9600bf1,config_2e42258e0096,unchanged_outside_f6_correction_population,[],not_applicable,Outside the frozen correction population.
route_03df9dd1f40a,full_2026-07-06__rec_003131,model_6b93a9600bf1,config_2e42258e0096,unchanged_outside_f6_correction_population,[],not_applicable,Outside the frozen correction population.
route_eb37ae7bc053,full_2026-07-06__rec_003131,model_6b93a9600bf1,config_2e42258e0096,unchanged_outside_f6_correction_population,[],not_applicable,Outside the frozen correction population.
route_504a9017e136,full_2026-07-06__rec_003131,model_6b93a9600bf1,config_5d23996acb2c,unchanged_outside_f6_correction_population,[],not_applicable,Outside the frozen correction population.
route_5c3299a14655,full_2026-07-06__rec_003131,model_6b93a9600bf1,config_b915bb133de4,unchanged_outside_f6_correction_population,[],not_applicable,Outside the frozen correction population.
route_4449868be025,full_2026-07-06__rec_003131,model_6b93a9600bf1,config_46e064a3c0d1,unchanged_outside_f6_correction_population,[],not_applicable,Outside the frozen correction population.
route_6a62e21c93db,full_2026-07-06__rec_003188,model_0f8f776fb068,config_18304eae1e88,unchanged_outside_f6_correction_population,[],not_applicable,Outside the frozen correction population.
route_df28d4f6fd67,full_2026-07-06__rec_003188,model_9b1025af9fe7,config_8efd4f36f07e,unchanged_outside_f6_correction_population,[],not_applicable,Outside the frozen correction population.
route_46816780e725,full_2026-07-06__rec_003188,model_0f8f776fb068,config_ac510554df83,unchanged_outside_f6_correction_population,[],not_applicable,Outside the frozen correction population.
route_dd8e38c8f10d,full_2026-07-06__rec_003188,model_0f8f776fb068,config_ac510554df83,unchanged_outside_f6_correction_population,[],not_applicable,Outside the frozen correction population.
route_ebddf67fefd4,full_2026-07-06__rec_003188,model_9b1025af9fe7,config_a1b1aead09de,unchanged_outside_f6_correction_population,[],not_applicable,Outside the frozen correction population.
route_507b0019ae79,full_2026-07-06__rec_003188,model_9b1025af9fe7,config_a1b1aead09de,unchanged_outside_f6_correction_population,[],not_applicable,Outside the frozen correction population.
route_be99d57da557,full_2026-07-06__rec_003206,model_6694aa9f2590,config_f40fb484227c,unchanged_outside_f6_correction_population,[],not_applicable,Outside the frozen correction population.
route_21eb7f55a5cb,full_2026-07-06__rec_003206,model_72e70c356b7a,config_ee0bdb70b269,unchanged_outside_f6_correction_population,[],not_applicable,Outside the frozen correction population.
route_8ec148f22a65,full_2026-07-06__rec_003206,model_6694aa9f2590,config_9434f2689e74,unchanged_outside_f6_correction_population,[],not_applicable,Outside the frozen correction population.
route_ee1f4dbde15d,full_2026-07-06__rec_003206,model_72e70c356b7a,config_4a11406ae46f,unchanged_outside_f6_correction_population,[],not_applicable,Outside the frozen correction population.
route_818f0e3128ff,full_2026-07-06__rec_003206,model_6694aa9f2590,config_e5cd43ffa358,unchanged_outside_f6_correction_population,[],not_applicable,Outside the frozen correction population.
route_f2aef6e12c3a,full_2026-07-06__rec_003206,model_72e70c356b7a,config_344f483c8b5d,unchanged_outside_f6_correction_population,[],not_applicable,Outside the frozen correction population.
route_6e6e12bf204d,full_2026-07-06__rec_003206,model_6694aa9f2590,config_9ebf23b25393,unchanged_outside_f6_correction_population,[],not_applicable,Outside the frozen correction population.
route_aaa39b0c5aa3,full_2026-07-06__rec_003206,model_72e70c356b7a,config_a38519ecf168,unchanged_outside_f6_correction_population,[],not_applicable,Outside the frozen correction population.
route_76a243c3cd9d,full_2026-07-06__rec_003206,model_6694aa9f2590,config_b4e2ce033c22,unchanged_outside_f6_correction_population,[],not_applicable,Outside the frozen correction population.
route_d18659a37757,full_2026-07-06__rec_003206,model_72e70c356b7a,config_0575720b9f98,unchanged_outside_f6_correction_population,[],not_applicable,Outside the frozen correction population.
route_95b1852fc5f4,full_2026-07-06__rec_003206,model_6694aa9f2590,config_edc07f5d6e29,unchanged_outside_f6_correction_population,[],not_applicable,Outside the frozen correction population.
route_5ff04e63ef39,full_2026-07-06__rec_003206,model_72e70c356b7a,config_66d3fd06527c,unchanged_outside_f6_correction_population,[],not_applicable,Outside the frozen correction population.
route_8d63adfae7ac,full_2026-07-06__rec_003214,model_fba98a35871c,config_da25008dc492,unchanged_outside_f6_correction_population,[],not_applicable,Outside the frozen correction population.
route_907b394108c6,full_2026-07-06__rec_003214,model_77f5da416a80,config_805ccede2f3b,unchanged_outside_f6_correction_population,[],not_applicable,Outside the frozen correction population.
route_8dba88613ac4,full_2026-07-06__rec_003214,model_77f5da416a80,config_9f390f3de96c,unchanged_outside_f6_correction_population,[],not_applicable,Outside the frozen correction population.
route_8ab7d83662c7,full_2026-07-06__rec_003214,model_77f5da416a80,config_d235dfa27fba,unchanged_outside_f6_correction_population,[],not_applicable,Outside the frozen correction population.
route_1266d867c22a,full_2026-07-06__rec_003214,model_77f5da416a80,config_7c579f0ae115,unchanged_outside_f6_correction_population,[],not_applicable,Outside the frozen correction population.
route_296252896033,full_2026-07-06__rec_003214,model_77f5da416a80,config_93d6111bd0d4,unchanged_outside_f6_correction_population,[],not_applicable,Outside the frozen correction population.
route_8e681fc01a87,full_2026-07-06__rec_003214,model_77f5da416a80,config_4ee24c8d744b,unchanged_outside_f6_correction_population,[],not_applicable,Outside the frozen correction population.
route_59d034a752b8,full_2026-07-06__rec_003214,model_77f5da416a80,config_6011f840729d,unchanged_outside_f6_correction_population,[],not_applicable,Outside the frozen correction population.
route_f3c4de37c76d,full_2026-07-06__rec_003323,model_6a1d79c2e81c,config_3c89875f2614,unchanged_outside_f6_correction_population,[],not_applicable,Outside the frozen correction population.
route_7de6129d042f,full_2026-07-06__rec_003323,model_6a1d79c2e81c,config_3c89875f2614,unchanged_outside_f6_correction_population,[],not_applicable,Outside the frozen correction population.
route_2c2128dcddb3,full_2026-07-06__rec_003323,model_6a1d79c2e81c,config_fe46364f26ee,unchanged_outside_f6_correction_population,[],not_applicable,Outside the frozen correction population.
route_1b204f10d57b,full_2026-07-06__rec_003323,model_6a1d79c2e81c,config_fe46364f26ee,unchanged_outside_f6_correction_population,[],not_applicable,Outside the frozen correction population.
route_4487dad29d73,full_2026-07-06__rec_003323,model_6a1d79c2e81c,config_72100b5b5b86,unchanged_outside_f6_correction_population,[],not_applicable,Outside the frozen correction population.
route_fd38a0d4631c,full_2026-07-06__rec_003323,model_6a1d79c2e81c,config_72100b5b5b86,unchanged_outside_f6_correction_population,[],not_applicable,Outside the frozen correction population.
route_46dffe37ada4,full_2026-07-06__rec_003323,model_6a1d79c2e81c,config_6a1be0cac103,unchanged_outside_f6_correction_population,[],not_applicable,Outside the frozen correction population.
route_fb28f16be37b,full_2026-07-06__rec_003323,model_6a1d79c2e81c,config_6a1be0cac103,unchanged_outside_f6_correction_population,[],not_applicable,Outside the frozen correction population.
route_52285b2945fb,full_2026-07-06__rec_003323,model_382b827ca741,config_f8beb1aa7e3d,unchanged_outside_f6_correction_population,[],not_applicable,Outside the frozen correction population.
route_22f773f4ee00,full_2026-07-06__rec_003323,model_6a1d79c2e81c,config_a7d6fa3454ba,unchanged_outside_f6_correction_population,[],not_applicable,Outside the frozen correction population.
route_df861ea65ff9,full_2026-07-06__rec_003394,model_958497e0e4e2,config_67c7221374cf,unchanged_outside_f6_correction_population,[],not_applicable,Outside the frozen correction population.
route_e5dcb7e44939,full_2026-07-06__rec_003394,model_958497e0e4e2,config_67c7221374cf,unchanged_outside_f6_correction_population,[],not_applicable,Outside the frozen correction population.
route_4b44933472fc,full_2026-07-06__rec_003394,model_958497e0e4e2,config_2e7a71d91547,unchanged_outside_f6_correction_population,[],not_applicable,Outside the frozen correction population.
route_c0eec7eef6c6,full_2026-07-06__rec_003394,model_958497e0e4e2,config_c1b046f46613,unchanged_outside_f6_correction_population,[],not_applicable,Outside the frozen correction population.
route_ba08dd614cf3,full_2026-07-06__rec_003394,model_958497e0e4e2,config_39587c399935,unchanged_outside_f6_correction_population,[],not_applicable,Outside the frozen correction population.
route_e56839df26bb,full_2026-07-06__rec_003394,model_eb69df38d690,config_19b05e7c85c9,unchanged_outside_f6_correction_population,[],not_applicable,Outside the frozen correction population.
route_69cbd9b2d88e,full_2026-07-06__rec_003394,model_eb69df38d690,config_70f4f57394af,unchanged_outside_f6_correction_population,[],not_applicable,Outside the frozen correction population.
route_e5ae344ee988,full_2026-07-06__rec_003394,model_eb69df38d690,config_5186cec1eb6f,unchanged_outside_f6_correction_population,[],not_applicable,Outside the frozen correction population.
route_868df09e4253,full_2026-07-06__rec_003394,model_eb69df38d690,config_8bc02888dd08,unchanged_outside_f6_correction_population,[],not_applicable,Outside the frozen correction population.
route_f0f7e917ef10,full_2026-07-06__rec_003394,model_eb69df38d690,config_a35fa6d72c9f,unchanged_outside_f6_correction_population,[],not_applicable,Outside the frozen correction population.
route_7a621ea3343b,full_2026-07-06__rec_003394,model_eb69df38d690,config_7a991b79e1f1,unchanged_outside_f6_correction_population,[],not_applicable,Outside the frozen correction population.
route_0eff9dfb4512,full_2026-07-06__rec_003394,model_eb69df38d690,config_75afefd4f701,unchanged_outside_f6_correction_population,[],not_applicable,Outside the frozen correction population.
route_1d8ba8ebb625,full_2026-07-06__rec_003394,model_eb69df38d690,config_9876f232b0a8,unchanged_outside_f6_correction_population,[],not_applicable,Outside the frozen correction population.
route_19b8a1ffc223,full_2026-07-06__rec_003394,model_eb69df38d690,config_e8c9ec743ff0,unchanged_outside_f6_correction_population,[],not_applicable,Outside the frozen correction population.
route_0d42dedd9d53,full_2026-07-06__rec_003394,model_eb69df38d690,config_9bedfa97352f,unchanged_outside_f6_correction_population,[],not_applicable,Outside the frozen correction population.
route_954d5b459054,full_2026-07-06__rec_003394,model_eb69df38d690,config_8039ce04100c,unchanged_outside_f6_correction_population,[],not_applicable,Outside the frozen correction population.
route_b0ea0b18ac37,full_2026-07-06__rec_003394,model_eb69df38d690,config_1461dc56551a,unchanged_outside_f6_correction_population,[],not_applicable,Outside the frozen correction population.
route_65b1d7440e6c,full_2026-07-06__rec_003394,model_eb69df38d690,config_639fb82cda96,unchanged_outside_f6_correction_population,[],not_applicable,Outside the frozen correction population.
route_e994e51504a9,full_2026-07-06__rec_003394,model_eb69df38d690,config_c18674ca7394,unchanged_outside_f6_correction_population,[],not_applicable,Outside the frozen correction population.
route_75d24b8cf603,full_2026-07-06__rec_003394,model_eb69df38d690,config_0224cca50a71,unchanged_outside_f6_correction_population,[],not_applicable,Outside the frozen correction population.
route_69caefbd75a1,full_2026-07-06__rec_003394,model_eb69df38d690,config_8b8affa3bd0c,unchanged_outside_f6_correction_population,[],not_applicable,Outside the frozen correction population.
route_18bdd6a8183d,full_2026-07-06__rec_003434,model_4ae9868de1c9,config_4ccb1980ae00,unchanged_outside_f6_correction_population,[],not_applicable,Outside the frozen correction population.
route_9ab0d72dd00d,full_2026-07-06__rec_003434,model_4ae9868de1c9,config_02463c1a6545,unchanged_outside_f6_correction_population,[],not_applicable,Outside the frozen correction population.
route_324a8991212a,full_2026-07-06__rec_003434,model_4ae9868de1c9,config_e516832d189e,unchanged_outside_f6_correction_population,[],not_applicable,Outside the frozen correction population.
route_40fd38c19186,full_2026-07-06__rec_003434,model_4ae9868de1c9,config_96d55f31f26e,unchanged_outside_f6_correction_population,[],not_applicable,Outside the frozen correction population.
route_d7decdb9719d,full_2026-07-06__rec_003434,model_4ae9868de1c9,config_ca725f9d2b5b,unchanged_outside_f6_correction_population,[],not_applicable,Outside the frozen correction population.
route_973a54854497,full_2026-07-06__rec_003434,model_4ae9868de1c9,config_930eb89cb323,unchanged_outside_f6_correction_population,[],not_applicable,Outside the frozen correction population.
route_b9de6ef00cdb,full_2026-07-06__rec_003434,model_4ae9868de1c9,config_5d9aa28db19f,unchanged_outside_f6_correction_population,[],not_applicable,Outside the frozen correction population.
route_2bf38e178ec3,full_2026-07-06__rec_003434,model_4ae9868de1c9,config_657f6e97f266,unchanged_outside_f6_correction_population,[],not_applicable,Outside the frozen correction population.
route_56c528001309,full_2026-07-06__rec_003434,model_4ae9868de1c9,config_25be667e6a30,unchanged_outside_f6_correction_population,[],not_applicable,Outside the frozen correction population.
route_4481082b958d,full_2026-07-06__rec_003517,model_4361ad5c9fbb,config_af51668f2836,unchanged_outside_f6_correction_population,[],not_applicable,Outside the frozen correction population.
route_87d509a9589c,full_2026-07-06__rec_003517,model_4361ad5c9fbb,config_ccd0df06e096,unchanged_outside_f6_correction_population,[],not_applicable,Outside the frozen correction population.
route_4d04bd23e2d1,full_2026-07-06__rec_003517,model_4361ad5c9fbb,config_ccd0df06e096,unchanged_outside_f6_correction_population,[],not_applicable,Outside the frozen correction population.
route_923c186d7d07,full_2026-07-06__rec_003517,model_4361ad5c9fbb,config_ccd0df06e096,unchanged_outside_f6_correction_population,[],not_applicable,Outside the frozen correction population.
route_4949b4e43333,full_2026-07-06__rec_003517,model_4361ad5c9fbb,config_ccd0df06e096,unchanged_outside_f6_correction_population,[],not_applicable,Outside the frozen correction population.
route_f8ea4976270b,full_2026-07-06__rec_003517,model_4361ad5c9fbb,config_ccd0df06e096,unchanged_outside_f6_correction_population,[],not_applicable,Outside the frozen correction population.
route_51803f2831b6,full_2026-07-06__rec_003517,model_4361ad5c9fbb,config_2088ccbdb12b,unchanged_outside_f6_correction_population,[],not_applicable,Outside the frozen correction population.
route_ff0c287e0a54,full_2026-07-06__rec_003517,model_4361ad5c9fbb,config_63c0863f768c,unchanged_outside_f6_correction_population,[],not_applicable,Outside the frozen correction population.
route_3df5842842fc,full_2026-07-06__rec_003517,model_4361ad5c9fbb,config_63c0863f768c,unchanged_outside_f6_correction_population,[],not_applicable,Outside the frozen correction population.
route_031891f72cba,full_2026-07-06__rec_003517,model_4361ad5c9fbb,config_83ceba3558a5,unchanged_outside_f6_correction_population,[],not_applicable,Outside the frozen correction population.
route_a038366bc0a1,full_2026-07-06__rec_003517,model_4361ad5c9fbb,config_5b99f9b9b132,unchanged_outside_f6_correction_population,[],not_applicable,Outside the frozen correction population.
route_466f3e6b0aa2,full_2026-07-06__rec_003517,model_3c62ea9d84a1,config_d58a50cbf3a9,unchanged_outside_f6_correction_population,[],not_applicable,Outside the frozen correction population.
route_8abe04d840b4,full_2026-07-06__rec_003517,model_3c62ea9d84a1,config_7350e5ff691d,unchanged_outside_f6_correction_population,[],not_applicable,Outside the frozen correction population.
route_a11110cf2aec,full_2026-07-06__rec_003517,model_3c62ea9d84a1,config_4b359f05620b,revise_fields,"['carrier_family', 'carrier_subtype', 'evidence_quote', 'section_heading']",high,"The route is real and the training corpus is explicit, but the carrier is a dense biological embedding/masked-expression representation, not a text-native token stream. The narrow correction is to reclassify the carrier while keeping the rest of the grounded route intact."
route_d2c0253519a7,full_2026-07-06__rec_003517,model_4361ad5c9fbb,config_5415060bbfb1,revise_fields,"['route_label', 'uncertainty']",high,"The corpus-level HEK293T route is explicit, and the architecture clearly supports the dense continuous carrier. The only definite mismatch is the lifecycle label, which should be continued pretraining rather than pretraining."
route_f5d7c77286d0,full_2026-07-06__rec_003517,model_4361ad5c9fbb,config_6ed4f4895086,unchanged_outside_f6_correction_population,[],not_applicable,Outside the frozen correction population.
route_35251c451da2,full_2026-07-06__rec_003517,model_4361ad5c9fbb,config_91179db657f9,revise_fields,"['evidence_quote', 'insertion_or_fusion_verbatim']",high,"The held-out iPSC benchmark is explicit, and the route is real. The only field that needed correction was the insertion/fusion description, which should reflect direct application rather than repeat the task string."
route_af4e8d16f2af,full_2026-07-06__rec_003517,model_4361ad5c9fbb,config_b43e16861123,removed,[],high,"The paper supports the Replogle-Nadig benchmark family, but it does not establish K562 as a separate route-level source-to-model input. K562 appears only as one cell line within the broader dataset, so this route should be removed rather than relabeled."
route_cb00fd160f0d,full_2026-07-06__rec_003517,model_3c62ea9d84a1,config_1f75484a3514,revise_fields,"['carrier_family', 'carrier_subtype', 'fusion_topology', 'insertion_or_fusion_verbatim', 'model_visible_form_verbatim', 'source_object_normalized', 'text_role', 'transformation_chain_normalized', 'transformation_chain_verbatim']",medium,"This donor/time slice is a real evaluation context in Figure 5D, but the model-facing interface is the shared fixed-control-cell expression input rather than a text label. Recode the route to the common X-Cell expression carrier used for all primary T-cell contexts."
route_8a01f73645e7,full_2026-07-06__rec_003517,model_3c62ea9d84a1,config_1f75484a3514,revise_fields,"['carrier_family', 'carrier_subtype', 'fusion_topology', 'insertion_or_fusion_verbatim', 'model_visible_form_verbatim', 'source_object_normalized', 'text_role', 'transformation_chain_normalized', 'transformation_chain_verbatim']",medium,"Same evidentiary basis as D2 Rest. The donor label distinguishes a valid benchmark slice, but the actual input carrier is the shared fixed-control-cell expression set used at inference time."
route_2b4d0b79d9e9,full_2026-07-06__rec_003517,model_3c62ea9d84a1,config_1f75484a3514,revise_fields,"['carrier_family', 'carrier_subtype', 'fusion_topology', 'insertion_or_fusion_verbatim', 'model_visible_form_verbatim', 'source_object_normalized', 'text_role', 'transformation_chain_normalized', 'transformation_chain_verbatim']",medium,"This is one of the explicitly evaluated stimulation contexts in the primary-human-CD4+ T-cell benchmark. It remains a valid route, but its model-visible carrier is the same shared fixed-control-cell expression interface used for the other primary T-cell slices."
route_f278942a47d6,full_2026-07-06__rec_003517,model_3c62ea9d84a1,config_1f75484a3514,revise_fields,"['carrier_family', 'carrier_subtype', 'fusion_topology', 'insertion_or_fusion_verbatim', 'model_visible_form_verbatim', 'source_object_normalized', 'text_role', 'transformation_chain_normalized', 'transformation_chain_verbatim']",medium,"Same criterion as the other donor/time slices. The paper supports this as a distinct benchmark context, but not as a distinct carrier mechanism."
route_e0fbfe069c31,full_2026-07-06__rec_003517,model_3c62ea9d84a1,config_21f1208a7750,revise_fields,"['fusion_topology', 'insertion_or_fusion_verbatim', 'model_visible_form_verbatim', 'source_object_normalized', 'text_role', 'transformation_chain_normalized', 'transformation_chain_verbatim']",medium,"This slice is explicitly part of the primary human CD4+ T-cell zero-shot evaluation. The model-facing carrier is not the context label itself, but the shared control-cell expression interface used for inference and benchmarking."
route_2f2691a4449a,full_2026-07-06__rec_003517,model_3c62ea9d84a1,config_21f1208a7750,revise_fields,"['fusion_topology', 'insertion_or_fusion_verbatim', 'model_visible_form_verbatim', 'source_object_normalized', 'text_role', 'transformation_chain_normalized', 'transformation_chain_verbatim']",medium,"Same as D2 Stim48hr. The donor/time label is a valid evaluation slice, and the actual model input is the same fixed-control-cell expression interface described in the benchmark methods."
route_4ce86e93e133,full_2026-07-06__rec_003517,model_4361ad5c9fbb,config_d3c63587fdeb,unchanged_outside_f6_correction_population,[],not_applicable,Outside the frozen correction population.
route_b894cfca2ae9,full_2026-07-06__rec_003517,model_4361ad5c9fbb,config_3830c0dbaadd,unchanged_outside_f6_correction_population,[],not_applicable,Outside the frozen correction population.
route_4e7ca98b2c81,full_2026-07-06__rec_003517,model_4361ad5c9fbb,config_42bb192bb897,revise_fields,"['carrier_family', 'carrier_subtype', 'fusion_topology', 'insertion_or_fusion_verbatim', 'model_visible_form_verbatim', 'uncertainty']",medium,"This is a real zero-shot evaluation route, but the current record incorrectly casts it as a text-token stream. The paper instead supports a continuous transcriptome interface for held-out melanocyte progenitors, with TTA used for the zero-shot setting and cross-attention as the model-level fusion mechanism."
route_610bc0b9c6bb,full_2026-07-06__rec_003517,model_4361ad5c9fbb,config_d2acf290f10d,revise_fields,"['carrier_family', 'carrier_subtype', 'fusion_topology', 'insertion_or_fusion_verbatim', 'uncertainty']",high,"The primary human T-cell evaluation route is real, but the prior text-token carrier coding was unsupported. The paper's shared input interface is a gene-embedding plus continuous-value representation, so the narrow correction is to the carrier/fusion fields only."
route_f5893401e356,full_2026-07-06__rec_003517,model_4361ad5c9fbb,config_f19dfc5333f7,revise_fields,"['carrier_family', 'carrier_subtype', 'evidence_quote', 'fusion_topology', 'insertion_or_fusion_verbatim', 'model_visible_form_verbatim', 'text_role', 'uncertainty']",high,The Tahoe route is real and explicitly grounded as a zero-shot drug-perturbation evaluation set. The narrow correction is to replace the unsupported text-native carrier framing with the paper's actual control-transcriptome-plus-MOA-gene input mechanism and to drop the tokenizer-sequence wording.
route_9ace8021aa2c,full_2026-07-06__rec_003629,model_a2ae3a8f5414,config_966e748fa315,unchanged_outside_f6_correction_population,[],not_applicable,Outside the frozen correction population.
route_26eb3d665aaa,full_2026-07-06__rec_003629,model_a2ae3a8f5414,config_966e748fa315,unchanged_outside_f6_correction_population,[],not_applicable,Outside the frozen correction population.
route_f1d270cc5d39,full_2026-07-06__rec_003629,model_a2ae3a8f5414,config_ae19acdd8098,unchanged_outside_f6_correction_population,[],not_applicable,Outside the frozen correction population.
route_7c652f603a0e,full_2026-07-06__rec_003629,model_a2ae3a8f5414,config_ae19acdd8098,unchanged_outside_f6_correction_population,[],not_applicable,Outside the frozen correction population.
route_500d73af64a6,full_2026-07-06__rec_003629,model_a2ae3a8f5414,config_6e4c1b523c8d,unchanged_outside_f6_correction_population,[],not_applicable,Outside the frozen correction population.
route_be93bab9a08c,full_2026-07-06__rec_003629,model_a2ae3a8f5414,config_fca9663da8a4,unchanged_outside_f6_correction_population,[],not_applicable,Outside the frozen correction population.
route_cf88b829ce2c,full_2026-07-06__rec_003629,model_a2ae3a8f5414,config_b70ac59a3848,unchanged_outside_f6_correction_population,[],not_applicable,Outside the frozen correction population.
route_2c6e23e7d686,full_2026-07-06__rec_003629,model_a2ae3a8f5414,config_00294700e76f,unchanged_outside_f6_correction_population,[],not_applicable,Outside the frozen correction population.
route_1306d62b8271,full_2026-07-06__rec_003629,model_a2ae3a8f5414,config_0f9d4a1ed530,revise_fields,"['carrier_subtype', 'evidence_quote', 'model_visible_form_verbatim', 'text_role']",high,"The KEAP1 route is real and remains an evaluation-time input path. The correction is representational: the paper makes the model-facing carrier a serialized gene-list text signature, not an instruction/query scaffold."
route_221414b2ba08,full_2026-07-06__rec_003629,model_14bc733e1633,config_89156b119ca3,revise_fields,"['carrier_subtype', 'evidence_quote', 'text_role']",high,The scorer route is established as an evaluation-time compound/phenotype matcher. The narrow fix is to code the phenotype side as serialized biological text and not as paired-supervision scaffolding.
route_a6f084035330,full_2026-07-06__rec_003852,model_59fd1ac5f56e,config_9d2e426482f8,unchanged_outside_f6_correction_population,[],not_applicable,Outside the frozen correction population.
route_f2a5f036cea6,full_2026-07-06__rec_003852,model_59fd1ac5f56e,config_dfa56cc0154a,unchanged_outside_f6_correction_population,[],not_applicable,Outside the frozen correction population.
route_af3e8857f978,full_2026-07-06__rec_003852,model_59fd1ac5f56e,config_586e97e174a5,unchanged_outside_f6_correction_population,[],not_applicable,Outside the frozen correction population.
route_9a9d1cbd25a1,full_2026-07-06__rec_003852,model_59fd1ac5f56e,config_59a2ae1ec7a9,unchanged_outside_f6_correction_population,[],not_applicable,Outside the frozen correction population.
route_94c33410fd8a,full_2026-07-06__rec_003852,model_59fd1ac5f56e,config_86891985f771,unchanged_outside_f6_correction_population,[],not_applicable,Outside the frozen correction population.
route_29724342cf05,full_2026-07-06__rec_003852,model_59fd1ac5f56e,config_bb70a2a0cfb3,unchanged_outside_f6_correction_population,[],not_applicable,Outside the frozen correction population.
route_a5983a60a443,full_2026-07-06__rec_003852,model_59fd1ac5f56e,config_bb70a2a0cfb3,unchanged_outside_f6_correction_population,[],not_applicable,Outside the frozen correction population.
route_b3ac28847b13,full_2026-07-06__rec_003852,model_59fd1ac5f56e,config_3fe7fd0f96bb,unchanged_outside_f6_correction_population,[],not_applicable,Outside the frozen correction population.
route_c111c265cad5,full_2026-07-06__rec_003852,model_59fd1ac5f56e,config_b763e4e5a76a,unchanged_outside_f6_correction_population,[],not_applicable,Outside the frozen correction population.
route_9ee52b4bb668,full_2026-07-06__rec_003852,model_59fd1ac5f56e,config_b763e4e5a76a,unchanged_outside_f6_correction_population,[],not_applicable,Outside the frozen correction population.
route_f61e030abbe9,full_2026-07-06__rec_003852,model_59fd1ac5f56e,config_2ed33cea1897,unchanged_outside_f6_correction_population,[],not_applicable,Outside the frozen correction population.
route_f63a340967cb,july_update_2026-07-06__rec_000050,model_b8eba3c26c46,config_0a6978f55289,unchanged_outside_f6_correction_population,[],not_applicable,Outside the frozen correction population.
route_b1629b0a2392,july_update_2026-07-06__rec_000050,model_b8eba3c26c46,config_751632616ab0,unchanged_outside_f6_correction_population,[],not_applicable,Outside the frozen correction population.
route_f4b298ad02fb,july_update_2026-07-06__rec_000050,model_b8eba3c26c46,config_751632616ab0,unchanged_outside_f6_correction_population,[],not_applicable,Outside the frozen correction population.
route_9f035bc3c1c6,july_update_2026-07-06__rec_000050,model_ab432decc9aa,config_c5a701c45f25,unchanged_outside_f6_correction_population,[],not_applicable,Outside the frozen correction population.
route_e1bb17396093,july_update_2026-07-06__rec_000050,model_ab432decc9aa,config_c5a701c45f25,unchanged_outside_f6_correction_population,[],not_applicable,Outside the frozen correction population.
route_1deed07c566b,july_update_2026-07-06__rec_000050,model_a493b5670a18,config_04b947e1ebe2,unchanged_outside_f6_correction_population,[],not_applicable,Outside the frozen correction population.
route_526a80e3bb7b,july_update_2026-07-06__rec_000050,model_a493b5670a18,config_04b947e1ebe2,unchanged_outside_f6_correction_population,[],not_applicable,Outside the frozen correction population.
route_93769abd2260,july_update_2026-07-06__rec_000050,model_ac7794e51425,config_9283059da9db,unchanged_outside_f6_correction_population,[],not_applicable,Outside the frozen correction population.
route_8974deca3575,july_update_2026-07-06__rec_000050,model_ac7794e51425,config_9283059da9db,unchanged_outside_f6_correction_population,[],not_applicable,Outside the frozen correction population.
route_237ac9359686,july_update_2026-07-06__rec_000060,model_8b27781d1156,config_f866c60e00af,unchanged_outside_f6_correction_population,[],not_applicable,Outside the frozen correction population.
route_32f7f6418b4f,july_update_2026-07-06__rec_000060,model_8b27781d1156,config_71003106a075,unchanged_outside_f6_correction_population,[],not_applicable,Outside the frozen correction population.
route_59d07de37bae,july_update_2026-07-06__rec_000060,model_8b27781d1156,config_b98b227a684d,unchanged_outside_f6_correction_population,[],not_applicable,Outside the frozen correction population.
route_4812cf2c6dd3,july_update_2026-07-06__rec_000060,model_8b27781d1156,config_b98b227a684d,unchanged_outside_f6_correction_population,[],not_applicable,Outside the frozen correction population.
route_0687e285a7ee,july_update_2026-07-06__rec_000060,model_8b27781d1156,config_5a979383a857,unchanged_outside_f6_correction_population,[],not_applicable,Outside the frozen correction population.
route_9c4534f3c5a3,july_update_2026-07-06__rec_000060,model_8b27781d1156,config_a51477288467,unchanged_outside_f6_correction_population,[],not_applicable,Outside the frozen correction population.
route_649acb378557,july_update_2026-07-06__rec_000060,model_8b27781d1156,config_a51477288467,unchanged_outside_f6_correction_population,[],not_applicable,Outside the frozen correction population.
route_72245eef6feb,july_update_2026-07-06__rec_000060,model_8b27781d1156,config_a51477288467,unchanged_outside_f6_correction_population,[],not_applicable,Outside the frozen correction population.
route_4a446a857f1e,july_update_2026-07-06__rec_000060,model_8b27781d1156,config_f3ec4678f01d,unchanged_outside_f6_correction_population,[],not_applicable,Outside the frozen correction population.
route_065c8bd53fce,july_update_2026-07-06__rec_000060,model_8b27781d1156,config_6efefda4295d,unchanged_outside_f6_correction_population,[],not_applicable,Outside the frozen correction population.
route_b0f2d87800d6,july_update_2026-07-06__rec_000060,model_8b27781d1156,config_62ac337f6f02,retain_as_is,[],high,"The route is directly established: HCA training data are converted into ranked Cell Sentences, then used for Stage I pretraining. The carrier is ordinary tokenizer-readable text, so the tokenizer_sequence coding is supported and no field revision is needed."
route_55a22722eb6a,july_update_2026-07-06__rec_000060,model_8b27781d1156,config_84d290b9d158,revise_fields,['fusion_topology'],high,The HCA validation split is directly established by the split rule and the ranked Cell Sentence serialization. The only unsupported field in the prior review was the named tokenizer_sequence topology; concatenation is the narrowest supported correction.
route_1640cf949003,july_update_2026-07-06__rec_000060,model_8b27781d1156,config_16d90abf83e6,revise_fields,"['evidence_quote', 'fusion_topology']",high,The HCA test split is a real evaluation input route grounded by the split rule and Cell Sentence serialization. The prior fusion label tokenizer_sequence is not established by the paper; the narrow correction is to treat the route as prompt concatenation of serialized text.
route_f8d016f6aacd,july_update_2026-07-06__rec_000060,model_8b27781d1156,config_524a6d1d5baa,unchanged_outside_f6_correction_population,[],not_applicable,Outside the frozen correction population.
route_1089dd088ca1,july_update_2026-07-06__rec_000060,model_8b27781d1156,config_e1ed7e5ce494,unchanged_outside_f6_correction_population,[],not_applicable,Outside the frozen correction population.
route_d6173536f567,june_update_2026-06-10__rec_000121,model_4ba985125332,config_c86edc520e6b,unchanged_outside_f6_correction_population,[],not_applicable,Outside the frozen correction population.
route_6b322de9c08a,june_update_2026-06-10__rec_000121,model_7ccbcc7f850b,config_ec5b6d1b8e51,unchanged_outside_f6_correction_population,[],not_applicable,Outside the frozen correction population.
route_3ce30344d54f,june_update_2026-06-10__rec_000121,model_7ccbcc7f850b,config_beac415936bb,unchanged_outside_f6_correction_population,[],not_applicable,Outside the frozen correction population.
route_2dae09106751,june_update_2026-06-10__rec_000121,model_7ccbcc7f850b,config_b7714aaf8697,unchanged_outside_f6_correction_population,[],not_applicable,Outside the frozen correction population.
route_c143fc62faab,june_update_2026-06-10__rec_000121,model_7ccbcc7f850b,config_092110ae9b75,unchanged_outside_f6_correction_population,[],not_applicable,Outside the frozen correction population.
route_8216d074f753,june_update_2026-06-10__rec_000121,model_7ccbcc7f850b,config_e2b3062a0099,unchanged_outside_f6_correction_population,[],not_applicable,Outside the frozen correction population.
route_a9694890c7bc,june_update_2026-06-10__rec_000121,model_7ccbcc7f850b,config_e2b3062a0099,unchanged_outside_f6_correction_population,[],not_applicable,Outside the frozen correction population.
route_1f96c335f3ca,june_update_2026-06-10__rec_000133,model_69a439438d24,config_026e86537e4b,unchanged_outside_f6_correction_population,[],not_applicable,Outside the frozen correction population.
route_775271f6aa86,june_update_2026-06-10__rec_000133,model_69a439438d24,config_026e86537e4b,unchanged_outside_f6_correction_population,[],not_applicable,Outside the frozen correction population.
route_3f2cd944ba2e,june_update_2026-06-10__rec_000133,model_69a439438d24,config_63689ed67983,unchanged_outside_f6_correction_population,[],not_applicable,Outside the frozen correction population.
route_36bbccf780e7,june_update_2026-06-10__rec_000133,model_69a439438d24,config_b79f84373b6a,unchanged_outside_f6_correction_population,[],not_applicable,Outside the frozen correction population.
route_cf7bc194d0b4,june_update_2026-06-10__rec_000133,model_69a439438d24,config_b3ee6cd40045,unchanged_outside_f6_correction_population,[],not_applicable,Outside the frozen correction population.
route_72b2cf8c9eac,june_update_2026-06-10__rec_000133,model_69a439438d24,config_4b97e93d59bf,unchanged_outside_f6_correction_population,[],not_applicable,Outside the frozen correction population.
route_f9ce1bf63b0b,june_update_2026-06-10__rec_000133,model_69a439438d24,config_f6c8b0dac2f5,unchanged_outside_f6_correction_population,[],not_applicable,Outside the frozen correction population.
route_0c90be4af21f,june_update_2026-06-10__rec_000133,model_69a439438d24,config_e1de6b1ebaa0,unchanged_outside_f6_correction_population,[],not_applicable,Outside the frozen correction population.
route_75b32f3d4dbc,june_update_2026-06-10__rec_000133,model_69a439438d24,config_b60819476986,unchanged_outside_f6_correction_population,[],not_applicable,Outside the frozen correction population.
route_a732f19c65b6,june_update_2026-06-10__rec_000133,model_69a439438d24,config_6d80a87b5c59,unchanged_outside_f6_correction_population,[],not_applicable,Outside the frozen correction population.
route_29d75af53bc0,june_update_2026-06-10__rec_000133,model_69a439438d24,config_06abbcccfa72,unchanged_outside_f6_correction_population,[],not_applicable,Outside the frozen correction population.
route_8d99a519d6eb,june_update_2026-06-10__rec_000148,model_f67272a54ac0,config_7602ba38914a,unchanged_outside_f6_correction_population,[],not_applicable,Outside the frozen correction population.
route_bf7aa611d54c,june_update_2026-06-10__rec_000148,model_f67272a54ac0,config_aaa9b7224fe0,unchanged_outside_f6_correction_population,[],not_applicable,Outside the frozen correction population.
route_b70635dcdd77,june_update_2026-06-10__rec_000148,model_f67272a54ac0,config_7cc664b41139,unchanged_outside_f6_correction_population,[],not_applicable,Outside the frozen correction population.
route_01fead809e1c,june_update_2026-06-10__rec_000148,model_f67272a54ac0,config_7cc664b41139,unchanged_outside_f6_correction_population,[],not_applicable,Outside the frozen correction population.
route_f4eb22871096,june_update_2026-06-10__rec_000148,model_f67272a54ac0,config_76d1d94582d2,unchanged_outside_f6_correction_population,[],not_applicable,Outside the frozen correction population.
route_cef5e0303c7a,june_update_2026-06-10__rec_000148,model_f67272a54ac0,config_1fff1f8ba2ec,unchanged_outside_f6_correction_population,[],not_applicable,Outside the frozen correction population.
route_2abfc684ce18,june_update_2026-06-10__rec_000148,model_f67272a54ac0,config_1fff1f8ba2ec,unchanged_outside_f6_correction_population,[],not_applicable,Outside the frozen correction population.
route_2f13a5f5d52d,june_update_2026-06-10__rec_000148,model_f67272a54ac0,config_7a0bdd4743ab,unchanged_outside_f6_correction_population,[],not_applicable,Outside the frozen correction population.
route_1fd61cdc95ef,june_update_2026-06-10__rec_000148,model_f67272a54ac0,config_b78e26b4d1c2,unchanged_outside_f6_correction_population,[],not_applicable,Outside the frozen correction population.
route_8b527bbd7b4b,june_update_2026-06-10__rec_000148,model_f67272a54ac0,config_a0e1310c2cc0,unchanged_outside_f6_correction_population,[],not_applicable,Outside the frozen correction population.
route_eb2576517cc5,june_update_2026-06-10__rec_000148,model_f67272a54ac0,config_9a3d22deffed,unchanged_outside_f6_correction_population,[],not_applicable,Outside the frozen correction population.
route_2f7983ac4cee,june_update_2026-06-10__rec_000152,model_3827a28edefc,config_d24ed576ac3c,unchanged_outside_f6_correction_population,[],not_applicable,Outside the frozen correction population.
route_5531f04067d0,june_update_2026-06-10__rec_000152,model_498b709f811c,config_7a9090c449be,unchanged_outside_f6_correction_population,[],not_applicable,Outside the frozen correction population.
route_45bef80d938d,june_update_2026-06-10__rec_000152,model_3827a28edefc,config_acf5a1faab6f,unchanged_outside_f6_correction_population,[],not_applicable,Outside the frozen correction population.
route_3d88753d6312,june_update_2026-06-10__rec_000152,model_3827a28edefc,config_f2771616bab5,unchanged_outside_f6_correction_population,[],not_applicable,Outside the frozen correction population.
route_61505310f0e3,june_update_2026-06-10__rec_000152,model_5588f179e503,config_55e2545e3917,unchanged_outside_f6_correction_population,[],not_applicable,Outside the frozen correction population.
route_49aa3575b33d,june_update_2026-06-10__rec_000152,model_3827a28edefc,config_b0977a74f5e5,unchanged_outside_f6_correction_population,[],not_applicable,Outside the frozen correction population.
route_2856dcc135f2,june_update_2026-06-10__rec_000152,model_3827a28edefc,config_9e3419b50d4a,unchanged_outside_f6_correction_population,[],not_applicable,Outside the frozen correction population.
route_2828f4dfe3f3,june_update_2026-06-10__rec_000194,model_699b7d92d927,config_0817cabcec36,unchanged_outside_f6_correction_population,[],not_applicable,Outside the frozen correction population.
route_e09961882576,june_update_2026-06-10__rec_000194,model_699b7d92d927,config_0817cabcec36,unchanged_outside_f6_correction_population,[],not_applicable,Outside the frozen correction population.
route_fc3883ca9463,june_update_2026-06-10__rec_000194,model_699b7d92d927,config_0817cabcec36,unchanged_outside_f6_correction_population,[],not_applicable,Outside the frozen correction population.
route_58874dee1f0f,june_update_2026-06-10__rec_000194,model_699b7d92d927,config_4e7c6fdf224a,unchanged_outside_f6_correction_population,[],not_applicable,Outside the frozen correction population.
route_fdca8e3fdb99,june_update_2026-06-10__rec_000194,model_699b7d92d927,config_4e7c6fdf224a,unchanged_outside_f6_correction_population,[],not_applicable,Outside the frozen correction population.
route_5ab21f81834c,june_update_2026-06-10__rec_000194,model_699b7d92d927,config_4e7c6fdf224a,unchanged_outside_f6_correction_population,[],not_applicable,Outside the frozen correction population.
route_6190abf45a70,june_update_2026-06-10__rec_000246,model_064ca265f9bb,config_8dfb03df08d3,unchanged_outside_f6_correction_population,[],not_applicable,Outside the frozen correction population.
route_1812bd19fe75,june_update_2026-06-10__rec_000246,model_064ca265f9bb,config_8a7edf2a02d0,unchanged_outside_f6_correction_population,[],not_applicable,Outside the frozen correction population.
route_93f3142beaf4,june_update_2026-06-10__rec_000246,model_064ca265f9bb,config_b1b8b58d8467,unchanged_outside_f6_correction_population,[],not_applicable,Outside the frozen correction population.
route_3a777c044617,june_update_2026-06-10__rec_000246,model_064ca265f9bb,config_0ba2f8168249,unchanged_outside_f6_correction_population,[],not_applicable,Outside the frozen correction population.
route_7ed0c41103cf,june_update_2026-06-10__rec_000246,model_064ca265f9bb,config_6263b435eb71,revise_fields,"['carrier_subtype', 'evidence_quote', 'fusion_topology', 'insertion_or_fusion_verbatim', 'model_visible_form_verbatim']",high,This route is a templated text prompt with an explicit biological slot and gene-ranking instruction. The serialized-profile subtype and tokenizer-sequence topology are too strong; structured prompt scaffold with text concatenation is the narrow correction.
route_505d12bcf3e7,june_update_2026-06-10__rec_000246,model_064ca265f9bb,config_0591e3c83efd,revise_fields,"['carrier_family', 'carrier_subtype', 'evidence_quote', 'fusion_topology', 'insertion_or_fusion_verbatim', 'model_visible_form_verbatim', 'source_modality_normalized', 'source_object_normalized', 'transformation_chain_normalized', 'transformation_chain_verbatim']",high,"The paper makes the model-facing carrier explicit as a continuous omics embedding inserted at an <omics> placeholder, so this route is dense rather than text-native. The task family and Cellosaurus/metadata provenance remain valid."
route_e07beedf4bef,june_update_2026-06-10__rec_000246,model_064ca265f9bb,config_b465f476a320,revise_fields,"['evidence_quote', 'fusion_topology', 'section_heading', 'supporting_figure_or_table']",high,"The UniProt source, human filtering, and protein-QA task construction are explicitly stated. The paper does not specify a distinct nonstandard fusion mechanism for this route, so the topology should be left unclear rather than forced to tokenizer_sequence."
route_e4dd0a63096f,june_update_2026-06-10__rec_000246,model_064ca265f9bb,config_0724ff4ba9ee,unchanged_outside_f6_correction_population,[],not_applicable,Outside the frozen correction population.
route_40860db1335d,june_update_2026-06-10__rec_000248,model_285e25ae2bfb,config_f14ba9f518fd,unchanged_outside_f6_correction_population,[],not_applicable,Outside the frozen correction population.
route_53995d978c3b,june_update_2026-06-10__rec_000248,model_285e25ae2bfb,config_a236036d3438,unchanged_outside_f6_correction_population,[],not_applicable,Outside the frozen correction population.
route_6eb1ed047213,june_update_2026-06-10__rec_000350,model_74e685d85fa8,config_73024cae174e,unchanged_outside_f6_correction_population,[],not_applicable,Outside the frozen correction population.
route_c24183e12101,june_update_2026-06-10__rec_000350,model_74e685d85fa8,config_73024cae174e,unchanged_outside_f6_correction_population,[],not_applicable,Outside the frozen correction population.
route_b9bfb7a32c68,june_update_2026-06-10__rec_000350,model_74e685d85fa8,config_73024cae174e,unchanged_outside_f6_correction_population,[],not_applicable,Outside the frozen correction population.
route_b1cf7879ee0b,june_update_2026-06-10__rec_000350,model_74e685d85fa8,config_73024cae174e,unchanged_outside_f6_correction_population,[],not_applicable,Outside the frozen correction population.
route_9b2b3ccb8d95,june_update_2026-06-10__rec_000350,model_74e685d85fa8,config_73024cae174e,unchanged_outside_f6_correction_population,[],not_applicable,Outside the frozen correction population.
route_0e9226a4885a,june_update_2026-06-10__rec_000350,model_74e685d85fa8,config_73024cae174e,unchanged_outside_f6_correction_population,[],not_applicable,Outside the frozen correction population.
route_d6115e2e8939,june_update_2026-06-10__rec_000350,model_74e685d85fa8,config_73024cae174e,unchanged_outside_f6_correction_population,[],not_applicable,Outside the frozen correction population.
route_5536cca39b1e,june_update_2026-06-10__rec_000350,model_74e685d85fa8,config_a4c451f9f087,unchanged_outside_f6_correction_population,[],not_applicable,Outside the frozen correction population.
route_b22d2b402714,june_update_2026-06-10__rec_000350,model_74e685d85fa8,config_09422b5ee812,unchanged_outside_f6_correction_population,[],not_applicable,Outside the frozen correction population.
route_af45010fa9da,june_update_2026-06-10__rec_000350,model_74e685d85fa8,config_09422b5ee812,unchanged_outside_f6_correction_population,[],not_applicable,Outside the frozen correction population.
route_afa20a4bdb7f,june_update_2026-06-10__rec_000350,model_74e685d85fa8,config_09422b5ee812,unchanged_outside_f6_correction_population,[],not_applicable,Outside the frozen correction population.
route_8c0045aa548e,june_update_2026-06-10__rec_000350,model_74e685d85fa8,config_09422b5ee812,unchanged_outside_f6_correction_population,[],not_applicable,Outside the frozen correction population.
route_59bc33530f4c,june_update_2026-06-10__rec_000350,model_74e685d85fa8,config_09422b5ee812,unchanged_outside_f6_correction_population,[],not_applicable,Outside the frozen correction population.
route_755df4bfcf47,june_update_2026-06-10__rec_000350,model_74e685d85fa8,config_09422b5ee812,unchanged_outside_f6_correction_population,[],not_applicable,Outside the frozen correction population.
route_a1ba49b312f1,june_update_2026-06-10__rec_000350,model_74e685d85fa8,config_a4c451f9f087,unchanged_outside_f6_correction_population,[],not_applicable,Outside the frozen correction population.
route_f090ee054645,june_update_2026-06-10__rec_000350,model_74e685d85fa8,config_75f5d99b2c82,unchanged_outside_f6_correction_population,[],not_applicable,Outside the frozen correction population.
route_82226f01fd7e,june_update_2026-06-10__rec_000350,model_74e685d85fa8,config_b416d8e878f8,unchanged_outside_f6_correction_population,[],not_applicable,Outside the frozen correction population.
route_b91c60a6f8e5,june_update_2026-06-10__rec_000350,model_74e685d85fa8,config_00b7c42248ff,unchanged_outside_f6_correction_population,[],not_applicable,Outside the frozen correction population.
route_6fd4f501ee5a,june_update_2026-06-10__rec_000350,model_fa039bd90d50,config_771430a5d03e,unchanged_outside_f6_correction_population,[],not_applicable,Outside the frozen correction population.
route_3b056f06e7ba,june_update_2026-06-10__rec_000350,model_fa039bd90d50,config_4c8e5313c27b,unchanged_outside_f6_correction_population,[],not_applicable,Outside the frozen correction population.
route_7ce5b7aefdf7,june_update_2026-06-10__rec_000350,model_fa039bd90d50,config_4c8e5313c27b,unchanged_outside_f6_correction_population,[],not_applicable,Outside the frozen correction population.
route_fd1ec85c31e1,june_update_2026-06-10__rec_000350,model_fa039bd90d50,config_4c8e5313c27b,unchanged_outside_f6_correction_population,[],not_applicable,Outside the frozen correction population.
route_8fc9a178a272,june_update_2026-06-10__rec_000350,model_fa039bd90d50,config_4d04e10669d4,revise_fields,"['evidence_quote', 'fusion_topology', 'insertion_or_fusion_verbatim', 'model_visible_form_verbatim', 'route_label', 'section_heading', 'source_modality_normalized', 'source_object_normalized', 'source_object_verbatim', 'uncertainty']",medium,"Retain the route: the paper explicitly supports a general SFT instruction-prompt family and the wrapped paired-input format. Narrowly correct the over-specific/overcoded parts: the route is text-native, not dense; the source object is the named SFT dataset rather than a separate 'general' corpus; and the fusion is prompt concatenation, not tokenizer_sequence."
route_c8d792c85a6b,update_2026-08-09__manual_recall_xunzi,model_0b0332ce2b16,config_869b8b6ea097,unchanged_outside_f6_correction_population,[],not_applicable,Outside the frozen correction population.
route_e70933541045,update_2026-08-09__manual_recall_xunzi,model_0b0332ce2b16,config_869b8b6ea097,unchanged_outside_f6_correction_population,[],not_applicable,Outside the frozen correction population.
route_b1ff21bb7a67,update_2026-08-09__manual_recall_xunzi,model_0b0332ce2b16,config_30f586c7b02e,unchanged_outside_f6_correction_population,[],not_applicable,Outside the frozen correction population.
route_499acf7a1163,update_2026-08-09__manual_recall_xunzi,model_0b0332ce2b16,config_733649742d5d,unchanged_outside_f6_correction_population,[],not_applicable,Outside the frozen correction population.
route_0e824ef8ec84,update_2026-08-09__manual_recall_xunzi,model_d3b03caa65b1,config_0b7af8503a56,revise_fields,"['evidence_quote', 'evidence_status']",high,"The paper explicitly establishes a distinct protein/GO knowledge-graph route for XunZi-M: proteins are mapped to gene IDs, PPI and GO links are compiled, nodes are embedded, and stacked GCN layers process the graph. That supports retaining the route and its model-input status; the narrow correction is to mark the evidence as explicit text rather than inferred."
route_eb28b1c638ed,update_2026-08-09__manual_recall_xunzi,model_d3b03caa65b1,config_faa9d51cedf6,unchanged_outside_f6_correction_population,[],not_applicable,Outside the frozen correction population.
route_cc7391bead65,update_2026-08-09__manual_recall_xunzi,model_d3b03caa65b1,config_a108568db46c,unchanged_outside_f6_correction_population,[],not_applicable,Outside the frozen correction population.
route_f07cba1a7db0,update_2026-08-09__manual_recall_xunzi,model_d3b03caa65b1,config_00bb54889975,unchanged_outside_f6_correction_population,[],not_applicable,Outside the frozen correction population.
route_ad3fc46f8b34,update_2026-08-09__manual_recall_xunzi,model_d3b03caa65b1,config_faa1e7b480f4,unchanged_outside_f6_correction_population,[],not_applicable,Outside the frozen correction population.
route_cf144d764767,update_2026-08-09__manual_recall_xunzi,model_0b0332ce2b16,config_5ef5d484cf7f,unchanged_outside_f6_correction_population,[],not_applicable,Outside the frozen correction population.
route_5963db69cdb5,update_2026-08-09__rec_000106,model_e0f70ec41e97,config_b14160e930e3,unchanged_outside_f6_correction_population,[],not_applicable,Outside the frozen correction population.
route_d02dbf078b83,update_2026-08-09__rec_000106,model_e0f70ec41e97,config_fc60f1c1dee8,unchanged_outside_f6_correction_population,[],not_applicable,Outside the frozen correction population.
route_afa5192ae8e0,update_2026-08-09__rec_000106,model_e0f70ec41e97,config_ca822a1cc5d2,unchanged_outside_f6_correction_population,[],not_applicable,Outside the frozen correction population.
route_221cccfc895d,update_2026-08-09__rec_000106,model_e0f70ec41e97,config_6201c49942b7,unchanged_outside_f6_correction_population,[],not_applicable,Outside the frozen correction population.
route_e2bec151f3ad,update_2026-08-09__rec_000106,model_e0f70ec41e97,config_bc580a431213,unchanged_outside_f6_correction_population,[],not_applicable,Outside the frozen correction population.
route_6ad595695f15,update_2026-08-09__rec_000106,model_e0f70ec41e97,config_9ca79c8ef17c,unchanged_outside_f6_correction_population,[],not_applicable,Outside the frozen correction population.
route_5889232d680f,update_2026-08-09__rec_000106,model_e0f70ec41e97,config_bc580a431213,unchanged_outside_f6_correction_population,[],not_applicable,Outside the frozen correction population.
route_f65e8bf88650,update_2026-08-09__rec_000106,model_e0f70ec41e97,config_2fca27311727,unchanged_outside_f6_correction_population,[],not_applicable,Outside the frozen correction population.
route_0671386d0d64,update_2026-08-09__rec_000106,model_e0f70ec41e97,config_283ba1300733,unchanged_outside_f6_correction_population,[],not_applicable,Outside the frozen correction population.
route_303a4118d76c,update_2026-08-09__rec_000106,model_e0f70ec41e97,config_670c921975a0,unchanged_outside_f6_correction_population,[],not_applicable,Outside the frozen correction population.
route_a9afe0a24336,update_2026-08-09__rec_000138,model_f924e02d892f,config_6756ccde762f,unchanged_outside_f6_correction_population,[],not_applicable,Outside the frozen correction population.
route_f8991379a4c4,update_2026-08-09__rec_000138,model_f924e02d892f,config_7884df2180b1,unchanged_outside_f6_correction_population,[],not_applicable,Outside the frozen correction population.
route_773640cd4c26,update_2026-08-09__rec_000138,model_f924e02d892f,config_44fb4920b1fe,unchanged_outside_f6_correction_population,[],not_applicable,Outside the frozen correction population.
route_d07eb8c2a0c4,update_2026-08-09__rec_000138,model_f924e02d892f,config_747b9838dbdb,unchanged_outside_f6_correction_population,[],not_applicable,Outside the frozen correction population.
route_aec0f02313df,update_2026-08-09__rec_000138,model_f924e02d892f,config_0398daef2be0,unchanged_outside_f6_correction_population,[],not_applicable,Outside the frozen correction population.
route_0f9204eed8da,update_2026-08-09__rec_000138,model_1bd0fe9134d7,config_bc111698a5df,unchanged_outside_f6_correction_population,[],not_applicable,Outside the frozen correction population.
route_3caf448da69c,update_2026-08-09__rec_000138,model_f12e33a1e764,config_3f59b83d864d,unchanged_outside_f6_correction_population,[],not_applicable,Outside the frozen correction population.
route_276ab88653d9,update_2026-08-09__rec_000138,model_f12e33a1e764,config_59f9013b02f3,unchanged_outside_f6_correction_population,[],not_applicable,Outside the frozen correction population.
route_e8b754d26728,update_2026-08-09__rec_000138,model_f924e02d892f,config_29bd08d4d609,unchanged_outside_f6_correction_population,[],not_applicable,Outside the frozen correction population.
route_017cdda5615a,update_2026-08-09__rec_000138,model_f924e02d892f,config_13f52631e201,unchanged_outside_f6_correction_population,[],not_applicable,Outside the frozen correction population.
route_f912c63c815f,update_2026-08-09__rec_000138,model_f924e02d892f,config_24bb096ba238,unchanged_outside_f6_correction_population,[],not_applicable,Outside the frozen correction population.
route_9daaabb1fd5e,update_2026-08-09__rec_000138,model_f924e02d892f,config_bdfe195cea6f,unchanged_outside_f6_correction_population,[],not_applicable,Outside the frozen correction population.
route_b68e65fecc46,update_2026-08-09__rec_000138,model_f924e02d892f,config_bdfe195cea6f,unchanged_outside_f6_correction_population,[],not_applicable,Outside the frozen correction population.
route_6222a6dade31,update_2026-08-09__rec_000138,model_f924e02d892f,config_c1b90d335ad3,unchanged_outside_f6_correction_population,[],not_applicable,Outside the frozen correction population.
route_92d1fc7a989d,update_2026-08-09__rec_000138,model_f924e02d892f,config_7ca57b1512ce,unchanged_outside_f6_correction_population,[],not_applicable,Outside the frozen correction population.
route_51ee68b9183a,update_2026-08-09__rec_000138,model_f924e02d892f,config_a30607d9f434,unchanged_outside_f6_correction_population,[],not_applicable,Outside the frozen correction population.
route_ee2d489e0fab,update_2026-08-09__rec_000138,model_f924e02d892f,config_3e3af05d3b15,revise_fields,"['carrier_subtype', 'fusion_topology', 'model_visible_form_verbatim', 'source_modality_normalized']",high,"The route is real and explicitly supported in Figure 1a and its caption as part of OCellus pretraining. The narrow correction is to stop treating the model-visible form and topology as more specific than the paper supports: the paper shows tokenized PPI database text flowing through an encoder and into a Qwen-aligned backbone, but it does not justify the prior scaffold subtype or shared-latent topology label."
