relative_path,category,size_bytes,mtime_utc,sha256
00_search/diagnostic_available_sources/core_api/arxiv_2026-08-09.json,final_or_documentation,29653,2026-08-09T13:04:26.201824+00:00,490da5589f79d53ee380d61f4738eca9a7f8ed159b5a8a8c9a8a0bd415c44632
00_search/diagnostic_available_sources/core_api/biorxiv_medrxiv_2026-08-09.json,final_or_documentation,49046,2026-08-09T13:04:27.004146+00:00,f20ff3de44864fcef92f1430ae5ebe1079d260572682f8e2eead9e73e68c1f5c
00_search/diagnostic_available_sources/core_api/pubmed_2026-08-09.json,final_or_documentation,59350,2026-08-09T13:04:06.418257+00:00,f18cfe66e1d0552ffdf9ca53743e558d521d65e591115104c6e4f798a0529ac7
00_search/diagnostic_available_sources/core_api/search_summary_2026-08-09.json,final_or_documentation,1126,2026-08-09T13:04:27.006480+00:00,e6222c5bf57d7c400be027ca4b27e0451c634818f9abab6ef9b4cacb74d6183e
00_search/diagnostic_available_sources/core_api_v2/arxiv_2026-08-09.json,final_or_documentation,30437,2026-08-09T13:10:02.918568+00:00,541b4cf4f50077a52c04f9b6fbefe48bbe2e95fcc851e5b7947eece93f8fa09e
00_search/diagnostic_available_sources/core_api_v2/biorxiv_medrxiv_2026-08-09.json,final_or_documentation,50166,2026-08-09T13:10:03.872185+00:00,c04abb21569b6b5011a4ce4c8177803d50643027e0616716c1f2fef6d5717e9b
00_search/diagnostic_available_sources/core_api_v2/pubmed_2026-08-09.json,final_or_documentation,61588,2026-08-09T13:10:01.898635+00:00,6ace86b675f78a70b5af4f21faefaf62331e416f8e25f522c132e65ad3873330
00_search/diagnostic_available_sources/core_api_v2/search_summary_2026-08-09.json,final_or_documentation,889,2026-08-09T13:10:03.876827+00:00,8271be8083c2f1f04125a9c1cb1d15c8c9239852cf4e39b4975aa2b44e170f1a
00_search/diagnostic_available_sources/google_scholar/google_scholar_2026-08-09.json,final_or_documentation,2757,2026-08-09T13:06:28.085011+00:00,2fc40816a53058810cbcb234e8fd4e77528450dffeb55d5e2e1625c78507f096
00_search/diagnostic_available_sources/google_scholar/search_summary_2026-08-09.json,final_or_documentation,1610,2026-08-09T13:06:28.087398+00:00,f812ccc0fe35eaad52e5f11025fe2dd7ca8f469f2e71d74a58d629e3af851cfc
00_search/diagnostic_available_sources/openalex_fulltext_scope_audit_2026-08-09.json,final_or_documentation,1026,2026-08-10T00:59:01.583176+00:00,6b3c31d03809d2ef533b5332cb5d32ccf9d52ddcaf173888afd3c9540c78d0bd
00_search/diagnostic_seven_query_serpapi/google_scholar_provider_export.json,final_or_documentation,1055267,2026-08-10T10:48:53.426104+00:00,5b75dc43544d3d8f0b1a74eba4817328abbe6bd94e307de5aa2d6b7cfe4e78b7
00_search/diagnostic_seven_query_serpapi/search_summary_2026-08-09.json,final_or_documentation,3697,2026-08-10T10:48:53.428078+00:00,f5dab02681479320c907cea80fadc0fe0a2cb3596f729a90af7b43e4ed773186
00_search/diagnostic_single_query_serpapi/audit.json,final_or_documentation,4140,2026-08-10T09:57:55.226020+00:00,dda235d8a59ad161d3f5af726b453655b710a94a79ad8ab412a6664f98ce95a4
00_search/diagnostic_single_query_serpapi/page_000.json,final_or_documentation,87811,2026-08-10T09:56:29.326843+00:00,47a9227b74a70e5e9b588be4d45877bb51cfbe663e033e02a3ba00092c2ae01a
00_search/diagnostic_single_query_serpapi/page_001.json,final_or_documentation,94625,2026-08-10T09:56:49.246968+00:00,0f9c54409d7700c3d54f1eeae76e60c9ad7f04a9ff357dc78b1cbb081aa1b337
00_search/diagnostic_single_query_serpapi/page_002.json,final_or_documentation,92465,2026-08-10T09:56:51.955291+00:00,8b1768b1d75797c23af393f2350bd06bfc116eb876d6f128ce437dca16b0709e
00_search/diagnostic_single_query_serpapi/page_003.json,final_or_documentation,91865,2026-08-10T09:56:58.541202+00:00,ef1d59ffec4a60b156ce1ae2409770e57d9e33db2b48cd921bd35b25e9e7148f
00_search/diagnostic_single_query_serpapi/page_004.json,final_or_documentation,95510,2026-08-10T09:57:00.500307+00:00,dc6cf7731a003683f2ac18e7bbcf2f1d401541fa92d33dadb4f3f1a98204e534
00_search/diagnostic_single_query_serpapi/page_005.json,final_or_documentation,90002,2026-08-10T09:57:03.248834+00:00,82e8d464a68fc8b709b0be936bb06bfe46ebc0da83c13656ed1704810214239f
00_search/diagnostic_single_query_serpapi/page_006.json,final_or_documentation,92722,2026-08-10T09:57:05.118734+00:00,948a5fb3d9c1884423663a773d4aec6fb627a677a7a456b4022aa43cef10bc0f
00_search/diagnostic_single_query_serpapi/page_007.json,final_or_documentation,92315,2026-08-10T09:57:09.739508+00:00,58c159f47baf1247dd6f16c839ab18ac091f01002cc4927ccdb9eb831983ecde
00_search/diagnostic_single_query_serpapi/page_008.json,final_or_documentation,96092,2026-08-10T09:57:12.367220+00:00,e115ece7fa709951554953f694a3ba08c76e43fe93a982fbf46b17cf9d6c6d59
00_search/diagnostic_single_query_serpapi/page_009.json,final_or_documentation,91791,2026-08-10T09:57:14.136141+00:00,be11eb37930fd267aa9edd98c9a3bfa091a2672c8756353434c6a2384788b3ad
00_search/diagnostic_single_query_serpapi/page_010.json,final_or_documentation,91204,2026-08-10T09:57:20.099661+00:00,4516fb8b5b0ff99f7a01eca747530778a8451cee19b43c3d98ee77e522d3d2b1
00_search/diagnostic_single_query_serpapi/page_011.json,final_or_documentation,90352,2026-08-10T09:57:23.139766+00:00,5d3c9e4ad62c9740d64be00f8f1192c33324db1d0f5fb46168cd47999cd9532d
00_search/diagnostic_single_query_serpapi/page_012.json,final_or_documentation,44445,2026-08-10T09:57:24.913538+00:00,d29482539229a9afe5d472a3dcd16cc57044d7fa7f2d3753662a8a849175a616
00_search/diagnostic_single_query_serpapi/records.json,final_or_documentation,241467,2026-08-10T09:57:24.916630+00:00,a2bea2c99e0ef8c621296e9c26cf38f855bdebabe5fa40c1e3a744ac40c64799
00_search/exports/arxiv_2026-08-09.json,final_or_documentation,30437,2026-08-10T10:50:41.279032+00:00,869c49804d54a341dbed6e6d6bf7161f1e1d22c8391b540903511b72705c0c24
00_search/exports/biorxiv_medrxiv_2026-08-09.json,final_or_documentation,50166,2026-08-10T10:50:42.307073+00:00,d8ea77769157c0c806f2d6ff5776321f0f8891fb7e6641eabfbb505562a109d0
00_search/exports/google_scholar_2026-08-09.json,final_or_documentation,333068,2026-08-10T10:51:47.414835+00:00,f0d8574e7fb29434ba5f36048952d45286f768b2aa96e69b860f243813b324a6
00_search/exports/openalex_2026-08-09.json,final_or_documentation,382759,2026-08-10T10:50:37.685612+00:00,091ee5667f44dabd43757b67db0e78705795bcf91342c889cd26a494795952e0
00_search/exports/openalex_raw_2026-08-09.json,final_or_documentation,4285160,2026-08-10T10:50:37.683659+00:00,cc763035295cca1a859212826dc236945e6f527552b424330e5758dad496fa8c
00_search/exports/pubmed_2026-08-09.json,final_or_documentation,61588,2026-08-10T10:50:08.860101+00:00,91604e8a03740b0f156f23fd2d88aa905b2e35c3a55c3fe156d92eb144b1e832
00_search/exports/scopus_2026-08-09.json,final_or_documentation,218641,2026-08-10T10:50:34.141515+00:00,dd06efb945b8230c1e68670e9bde1f997fd10ec30a5a2805b863cee6c99c8de7
00_search/exports/search_summary_2026-08-09.json,final_or_documentation,3696,2026-08-10T10:51:47.416977+00:00,f844d9c6b1bf89e8229ac8c93dc8cf682919f31ad0f1a42a0147d33b85d6091d
00_search/exports/semantic_scholar_2026-08-09.json,final_or_documentation,2805728,2026-08-10T10:50:37.714104+00:00,e8aa3c9f525b0da6698997d1cce41dff68d1bb275292b237d399be3f39737c79
00_search/exports/semantic_scholar_state/checkpoint.json,final_or_documentation,4871,2026-08-09T23:11:04.974133+00:00,828bb70df2b198fb49e3eeeed75446365fbca0a69c2e55f37a7d128a9d5dbb13
00_search/exports/semantic_scholar_state/raw/main/page_00000.json,final_or_documentation,3529306,2026-08-09T23:11:03.008594+00:00,8d871dcb629524e6b811cf40f0212e1a06568f14da31b847e167d7280ff9f618
00_search/exports/semantic_scholar_state/raw/main/page_00001.json,final_or_documentation,187718,2026-08-09T23:11:04.093749+00:00,1aae4f25330c01eb17be2a8df5debd2094ebf7b8f6f313bd8a32330b35a0eafe
00_search/exports/semantic_scholar_state/raw/model_names/page_00000.json,final_or_documentation,196442,2026-08-09T23:11:04.971012+00:00,9d69b3f517f910cdcdeda43db06c9125afefef155ce723f7ee344ff13375af29
00_search/exports/springernature_2026-08-09.json,final_or_documentation,77661,2026-08-10T10:51:47.406611+00:00,f872bde010b36633e7af974929a1fa8b333b5ba1e3641a69adedcd9c381d3397
00_search/exports/springernature_raw_2026-08-09.json,final_or_documentation,1725670,2026-08-10T10:51:47.406001+00:00,ae6afb49ae4958d9bc80a0608f2e0979cb44d49f8d66865ed189e4301867b628
00_search/google_scholar_provider_export.json,final_or_documentation,317521,2026-08-10T10:49:58.421386+00:00,a5fde225db082f8d77850b44731226a50277c8ba0bbb6846edf8a8904d534ed4
00_search/google_scholar_provider_export_seven_query_diagnostic.json,final_or_documentation,1055267,2026-08-10T10:56:47.100693+00:00,5b75dc43544d3d8f0b1a74eba4817328abbe6bd94e307de5aa2d6b7cfe4e78b7
00_search/raw/google_scholar_serpapi/97c2eb06d497a5a9/gs_q1/page_000.json,final_or_documentation,87811,2026-08-10T10:49:45.032191+00:00,47a9227b74a70e5e9b588be4d45877bb51cfbe663e033e02a3ba00092c2ae01a
00_search/raw/google_scholar_serpapi/97c2eb06d497a5a9/gs_q1/page_001.json,final_or_documentation,94625,2026-08-10T10:49:46.139462+00:00,0f9c54409d7700c3d54f1eeae76e60c9ad7f04a9ff357dc78b1cbb081aa1b337
00_search/raw/google_scholar_serpapi/97c2eb06d497a5a9/gs_q1/page_002.json,final_or_documentation,92465,2026-08-10T10:49:47.252732+00:00,8b1768b1d75797c23af393f2350bd06bfc116eb876d6f128ce437dca16b0709e
00_search/raw/google_scholar_serpapi/97c2eb06d497a5a9/gs_q1/page_003.json,final_or_documentation,91865,2026-08-10T10:49:48.385835+00:00,ef1d59ffec4a60b156ce1ae2409770e57d9e33db2b48cd921bd35b25e9e7148f
00_search/raw/google_scholar_serpapi/97c2eb06d497a5a9/gs_q1/page_004.json,final_or_documentation,95510,2026-08-10T10:49:49.509913+00:00,dc6cf7731a003683f2ac18e7bbcf2f1d401541fa92d33dadb4f3f1a98204e534
00_search/raw/google_scholar_serpapi/97c2eb06d497a5a9/gs_q1/page_005.json,final_or_documentation,90002,2026-08-10T10:49:50.652960+00:00,82e8d464a68fc8b709b0be936bb06bfe46ebc0da83c13656ed1704810214239f
00_search/raw/google_scholar_serpapi/97c2eb06d497a5a9/gs_q1/page_006.json,final_or_documentation,92722,2026-08-10T10:49:51.750187+00:00,948a5fb3d9c1884423663a773d4aec6fb627a677a7a456b4022aa43cef10bc0f
00_search/raw/google_scholar_serpapi/97c2eb06d497a5a9/gs_q1/page_007.json,final_or_documentation,92315,2026-08-10T10:49:52.880268+00:00,58c159f47baf1247dd6f16c839ab18ac091f01002cc4927ccdb9eb831983ecde
00_search/raw/google_scholar_serpapi/97c2eb06d497a5a9/gs_q1/page_008.json,final_or_documentation,96092,2026-08-10T10:49:54.003939+00:00,e115ece7fa709951554953f694a3ba08c76e43fe93a982fbf46b17cf9d6c6d59
00_search/raw/google_scholar_serpapi/97c2eb06d497a5a9/gs_q1/page_009.json,final_or_documentation,91791,2026-08-10T10:49:55.115305+00:00,be11eb37930fd267aa9edd98c9a3bfa091a2672c8756353434c6a2384788b3ad
00_search/raw/google_scholar_serpapi/97c2eb06d497a5a9/gs_q1/page_010.json,final_or_documentation,91204,2026-08-10T10:49:56.239858+00:00,4516fb8b5b0ff99f7a01eca747530778a8451cee19b43c3d98ee77e522d3d2b1
00_search/raw/google_scholar_serpapi/97c2eb06d497a5a9/gs_q1/page_011.json,final_or_documentation,90352,2026-08-10T10:49:57.340683+00:00,5d3c9e4ad62c9740d64be00f8f1192c33324db1d0f5fb46168cd47999cd9532d
00_search/raw/google_scholar_serpapi/97c2eb06d497a5a9/gs_q1/page_012.json,final_or_documentation,44445,2026-08-10T10:49:58.419782+00:00,d29482539229a9afe5d472a3dcd16cc57044d7fa7f2d3753662a8a849175a616
00_search/raw/google_scholar_serpapi/gs_q1/page_000.json,final_or_documentation,50380,2026-08-10T08:55:57.379282+00:00,7e87f2782d832f259191a3f640d4aa45e19147860f4cab63db149206326286d3
00_search/raw/google_scholar_serpapi/gs_q1/page_001.json,final_or_documentation,53690,2026-08-10T08:56:02.217206+00:00,1f7d67a2f155fed1de38d24a7031d5b2c4608a275ea0b7064b8ef6992f870f4c
00_search/raw/google_scholar_serpapi/gs_q1/page_002.json,final_or_documentation,49846,2026-08-10T08:56:09.880507+00:00,7567ed1fc38843f21a5380c0d7f679d3706ccc23f5fe69bbd067d0ec1ce7655c
00_search/raw/google_scholar_serpapi/gs_q1/page_003.json,final_or_documentation,52495,2026-08-10T08:56:16.745193+00:00,f42e0df1cd237323375d37163ca8854ee9e949bfc35282e8985b2540d73b4913
00_search/raw/google_scholar_serpapi/gs_q1/page_004.json,final_or_documentation,49386,2026-08-10T08:56:25.330658+00:00,ffaa0f08ecb70f029206ffca6201cb7850992c6f28fb640453eb82ffc3616c95
00_search/raw/google_scholar_serpapi/gs_q1/page_005.json,final_or_documentation,59174,2026-08-10T08:56:29.505300+00:00,abc40152d26c09ca81838b88ca328fa2b62121169d46318bcb160ae37bbbc5bd
00_search/raw/google_scholar_serpapi/gs_q1/page_006.json,final_or_documentation,64552,2026-08-10T08:56:33.133316+00:00,69f544b3947597d9fe0d026cfc135af03ae1d6fdf1d6b99b5f806879e9c2e063
00_search/raw/google_scholar_serpapi/gs_q1/page_007.json,final_or_documentation,6159,2026-08-10T08:58:08.229867+00:00,1f3036b31da9210c17e6b69e72c9729901b8e1394cd1bb5b39265e1e330ea28f
00_search/raw/google_scholar_serpapi/gs_q1/page_008.json,final_or_documentation,60864,2026-08-10T08:58:26.693625+00:00,3ed69f2aa673df9c71ccd8d101366e1d02505982a716d2c3ef6a3321ccc37e93
00_search/raw/google_scholar_serpapi/gs_q1/page_009.json,final_or_documentation,61313,2026-08-10T08:58:33.290214+00:00,b5660892264fb02e045d8349ac7fb86577276a262e7ab0364e837cb2f6aa1062
00_search/raw/google_scholar_serpapi/gs_q1/page_010.json,final_or_documentation,6179,2026-08-10T08:58:36.896527+00:00,7b5fb2e0d6d9e432eb9202571e1d636f5d240dfc9b4e40a73c0e4524fcaac68e
00_search/raw/google_scholar_serpapi/gs_q1/page_011.json,final_or_documentation,6175,2026-08-10T08:58:41.740969+00:00,728dbfcfbd3567953903015f2eb3881327603c8253d89bfcc7aa64b087000356
00_search/raw/google_scholar_serpapi/gs_q1/page_012.json,final_or_documentation,62444,2026-08-10T08:58:43.913088+00:00,b7095f1a6b7d58881594a4c0d7f9bffde53b35a684782859f62af66783f9d638
00_search/raw/google_scholar_serpapi/gs_q1/page_013.json,final_or_documentation,6178,2026-08-10T08:59:30.333357+00:00,092b372dabc2e3c6d78fc40861a099349a7982177511a965ba313a3c72d64c00
00_search/raw/google_scholar_serpapi/gs_q1/page_014.json,final_or_documentation,63760,2026-08-10T08:59:36.668446+00:00,44021665497bf8fbbd42c15e93ad9a6ae62e50929cc119d4ffa4db34b947f8c4
00_search/raw/google_scholar_serpapi/gs_q1/page_015.json,final_or_documentation,65866,2026-08-10T08:59:46.131910+00:00,d5c956ad695b9fc2390dc0305c12fc0daf6b012c0d030943369af52812bc67ce
00_search/raw/google_scholar_serpapi/gs_q1/page_016.json,final_or_documentation,67746,2026-08-10T08:59:57.146630+00:00,7ef569fc36e45a7367ad33ea15e52dad0fde5d20e4df63a443a3e8b4668ae000
00_search/raw/google_scholar_serpapi/gs_q1/page_017.json,final_or_documentation,59801,2026-08-10T09:00:00.482829+00:00,4582bbb711492e6ca6643950d148360f483ce579cb443c5b989e153d89604303
00_search/raw/google_scholar_serpapi/gs_q1/page_018.json,final_or_documentation,1213,2026-08-10T09:00:19.810945+00:00,8e34c84bb7dad325b9d457696471b0b067bdb67c10e195d6d4ab03c621622857
00_search/raw/google_scholar_serpapi/gs_q2/page_000.json,final_or_documentation,61870,2026-08-10T09:00:21.830832+00:00,1a1e5b7abd53de6b84619df69393b6f6583b9f14a17fd94b72bcec7876afba2e
00_search/raw/google_scholar_serpapi/gs_q2/page_001.json,final_or_documentation,49367,2026-08-10T09:00:25.346725+00:00,0865ec43e26957b8d072ed81435f08de993d2e3ce37dc5f67ad48057e18f583d
00_search/raw/google_scholar_serpapi/gs_q2/page_002.json,final_or_documentation,50594,2026-08-10T09:00:28.487575+00:00,8b8b2a707920def240680a32ab401895c519d1c525bf50041fa4099f3159b527
00_search/raw/google_scholar_serpapi/gs_q2/page_003.json,final_or_documentation,48658,2026-08-10T09:00:35.484788+00:00,9341d388298d23171fdbc838b57b50619e57ddfd9d94c21332d30d56a679d5b1
00_search/raw/google_scholar_serpapi/gs_q2/page_004.json,final_or_documentation,64325,2026-08-10T09:00:38.445538+00:00,d25b31f00c87d8ea7ce193969edf28f0acc8a4d87db42ae0e9a4b337543cb85e
00_search/raw/google_scholar_serpapi/gs_q2/page_005.json,final_or_documentation,59053,2026-08-10T09:00:44.925835+00:00,b5a7991ec894c1ab803f3f81c81615481630c25d2b804466da6f8aef0091d470
00_search/raw/google_scholar_serpapi/gs_q2/page_006.json,final_or_documentation,59417,2026-08-10T09:00:53.933484+00:00,f40fd53a8c3a272a1171822f7718f7f8e74537ec9388f1a92ee102e9361aa14a
00_search/raw/google_scholar_serpapi/gs_q2/page_007.json,final_or_documentation,63248,2026-08-10T09:01:09.473788+00:00,e8d86644800ba3db82ab82e5131120e89b0e0fc41cd2b07eeb8439e18f7f2f81
00_search/raw/google_scholar_serpapi/gs_q2/page_008.json,final_or_documentation,56265,2026-08-10T09:01:11.895161+00:00,faca25e3bde87d3136c732b64bf601b367ff84e235be52670085e0b1999c711d
00_search/raw/google_scholar_serpapi/gs_q2/page_009.json,final_or_documentation,61960,2026-08-10T09:01:18.754441+00:00,476cf02f0eee559baf3efb4a1d3f237c2e6d7dc85f250af1bee51fd7c986012b
00_search/raw/google_scholar_serpapi/gs_q2/page_010.json,final_or_documentation,64158,2026-08-10T09:01:21.665946+00:00,3fc539ff31b5467e0ac3974feebddf3cdf7180f94888befdcbf80108448032d9
00_search/raw/google_scholar_serpapi/gs_q2/page_011.json,final_or_documentation,1146,2026-08-10T09:01:31.795752+00:00,03b79bca9c01d53d523c924cadd917f0cc0be633147884e90db4afb2e8b5c5b6
00_search/raw/google_scholar_serpapi/gs_q3/page_000.json,final_or_documentation,50833,2026-08-10T09:01:34.185411+00:00,180bd4e2d995ec46d45b132720996b161a817db6eff9c34a5e8df21de8358d7a
00_search/raw/google_scholar_serpapi/gs_q3/page_001.json,final_or_documentation,56452,2026-08-10T09:01:37.871124+00:00,3f31c06e191de826cb02ab04ab7cf2f3899f7af63ec8698f4674da064265dd63
00_search/raw/google_scholar_serpapi/gs_q3/page_002.json,final_or_documentation,62746,2026-08-10T09:01:39.738283+00:00,05d9605b11a2792fe0e23adbbbf32c5cc0f383c08cb7ed226c8d4affd3ff3c57
00_search/raw/google_scholar_serpapi/gs_q3/page_003.json,final_or_documentation,50733,2026-08-10T09:01:42.009284+00:00,1fd83809051f38d2f22d385dfe5af06e63d513c0f29468b9bde5d43d5db481bf
00_search/raw/google_scholar_serpapi/gs_q3/page_004.json,final_or_documentation,66501,2026-08-10T09:01:43.851604+00:00,b70cd92fa361b115a41995c74a486683897bba8e736c28d51bbebd04fec1ec1e
00_search/raw/google_scholar_serpapi/gs_q3/page_005.json,final_or_documentation,30315,2026-08-10T09:01:45.805200+00:00,c4337cf183ebb90e635e38dad267f790f032e09a413817266a929914089d4b3a
00_search/raw/google_scholar_serpapi/gs_q3/page_006.json,final_or_documentation,62444,2026-08-10T09:01:47.999756+00:00,60c2ae5a35c371c9ab771c832b5a3a937fc93f6773baa4e0cd81bc2c02c44e01
00_search/raw/google_scholar_serpapi/gs_q3/page_007.json,final_or_documentation,57973,2026-08-10T09:01:52.923398+00:00,63a2ca068c5537c918208853c3c45aac82dc3ef4d84af6fdc90ca3954a50659a
00_search/raw/google_scholar_serpapi/gs_q3/page_008.json,final_or_documentation,63974,2026-08-10T09:02:00.821474+00:00,1521d29745affbe2d7e6a09653f8dd0f90b2527eaaccc21977c6a94ef3a5d99e
00_search/raw/google_scholar_serpapi/gs_q3/page_009.json,final_or_documentation,6067,2026-08-10T09:02:07.468252+00:00,242dae418e1ee8a244c6434fb86d5a4b70d63846f98a6ff56f41b6f59438f79f
00_search/raw/google_scholar_serpapi/gs_q3/page_010.json,final_or_documentation,61126,2026-08-10T09:02:09.372372+00:00,5eb54fc97a40c588eb535df0e45ec97ad88c63bc6ce56e518457364ac43bf8b7
00_search/raw/google_scholar_serpapi/gs_q3/page_011.json,final_or_documentation,62601,2026-08-10T09:02:11.745958+00:00,29e3cbbe928fc33ab8b0cf93928d5bfbab3cb8011a06af0a191df811d68d488b
00_search/raw/google_scholar_serpapi/gs_q3/page_012.json,final_or_documentation,65603,2026-08-10T09:02:20.229133+00:00,10e166d2f4fb5b6d80ebaee342793c695b068576f65391b5080f91994b4230c6
00_search/raw/google_scholar_serpapi/gs_q3/page_013.json,final_or_documentation,1200,2026-08-10T09:02:24.563004+00:00,49893994665ec1d8141fd99016aed0ea20ba99454d033cfc89197ce6ef1f45d0
00_search/raw/google_scholar_serpapi/gs_q4/page_000.json,final_or_documentation,66102,2026-08-10T09:02:32.182789+00:00,082b359485d0c4e4ed5ce1fa787c6fd5763b1904d6ce2fb2bbc4f03ccd5fed25
00_search/raw/google_scholar_serpapi/gs_q4/page_001.json,final_or_documentation,62681,2026-08-10T09:02:34.628573+00:00,3a7eb3374d44744d38ea1dec1e31baa1fd20c3e8e3e807faa52dff45f148bb9a
00_search/raw/google_scholar_serpapi/gs_q4/page_002.json,final_or_documentation,51933,2026-08-10T09:02:37.714394+00:00,0a8b770fd099ffd22d9722e115e5a538d3fecac5e88233b3670ec2b1c4e54167
00_search/raw/google_scholar_serpapi/gs_q4/page_003.json,final_or_documentation,64636,2026-08-10T09:02:42.771510+00:00,b7bcc70e9c5dcf2294b8dae003ea4de1dc222d5b5d3d81fcc6f3d93b2b709d10
00_search/raw/google_scholar_serpapi/gs_q4/page_004.json,final_or_documentation,50350,2026-08-10T09:02:50.241826+00:00,b8e8f97a2fca0324f0ab254527fbb226762b8b61eead548103b6771895a20023
00_search/raw/google_scholar_serpapi/gs_q4/page_005.json,final_or_documentation,8594,2026-08-10T09:02:57.207295+00:00,605db26504c6c3949f12b938b90d66faa52fb30dda5733b4dd0adb89c08533f2
00_search/raw/google_scholar_serpapi/gs_q4/page_006.json,final_or_documentation,5001,2026-08-10T09:03:02.998886+00:00,1f18ba6110eb5c8e753cf3d89d6abf44d6a2da09e9de5f5c2da12e7448866cbc
00_search/raw/google_scholar_serpapi/gs_q4/page_007.json,final_or_documentation,5733,2026-08-10T09:03:06.053127+00:00,65b0303c9ee2492b18c77e422cdffd17e6ee38ea755c01a6b1baa18e68ab2782
00_search/raw/google_scholar_serpapi/gs_q4/page_008.json,final_or_documentation,65390,2026-08-10T09:03:08.346585+00:00,00777a105b0780372b2d66e9e30d99931b11fa74e018a85e56035f5fd3440d64
00_search/raw/google_scholar_serpapi/gs_q4/page_009.json,final_or_documentation,60828,2026-08-10T09:03:11.609571+00:00,22176b5e50f5c226401d5eeccb6bce07955e7b04b202e8fbc40f0db8c64f9114
00_search/raw/google_scholar_serpapi/gs_q4/page_010.json,final_or_documentation,1091,2026-08-10T09:03:34.159469+00:00,f10bdf22094af74199f6bf4a665796ffcae1171a66e4979501f00044a7772f98
00_search/raw/google_scholar_serpapi/gs_q5/page_000.json,final_or_documentation,53431,2026-08-10T09:03:37.845564+00:00,20b1886e450946ab6b8b2dbada0ba7503cf69ae8df20969625d0d68ca159ad75
00_search/raw/google_scholar_serpapi/gs_q5/page_001.json,final_or_documentation,49069,2026-08-10T09:03:40.213944+00:00,b8c8a8eb4e33e28cb9e728764879cb401edce8a111498e3762b1f782c39c51bf
00_search/raw/google_scholar_serpapi/gs_q5/page_002.json,final_or_documentation,52811,2026-08-10T09:03:44.985487+00:00,5e036f494dce451006e197404291f3257d9e5da9adfcedc2e0744a700a16401d
00_search/raw/google_scholar_serpapi/gs_q5/page_003.json,final_or_documentation,54009,2026-08-10T09:03:49.468177+00:00,2a91e00d65ea411ce316176a0d04528b95bdb7df9fed476ab5d647016a5e2cb0
00_search/raw/google_scholar_serpapi/gs_q5/page_004.json,final_or_documentation,45731,2026-08-10T09:03:57.252331+00:00,69c628d3e4323c2a01464115a9fc2cf2cdbdc85c19552ed8202616ceb58d994d
00_search/raw/google_scholar_serpapi/gs_q5/page_005.json,final_or_documentation,68879,2026-08-10T09:04:04.682656+00:00,538be9201afdc99d048c27e4f2a022d1635524283ef10f2b9795ca844066f332
00_search/raw/google_scholar_serpapi/gs_q5/page_006.json,final_or_documentation,52425,2026-08-10T09:04:09.385650+00:00,f20ed318c588e8de4ba6d9dc8cba5846ee1963b4e065ee2716e8e9bcfb46c1a8
00_search/raw/google_scholar_serpapi/gs_q5/page_007.json,final_or_documentation,64801,2026-08-10T09:04:12.757338+00:00,2b744b4acd04e8ca3b9cd6a7c61bac90cf42a12f8887e4cb15c8f3d2ac6e5260
00_search/raw/google_scholar_serpapi/gs_q5/page_008.json,final_or_documentation,65122,2026-08-10T09:04:14.858762+00:00,f41bf1628c157fc59d8f28db0ee707f2da9d067dada0393ad93a328d1bd20b69
00_search/raw/google_scholar_serpapi/gs_q5/page_009.json,final_or_documentation,70503,2026-08-10T09:04:19.088550+00:00,107f4261b16417831a0eb9b880cf7c2d207874c4496f35d70d8d4171e4462050
00_search/raw/google_scholar_serpapi/gs_q5/page_010.json,final_or_documentation,7137,2026-08-10T09:04:26.913300+00:00,e693c0616ef472fff8847a8c51401ce26bf25b821b92a37eef36e30c93640136
00_search/raw/google_scholar_serpapi/gs_q5/page_011.json,final_or_documentation,7138,2026-08-10T09:04:33.198523+00:00,bc20c53208c076c9500d1cfa176e130705df567c0620f50fbf8667fc9a71ea8b
00_search/raw/google_scholar_serpapi/gs_q5/page_012.json,final_or_documentation,60770,2026-08-10T09:04:35.835041+00:00,e02e4a3bc673001a6b4755e2e86075a746d3532016cdecc2d1eebfd89dcc11b1
00_search/raw/google_scholar_serpapi/gs_q5/page_013.json,final_or_documentation,7138,2026-08-10T09:04:51.894323+00:00,917725c02fe58c3da708b0641f524790fd240f5a75e86b319cf41810a131bdd5
00_search/raw/google_scholar_serpapi/gs_q5/page_014.json,final_or_documentation,63839,2026-08-10T09:04:54.716147+00:00,af6156510ff8570bf11230f72e2bb2cb66e0b653a299322cef461545714eb774
00_search/raw/google_scholar_serpapi/gs_q5/page_015.json,final_or_documentation,1329,2026-08-10T09:05:02.551075+00:00,05dc157afe69bc94e32a8b64e8ffdf0a17e6c538643ca1fa24fe7f2a4a489009
00_search/raw/google_scholar_serpapi/gs_q6/page_000.json,final_or_documentation,64172,2026-08-10T09:05:05.531517+00:00,655705cf828842b59af4c284a50624f6ec4f4b5095a2d0c6ebf3744fb2a9db8f
00_search/raw/google_scholar_serpapi/gs_q6/page_001.json,final_or_documentation,53760,2026-08-10T09:05:07.477998+00:00,5498f9b1561e22cc8c0d81bc69fc93925f04730e030b5297bcaa3958a511edc8
00_search/raw/google_scholar_serpapi/gs_q6/page_002.json,final_or_documentation,65810,2026-08-10T09:05:27.774745+00:00,342d1a6d4c77c5dbe2ad87b0f27a46d0c6b6c556a3c36076236e730311a23b74
00_search/raw/google_scholar_serpapi/gs_q6/page_003.json,final_or_documentation,18593,2026-08-10T09:05:31.187037+00:00,4ce8151460516515ec22872f1816964bd6fb9b10ebfbd704f025af5679e5ccbe
00_search/raw/google_scholar_serpapi/gs_q6/page_004.json,final_or_documentation,60008,2026-08-10T09:05:38.078263+00:00,b4157e99085d27dbcbd4b89651a701a60709b43905cee30703b90c77090a4de7
00_search/raw/google_scholar_serpapi/gs_q6/page_005.json,final_or_documentation,61537,2026-08-10T09:05:46.928483+00:00,984089f29e6f9b5619bbe7bf5e78a9f7f8be6bfc55a650c11f0490c80f8a6679
00_search/raw/google_scholar_serpapi/gs_q6/page_006.json,final_or_documentation,28834,2026-08-10T09:05:56.122528+00:00,d9c1de3f4266dd9c36fd21743fa04c307e8b412130bd3643c082195e21f4f166
00_search/raw/google_scholar_serpapi/gs_q6/page_007.json,final_or_documentation,1198,2026-08-10T09:05:59.423983+00:00,4af6059d6d3df85a7bdc886d6f9a4e4826d1345f6af1532d1a1c7138efed6741
00_search/raw/google_scholar_serpapi/gs_q7/page_000.json,final_or_documentation,51095,2026-08-10T09:06:02.574003+00:00,0414cea676fe7467408fbf36621e0eb55ba9664b44c2ffa579369c3f21808cf0
00_search/raw/google_scholar_serpapi/gs_q7/page_001.json,final_or_documentation,46757,2026-08-10T09:06:13.416687+00:00,5d07d4fe8d2d2d20edbe79f36bad49b547cee2c8def9e27a749e5f7c2544e61b
00_search/raw/google_scholar_serpapi/gs_q7/page_002.json,final_or_documentation,65109,2026-08-10T09:06:23.861385+00:00,49fb41365c978dc801d32952e0e98a5b7952c75a051f8fd92f12d8196ed80ad5
00_search/raw/google_scholar_serpapi/gs_q7/page_003.json,final_or_documentation,50014,2026-08-10T09:06:31.502422+00:00,b9d21a881e0a2c5838535846e52069e25c625c7fe63c9e89ff7d4111ac2ea4b6
00_search/raw/google_scholar_serpapi/gs_q7/page_004.json,final_or_documentation,61488,2026-08-10T09:06:34.616590+00:00,4a4df23d7213c8fbc67e013b3c2c34ffde0097707845ca2d8caaa45c8b66e123
00_search/raw/google_scholar_serpapi/gs_q7/page_005.json,final_or_documentation,60510,2026-08-10T09:06:45.274504+00:00,2690886a5622b5aaa3337efc3c341d5089ef35f98146d6bcc9c0ce9d49c895cd
00_search/raw/google_scholar_serpapi/gs_q7/page_006.json,final_or_documentation,59654,2026-08-10T09:06:54.142249+00:00,ed4e67bd8454eb38ccd4d0788739df0e6bd104f0aa80ded34d585a8e2dac6b47
00_search/raw/google_scholar_serpapi/gs_q7/page_007.json,final_or_documentation,65998,2026-08-10T09:07:08.499569+00:00,d043de9a8802e1cfade008a6df9f7103645a08b8df14fce0a86b67eb88143fd0
00_search/raw/google_scholar_serpapi/gs_q7/page_008.json,final_or_documentation,63671,2026-08-10T09:07:15.067571+00:00,0fa3fed0f3df1dbca87441381f8a15b99727b649580dd1c145eabdadd537b9f2
00_search/raw/google_scholar_serpapi/gs_q7/page_009.json,final_or_documentation,67604,2026-08-10T09:07:18.373207+00:00,e62e529e60c814096f7bcbc1d108313487694f180064697d3849087e529fa266
00_search/raw/google_scholar_serpapi/gs_q7/page_010.json,final_or_documentation,1174,2026-08-10T09:07:26.432873+00:00,9dafb20bec934b4a167afd96d541072018af8396480aab9cc3bd39bfb8d7f86a
00_search/scopus_query_correction_audit.json,final_or_documentation,1026,2026-08-10T08:34:31.527238+00:00,fa17e08efdc1f72d90ca17f7cef0c152c06e4fc4505d47c898f81a152485e39d
00_search/search_boundary_audit.md,final_or_documentation,7457,2026-08-10T12:34:43.448730+00:00,01a6abeb3b11a06163183a7b6106849178ec2716131d32274109c0475ad86214
00_search/search_config.json,final_or_documentation,12512,2026-08-10T10:50:06.681005+00:00,1f620ddfa6e06fb40c82b6636893ea4b34a47e9f415da157f1735c69d0027939
01_dedup/deduplicated_records.json,final_or_documentation,1152686,2026-08-10T10:51:57.115849+00:00,b3801922a851fd3f5bbf12269149236fa2cf59ef90e7c495996c74e960dd3d87
01_dedup/deduplication_log.csv,final_or_documentation,107594,2026-08-10T10:51:57.117456+00:00,9f62f29831fdfd0d36096694c639adb0cb047c141916646f2d9ba430abaeddde
01_dedup/deduplication_review_queue.json,final_or_documentation,2773,2026-08-10T10:51:57.117713+00:00,67dba79e95ab3001e93f530773451eb15baf9d686799436e39d8fb07df7b4127
01_dedup/deduplication_stats.json,final_or_documentation,659,2026-08-10T10:51:57.117595+00:00,c14788caf88b3d3b8a4fea1d081585367fcd7e7ebf6a81be2565d931c882f7df
01_dedup/diagnostic_partial_sources/deduplicated_records.json,final_or_documentation,149522,2026-08-09T13:06:54.088395+00:00,a13c3776495e8c7de3dc7b342e49df2328483cfe6239727a26bdbde4fe1ac7b7
01_dedup/diagnostic_partial_sources/deduplication_log.csv,final_or_documentation,9359,2026-08-09T13:06:54.088651+00:00,cc0092047e513c4eaae71152c3af62e11ce8a774f394d19f4ef33a04faff1c4e
01_dedup/diagnostic_partial_sources/deduplication_stats.json,final_or_documentation,407,2026-08-09T13:06:54.088743+00:00,7335d96ed5257c291ea4f6e714ad2a0b926807a9e0680b73d5151a571a94ec14
01_dedup/diagnostic_partial_sources_v2/deduplicated_records.json,final_or_documentation,159623,2026-08-09T13:10:13.862158+00:00,cc8936ddf253379dfb82ab03e03a12222739641e4a59f78dcbd92230ecbd4bf1
01_dedup/diagnostic_partial_sources_v2/deduplication_log.csv,final_or_documentation,9359,2026-08-09T13:10:13.862448+00:00,cc0092047e513c4eaae71152c3af62e11ce8a774f394d19f4ef33a04faff1c4e
01_dedup/diagnostic_partial_sources_v2/deduplication_review_queue.json,final_or_documentation,76,2026-08-09T13:10:13.862607+00:00,45924003e0b00cf9bd6b2d4fca13a824fab6728f8d4301a221f959f3a6f5a842
01_dedup/diagnostic_partial_sources_v2/deduplication_stats.json,final_or_documentation,450,2026-08-09T13:10:13.862543+00:00,b25609dab4194fd6197e651dcebb0195ffa2870dbd3e4f46b899478adc23589d
01_dedup/diagnostic_seven_query_serpapi/deduplication_stats.json,final_or_documentation,672,2026-08-10T10:48:53.429907+00:00,4e27af064f8b418e140340e776697eb20b799eda055a09d68ad19fb42d9e2f51
02_records/cross_dedup_matches.json,final_or_documentation,99569,2026-08-10T10:53:54.052071+00:00,3aba4962da5e38525728d9b496e7526424574f7b31652a9d661bd3359d6b2789
02_records/cross_dedup_review_queue.json,final_or_documentation,1384,2026-08-10T10:53:54.052543+00:00,6dc6d3ce6d027fc04a17ad96d74468e551c11afe17b9e5bc88a13cc552d0f7e4
02_records/cross_dedup_stats.json,final_or_documentation,1015,2026-08-10T10:53:54.052881+00:00,2e2f7dbf29d2228a67cdb5ad5ad5e701493dbd4989df02f7028f719fe9358566
02_records/crossref_checked_stats.json,final_or_documentation,344,2026-08-10T10:53:54.062277+00:00,235692642431ad31173fea15d39a0483493ec1985f67ee9233ec60d8c0708082
02_records/crossref_duplicate_audit.json,final_or_documentation,131858,2026-08-10T10:53:54.054531+00:00,dcef31855149cf32b97663ce597a78b28ee103a3e297da33364bab32cbde0e62
02_records/crossref_hidden_duplicates.csv,final_or_documentation,688,2026-08-10T10:53:54.062519+00:00,0d6cd57b930710be6ee858ef08c0bfea88720a04fd8da98a7a87debde60c6717
02_records/diagnostic_partial_sources_v2/cross_dedup_matches.json,final_or_documentation,3902,2026-08-09T13:14:01.563885+00:00,b3e765ce781beafd72ded297bd0d90046093048eb2da6a54b0d31f5daba3c9b1
02_records/diagnostic_partial_sources_v2/cross_dedup_stats.json,final_or_documentation,845,2026-08-09T13:14:01.564179+00:00,6b18b72daf92f6e909f856883966f29d8c145bd0298e6f9cd4ae9a654c0d7e35
02_records/diagnostic_partial_sources_v2/crossref_checked_stats.json,final_or_documentation,341,2026-08-09T13:14:01.565573+00:00,3f400d49061dbf8336e4790901be142b99d2769adb09aee6a895d8b1c7db5e98
02_records/diagnostic_partial_sources_v2/crossref_duplicate_audit.json,final_or_documentation,17472,2026-08-09T13:14:01.564480+00:00,ee1a0510104aa5a01ea823bcf7b4c1eba2c17d25886e4cdda4d4553bb961f23b
02_records/diagnostic_partial_sources_v2/crossref_hidden_duplicates.csv,final_or_documentation,73,2026-08-09T13:14:01.565711+00:00,5f0387c91d15315fa78097ee1577e8ed9b49bcfbedb9b8c4edb8bdbaf79bc91b
02_records/diagnostic_partial_sources_v2/new_records_after_cross_dedup_crossref_checked.json,final_or_documentation,153979,2026-08-09T13:14:01.565357+00:00,fc117462737ab0437d335ea59cccd8a720bd783a318df2441ef3e5291af42ea5
02_records/diagnostic_partial_sources_v3/cross_dedup_review_queue.json,final_or_documentation,1497,2026-08-09T13:17:26.816617+00:00,d8a1b69024af77f1a719b2f43bbe92db27b9ab219272804f8c6a65b624a4112c
02_records/diagnostic_partial_sources_v4/cross_dedup_matches.json,final_or_documentation,4001,2026-08-09T13:18:23.879573+00:00,450b93a0bca34f81b271b03c082a2b04ae202465d6412fa65d9992baca2eff29
02_records/diagnostic_partial_sources_v4/cross_dedup_review_queue.json,final_or_documentation,100,2026-08-09T13:18:23.880288+00:00,93f75e473eeaf7bef25d7d223f3e348a746e047d5bb1ad71fbd77b72701d4b10
02_records/diagnostic_partial_sources_v4/cross_dedup_stats.json,final_or_documentation,885,2026-08-09T13:18:23.881181+00:00,1eafc3984075de7f5b6f8a4985d06490fc08c7373fa04fbdc8574c451afeace5
02_records/diagnostic_partial_sources_v4/crossref_checked_stats.json,final_or_documentation,341,2026-08-09T13:18:23.884903+00:00,d5f8c2188b491e73023c1518ee58db9675bd23ebfbbfbf0da407c7b67ad4acee
02_records/diagnostic_partial_sources_v4/crossref_duplicate_audit.json,final_or_documentation,20009,2026-08-09T13:18:23.882445+00:00,532c82f34119f3d1c7cbaeb8e741e2dc3c2723a19724334904b4b14a1b051d4f
02_records/diagnostic_partial_sources_v4/crossref_hidden_duplicates.csv,final_or_documentation,73,2026-08-09T13:18:23.885267+00:00,5f0387c91d15315fa78097ee1577e8ed9b49bcfbedb9b8c4edb8bdbaf79bc91b
02_records/diagnostic_partial_sources_v4/new_records_after_cross_dedup_crossref_checked.json,final_or_documentation,154498,2026-08-09T13:18:23.884251+00:00,1cbb1c2782b7558cb6361d60c274c572b01aef7c907887037b3509e9c1d964bd
02_records/manual_cross_dedup_resolutions.json,final_or_documentation,489,2026-08-10T10:52:45.216682+00:00,600ff36b51e8b66ed503a6f99ff7d3ca74c27fbf07ef54ee5ebb0b34c4f8f24c
02_records/manual_cross_dedup_resolutions.template.json,final_or_documentation,183,2026-08-10T10:52:16.255306+00:00,50123b4a856a7b160109fe4872870b7814329401558b3e1e8211fe47716af103
02_records/new_records_after_cross_dedup_crossref_checked.json,final_or_documentation,901270,2026-08-10T10:53:54.061707+00:00,17934b9dc253fb35d8ae154eee672b8248da47d872fca0cf07cd013c8ec03549
03_abstracts/abstract_screening_input.json,final_or_documentation,993477,2026-08-10T12:34:21.083910+00:00,48d4c77f5e5dd86c6431e4eea33942aab6eac9d08c92a82acd4673cb023acc60
03_abstracts/excluded_no_abstract_initial.json,final_or_documentation,242,2026-08-10T12:34:07.402543+00:00,cbe9b6ba49c9c089f737337934dd6fe65ab5ab59fb0bf856e3efd31aa0cf1f45
03_abstracts/excluded_no_usable_abstract.json,final_or_documentation,184,2026-08-10T12:34:21.084096+00:00,8104928aa684f833e18f80f20354e14fe6fc312674f4ba2e1dda9adab695cf55
03_abstracts/missing_abstracts_enriched.json,final_or_documentation,918099,2026-08-10T12:29:43.835809+00:00,8f217fed90e1fef6155614e813a8c04f93783ed5570a9a72a2be07288a896edd
03_abstracts/missing_enrichment_log.json,final_or_documentation,3335,2026-08-10T12:29:43.836774+00:00,688cb922bce7d86129a5e93d443ec6a9d0862edc250404d28af91eb7780475f2
03_abstracts/short_abstracts_enriched.json,final_or_documentation,993939,2026-08-10T12:33:33.891662+00:00,dfcfcc40160eb08ccc51ba32e43e1bef2a8dff62669d961f14af91b01caf3491
03_abstracts/short_enrichment_log.json,final_or_documentation,43617,2026-08-10T12:33:33.893409+00:00,cb835bbfea8c0a123fbc414af232cf797df5de4774e706e9ec40fe9d72bd4b6a
04_abstract_screening/adjudication_queue.json,final_or_documentation,320713,2026-08-10T20:38:18.869225+00:00,a9d3d20efd3e4abbc5bebca52ef7aafc1dc6c9e8587bdf0a8b969c313da53df6
04_abstract_screening/adjudicator.jsonl,final_or_documentation,82610,2026-08-10T20:40:33.535464+00:00,b7f6c4a849bcfed3626f3a75f7512a71e456e0e00abd4f8cb5aaa4e53b3ecb55
04_abstract_screening/architecture_reviewer.jsonl,final_or_documentation,162642,2026-08-10T20:38:18.861482+00:00,9570476bf869b57af9332241c338b40e41e9ccf5dc1a0121867ea613d5b11de8
04_abstract_screening/final_screening_results.csv,final_or_documentation,121254,2026-08-10T20:40:33.541110+00:00,2168f9aed29000b5a34fe8798d98d570e2ad5a528c120bdc933b1c3e324cb2db
04_abstract_screening/final_screening_results.json,final_or_documentation,236022,2026-08-10T20:40:33.538934+00:00,8ebea0b0a6c09d0a9483ac7826ff31ceded616dff12b31cb7fe0fa9a04f3e738
04_abstract_screening/input_records.json,final_or_documentation,722927,2026-08-10T20:35:47.093601+00:00,bcf41cdd2409c3b247dd2866ca044b450206557a556c389dcf6f4bbccd79962a
04_abstract_screening/python_gate_outputs.json,final_or_documentation,552986,2026-08-10T20:38:18.867578+00:00,ecfbdd67c2677f0768d2af99dc63108cfc6fc05b27df77ce69eb64e70a43c97a
04_abstract_screening/record_id_crosswalk.json,final_or_documentation,100379,2026-08-10T20:42:18.685482+00:00,4f5dc83eff7d19a03f07604228b0639017e7ed7ab5691d25c494de4129e59191
04_abstract_screening/reproducibility_manifest.json,final_or_documentation,2587,2026-08-10T20:42:18.686777+00:00,2ca367cbca42f996196c5bdb4b5d63c8aaf70ff7d2d7f870f6f4a7b29866b1dd
04_abstract_screening/role_logs/adjudicator/batch_0001.meta.json,final_or_documentation,970,2026-08-10T20:39:17.571705+00:00,b42c020f150d31469af5488bb5f65ef2592fd67a09fe45869a088f834c3168cf
04_abstract_screening/role_logs/adjudicator/batch_0001.parsed.json,final_or_documentation,4123,2026-08-10T20:39:17.571552+00:00,704259443c596b13b5d573bca8e98f9d078a786e39a0f7693e0c34fc3b2dd104
04_abstract_screening/role_logs/adjudicator/batch_0001.prompt.txt,final_or_documentation,25440,2026-08-10T20:38:18.871278+00:00,4f668e202c37ed314dd71791e4fdad116848a85910eaed7e3c973ffea144eb6e
04_abstract_screening/role_logs/adjudicator/batch_0001.response.txt,final_or_documentation,3701,2026-08-10T20:39:17.570954+00:00,eea306f5796c0f8f398ee2190707e4769b114039468db21dc2a0f74ac178ef63
04_abstract_screening/role_logs/adjudicator/batch_0001.stderr.log,final_or_documentation,32724,2026-08-10T20:39:17.570720+00:00,c3ce1861cbd6c2df3a79f1449007fdf515cd961ecb8520e95ca4d615a6cbe4f3
04_abstract_screening/role_logs/adjudicator/batch_0001.stdout.log,final_or_documentation,3702,2026-08-10T20:39:17.570494+00:00,666ed6f3e446d9f39c2d44c9937ba7b8d207b7ef44c1d291b434e24a8ee4939d
04_abstract_screening/role_logs/adjudicator/batch_0002.meta.json,final_or_documentation,971,2026-08-10T20:39:41.416487+00:00,5994dd2352b297df2b6aeb458fd24513329f3172e6f6d4bd98804e983fcdb9ab
04_abstract_screening/role_logs/adjudicator/batch_0002.parsed.json,final_or_documentation,4146,2026-08-10T20:39:41.416334+00:00,94ea17a6f2f1e870bdd9e3ff0b2ad3e14c8f888e559541345891062d54c6273b
04_abstract_screening/role_logs/adjudicator/batch_0002.prompt.txt,final_or_documentation,38789,2026-08-10T20:38:18.871096+00:00,4f4d2f993a0b4a4eddb62994dd208c7417789c2b5383832f1b6e6842688d6fa4
04_abstract_screening/role_logs/adjudicator/batch_0002.response.txt,final_or_documentation,3724,2026-08-10T20:39:41.415670+00:00,3374dcfc5f2238173345e9d3da567d83c87e1e54225c406a4f06fb66b077a405
04_abstract_screening/role_logs/adjudicator/batch_0002.stderr.log,final_or_documentation,46145,2026-08-10T20:39:41.415342+00:00,5a4c203f02d28b9da8d66fe0acbc7072f09220dc58e5869d2da46ca23fb170a6
04_abstract_screening/role_logs/adjudicator/batch_0002.stdout.log,final_or_documentation,3725,2026-08-10T20:39:41.415034+00:00,2283d9525a75a44921c0d335c01bc144f173e2bbe83b9acd06fe6e8512962ddd
04_abstract_screening/role_logs/adjudicator/batch_0003.meta.json,final_or_documentation,971,2026-08-10T20:39:14.120361+00:00,f406533bca9dc8bd9a0716877549a5fe0e3f7aed68e8832282668d5e8db3edd4
04_abstract_screening/role_logs/adjudicator/batch_0003.parsed.json,final_or_documentation,4357,2026-08-10T20:39:14.120248+00:00,979758a13193a5f003fbb1b0e3d8a7f80660fdbbdf84b004814cb05bccc028b2
04_abstract_screening/role_logs/adjudicator/batch_0003.prompt.txt,final_or_documentation,31932,2026-08-10T20:38:18.871229+00:00,8c9dd8c9e243d98ae7eff9d46396dfc94ae5063480963b4d07674a90210479dc
04_abstract_screening/role_logs/adjudicator/batch_0003.response.txt,final_or_documentation,3935,2026-08-10T20:39:14.119848+00:00,f70df4d5752640a8630369bd82123b6e09d25304e21e4f51eee3f16b71cee0dd
04_abstract_screening/role_logs/adjudicator/batch_0003.stderr.log,final_or_documentation,39307,2026-08-10T20:39:14.119681+00:00,1f2d804e9bb0a21459898c6f632f0beea9e86fd1741ec0161badd05fbe162d89
04_abstract_screening/role_logs/adjudicator/batch_0003.stdout.log,final_or_documentation,3936,2026-08-10T20:39:14.119493+00:00,3d4b07c98c19a3ed53aaa6fd36779a3a73f5843c47fe0b6dd9b6b5b96ea03579
04_abstract_screening/role_logs/adjudicator/batch_0004.meta.json,final_or_documentation,971,2026-08-10T20:39:37.913140+00:00,2a736e3003a1b8c08b2311f6f7eb2fd9d147cff68901fca81ce445ea7699bd83
04_abstract_screening/role_logs/adjudicator/batch_0004.parsed.json,final_or_documentation,4468,2026-08-10T20:39:37.912968+00:00,78036b5e6c42b99420b3b61fdc5cb0e724292d1e9ad8f96e75348ab74f840366
04_abstract_screening/role_logs/adjudicator/batch_0004.prompt.txt,final_or_documentation,39913,2026-08-10T20:38:18.870498+00:00,4933a95206aa832ef0bf723852dd628644124d7628a82b4525c8af01ca0e7293
04_abstract_screening/role_logs/adjudicator/batch_0004.response.txt,final_or_documentation,4046,2026-08-10T20:39:37.912291+00:00,d829395891374fc0d45ad885eee473eb0ffbb4487032345587a992a4f67613fb
04_abstract_screening/role_logs/adjudicator/batch_0004.stderr.log,final_or_documentation,47542,2026-08-10T20:39:37.911974+00:00,6f3999ec99c0dbd44819e57a7d208ad5ee3a9f0e886a2eda7a096319ac2ee730
04_abstract_screening/role_logs/adjudicator/batch_0004.stdout.log,final_or_documentation,4047,2026-08-10T20:39:37.911683+00:00,75ac83aaba677d55b5e46c35acf28aee817d4fb420eda9f7a50f252a50afd150
04_abstract_screening/role_logs/adjudicator/batch_0005.meta.json,final_or_documentation,971,2026-08-10T20:39:23.948496+00:00,89d25096689b0074a7ec25bb3e2e4c58245133547f9751c57f1157708f10ff98
04_abstract_screening/role_logs/adjudicator/batch_0005.parsed.json,final_or_documentation,4431,2026-08-10T20:39:23.948319+00:00,f3c319d32d706e742d6d1b9f7071faf3ef7b95875dfe7603540a9594d867018c
04_abstract_screening/role_logs/adjudicator/batch_0005.prompt.txt,final_or_documentation,63487,2026-08-10T20:38:18.870988+00:00,ab6dba21efb0ca02dcdbfaecabb53eeb22e3f3d6d159fcc45b846c9998507f80
04_abstract_screening/role_logs/adjudicator/batch_0005.response.txt,final_or_documentation,4009,2026-08-10T20:39:23.947654+00:00,acc8cf0b12be1ab30f68738ebd50e1712bfdb9e17ebfaf76bb60b93cec0a8b49
04_abstract_screening/role_logs/adjudicator/batch_0005.stderr.log,final_or_documentation,71079,2026-08-10T20:39:23.947352+00:00,19814b7de74789fb119c7d5a36cb3e3f2c79db613f25e2b45c4697b171ae05e5
04_abstract_screening/role_logs/adjudicator/batch_0005.stdout.log,final_or_documentation,4010,2026-08-10T20:39:23.947034+00:00,a48e00e00480c1b212cd2efda343241760898f55a79763499e8ead825f0a4e44
04_abstract_screening/role_logs/adjudicator/batch_0006.meta.json,final_or_documentation,971,2026-08-10T20:39:32.720991+00:00,3b8f0c94f5f0609bc4626f26523136697cbb9bf5f86ac5d839b57c6e3c0dd6fd
04_abstract_screening/role_logs/adjudicator/batch_0006.parsed.json,final_or_documentation,4427,2026-08-10T20:39:32.720824+00:00,e384f2c48afd7cf80486e2759a9e06b1f8dc430c7a89407f4752881543bb043c
04_abstract_screening/role_logs/adjudicator/batch_0006.prompt.txt,final_or_documentation,33837,2026-08-10T20:38:18.872236+00:00,77fee2774df225b671b84b83340ebb735f2aad3ccc100d64ad0873683c4271ec
04_abstract_screening/role_logs/adjudicator/batch_0006.response.txt,final_or_documentation,4005,2026-08-10T20:39:32.720240+00:00,eeb894d83975fbca4998eaac87560de26fe52246c6a19db041f523c2e0706b33
04_abstract_screening/role_logs/adjudicator/batch_0006.stderr.log,final_or_documentation,42778,2026-08-10T20:39:32.719977+00:00,b59534da3d447fd229689e9013d87d309b119fcde1385d49d9e079569a428162
04_abstract_screening/role_logs/adjudicator/batch_0006.stdout.log,final_or_documentation,4006,2026-08-10T20:39:32.719725+00:00,8dbd68f47c4d287db40df53bbbd982a35c6c0b54c109720285540178a0dc4c3f
04_abstract_screening/role_logs/adjudicator/batch_0007.meta.json,final_or_documentation,971,2026-08-10T20:39:20.629483+00:00,6706c1dacbdf598254679f0bce66331a6d9349abd1246d1dcdad3859f1718a92
04_abstract_screening/role_logs/adjudicator/batch_0007.parsed.json,final_or_documentation,4474,2026-08-10T20:39:20.629330+00:00,75cdeafa6ad1ce41375a10be48d083c37491d5d57599cd49f4bf1f7cac18ea03
04_abstract_screening/role_logs/adjudicator/batch_0007.prompt.txt,final_or_documentation,25691,2026-08-10T20:38:18.871471+00:00,036005ec6e8eca0ad274e206aff98aa9843ddc6c90a460d83904b75e97b95f56
04_abstract_screening/role_logs/adjudicator/batch_0007.response.txt,final_or_documentation,4052,2026-08-10T20:39:20.628705+00:00,3b51fceee226c21a48e13d15e151ff7840c3baad746cde20abc40e8db31e502d
04_abstract_screening/role_logs/adjudicator/batch_0007.stderr.log,final_or_documentation,32654,2026-08-10T20:39:20.628391+00:00,d99eacf0e661eb138c7dbdfbc08b37824b1cc89f5aca1d2fdb7f4d4823886d34
04_abstract_screening/role_logs/adjudicator/batch_0007.stdout.log,final_or_documentation,4053,2026-08-10T20:39:20.628050+00:00,176d6749c485656702990548797611fad40c72a50b6b6a4a5b87de5725d75333
04_abstract_screening/role_logs/adjudicator/batch_0008.meta.json,final_or_documentation,971,2026-08-10T20:39:19.848965+00:00,1bdf3e8d2b34b1b586f7f047945927c3155be434d46b06556bb4347c5be3c576
04_abstract_screening/role_logs/adjudicator/batch_0008.parsed.json,final_or_documentation,4298,2026-08-10T20:39:19.848806+00:00,18aea41985ceb254326f4ff26a882ccdf8974561f3e58cb349d85edd97b70f5c
04_abstract_screening/role_logs/adjudicator/batch_0008.prompt.txt,final_or_documentation,22603,2026-08-10T20:38:18.873075+00:00,9589c33092653b5007719ddd926331b95a7b4c7cdb2585b31ecb7312f8e3c42c
04_abstract_screening/role_logs/adjudicator/batch_0008.response.txt,final_or_documentation,3876,2026-08-10T20:39:19.848114+00:00,56fef52db8c1a360fa56405ffbf497cb135e5d8f08deb2d7211d82f81ed0c2ac
04_abstract_screening/role_logs/adjudicator/batch_0008.stderr.log,final_or_documentation,29807,2026-08-10T20:39:19.847817+00:00,32d742c42a8083e92e9db4bca3c99f697a863560ea61735512305a44b2a85155
04_abstract_screening/role_logs/adjudicator/batch_0008.stdout.log,final_or_documentation,3877,2026-08-10T20:39:19.847504+00:00,52d906ede790450cfa434d5db1b3cde4c8b4b392dfa9ea3ba861979f9c70d042
04_abstract_screening/role_logs/adjudicator/batch_0009.meta.json,final_or_documentation,971,2026-08-10T20:39:49.049461+00:00,6be263356947c90bef95c958e032ea01d3a4345d3cddcac0f625f3c451e88e4c
04_abstract_screening/role_logs/adjudicator/batch_0009.parsed.json,final_or_documentation,4220,2026-08-10T20:39:49.049216+00:00,7d5cdb2f3c66835c2ce5227ca17ab7529387ddcd7c14fecfd9564dc0a357b656
04_abstract_screening/role_logs/adjudicator/batch_0009.prompt.txt,final_or_documentation,24756,2026-08-10T20:38:18.878296+00:00,df654ca94a08988a30fcf171efa2abf0d1f8b1d143f0fb2c6074249c9f2bf742
04_abstract_screening/role_logs/adjudicator/batch_0009.response.txt,final_or_documentation,3798,2026-08-10T20:39:49.048161+00:00,21f4fc657511f34ae418c0a3fbaaa73d2efd598f5e2d96c213e0e4c6e69550db
04_abstract_screening/role_logs/adjudicator/batch_0009.stderr.log,final_or_documentation,32137,2026-08-10T20:39:49.047893+00:00,6eca12f232307ab0ad95b571d0b38101d5921436f9f422345778b8acbe07c7aa
04_abstract_screening/role_logs/adjudicator/batch_0009.stdout.log,final_or_documentation,3799,2026-08-10T20:39:49.047628+00:00,24ca752328dd881c5a257ec9230061236637b9f955d0746010327a7c632d6d76
04_abstract_screening/role_logs/adjudicator/batch_0010.meta.json,final_or_documentation,973,2026-08-10T20:40:33.525426+00:00,98fdde9ff99c3d6c79c33be06db1d58441a9eeb14d61dd0f8d99b2e0fc853c1d
04_abstract_screening/role_logs/adjudicator/batch_0010.parsed.json,final_or_documentation,4364,2026-08-10T20:40:33.525248+00:00,cdfb2b33ccac5352e3f8ac9b83694a2cc3aa5c5c9a20c4db4a7705ae887fda22
04_abstract_screening/role_logs/adjudicator/batch_0010.prompt.txt,final_or_documentation,25446,2026-08-10T20:38:18.881970+00:00,ebb2563fa0e2786441941ad00799d1974f3bfc1150a348b2d7c90fe2eeb85cb3
04_abstract_screening/role_logs/adjudicator/batch_0010.response.txt,final_or_documentation,3942,2026-08-10T20:40:33.524450+00:00,1a13e2a3bd6a41333833354178657c7b7a66bc9410f2f6d2c40af76155492206
04_abstract_screening/role_logs/adjudicator/batch_0010.stderr.log,final_or_documentation,32971,2026-08-10T20:40:33.524143+00:00,a36244a0dfa6d35f014bb0d4facc69d216446ce5424ae62092e2b93f5c743554
04_abstract_screening/role_logs/adjudicator/batch_0010.stdout.log,final_or_documentation,3943,2026-08-10T20:40:33.523815+00:00,1605f94aa8f12fcbc6022ce3953d9283a7991e6eb4fa780c4ea4fd389ed5a88c
04_abstract_screening/role_logs/adjudicator/batch_0011.meta.json,final_or_documentation,972,2026-08-10T20:39:37.174757+00:00,6b514caad3ad6a80c7b20ac48f255e2b31e987ea0b2969bcab92c9bade8a21fb
04_abstract_screening/role_logs/adjudicator/batch_0011.parsed.json,final_or_documentation,4492,2026-08-10T20:39:37.174613+00:00,8794e19a1a01c09a27c970f22b48c9bac3f51bfc498c98fa5f160917ad63fecd
04_abstract_screening/role_logs/adjudicator/batch_0011.prompt.txt,final_or_documentation,25282,2026-08-10T20:38:18.876654+00:00,1142f50a22754312479ea7e5395430ab62945668bc24938f984973765ddfd298
04_abstract_screening/role_logs/adjudicator/batch_0011.response.txt,final_or_documentation,4070,2026-08-10T20:39:37.173898+00:00,9b25cf607959af5b45c8f28c5a2d7ca7bc5cfacceec6ede1483699964360be98
04_abstract_screening/role_logs/adjudicator/batch_0011.stderr.log,final_or_documentation,34835,2026-08-10T20:39:37.173613+00:00,90ff2ee06f678c5089310008cb95eca7534466eaa821c8a8a972ff369c37b874
04_abstract_screening/role_logs/adjudicator/batch_0011.stdout.log,final_or_documentation,4071,2026-08-10T20:39:37.173238+00:00,8e7ebbb41e0cfe192a0ca74b6f108495c70f30260242bdef061bb3ce0b396b67
04_abstract_screening/role_logs/adjudicator/batch_0012.meta.json,final_or_documentation,972,2026-08-10T20:39:23.533376+00:00,511f595ff9f450892841b259bcf3ccb2082dbdf4f7ff95c2d8819099ab5a15b4
04_abstract_screening/role_logs/adjudicator/batch_0012.parsed.json,final_or_documentation,4431,2026-08-10T20:39:23.533215+00:00,3c82e2330b2a851d0ed8366c00b32b660b8054001e62e9bbbeadae91a62081d1
04_abstract_screening/role_logs/adjudicator/batch_0012.prompt.txt,final_or_documentation,29812,2026-08-10T20:38:18.889385+00:00,044fe3a4c07b63a12603bfc5ba2606fb7c7b0fb8329ac7a48fdb75975e6f3871
04_abstract_screening/role_logs/adjudicator/batch_0012.response.txt,final_or_documentation,4009,2026-08-10T20:39:23.532531+00:00,95c6f81d94526f513a77823db678cf3f117d146a292672025fe8a87c72791279
04_abstract_screening/role_logs/adjudicator/batch_0012.stderr.log,final_or_documentation,37988,2026-08-10T20:39:23.532225+00:00,abec28d3075bb5916d36dd1c3abc88eebbbac9733afce054c813ac39c0feb9b0
04_abstract_screening/role_logs/adjudicator/batch_0012.stdout.log,final_or_documentation,4010,2026-08-10T20:39:23.531910+00:00,c3bd0d82bc43fbddf9369b05d9256c1165c3969b9532c189f7a0b794a1bcbf5e
04_abstract_screening/role_logs/adjudicator/batch_0013.meta.json,final_or_documentation,972,2026-08-10T20:39:53.046517+00:00,e10d7178de37ca6c14d0a60ecaa6f8a9579d8a4b34808c8e68c555364691a4f1
04_abstract_screening/role_logs/adjudicator/batch_0013.parsed.json,final_or_documentation,4195,2026-08-10T20:39:53.046339+00:00,1a08062ec62702551f27415423f851da19e00585d0bfa4ebb59b6b56edfb58ad
04_abstract_screening/role_logs/adjudicator/batch_0013.prompt.txt,final_or_documentation,24656,2026-08-10T20:38:18.873016+00:00,bfa584d936cbe37d21ab891e4a326096f449b670005fe9ed3e7b921b5c77abad
04_abstract_screening/role_logs/adjudicator/batch_0013.response.txt,final_or_documentation,3773,2026-08-10T20:39:53.045646+00:00,827d855da60fdd938d2bc66b5d25cc8ecb59daa0d39dcb41eb3234bf16a9e77a
04_abstract_screening/role_logs/adjudicator/batch_0013.stderr.log,final_or_documentation,35283,2026-08-10T20:39:53.045369+00:00,6f0b476050861885855da463978bdb35bab9c0e156b22e1e8325746d58d50c1d
04_abstract_screening/role_logs/adjudicator/batch_0013.stdout.log,final_or_documentation,3774,2026-08-10T20:39:53.045094+00:00,3e1737d912037dedaeb393aad38d46de24dd7624e7cade53dad0b1e8311c2064
04_abstract_screening/role_logs/adjudicator/batch_0014.meta.json,final_or_documentation,971,2026-08-10T20:39:20.083250+00:00,cff294d6dd49d913db74c7ba91f6e0188a78ef69700a7ad4c5b9ba5ba86071a9
04_abstract_screening/role_logs/adjudicator/batch_0014.parsed.json,final_or_documentation,4675,2026-08-10T20:39:20.083075+00:00,e4e9bebf5e965770058ce56fc792261a90348bda31e204aa940b7a117aef2bca
04_abstract_screening/role_logs/adjudicator/batch_0014.prompt.txt,final_or_documentation,19064,2026-08-10T20:38:18.874558+00:00,5d81090e0c8a12a8e893e82f5fa476e01956bbbba6041fca41cabab32d3ed9a8
04_abstract_screening/role_logs/adjudicator/batch_0014.response.txt,final_or_documentation,4253,2026-08-10T20:39:20.082472+00:00,890b110bf5ec8ede8fc4c4b792c9afc422e9843c4b9709bd13f12130dc573ed5
04_abstract_screening/role_logs/adjudicator/batch_0014.stderr.log,final_or_documentation,26900,2026-08-10T20:39:20.082025+00:00,c7bbb682a86d8256b5f215fd9d8ae19336662c721583124d69b4372afe05b78b
04_abstract_screening/role_logs/adjudicator/batch_0014.stdout.log,final_or_documentation,4254,2026-08-10T20:39:20.081771+00:00,292723a1a0fe46b43d14f33a65f6747c896b43157492c53550ef8debf2456856
04_abstract_screening/role_logs/adjudicator/batch_0015.meta.json,final_or_documentation,972,2026-08-10T20:39:20.446250+00:00,1bd1e317e4cab5aa115bf960123ffc92856e06ae895c60a035772f4a123f30a1
04_abstract_screening/role_logs/adjudicator/batch_0015.parsed.json,final_or_documentation,4534,2026-08-10T20:39:20.446063+00:00,426fe204c6fa40fb23c4e4415dbbd81500a71430dadce8560fd0c80f878b5c39
04_abstract_screening/role_logs/adjudicator/batch_0015.prompt.txt,final_or_documentation,22699,2026-08-10T20:38:18.888842+00:00,57bebf60e62a18227ad43fdfd561c0f90717a78e4c290cc48fdfd8bf95d753fb
04_abstract_screening/role_logs/adjudicator/batch_0015.response.txt,final_or_documentation,4112,2026-08-10T20:39:20.445407+00:00,e7d36603df18f11692c0278868e2b912f4a40065015118f54abf2c5b285e2911
04_abstract_screening/role_logs/adjudicator/batch_0015.stderr.log,final_or_documentation,30139,2026-08-10T20:39:20.444914+00:00,1a40768b2c4f7f492a2c17e33d0ae820acca758ae282a928e829cbae3acf9dbb
04_abstract_screening/role_logs/adjudicator/batch_0015.stdout.log,final_or_documentation,4113,2026-08-10T20:39:20.444366+00:00,e0765c5b2d30b6e92cc68cbfd4ff35bceae96538598ff3a5d026fde8e6d46c1a
04_abstract_screening/role_logs/adjudicator/batch_0016.meta.json,final_or_documentation,972,2026-08-10T20:39:27.849152+00:00,e057f4714243668e75e176ecb134c2fd5e8c460fb7bd952da911cf5036e43768
04_abstract_screening/role_logs/adjudicator/batch_0016.parsed.json,final_or_documentation,4539,2026-08-10T20:39:27.848979+00:00,5baa456328dcda568373ed7fe13900ede7f92bc5c84cf523180901a6b6c85fab
04_abstract_screening/role_logs/adjudicator/batch_0016.prompt.txt,final_or_documentation,19692,2026-08-10T20:38:18.889077+00:00,7c7f1a6b506fe4aa4fa1c08b04198d81d4d43bd3f8478291f08c4b6b6f2212fb
04_abstract_screening/role_logs/adjudicator/batch_0016.response.txt,final_or_documentation,4117,2026-08-10T20:39:27.848349+00:00,8c3486b068a7b1b762075bb6bcee30dd277e6ce1b55b56509ddd943f60254d08
04_abstract_screening/role_logs/adjudicator/batch_0016.stderr.log,final_or_documentation,27392,2026-08-10T20:39:27.847886+00:00,7fd93749037c6c2a52f1c99e6ddfc627344adb7b531e34ec260d1ea1fb5eef24
04_abstract_screening/role_logs/adjudicator/batch_0016.stdout.log,final_or_documentation,4118,2026-08-10T20:39:27.847483+00:00,1f00febb5c05887535b7c8b00c4308c5d43710f9a3568566ec4559b006b849ad
04_abstract_screening/role_logs/adjudicator/batch_0017.meta.json,final_or_documentation,972,2026-08-10T20:39:44.016394+00:00,912dfb226be05380c1e82ad38bf208c88039529b7067a9a48032ccd8078df1ec
04_abstract_screening/role_logs/adjudicator/batch_0017.parsed.json,final_or_documentation,4397,2026-08-10T20:39:44.016222+00:00,823bf251b529a3c2fea9043253fb4cfb23c49c52b2380b8d71db513bc59ae11d
04_abstract_screening/role_logs/adjudicator/batch_0017.prompt.txt,final_or_documentation,19814,2026-08-10T20:38:18.935197+00:00,fc3419b4376ac862e0e0d5cd62a0869e20e25e0bd9fcb0be2a2462eb2b292416
04_abstract_screening/role_logs/adjudicator/batch_0017.response.txt,final_or_documentation,3975,2026-08-10T20:39:44.015548+00:00,dabc3227e0070edd09df012741e5176e849af0476bbce03472ec3fb577ff7216
04_abstract_screening/role_logs/adjudicator/batch_0017.stderr.log,final_or_documentation,27626,2026-08-10T20:39:44.015245+00:00,54429984d05535ffff039fe66463fec5c778d3cbad4b39b905de3cfbaaef0dc3
04_abstract_screening/role_logs/adjudicator/batch_0017.stdout.log,final_or_documentation,3976,2026-08-10T20:39:44.014948+00:00,3e52727d9259efa44ba73c1b389753397db5684c158a9c92e40eba28975466e0
04_abstract_screening/role_logs/adjudicator/batch_0018.meta.json,final_or_documentation,972,2026-08-10T20:39:22.404412+00:00,c6ad85a5e860988dc2b9bcbea438e20654097835b7168ec47b707e5864875739
04_abstract_screening/role_logs/adjudicator/batch_0018.parsed.json,final_or_documentation,4448,2026-08-10T20:39:22.404244+00:00,2ab7ed33a3d524141a6c193cf66f68e7c3030b3912ed9c732b3de3038348565c
04_abstract_screening/role_logs/adjudicator/batch_0018.prompt.txt,final_or_documentation,19223,2026-08-10T20:38:18.902023+00:00,861b691ac41c0aa0198369866551288aa9ac8731d6eac50aa0b1cf10290a8fea
04_abstract_screening/role_logs/adjudicator/batch_0018.response.txt,final_or_documentation,4026,2026-08-10T20:39:22.403563+00:00,d7e2dcdbe22c831387337954066019b2831769a197a333a120e26f2da788916e
04_abstract_screening/role_logs/adjudicator/batch_0018.stderr.log,final_or_documentation,26558,2026-08-10T20:39:22.403169+00:00,5c5ca79fddca414a2b04d770c29b1b3c2e884190af0d1b34836696fcc0638544
04_abstract_screening/role_logs/adjudicator/batch_0018.stdout.log,final_or_documentation,4027,2026-08-10T20:39:22.402619+00:00,a41c79623971523314e03915a2f35f495883acacf41bd07d041ffc1d01a81071
04_abstract_screening/role_logs/adjudicator/batch_0019.meta.json,final_or_documentation,972,2026-08-10T20:39:27.612915+00:00,37b2a740944d0eae3ad91c0fbdb59cba5609d6c1b25b6b59f425b18afd4518aa
04_abstract_screening/role_logs/adjudicator/batch_0019.parsed.json,final_or_documentation,4374,2026-08-10T20:39:27.612740+00:00,f2ca6efa4a90b9184fdbec80ffd195b4eb8c3914ae9ccb0e89c8a8f5681e551e
04_abstract_screening/role_logs/adjudicator/batch_0019.prompt.txt,final_or_documentation,15716,2026-08-10T20:38:18.908291+00:00,76b5588a88d381a6c671b53b07215f644839a7d9aa0d82d2dae328a00e1440b3
04_abstract_screening/role_logs/adjudicator/batch_0019.response.txt,final_or_documentation,3952,2026-08-10T20:39:27.612102+00:00,8c6decae5d11137ec56754b39a0c34cbe9a9707c93b4ab95517fa3a6066be6f0
04_abstract_screening/role_logs/adjudicator/batch_0019.stderr.log,final_or_documentation,26521,2026-08-10T20:39:27.611849+00:00,0b2d554f98b1de83afcc4ffcf0976b20aa6c2f7bdf503e6c20559effdc99ff38
04_abstract_screening/role_logs/adjudicator/batch_0019.stdout.log,final_or_documentation,3953,2026-08-10T20:39:27.611620+00:00,24caade335e16c26f48346b5e31f51d8ed971d7fc146eaa897c7607f4d787843
04_abstract_screening/role_logs/adjudicator/batch_0020.meta.json,final_or_documentation,971,2026-08-10T20:39:16.933426+00:00,96e62044dbbf8c5bfe73c85e6ae7932078501277ae6217a92e56514d5742a85f
04_abstract_screening/role_logs/adjudicator/batch_0020.parsed.json,final_or_documentation,4781,2026-08-10T20:39:16.933252+00:00,860571b83d3c62a7e258254b6f2e097bf64e30926a8791417f109a616ba78c96
04_abstract_screening/role_logs/adjudicator/batch_0020.prompt.txt,final_or_documentation,22162,2026-08-10T20:38:18.929437+00:00,469cf3b0263cda64c45f31298159bd0a73803224bd3afd3d1d130b8767208690
04_abstract_screening/role_logs/adjudicator/batch_0020.response.txt,final_or_documentation,4359,2026-08-10T20:39:16.932576+00:00,4e5bac1d3b31d2a6d5a8d636468fccf878851f2f43598033413d11dedadd485d
04_abstract_screening/role_logs/adjudicator/batch_0020.stderr.log,final_or_documentation,29849,2026-08-10T20:39:16.932059+00:00,5b5e2d959ab2ccbbd2c1071c557f538e2ce320b508506b7633d4b8f9ee6111a1
04_abstract_screening/role_logs/adjudicator/batch_0020.stdout.log,final_or_documentation,4360,2026-08-10T20:39:16.931784+00:00,35117f7f5961468b6366b4df84a465b8b384b717c91911c7e921048b36496b10
04_abstract_screening/role_logs/adjudicator/batch_0021.meta.json,final_or_documentation,882,2026-08-10T20:38:40.877746+00:00,c701f91fbde5e2d350b4acfed8ee10d4dd50a86b7bd6b07fb8abbf740a86125a
04_abstract_screening/role_logs/adjudicator/batch_0021.parsed.json,final_or_documentation,670,2026-08-10T20:38:40.877545+00:00,021fb4dea3cac7422b15b315f401a8e931e26abe7c4300860cade20abde158b5
04_abstract_screening/role_logs/adjudicator/batch_0021.prompt.txt,final_or_documentation,6102,2026-08-10T20:38:18.903589+00:00,ae564cd0daf9a4b448c9c71daa521915f94a30bd6e7d2e446b771b0cae0630c2
04_abstract_screening/role_logs/adjudicator/batch_0021.response.txt,final_or_documentation,608,2026-08-10T20:38:40.877099+00:00,efe05e6af13b25f5262525326b318cd2c370e8db4df4e6a1b8dcf25ef1d17ba8
04_abstract_screening/role_logs/adjudicator/batch_0021.stderr.log,final_or_documentation,10597,2026-08-10T20:38:40.876796+00:00,8b3533059e7cff5270119f74c654359777ea006ab66b7d4d1bc55e9157221a7a
04_abstract_screening/role_logs/adjudicator/batch_0021.stdout.log,final_or_documentation,609,2026-08-10T20:38:40.876498+00:00,9737e92a86a5b94c85d6ab843c317241b690554c655c40ad173d98e5d8b72789
04_abstract_screening/role_logs/architecture_reviewer/batch_0001.meta.json,final_or_documentation,1066,2026-08-10T20:37:20.279571+00:00,08a773bed8803e64b1e99d1112e1fbf14a5f185f466c7688b95b9c56ab29b540
04_abstract_screening/role_logs/architecture_reviewer/batch_0001.parsed.json,final_or_documentation,4814,2026-08-10T20:37:20.279417+00:00,363cb18e228629c20e2a7948932d91e5844284dac6e2170cb29561b97fee54b4
04_abstract_screening/role_logs/architecture_reviewer/batch_0001.prompt.txt,final_or_documentation,20721,2026-08-10T20:36:29.277467+00:00,12ef8ef205a8e18c16d57a9fb284575071327e65f77cb49611397376a5a68c7d
04_abstract_screening/role_logs/architecture_reviewer/batch_0001.response.txt,final_or_documentation,4392,2026-08-10T20:37:20.278946+00:00,707dbdeaa72b548d1e03cd3d72de2bf446f24d7078d7059bbcc724a71b121344
04_abstract_screening/role_logs/architecture_reviewer/batch_0001.stderr.log,final_or_documentation,28729,2026-08-10T20:37:20.278652+00:00,21651b67c03b1d9d5021091adabc00633fcfe41323e2b1f57e8ab7180144b7d7
04_abstract_screening/role_logs/architecture_reviewer/batch_0001.stdout.log,final_or_documentation,4393,2026-08-10T20:37:20.278371+00:00,683b818bc349f44c389e4b21c4842d97d1250e836a9b661cc714d802ebdb695b
04_abstract_screening/role_logs/architecture_reviewer/batch_0002.meta.json,final_or_documentation,1067,2026-08-10T20:37:30.950029+00:00,eb463c5b152177c3e7f720eb9e4413d561c065ca6b9883e0efa160a5c2498c64
04_abstract_screening/role_logs/architecture_reviewer/batch_0002.parsed.json,final_or_documentation,5103,2026-08-10T20:37:30.949665+00:00,8762800254ffd84b6a9ad413b0840b39aa6a4fafcd21959760b5f30ac0d2aa3d
04_abstract_screening/role_logs/architecture_reviewer/batch_0002.prompt.txt,final_or_documentation,20548,2026-08-10T20:36:29.279717+00:00,f83809873aace2db562c42e05eae83bf2fcfc5e8034e3c3dc006847814af29e1
04_abstract_screening/role_logs/architecture_reviewer/batch_0002.response.txt,final_or_documentation,4681,2026-08-10T20:37:30.948750+00:00,41aebd48e192d1874628d47eb0b1cd49a4994e82ad743a3447afa58aeb59a17a
04_abstract_screening/role_logs/architecture_reviewer/batch_0002.stderr.log,final_or_documentation,28796,2026-08-10T20:37:30.948260+00:00,b3482eb91b9b7f0002e2c1474436d422140b96a8e6147aed566af6f4483c74c6
04_abstract_screening/role_logs/architecture_reviewer/batch_0002.stdout.log,final_or_documentation,4682,2026-08-10T20:37:30.947973+00:00,fa4dcaa6f9a94ac230a7f7f056c72ba3c2cec5cf5f12310ec0a5103daf770e9f
04_abstract_screening/role_logs/architecture_reviewer/batch_0003.meta.json,final_or_documentation,1067,2026-08-10T20:37:11.487878+00:00,97f40f448b5e4fdc0edb1eea5d60495747df31a6f7b44af9589e54d0c476d1ef
04_abstract_screening/role_logs/architecture_reviewer/batch_0003.parsed.json,final_or_documentation,4768,2026-08-10T20:37:11.487771+00:00,069768a7ad67d7b4e870b2fabd4b467783063a6a766855c3723b4de76bc8209c
04_abstract_screening/role_logs/architecture_reviewer/batch_0003.prompt.txt,final_or_documentation,18627,2026-08-10T20:36:29.278708+00:00,09ea1f057ffdd62d3bb108df69ea035ef0a1b7d1dfacd659025ce5e685e8e93a
04_abstract_screening/role_logs/architecture_reviewer/batch_0003.response.txt,final_or_documentation,4346,2026-08-10T20:37:11.487468+00:00,8a342fb71ef02eb046ab372a6f0740e0a25d53974cdc73c5f5016a54cda7eb70
04_abstract_screening/role_logs/architecture_reviewer/batch_0003.stderr.log,final_or_documentation,26039,2026-08-10T20:37:11.487273+00:00,f670637d43d12bae0e695899745a96927dc4d27cdb88c35a4137ab7258836ec3
04_abstract_screening/role_logs/architecture_reviewer/batch_0003.stdout.log,final_or_documentation,4347,2026-08-10T20:37:11.487096+00:00,bcfa0c64244c636ff0f8c01b378515853a270aa12a6a584fd76bca9c059b3a31
04_abstract_screening/role_logs/architecture_reviewer/batch_0004.meta.json,final_or_documentation,1067,2026-08-10T20:38:08.926819+00:00,9039dff731d1a6d2def2d4c07b632f8703236e56a7534df87e8f8dbd002255db
04_abstract_screening/role_logs/architecture_reviewer/batch_0004.parsed.json,final_or_documentation,4807,2026-08-10T20:38:08.926647+00:00,fbda05651bb6875bacef7505982a66d1d4e0a43435fb5917f8395b84e9faef32
04_abstract_screening/role_logs/architecture_reviewer/batch_0004.prompt.txt,final_or_documentation,25765,2026-08-10T20:36:29.279112+00:00,d55d2d8860f98985f6986e7e83e225c1a7b44b221ba29fbaff920f1011dbf22a
04_abstract_screening/role_logs/architecture_reviewer/batch_0004.response.txt,final_or_documentation,4385,2026-08-10T20:38:08.925976+00:00,627d03901babc424410c7fb87b65dd2689cd298b7df26bc845f9ffa9f60406b2
04_abstract_screening/role_logs/architecture_reviewer/batch_0004.stderr.log,final_or_documentation,33882,2026-08-10T20:38:08.925482+00:00,746c7ef80d13a9136e5db43bbb043410f3e7537a038d85bcf2b2315484fb2151
04_abstract_screening/role_logs/architecture_reviewer/batch_0004.stdout.log,final_or_documentation,4386,2026-08-10T20:38:08.925221+00:00,3e6689fd0533ddeecbd5a236d2d8c9a440e5854e2021768ab4f83a815e551de0
04_abstract_screening/role_logs/architecture_reviewer/batch_0005.meta.json,final_or_documentation,1067,2026-08-10T20:37:46.050229+00:00,eb28636f31caecb2709ca776c700e8bc1c8c7a55d0d345d7a0a4cafe63c7e344
04_abstract_screening/role_logs/architecture_reviewer/batch_0005.parsed.json,final_or_documentation,5067,2026-08-10T20:37:46.050100+00:00,558d347239f0205267c7cb9381dcfcb4a5a7a6fb657f38aa505d9dd6782fa704
04_abstract_screening/role_logs/architecture_reviewer/batch_0005.prompt.txt,final_or_documentation,29771,2026-08-10T20:36:29.278980+00:00,832e69f622a57cdae291b9afd71257e2e8513aa06daa19ec22f04e36903958b2
04_abstract_screening/role_logs/architecture_reviewer/batch_0005.response.txt,final_or_documentation,4645,2026-08-10T20:37:46.049749+00:00,41b6f4206471dcdd9601c002f62b734ac62803cdf5cd1257dfaf7962b358e310
04_abstract_screening/role_logs/architecture_reviewer/batch_0005.stderr.log,final_or_documentation,38238,2026-08-10T20:37:46.049508+00:00,e8a92635ed9439062c9bcd70a1f443dd862e964a597dbe32a3d7c5ebd22608b6
04_abstract_screening/role_logs/architecture_reviewer/batch_0005.stdout.log,final_or_documentation,4646,2026-08-10T20:37:46.049327+00:00,3ab9ee9538bd5aedfbb9af5c973c931652384ad32453f4023371a1f15f92a797
04_abstract_screening/role_logs/architecture_reviewer/batch_0006.meta.json,final_or_documentation,1067,2026-08-10T20:37:44.847075+00:00,4e363c346f6fe7c49264d0620716ba755f8ce26e33477e59d929c549c48d5acd
04_abstract_screening/role_logs/architecture_reviewer/batch_0006.parsed.json,final_or_documentation,4706,2026-08-10T20:37:44.846923+00:00,bf7c38f441d19678de6fa10936c381a95de26f0fcdcb65b73996911fee44af56
04_abstract_screening/role_logs/architecture_reviewer/batch_0006.prompt.txt,final_or_documentation,34735,2026-08-10T20:36:29.279052+00:00,9f0705c0bb2fe95dfe6b5fd192321f88e84762232000b63b17853c47331daf1e
04_abstract_screening/role_logs/architecture_reviewer/batch_0006.response.txt,final_or_documentation,4284,2026-08-10T20:37:44.846449+00:00,166622000c1cd5458b191f7e39e83d70efec577e63388313807bc76c518c7aa8
04_abstract_screening/role_logs/architecture_reviewer/batch_0006.stderr.log,final_or_documentation,42438,2026-08-10T20:37:44.846109+00:00,43e83aa146c02d39e36a108b68986be7c20b836423671093f255b83c11a46e28
04_abstract_screening/role_logs/architecture_reviewer/batch_0006.stdout.log,final_or_documentation,4285,2026-08-10T20:37:44.845845+00:00,18b85b86e95e1e41e2968b66938d26f3df2486b2c4ca388b0ef98f275069fb6f
04_abstract_screening/role_logs/architecture_reviewer/batch_0007.meta.json,final_or_documentation,1066,2026-08-10T20:38:04.100194+00:00,1a8294a2e268920bb5396de1bd448c9e1bddb8cc3716329c5da12b5d552660c9
04_abstract_screening/role_logs/architecture_reviewer/batch_0007.parsed.json,final_or_documentation,4762,2026-08-10T20:38:04.099987+00:00,db9f9013dc020f574c17963c517222c8ccb4511dd9a5cad4112e9c3f7834032b
04_abstract_screening/role_logs/architecture_reviewer/batch_0007.prompt.txt,final_or_documentation,43026,2026-08-10T20:36:29.280540+00:00,9ecab875a14569e2fa9c8f3c2515c949a0fb2bcca375b2311429191c95db5e96
04_abstract_screening/role_logs/architecture_reviewer/batch_0007.response.txt,final_or_documentation,4340,2026-08-10T20:38:04.099244+00:00,5404e9924857daf6abd0d15026984dda5608acd07a52a8414357ac7d3a0e705b
04_abstract_screening/role_logs/architecture_reviewer/batch_0007.stderr.log,final_or_documentation,51443,2026-08-10T20:38:04.098693+00:00,4da115e5d51c7fdff19f5a00f33c9d5dc56db3aa8aab37462d76b66d14bc3a50
04_abstract_screening/role_logs/architecture_reviewer/batch_0007.stdout.log,final_or_documentation,4341,2026-08-10T20:38:04.098337+00:00,2ec097f7f6d1d52b3818af7983e161f2a1dc233f6318f6fe202159cbba3527f8
04_abstract_screening/role_logs/architecture_reviewer/batch_0008.meta.json,final_or_documentation,1067,2026-08-10T20:37:38.140148+00:00,21c250c6e34ee48ea7c9aff7c183c75daff6f82cb1b70a1d4cde688cf9b295b2
04_abstract_screening/role_logs/architecture_reviewer/batch_0008.parsed.json,final_or_documentation,5006,2026-08-10T20:37:38.139998+00:00,f0c6b9b54ffbcd29d3526281c9813adfa0355bbe7a1170d10bac412ea9736229
04_abstract_screening/role_logs/architecture_reviewer/batch_0008.prompt.txt,final_or_documentation,29019,2026-08-10T20:36:29.280586+00:00,355ceb753df9176483a5f5088a774abbcf15f09910101f67fbab4104c3cce6cb
04_abstract_screening/role_logs/architecture_reviewer/batch_0008.response.txt,final_or_documentation,4584,2026-08-10T20:37:38.139508+00:00,2e3011be00ec8bdc97d8fdf8b8572df950c36e6aae2d55ba4553f0926687fa14
04_abstract_screening/role_logs/architecture_reviewer/batch_0008.stderr.log,final_or_documentation,38112,2026-08-10T20:37:38.139195+00:00,e754894528e307a3ff00a355ff679048c7dcef5255105258b1efac57b29854df
04_abstract_screening/role_logs/architecture_reviewer/batch_0008.stdout.log,final_or_documentation,4585,2026-08-10T20:37:38.138934+00:00,bd6e2c69b19561335004b6d60daca15b27bffea5a173e721346bcafefb1ee82f
04_abstract_screening/role_logs/architecture_reviewer/batch_0009.meta.json,final_or_documentation,1067,2026-08-10T20:37:41.440043+00:00,c8d6744efc8e96aa5c79bf7d687f091768836a8de6e6ccc789a51897488ec81b
04_abstract_screening/role_logs/architecture_reviewer/batch_0009.parsed.json,final_or_documentation,4842,2026-08-10T20:37:41.439857+00:00,d3b068e150001fc8374b6e3f2cdff377714f721c1955e7ff9bd5eeaed622b7cb
04_abstract_screening/role_logs/architecture_reviewer/batch_0009.prompt.txt,final_or_documentation,26909,2026-08-10T20:36:29.278939+00:00,6ba92b2ec573cd8293bea4f3bf79533f02909847f5de3a259bbe767493c0c797
04_abstract_screening/role_logs/architecture_reviewer/batch_0009.response.txt,final_or_documentation,4420,2026-08-10T20:37:41.439320+00:00,ae2ccbcda9b4b87117fb551eba92000e47e344830b39ff781a8b99be89a56d16
04_abstract_screening/role_logs/architecture_reviewer/batch_0009.stderr.log,final_or_documentation,35406,2026-08-10T20:37:41.438978+00:00,29f868d6206dc961fe7ae6636633b0331d58f473b2389ad7361c208e1acea34f
04_abstract_screening/role_logs/architecture_reviewer/batch_0009.stdout.log,final_or_documentation,4421,2026-08-10T20:37:41.438682+00:00,27b9aca269bfaba27f12f9fde2b12ec8fc2dac75ea43732a472ebf092ec9575d
04_abstract_screening/role_logs/architecture_reviewer/batch_0010.meta.json,final_or_documentation,1068,2026-08-10T20:37:22.218275+00:00,76c3ebc35bc38d00fb2ce8cd93a0704f563aa96ad10c3f9e22ba6de7769b1fe5
04_abstract_screening/role_logs/architecture_reviewer/batch_0010.parsed.json,final_or_documentation,5044,2026-08-10T20:37:22.218131+00:00,f17beb5ed36d512a93fa8ca4c18c5a867a903e44b474245a855c3c5489279a90
04_abstract_screening/role_logs/architecture_reviewer/batch_0010.prompt.txt,final_or_documentation,59640,2026-08-10T20:36:29.282552+00:00,68c2b2eb3bce4891b990a9bb8bc0b9165b0da6ec9f3f1cea0f673edaaa7cd57b
04_abstract_screening/role_logs/architecture_reviewer/batch_0010.response.txt,final_or_documentation,4622,2026-08-10T20:37:22.217664+00:00,87d2ae5609562563c9d8d55724e7dbe7cc17fb3bf86a5d8e7c97289fca772529
04_abstract_screening/role_logs/architecture_reviewer/batch_0010.stderr.log,final_or_documentation,67584,2026-08-10T20:37:22.217340+00:00,6f98e912738c6157f6ccd2aa6a185bbaac4c31c4c391361f28cdfbb230d35e3b
04_abstract_screening/role_logs/architecture_reviewer/batch_0010.stdout.log,final_or_documentation,4623,2026-08-10T20:37:22.217019+00:00,5de67a438e26b7b6c065a9c83335e43b075c8035a4c3b3ca507a95c3599268f8
04_abstract_screening/role_logs/architecture_reviewer/batch_0011.meta.json,final_or_documentation,1068,2026-08-10T20:37:31.998981+00:00,71c8332492654f9486c87ef014a42e2af938d4331f68b44adfed2350afecbd83
04_abstract_screening/role_logs/architecture_reviewer/batch_0011.parsed.json,final_or_documentation,5097,2026-08-10T20:37:31.998614+00:00,de48f6bcec3ab0158c291c97d0b807fdb1646f3792a57e4d71dcf3cc584e6e2d
04_abstract_screening/role_logs/architecture_reviewer/batch_0011.prompt.txt,final_or_documentation,37821,2026-08-10T20:36:29.280753+00:00,a1a0973fdb1b2e6272ff1993c2ced81cec0a9089d800ab9b9ed6de70ef7ad13b
04_abstract_screening/role_logs/architecture_reviewer/batch_0011.response.txt,final_or_documentation,4675,2026-08-10T20:37:31.998097+00:00,bd5c158a10640647eaf95b56147f541da97a0331f8a33c3166eb73db132d2883
04_abstract_screening/role_logs/architecture_reviewer/batch_0011.stderr.log,final_or_documentation,46413,2026-08-10T20:37:31.997759+00:00,c83707ea616696b53c62de160eb6ff75e37d31f5e0e2b1cd93326aecffac128a
04_abstract_screening/role_logs/architecture_reviewer/batch_0011.stdout.log,final_or_documentation,4676,2026-08-10T20:37:31.997576+00:00,8db905d2716d6849c912e9a320456419b032d2847143cb2e3a56d82b65a06133
04_abstract_screening/role_logs/architecture_reviewer/batch_0012.meta.json,final_or_documentation,1068,2026-08-10T20:37:32.333883+00:00,9cd86f441114a393a9947f9d7f5db297f83c70ae946bbf6644e5246b8db071fd
04_abstract_screening/role_logs/architecture_reviewer/batch_0012.parsed.json,final_or_documentation,4808,2026-08-10T20:37:32.333701+00:00,4252db83846e3dd8db64c80c29ba8c8c7fc537798c8eb3bc86954fa20ae7bc86
04_abstract_screening/role_logs/architecture_reviewer/batch_0012.prompt.txt,final_or_documentation,20462,2026-08-10T20:36:29.283439+00:00,0a942699e32a8c071346b4dcd0430036f25f035b8262cb7bcc87d304b34fba86
04_abstract_screening/role_logs/architecture_reviewer/batch_0012.response.txt,final_or_documentation,4386,2026-08-10T20:37:32.333250+00:00,3806f11d5bea1b76109668148f08866c11266bc71a47d8f70a41b26181689693
04_abstract_screening/role_logs/architecture_reviewer/batch_0012.stderr.log,final_or_documentation,28365,2026-08-10T20:37:32.332935+00:00,1afe3c9b6df8e64187bdffb4c46b90a296cc1eaf2c6b0a19822398d96ee0f358
04_abstract_screening/role_logs/architecture_reviewer/batch_0012.stdout.log,final_or_documentation,4387,2026-08-10T20:37:32.332656+00:00,87eda3c4b8dd025feb2a0b49dc5b8006906e24ee69e0ff3f2e1a42d44884bcd7
04_abstract_screening/role_logs/architecture_reviewer/batch_0013.meta.json,final_or_documentation,1068,2026-08-10T20:37:53.190386+00:00,7309167658841fe96eb9fbca059843e4d658ec9c68eba959ed6e0e2db1218568
04_abstract_screening/role_logs/architecture_reviewer/batch_0013.parsed.json,final_or_documentation,5006,2026-08-10T20:37:53.190206+00:00,307c34a2b9bbda0e8c5fc117709e3a70880a464c4b34350148a6628853dab09b
04_abstract_screening/role_logs/architecture_reviewer/batch_0013.prompt.txt,final_or_documentation,20085,2026-08-10T20:36:29.289105+00:00,b189e70f3a5ce6d33a91d9fe6296fe7d0840e20920222df5036ef97c87b3da61
04_abstract_screening/role_logs/architecture_reviewer/batch_0013.response.txt,final_or_documentation,4584,2026-08-10T20:37:53.189726+00:00,4cbfcb4d25075cdffaa47dc5861ec1980cf113f2bf5d23c670f21412b8de2b6c
04_abstract_screening/role_logs/architecture_reviewer/batch_0013.stderr.log,final_or_documentation,27977,2026-08-10T20:37:53.189404+00:00,b9ab23a439f8005b38eb4d65d4b644fb4a3c8f622b873fb4238f88bfea00b2b1
04_abstract_screening/role_logs/architecture_reviewer/batch_0013.stdout.log,final_or_documentation,4585,2026-08-10T20:37:53.189151+00:00,27ca544d6b3706f0e58a73eb77cbd4d8ad3ac4c4fca6d722834a167b2a7022b3
04_abstract_screening/role_logs/architecture_reviewer/batch_0014.meta.json,final_or_documentation,1068,2026-08-10T20:37:37.814665+00:00,99a26b21562648e5e885322394dbe9a005ba6ab5dcc8bc652befeed6af391446
04_abstract_screening/role_logs/architecture_reviewer/batch_0014.parsed.json,final_or_documentation,5083,2026-08-10T20:37:37.814496+00:00,de4f5e38f2151ba5a779f149aee3b8c4cf4f4a9315866b6d6b6d77613f4c3d63
04_abstract_screening/role_logs/architecture_reviewer/batch_0014.prompt.txt,final_or_documentation,21029,2026-08-10T20:36:29.288830+00:00,13ca9551d63f5af02ae8096a10cdedcf96697baa07a4e816e54ffd41b8815840
04_abstract_screening/role_logs/architecture_reviewer/batch_0014.response.txt,final_or_documentation,4661,2026-08-10T20:37:37.813963+00:00,4b189d75060e120485cda05e1febcd2bceb61032405180354afef015d22ba356
04_abstract_screening/role_logs/architecture_reviewer/batch_0014.stderr.log,final_or_documentation,29656,2026-08-10T20:37:37.813619+00:00,bb8bafeabc4cf945022c387f5c0fbaab2f94425e1ab15376c23c685ec00ccfe5
04_abstract_screening/role_logs/architecture_reviewer/batch_0014.stdout.log,final_or_documentation,4662,2026-08-10T20:37:37.813349+00:00,31e96da8a3549bccefe5fd4912345e2bca56c55a9dcb0b6f50e849384188c239
04_abstract_screening/role_logs/architecture_reviewer/batch_0015.meta.json,final_or_documentation,1068,2026-08-10T20:37:32.158494+00:00,0c0a745e1d0b1e8811460a47b4d54027cfb1754a7ee903722012d71854723175
04_abstract_screening/role_logs/architecture_reviewer/batch_0015.parsed.json,final_or_documentation,5270,2026-08-10T20:37:32.158330+00:00,303af7058f6fc2084257ce9a460036e89ab97c79cade5ef083134d45216388c1
04_abstract_screening/role_logs/architecture_reviewer/batch_0015.prompt.txt,final_or_documentation,19272,2026-08-10T20:36:29.317811+00:00,0725aba168b15e0bb7cc53bbbf333d1482aad8c0036da6de358943b3ffa4e4f2
04_abstract_screening/role_logs/architecture_reviewer/batch_0015.response.txt,final_or_documentation,4848,2026-08-10T20:37:32.157897+00:00,e4026f127c73aa91babb335f0a3525344b5bd261f7e049bb7344c13eb97b05f7
04_abstract_screening/role_logs/architecture_reviewer/batch_0015.stderr.log,final_or_documentation,27698,2026-08-10T20:37:32.157538+00:00,d41cfb55c6ba464fc0abd30a168bbe84c5ccd0bb284650246774b9676a688747
04_abstract_screening/role_logs/architecture_reviewer/batch_0015.stdout.log,final_or_documentation,4849,2026-08-10T20:37:32.157067+00:00,4f1e01cb7fd1dc66a23f6b19207137ff4aae1abb7c6ae83dd327e6dbe85587ac
04_abstract_screening/role_logs/architecture_reviewer/batch_0016.meta.json,final_or_documentation,1068,2026-08-10T20:37:35.897727+00:00,88e27b881c01ccd4b69eeeccaf8a09bc7a088cf0e8d9ac49a3106ea24cfab77c
04_abstract_screening/role_logs/architecture_reviewer/batch_0016.parsed.json,final_or_documentation,4505,2026-08-10T20:37:35.897500+00:00,3d68caa67f96217fca6c5d99782aabfe8c03af45a67c73eae822aaed31296259
04_abstract_screening/role_logs/architecture_reviewer/batch_0016.prompt.txt,final_or_documentation,19266,2026-08-10T20:36:29.304513+00:00,e10a3637a065f71eabdadf6cf7e72956a6e7d59483dc01027440cbb9d8d1d30f
04_abstract_screening/role_logs/architecture_reviewer/batch_0016.response.txt,final_or_documentation,4083,2026-08-10T20:37:35.897079+00:00,7177665348c5769e6e9d2ca948878426c864455c76abcb070c4844f737cf72ab
04_abstract_screening/role_logs/architecture_reviewer/batch_0016.stderr.log,final_or_documentation,26765,2026-08-10T20:37:35.896794+00:00,259ca5d1d14c7fb228fb8fcba6b051a3680fbe08da5758357cc8a7b8975f78c0
04_abstract_screening/role_logs/architecture_reviewer/batch_0016.stdout.log,final_or_documentation,4084,2026-08-10T20:37:35.896376+00:00,a18f28ba7e55db7920ebb2d7ff8e7418d87f50ff64a7efc33e8eb07cf11e7c3c
04_abstract_screening/role_logs/architecture_reviewer/batch_0017.meta.json,final_or_documentation,1068,2026-08-10T20:37:35.898019+00:00,920ff526ba781fb90bd8305be834a7f09a58d62345a2f1bb8d4bcb31fc950072
04_abstract_screening/role_logs/architecture_reviewer/batch_0017.parsed.json,final_or_documentation,4823,2026-08-10T20:37:35.897729+00:00,f3254239595a216df982cc3f535f6144477c04e60dac3c1cfc15d79e0fcd7737
04_abstract_screening/role_logs/architecture_reviewer/batch_0017.prompt.txt,final_or_documentation,18705,2026-08-10T20:36:29.331074+00:00,f4ae0594946209495747701a0f746158389492414a03dc56d0cc43dfd097f55d
04_abstract_screening/role_logs/architecture_reviewer/batch_0017.response.txt,final_or_documentation,4401,2026-08-10T20:37:35.897253+00:00,63b4c9c3c39c5b4ea922a8b5a560d2c00125ae1692e236685d9db209fdfd6414
04_abstract_screening/role_logs/architecture_reviewer/batch_0017.stderr.log,final_or_documentation,26797,2026-08-10T20:37:35.896986+00:00,dc1a3dfeb86a202c2bd83f4dc9fa9b232b74c7d184d84f1392c851e1cfa84ff3
04_abstract_screening/role_logs/architecture_reviewer/batch_0017.stdout.log,final_or_documentation,4402,2026-08-10T20:37:35.896797+00:00,788904ef4924c210f40f7cd1558208cf7bd7bc1915112b2580a4abba0b50f115
04_abstract_screening/role_logs/architecture_reviewer/batch_0018.meta.json,final_or_documentation,1068,2026-08-10T20:37:21.688061+00:00,624deee90d54969c9ab4688212d23853abe1ee22caa1dd4db30f01977b79c3d5
04_abstract_screening/role_logs/architecture_reviewer/batch_0018.parsed.json,final_or_documentation,4873,2026-08-10T20:37:21.687925+00:00,45fde684f031a6769ea9f94cc7e0e526622a3947530d2ed9f3216cd6469b4931
04_abstract_screening/role_logs/architecture_reviewer/batch_0018.prompt.txt,final_or_documentation,19560,2026-08-10T20:36:29.309206+00:00,a77d04933037c33119d3a5034bc0ac1ac3f71180b3841024a615b0d4a0f5f374
04_abstract_screening/role_logs/architecture_reviewer/batch_0018.response.txt,final_or_documentation,4451,2026-08-10T20:37:21.687470+00:00,21eab4ec47bb8a454b6a80f2a3fb039ad2cec987f9afb03d5a9b7a50466f685c
04_abstract_screening/role_logs/architecture_reviewer/batch_0018.stderr.log,final_or_documentation,27384,2026-08-10T20:37:21.687191+00:00,e3749248aacb6baf9b7e5910ca11d9523d9e288788c50b71905517001face245
04_abstract_screening/role_logs/architecture_reviewer/batch_0018.stdout.log,final_or_documentation,4452,2026-08-10T20:37:21.686925+00:00,0b0691619ce26a3492b17f41e9ed5096aaa10eee85451175ce0ad09f160943e9
04_abstract_screening/role_logs/architecture_reviewer/batch_0019.meta.json,final_or_documentation,1068,2026-08-10T20:37:56.995707+00:00,253e139288db1e5619c353abe854cb4f05434c9ac7ba732d67f8aa7057e05e07
04_abstract_screening/role_logs/architecture_reviewer/batch_0019.parsed.json,final_or_documentation,4846,2026-08-10T20:37:56.995551+00:00,71b6ca59fd2c5e204f5f975d6ce0cf544a7a103d0042a52a3110ce00826439b4
04_abstract_screening/role_logs/architecture_reviewer/batch_0019.prompt.txt,final_or_documentation,18767,2026-08-10T20:36:29.318743+00:00,167793627875e379285b45b6de209da8403efdbdf20f54b5b957da4b2f5d6aac
04_abstract_screening/role_logs/architecture_reviewer/batch_0019.response.txt,final_or_documentation,4424,2026-08-10T20:37:56.995157+00:00,6f05afb163eaff74a0ca52ca42e7b4ecd00bd65e77e21f637e4ad21d3685e773
04_abstract_screening/role_logs/architecture_reviewer/batch_0019.stderr.log,final_or_documentation,26767,2026-08-10T20:37:56.994763+00:00,17052f17c287bfd5fed909c18fcd756575259bac27507fa674c170aed3744446
04_abstract_screening/role_logs/architecture_reviewer/batch_0019.stdout.log,final_or_documentation,4425,2026-08-10T20:37:56.994465+00:00,195bcfac75e7eb5ec00dd0e1025d041e52252ec6e70339ed2ad6f43a61a51dbb
04_abstract_screening/role_logs/architecture_reviewer/batch_0020.meta.json,final_or_documentation,1068,2026-08-10T20:37:39.129972+00:00,cbfbbb418b93b19689da5a66fbb4111691478516f310e2b874ff44d7b522e327
04_abstract_screening/role_logs/architecture_reviewer/batch_0020.parsed.json,final_or_documentation,5011,2026-08-10T20:37:39.129755+00:00,34a6f6b2625f12f09bebf47587df57c265c53ad666fd87c909e90dc4a2c83cb5
04_abstract_screening/role_logs/architecture_reviewer/batch_0020.prompt.txt,final_or_documentation,19629,2026-08-10T20:36:29.321476+00:00,31d3db9d98285c8886af479f7f3b20509a9997138d9c68947e0f1ddf8e32aae2
04_abstract_screening/role_logs/architecture_reviewer/batch_0020.response.txt,final_or_documentation,4589,2026-08-10T20:37:39.129274+00:00,e94674c023fd85a8407a9c09704d632419d386ba508763921b062dc12bf15a86
04_abstract_screening/role_logs/architecture_reviewer/batch_0020.stderr.log,final_or_documentation,28343,2026-08-10T20:37:39.128960+00:00,a7a518b616825209003e2a8b365451109efbeed24548245456f8d4537ab8a62c
04_abstract_screening/role_logs/architecture_reviewer/batch_0020.stdout.log,final_or_documentation,4590,2026-08-10T20:37:39.128711+00:00,74b4f0a22b73f90f6a2d6bfaa4f44feeb8325b78117b50e899d361b2c96921f9
04_abstract_screening/role_logs/architecture_reviewer/batch_0021.meta.json,final_or_documentation,1068,2026-08-10T20:37:56.125917+00:00,14e89bb574c237c04fb95a31914f9358f61d1d4eb8ef77163cf77a5fb5ebf282
04_abstract_screening/role_logs/architecture_reviewer/batch_0021.parsed.json,final_or_documentation,4956,2026-08-10T20:37:56.125770+00:00,b29fce2e0b53b7657892165fed4287591efe486759b8ad1da4b9ec052458bd51
04_abstract_screening/role_logs/architecture_reviewer/batch_0021.prompt.txt,final_or_documentation,21334,2026-08-10T20:36:29.353453+00:00,75d3bf2df0336db4dcec45800ced07edcce3d6177b6748295cc769cd8d3a224b
04_abstract_screening/role_logs/architecture_reviewer/batch_0021.response.txt,final_or_documentation,4534,2026-08-10T20:37:56.125357+00:00,6b7f263e23d2534f406363affc8a9bfa7d03500aa3c418976853d16b15bb70f8
04_abstract_screening/role_logs/architecture_reviewer/batch_0021.stderr.log,final_or_documentation,30835,2026-08-10T20:37:56.125056+00:00,98e8fafc58a8287443e9cc2ebff9efbfc7c1fe6539adb3acfe82ba1952031e98
04_abstract_screening/role_logs/architecture_reviewer/batch_0021.stdout.log,final_or_documentation,4535,2026-08-10T20:37:56.124747+00:00,4731bbfee76054853aa299b089e4e4bf0a956866b286acca5d71ad33e3d54569
04_abstract_screening/role_logs/architecture_reviewer/batch_0022.meta.json,final_or_documentation,1068,2026-08-10T20:37:07.451628+00:00,7a4f077fe0cdc1c6b395c53662d6fb51952a724fab0d84ea17f5c5e61dee7042
04_abstract_screening/role_logs/architecture_reviewer/batch_0022.parsed.json,final_or_documentation,4999,2026-08-10T20:37:07.451474+00:00,8be541d5c33b9288eec613aa95cc49078294719a47a7c65b1b926b0afa5390fe
04_abstract_screening/role_logs/architecture_reviewer/batch_0022.prompt.txt,final_or_documentation,24306,2026-08-10T20:36:29.367358+00:00,cb3f7324092f0465f69fc44e193aa337a94d1af2ce2bd69924e76198a32f740b
04_abstract_screening/role_logs/architecture_reviewer/batch_0022.response.txt,final_or_documentation,4577,2026-08-10T20:37:07.450968+00:00,00e2ac1ce9331afc0f83e828a71bc5f96f182a36bf644e65c745230c21f55858
04_abstract_screening/role_logs/architecture_reviewer/batch_0022.stderr.log,final_or_documentation,31901,2026-08-10T20:37:07.450654+00:00,ab9b30ea2759d25f58b53855843bd9b26ee8152e7d4ef916f8c2baa2d129746f
04_abstract_screening/role_logs/architecture_reviewer/batch_0022.stdout.log,final_or_documentation,4578,2026-08-10T20:37:07.450428+00:00,d868dff745869d710feb8e255617c7d0c76cf8822378f4b774ab69b8d7f267b4
04_abstract_screening/role_logs/architecture_reviewer/batch_0023.meta.json,final_or_documentation,1068,2026-08-10T20:37:53.300417+00:00,97a9fd087430da6ab546233e6eb5ca7522fd9d0368a11f6fff5f0a59415c9141
04_abstract_screening/role_logs/architecture_reviewer/batch_0023.parsed.json,final_or_documentation,4961,2026-08-10T20:37:53.300262+00:00,8256aa8f8134a9b1316d3f37825308b5860b3a86f69b6db36bc3c10c972b7c43
04_abstract_screening/role_logs/architecture_reviewer/batch_0023.prompt.txt,final_or_documentation,25090,2026-08-10T20:36:29.380330+00:00,52e40e5732cf286bd4843a73bef599ffbe7bf1b2823e1a3c9fc415ac81a9782d
04_abstract_screening/role_logs/architecture_reviewer/batch_0023.response.txt,final_or_documentation,4539,2026-08-10T20:37:53.299808+00:00,f83a6c30f880d035da64e0e2ed936adedb5c80f1f650c793c1dbac00dc134c79
04_abstract_screening/role_logs/architecture_reviewer/batch_0023.stderr.log,final_or_documentation,34119,2026-08-10T20:37:53.299475+00:00,d7f5605ac809c102c0e23ac70cdea3d23bec1bc321fbf562be3d93fb7cc542ea
04_abstract_screening/role_logs/architecture_reviewer/batch_0023.stdout.log,final_or_documentation,4540,2026-08-10T20:37:53.299219+00:00,0aa9b3d9783521439249c6e02e0c13d54f459ba756d2d48415440b5ee7e70f71
04_abstract_screening/role_logs/architecture_reviewer/batch_0024.meta.json,final_or_documentation,1069,2026-08-10T20:38:15.421562+00:00,32687ec9f5e570df010f36fc32cadfb776e3725dcb9f558c20331d8e2978146c
04_abstract_screening/role_logs/architecture_reviewer/batch_0024.parsed.json,final_or_documentation,4452,2026-08-10T20:38:15.421371+00:00,a7e2c59cc68ff5f2f1619670e33cb6fa613e6dbadae68c42bf6437dec4370502
04_abstract_screening/role_logs/architecture_reviewer/batch_0024.prompt.txt,final_or_documentation,20659,2026-08-10T20:36:29.384646+00:00,048d4e047c66390b3901323bfcbfb53e31c35c95e6e4f1b89c81581cfcd1db75
04_abstract_screening/role_logs/architecture_reviewer/batch_0024.response.txt,final_or_documentation,4030,2026-08-10T20:38:15.420431+00:00,8a5c2548c0c3927172d7251c0271e75a6b946d8c80d9afa902db780fd0c41447
04_abstract_screening/role_logs/architecture_reviewer/batch_0024.stderr.log,final_or_documentation,28589,2026-08-10T20:38:15.419945+00:00,ff365776e093b67b902af7fae3869823c3f95f75ac0b4a5b1b82583a8f519ce4
04_abstract_screening/role_logs/architecture_reviewer/batch_0024.stdout.log,final_or_documentation,4031,2026-08-10T20:38:15.419450+00:00,546cbb6639e8ad856593ffc1628721ba4f73b6035e8827485ebeeb73b77b6148
04_abstract_screening/role_logs/architecture_reviewer/batch_0025.meta.json,final_or_documentation,1068,2026-08-10T20:37:56.915890+00:00,e45a6e12a272272c891be3b7678f753f7c0804489686b38c89c271b0957caa13
04_abstract_screening/role_logs/architecture_reviewer/batch_0025.parsed.json,final_or_documentation,5174,2026-08-10T20:37:56.915713+00:00,525eacc295aa309b6f80d2ca0782ca27bd6a43dc939348d56a1c5f42351e2c6a
04_abstract_screening/role_logs/architecture_reviewer/batch_0025.prompt.txt,final_or_documentation,16272,2026-08-10T20:36:29.393753+00:00,331ba95b8c2c611e3600245799c528276267c2e089a4fe4ba5fa475075fd21f3
04_abstract_screening/role_logs/architecture_reviewer/batch_0025.response.txt,final_or_documentation,4752,2026-08-10T20:37:56.915202+00:00,e4edf0a4585f11a54e8a1540fc3df05eb9da964cf5b91cf84313d0515e2f7a43
04_abstract_screening/role_logs/architecture_reviewer/batch_0025.stderr.log,final_or_documentation,24443,2026-08-10T20:37:56.914899+00:00,4211319e6b56e394bfeafe22e3d8e2113a9927494c0c4f0ddb75f026e69948da
04_abstract_screening/role_logs/architecture_reviewer/batch_0025.stdout.log,final_or_documentation,4753,2026-08-10T20:37:56.914619+00:00,d9cb3bb64d7b9046d51bd74939916b852a56dafb302613b63746ef8ec45a5d48
04_abstract_screening/role_logs/architecture_reviewer/batch_0026.meta.json,final_or_documentation,1068,2026-08-10T20:38:04.541108+00:00,cbf8f912a049274718f2d671e9a9807fd44595ab4004ca239d51a89458c9844f
04_abstract_screening/role_logs/architecture_reviewer/batch_0026.parsed.json,final_or_documentation,4664,2026-08-10T20:38:04.540935+00:00,50e3a1df27075112af48b22a78840b16544fd863b6ab2afa2e1c7f15296dca29
04_abstract_screening/role_logs/architecture_reviewer/batch_0026.prompt.txt,final_or_documentation,24117,2026-08-10T20:36:29.392576+00:00,d191ca3467ea0ac3145a22b20c32628cc59f8b97e38c4bc240cfc7b71db72a4c
04_abstract_screening/role_logs/architecture_reviewer/batch_0026.response.txt,final_or_documentation,4242,2026-08-10T20:38:04.540278+00:00,bead7c058a2dd971930f4ee650eb1aea388fbc4381ce0f10c9a942bd68b64d64
04_abstract_screening/role_logs/architecture_reviewer/batch_0026.stderr.log,final_or_documentation,31635,2026-08-10T20:38:04.539801+00:00,f39e1788a29edf62a0f18076be8a52015879700ac0b60d55f342e1bc71c59521
04_abstract_screening/role_logs/architecture_reviewer/batch_0026.stdout.log,final_or_documentation,4243,2026-08-10T20:38:04.539562+00:00,610dabc7980450abb7b751e377440e1cd963881adb9fd7be3700e8856e49c599
04_abstract_screening/role_logs/architecture_reviewer/batch_0027.meta.json,final_or_documentation,1067,2026-08-10T20:37:43.423444+00:00,968ac3d81244898159c687325ad4271211b8f0972a7aad3bde7f27177a8abf8d
04_abstract_screening/role_logs/architecture_reviewer/batch_0027.parsed.json,final_or_documentation,4838,2026-08-10T20:37:43.423304+00:00,707ed707ed56b7f45d5ca01684bc64f396b6cbe3a7e927755baefce7d72df485
04_abstract_screening/role_logs/architecture_reviewer/batch_0027.prompt.txt,final_or_documentation,18718,2026-08-10T20:36:29.397994+00:00,0eda21490fb5a1ee325423faa66994b330604003b015b2e7b1cf344b1239f0f2
04_abstract_screening/role_logs/architecture_reviewer/batch_0027.response.txt,final_or_documentation,4416,2026-08-10T20:37:43.422866+00:00,c6adfbb4d908789912aebd54e3db2c15e9080712f1d321d394a00d1a28e740f3
04_abstract_screening/role_logs/architecture_reviewer/batch_0027.stderr.log,final_or_documentation,26512,2026-08-10T20:37:43.422564+00:00,79e6c1c904ef5e39ee06fdb6e30e511b4caa76910c188abd16d6094016f83856
04_abstract_screening/role_logs/architecture_reviewer/batch_0027.stdout.log,final_or_documentation,4417,2026-08-10T20:37:43.422274+00:00,97a535706044cafb639389a134839cd279940f2763f9f0df1bcdcdbce15ecbf2
04_abstract_screening/role_logs/architecture_reviewer/batch_0028.meta.json,final_or_documentation,1068,2026-08-10T20:37:28.223381+00:00,171bbd3e6341d5c16c2976a3ad0c8c389e5b0aa7c3437bf027662e71dfd29e0b
04_abstract_screening/role_logs/architecture_reviewer/batch_0028.parsed.json,final_or_documentation,5132,2026-08-10T20:37:28.223198+00:00,ac5dbc507b9f3150f460099be9d17d3d6a5d80e2f568b0d95b51e6b2f8f0eb05
04_abstract_screening/role_logs/architecture_reviewer/batch_0028.prompt.txt,final_or_documentation,12301,2026-08-10T20:36:29.402498+00:00,0128b643e443805a9b832dd87fc4a1376ca5e91a3ff4f736afbeb66260a68461
04_abstract_screening/role_logs/architecture_reviewer/batch_0028.response.txt,final_or_documentation,4710,2026-08-10T20:37:28.222670+00:00,88f04007568e0f421362db45aa1fed49508957091d7056961b5fde5aba3d852e
04_abstract_screening/role_logs/architecture_reviewer/batch_0028.stderr.log,final_or_documentation,21379,2026-08-10T20:37:28.222173+00:00,1ea0b0ec8d5f808ae00219f61a2b528bff7e34bd4f2da886c0f924697e08deb0
04_abstract_screening/role_logs/architecture_reviewer/batch_0028.stdout.log,final_or_documentation,4711,2026-08-10T20:37:28.221685+00:00,f8b51bbd42f0b155de242f543ac706cf3b1181aca00a727e42cac33e13eaad16
04_abstract_screening/role_logs/architecture_reviewer/batch_0029.meta.json,final_or_documentation,1069,2026-08-10T20:38:18.827942+00:00,0d814d5f3ab59001a107d254a331b2eca38d74ff70b5e2a4995b9cf46f28cfff
04_abstract_screening/role_logs/architecture_reviewer/batch_0029.parsed.json,final_or_documentation,4298,2026-08-10T20:38:18.827771+00:00,0979e347a1a1f778c37392b7d9374da207bfac039a5a4d5042fed88d6a2f45a3
04_abstract_screening/role_logs/architecture_reviewer/batch_0029.prompt.txt,final_or_documentation,15905,2026-08-10T20:36:29.397795+00:00,989d32b4c71c21f51881cee2d6637db50b7ffd079575c0a389a32bed9585579e
04_abstract_screening/role_logs/architecture_reviewer/batch_0029.response.txt,final_or_documentation,3876,2026-08-10T20:38:18.827029+00:00,0344e4a204866fa4ef6791b84af00f2c92f6abc16ea93d83932a8e93128b66d9
04_abstract_screening/role_logs/architecture_reviewer/batch_0029.stderr.log,final_or_documentation,1072766,2026-08-10T20:38:18.826570+00:00,876621745d4eecd4c9428e1e9f425d5230d8030f018865a593f0f76292057d4d
04_abstract_screening/role_logs/architecture_reviewer/batch_0029.stdout.log,final_or_documentation,3877,2026-08-10T20:38:18.824950+00:00,a92535e9a768efc73ba8e5bfa97f0d0613b8ab3916b4d257a3bf56aad2a0ed67
04_abstract_screening/role_logs/architecture_reviewer/batch_0030.meta.json,final_or_documentation,1068,2026-08-10T20:37:23.635045+00:00,1f6b4b5995107761774d2223225b6bf421207bfa810f2ff881895750539d2078
04_abstract_screening/role_logs/architecture_reviewer/batch_0030.parsed.json,final_or_documentation,4913,2026-08-10T20:37:23.634891+00:00,8bb6d7227b03b86de7a52197481d68a30c32140a2a961d658795126070c25adf
04_abstract_screening/role_logs/architecture_reviewer/batch_0030.prompt.txt,final_or_documentation,17287,2026-08-10T20:36:29.403003+00:00,a8fe448d5195b0ba55a18ae13bbff2e8702996af21f97251b5f1012a4be80b18
04_abstract_screening/role_logs/architecture_reviewer/batch_0030.response.txt,final_or_documentation,4491,2026-08-10T20:37:23.634411+00:00,58f0b276747e476325612ecfb50005a8863a8c137079321dc51d79de810afa8e
04_abstract_screening/role_logs/architecture_reviewer/batch_0030.stderr.log,final_or_documentation,25788,2026-08-10T20:37:23.634083+00:00,00814c2f42243f4f35e6e8884582bcd2e08bb4f0a63f4758a93d188a65b7ac48
04_abstract_screening/role_logs/architecture_reviewer/batch_0030.stdout.log,final_or_documentation,4492,2026-08-10T20:37:23.633680+00:00,c164604319e5d046d9f58b31c76ce7dfa7a769a77e4b1d1206d0107ece1b0922
04_abstract_screening/role_logs/architecture_reviewer/batch_0031.meta.json,final_or_documentation,1068,2026-08-10T20:37:45.877409+00:00,19cd91e4d01c6c28faef8353863b042be43d5d7e1ebd5856360a995feb253e4f
04_abstract_screening/role_logs/architecture_reviewer/batch_0031.parsed.json,final_or_documentation,4796,2026-08-10T20:37:45.877274+00:00,8dea52ae60ee4e9991b918fb4981739654ede947149d3187737aec49ac386b58
04_abstract_screening/role_logs/architecture_reviewer/batch_0031.prompt.txt,final_or_documentation,15844,2026-08-10T20:36:29.401994+00:00,3f3975065dd2acda7631a7f5f7b1fcb0bc0bd312d4fac3089084b56ca7937af7
04_abstract_screening/role_logs/architecture_reviewer/batch_0031.response.txt,final_or_documentation,4374,2026-08-10T20:37:45.876847+00:00,97ec98ec7b2d9f82e56b266200665533cdfdc6a8855cbd3cdc78e77cd71403bf
04_abstract_screening/role_logs/architecture_reviewer/batch_0031.stderr.log,final_or_documentation,65068,2026-08-10T20:37:45.876525+00:00,5f96f381875222fb34bd7956fb6ddf7b54807141f160bc4f9b0bfc393c5eb78a
04_abstract_screening/role_logs/architecture_reviewer/batch_0031.stdout.log,final_or_documentation,4375,2026-08-10T20:37:45.876197+00:00,394457f2c9fb390083648a03351df7578e6e01c9906e38f0b2eb1dcb9e30dd24
04_abstract_screening/role_logs/architecture_reviewer/batch_0032.meta.json,final_or_documentation,1068,2026-08-10T20:37:50.964589+00:00,4e13df4ae09a00c828ac432c34d0b1327c4be32fedf44ca8ea6e8baaa53f1665
04_abstract_screening/role_logs/architecture_reviewer/batch_0032.parsed.json,final_or_documentation,4592,2026-08-10T20:37:50.964407+00:00,ea313fde12627e334b3679e28fb18a2236ce5c5417ffda9970613a89c80219f0
04_abstract_screening/role_logs/architecture_reviewer/batch_0032.prompt.txt,final_or_documentation,13576,2026-08-10T20:36:29.398494+00:00,8e09d7839404f8e0cfeaf6f38dac537dfb8c2f702d10d5e80dda36ac8a833d1c
04_abstract_screening/role_logs/architecture_reviewer/batch_0032.response.txt,final_or_documentation,4170,2026-08-10T20:37:50.963908+00:00,c2468ee1836df00ac249137dd110a8f729157dc14b6b81f87edfcdf0bf3435f1
04_abstract_screening/role_logs/architecture_reviewer/batch_0032.stderr.log,final_or_documentation,21068,2026-08-10T20:37:50.963584+00:00,b3d8d30fdf70b12ff42a90cd8dece8861ba5060cc5052b2c6f75eb57aeee2473
04_abstract_screening/role_logs/architecture_reviewer/batch_0032.stdout.log,final_or_documentation,4171,2026-08-10T20:37:50.963331+00:00,dbf259517471ea151b8694f22c36d8e221e011cc89782599df0e2550d78c1f4d
04_abstract_screening/role_logs/architecture_reviewer/batch_0033.meta.json,final_or_documentation,1068,2026-08-10T20:37:43.366853+00:00,a27db080505ca9e5688f734d0fe507e3809240d0eca28f5fa3806f2798103bf6
04_abstract_screening/role_logs/architecture_reviewer/batch_0033.parsed.json,final_or_documentation,4672,2026-08-10T20:37:43.366688+00:00,6fc81c3a0478c48e5a58477e35e47923d4762108b4748c341a525e6bb8ae11fe
04_abstract_screening/role_logs/architecture_reviewer/batch_0033.prompt.txt,final_or_documentation,13738,2026-08-10T20:36:29.417058+00:00,3c5f30dfb364715cb9287232d416e95a02bdcc4073912dc225cac9617f6ca815
04_abstract_screening/role_logs/architecture_reviewer/batch_0033.response.txt,final_or_documentation,4250,2026-08-10T20:37:43.366251+00:00,4b577b4848b8028d7daa1ddf4d2ac633345f9161258d57d35c9744ef4563005b
04_abstract_screening/role_logs/architecture_reviewer/batch_0033.stderr.log,final_or_documentation,21622,2026-08-10T20:37:43.365988+00:00,594be260b0cbeccc05706deec289095aaff37147498c4213672263d80fb60f2b
04_abstract_screening/role_logs/architecture_reviewer/batch_0033.stdout.log,final_or_documentation,4251,2026-08-10T20:37:43.365795+00:00,30fd1820e2e8d7d53d40d983817d49265edbd568cd6d52105f9c31ff9c7dbea9
04_abstract_screening/role_logs/architecture_reviewer/batch_0034.meta.json,final_or_documentation,1068,2026-08-10T20:38:04.660313+00:00,5421cd1a812271ff6a062b58c4566fe23ceda4ad58a863d16a8816ae4d00aa7e
04_abstract_screening/role_logs/architecture_reviewer/batch_0034.parsed.json,final_or_documentation,4992,2026-08-10T20:38:04.660141+00:00,0a5f2a771764fb8a78cd98711ced80686d9fe655da277eb0eef60c8efd837e28
04_abstract_screening/role_logs/architecture_reviewer/batch_0034.prompt.txt,final_or_documentation,11516,2026-08-10T20:36:29.422005+00:00,fa5092641e13dd8ea604421566de9c071bddd22f8de3890a8cacdcc7d0ffdc39
04_abstract_screening/role_logs/architecture_reviewer/batch_0034.response.txt,final_or_documentation,4570,2026-08-10T20:38:04.659464+00:00,cf8edd48c0449db9317f67c2f7cbd942ccb67c8197126e7a35af3f8ba38024ab
04_abstract_screening/role_logs/architecture_reviewer/batch_0034.stderr.log,final_or_documentation,19361,2026-08-10T20:38:04.658969+00:00,3dced0ba9f8829485f51d042058965a3bbae9261615837b888622dfee9d7ae3a
04_abstract_screening/role_logs/architecture_reviewer/batch_0034.stdout.log,final_or_documentation,4571,2026-08-10T20:38:04.658702+00:00,04293947a527cd9088935486d8125e6903248dde242668027fcf57cc52034ca6
04_abstract_screening/role_logs/architecture_reviewer/batch_0035.meta.json,final_or_documentation,1068,2026-08-10T20:37:16.591864+00:00,747b1b6d98ea3e49fedf80029e422afe379d0de1af161002999da4c04aa009e7
04_abstract_screening/role_logs/architecture_reviewer/batch_0035.parsed.json,final_or_documentation,4867,2026-08-10T20:37:16.591740+00:00,c552a950284c9b13541142e51c2022944a3c79d742c35ac9f8812d0b6b350863
04_abstract_screening/role_logs/architecture_reviewer/batch_0035.prompt.txt,final_or_documentation,12975,2026-08-10T20:36:29.457696+00:00,f16fa198fe15293581b2b826f5740c66c14d4f4717541eba5ea4398ac516478d
04_abstract_screening/role_logs/architecture_reviewer/batch_0035.response.txt,final_or_documentation,4445,2026-08-10T20:37:16.591298+00:00,ab27eafe60b7b8046cc455237cf36fa3957347cac24ad324ae4c7b47deacd5a5
04_abstract_screening/role_logs/architecture_reviewer/batch_0035.stderr.log,final_or_documentation,20487,2026-08-10T20:37:16.591029+00:00,aace0a60fe82cae6ef14729e700df96e99bb9451da9102cbf91535c1e225f279
04_abstract_screening/role_logs/architecture_reviewer/batch_0035.stdout.log,final_or_documentation,4446,2026-08-10T20:37:16.590861+00:00,3fc3daaff9341b9e05ae261e2bf160dd8f889ad02d3fdb4b95bace65387e7cfd
04_abstract_screening/role_logs/architecture_reviewer/batch_0036.meta.json,final_or_documentation,1014,2026-08-10T20:37:22.613668+00:00,75f2f08fccfc179514058b9ec36da75cfa81131056f292fbce1c27c3d6f9fccc
04_abstract_screening/role_logs/architecture_reviewer/batch_0036.parsed.json,final_or_documentation,3318,2026-08-10T20:37:22.613517+00:00,4e344a715a954a6c722bbc54ef38cbbc3319231d5a6ee3be6ea6d4cd1bd68b18
04_abstract_screening/role_logs/architecture_reviewer/batch_0036.prompt.txt,final_or_documentation,11323,2026-08-10T20:36:29.446834+00:00,293b98ee5024565e8334aea1bf4d1c10a7f2ce5c46d44d41036803c8ca46e35a
04_abstract_screening/role_logs/architecture_reviewer/batch_0036.response.txt,final_or_documentation,3058,2026-08-10T20:37:22.613114+00:00,505b3d3ab6cd5502dbc1d322976a7a587217169066569186f716a0385d1e5a82
04_abstract_screening/role_logs/architecture_reviewer/batch_0036.stderr.log,final_or_documentation,17811,2026-08-10T20:37:22.612849+00:00,000389cf8df5d5d67038fdeea46b23608d990662b22fe70c54b5977e5386c5cf
04_abstract_screening/role_logs/architecture_reviewer/batch_0036.stdout.log,final_or_documentation,3059,2026-08-10T20:37:22.612595+00:00,8427bbffe5ab7230550b416588eacd9e9e21501b0f8a3ff154b5e62dc2931d14
04_abstract_screening/role_logs/scope_reviewer/batch_0001.meta.json,final_or_documentation,1025,2026-08-10T20:34:58.382751+00:00,7e6081e10b389b0973bd9087166cd34f915565bb46d3b5367b846bcef7a2871b
04_abstract_screening/role_logs/scope_reviewer/batch_0001.parsed.json,final_or_documentation,4922,2026-08-10T20:34:58.382565+00:00,e9f4e1a1a6fc666bafda300d2fedd20400533ab795d7c87fc5cf2fe1458b93f4
04_abstract_screening/role_logs/scope_reviewer/batch_0001.prompt.txt,final_or_documentation,21036,2026-08-10T20:33:36.184679+00:00,366f27d1f99c657d5711cfed71a32d4a75a8745f631be58f6fe4a429dfbe21a6
04_abstract_screening/role_logs/scope_reviewer/batch_0001.response.txt,final_or_documentation,4452,2026-08-10T20:34:58.382067+00:00,7b00074ca5595e58f8f115aa6cbbab773c99262d0c2963396e8fc9ab3822d8fa
04_abstract_screening/role_logs/scope_reviewer/batch_0001.stderr.log,final_or_documentation,29019,2026-08-10T20:34:58.381711+00:00,940ef1d546331e0bda230c8e141ea7dc86d5d6ed36a226f1fc4adae451d7e7b0
04_abstract_screening/role_logs/scope_reviewer/batch_0001.stdout.log,final_or_documentation,4453,2026-08-10T20:34:58.381452+00:00,b17eb1a39097356a401126810a0811d90ab9a1f5a81c68580795cac4b559b558
04_abstract_screening/role_logs/scope_reviewer/batch_0002.meta.json,final_or_documentation,1025,2026-08-10T20:34:23.662794+00:00,29788348a99c79b9aa39da957ae592f14040571aca6cccd8291a9898a677b0ea
04_abstract_screening/role_logs/scope_reviewer/batch_0002.parsed.json,final_or_documentation,4926,2026-08-10T20:34:23.662665+00:00,45220dcb57d641d0fec51c8f5df94d628d4eecfaccf2646ce895ed7302cc4f0f
04_abstract_screening/role_logs/scope_reviewer/batch_0002.prompt.txt,final_or_documentation,20863,2026-08-10T20:33:36.184701+00:00,87d4092654e46984a322788b2b7707f9eee7fd6472f90049572289bf012e6700
04_abstract_screening/role_logs/scope_reviewer/batch_0002.response.txt,final_or_documentation,4456,2026-08-10T20:34:23.662242+00:00,550107f6acb075ded5ac979ddcb7b305f36f4a82857a18497c89ae0bcbde4468
04_abstract_screening/role_logs/scope_reviewer/batch_0002.stderr.log,final_or_documentation,29191,2026-08-10T20:34:23.661980+00:00,e2a6566faba46d61721c32b251327a55db1653a1f7360e024561fa759e950538
04_abstract_screening/role_logs/scope_reviewer/batch_0002.stdout.log,final_or_documentation,4457,2026-08-10T20:34:23.661743+00:00,ac7913c56af33b2a232a936ef4b1b5c7f8e3a902a87076c7bb29ef3866b610f5
04_abstract_screening/role_logs/scope_reviewer/batch_0003.meta.json,final_or_documentation,1025,2026-08-10T20:34:25.569227+00:00,4ef4b269342b355ed6b4cc486385020e41aae20a5fd575e0ed932ed6a6c3b7bd
04_abstract_screening/role_logs/scope_reviewer/batch_0003.parsed.json,final_or_documentation,4999,2026-08-10T20:34:25.569117+00:00,0e9639da53a9d2e4db604909284bf468fd61d22c81c7847f0b969ef48de7bbb4
04_abstract_screening/role_logs/scope_reviewer/batch_0003.prompt.txt,final_or_documentation,18942,2026-08-10T20:33:36.184681+00:00,3409706546cbcae332d4f986faef8ac89a7f2e8a9e4483cf6f5771d69a87f44b
04_abstract_screening/role_logs/scope_reviewer/batch_0003.response.txt,final_or_documentation,4529,2026-08-10T20:34:25.568799+00:00,019e33ffef5febc117bdef01afc8e19b8bf1cc028cc005fbfd1979f4ef7ecf7d
04_abstract_screening/role_logs/scope_reviewer/batch_0003.stderr.log,final_or_documentation,27305,2026-08-10T20:34:25.568597+00:00,6c6ec2d43467473e5b2def4bbe3ef993d9812a0999e0e1420d123861e866f4a5
04_abstract_screening/role_logs/scope_reviewer/batch_0003.stdout.log,final_or_documentation,4530,2026-08-10T20:34:25.568401+00:00,697ad9d8cc8a243c1abc15f0695c47f57bd46bb8ab8cf8b1f48573447d863b86
04_abstract_screening/role_logs/scope_reviewer/batch_0004.meta.json,final_or_documentation,1025,2026-08-10T20:35:06.370242+00:00,fb38d96cb14106fe330268e131ff5d27a59bae6fc78a07ca231b31177abc14f9
04_abstract_screening/role_logs/scope_reviewer/batch_0004.parsed.json,final_or_documentation,5031,2026-08-10T20:35:06.370054+00:00,4a226e7e38c2f128c04ef919c268b91f792c93555390f86383163a950e2babd8
04_abstract_screening/role_logs/scope_reviewer/batch_0004.prompt.txt,final_or_documentation,26080,2026-08-10T20:33:36.185077+00:00,f626d1e5b7bcc3d78a72c8be7297111825cbe4dd65e25a3eb5313b9e5aefa5dc
04_abstract_screening/role_logs/scope_reviewer/batch_0004.response.txt,final_or_documentation,4561,2026-08-10T20:35:06.369557+00:00,704dac31d7453bbaec63946b37f68ff8c20c91bd5bb9700287616f21267c1ba2
04_abstract_screening/role_logs/scope_reviewer/batch_0004.stderr.log,final_or_documentation,34627,2026-08-10T20:35:06.369234+00:00,f5e2cd5d6481773d961261a223fb14302433187c0fcc0706efb640b6449e9ed0
04_abstract_screening/role_logs/scope_reviewer/batch_0004.stdout.log,final_or_documentation,4562,2026-08-10T20:35:06.368930+00:00,57f044cc0ebdbea040f92c07f9002f5a716e7a28e0e1aace3672d933428026dc
04_abstract_screening/role_logs/scope_reviewer/batch_0005.meta.json,final_or_documentation,1025,2026-08-10T20:34:33.165846+00:00,d1369faa9965796f314ba6fcf22d297528f8390be7363e516456c60e82986672
04_abstract_screening/role_logs/scope_reviewer/batch_0005.parsed.json,final_or_documentation,5045,2026-08-10T20:34:33.165615+00:00,71a08df25ff99919e5ea4aa8cd75ba11f896288c9eb63910e417176dce0a5ea8
04_abstract_screening/role_logs/scope_reviewer/batch_0005.prompt.txt,final_or_documentation,30086,2026-08-10T20:33:36.186374+00:00,798c76d3db03784fe513bfeb26a620861ca56ca561e36a737c1a9351409694fd
04_abstract_screening/role_logs/scope_reviewer/batch_0005.response.txt,final_or_documentation,4575,2026-08-10T20:34:33.165194+00:00,88d2c039b4109a4e7e4a48bbbd49d987c9a0d84b6865532fce9a0e9197f58fc1
04_abstract_screening/role_logs/scope_reviewer/batch_0005.stderr.log,final_or_documentation,38628,2026-08-10T20:34:33.164907+00:00,388c0c0d3de3111fef2924a97d85dbef2ba9e04a630d4f6b1700aa6c7dc8f3fa
04_abstract_screening/role_logs/scope_reviewer/batch_0005.stdout.log,final_or_documentation,4576,2026-08-10T20:34:33.164513+00:00,fff86c18e1b6a35dee6eef788675d8f8b500ba7bd21e8e3083d189bc4ee83cf3
04_abstract_screening/role_logs/scope_reviewer/batch_0006.meta.json,final_or_documentation,1025,2026-08-10T20:34:23.412365+00:00,6b6a4d27b935c172f0c46d5a9fdc456cd202b58bb197ad34bb7c5ed27aedc0fb
04_abstract_screening/role_logs/scope_reviewer/batch_0006.parsed.json,final_or_documentation,4801,2026-08-10T20:34:23.412179+00:00,48c0a0a52a5929f839566ef106a79cc45f3c328117c243d5bea743ae6ea5e39a
04_abstract_screening/role_logs/scope_reviewer/batch_0006.prompt.txt,final_or_documentation,35050,2026-08-10T20:33:36.186347+00:00,61c8bb131ca809d0f8bd9780f0f4b20f590874d7469033e4d6543d572c9bc597
04_abstract_screening/role_logs/scope_reviewer/batch_0006.response.txt,final_or_documentation,4331,2026-08-10T20:34:23.411593+00:00,2fd2c6faf4f182628c07e3036b9e7b8fd6eb24d582e889319f814725e42dc6e2
04_abstract_screening/role_logs/scope_reviewer/batch_0006.stderr.log,final_or_documentation,43469,2026-08-10T20:34:23.411279+00:00,feef655ccc15d6ccb624f970488e305b79dcd0c430097c403fe0a9954cea11d9
04_abstract_screening/role_logs/scope_reviewer/batch_0006.stdout.log,final_or_documentation,4332,2026-08-10T20:34:23.411057+00:00,6197891fce987a07e1348fc1485e0fe3b3cb9edfeb2e141cf1af5575b5ba6718
04_abstract_screening/role_logs/scope_reviewer/batch_0007.meta.json,final_or_documentation,1025,2026-08-10T20:34:33.084529+00:00,51a6111e031295403741a9fdef260acb903b1c02ff1a2cd6a32525fb25c17eac
04_abstract_screening/role_logs/scope_reviewer/batch_0007.parsed.json,final_or_documentation,4642,2026-08-10T20:34:33.084347+00:00,7ca85fce31899b5bc2626af2c7aa51ea40c86d83f92640f221040e65e5dee8cd
04_abstract_screening/role_logs/scope_reviewer/batch_0007.prompt.txt,final_or_documentation,43341,2026-08-10T20:33:36.186563+00:00,4c0718f6d66c9cd2141979033095ce80d5783263f5caf98b77b469af55f15542
04_abstract_screening/role_logs/scope_reviewer/batch_0007.response.txt,final_or_documentation,4172,2026-08-10T20:34:33.083783+00:00,13e312c85c8dbb6bc9ebb5d2142a81e5f819882fa69369efacb4682e5fc0e4d9
04_abstract_screening/role_logs/scope_reviewer/batch_0007.stderr.log,final_or_documentation,50531,2026-08-10T20:34:33.083230+00:00,a7bd9857ae06b2db1a315cabd621d6467ce2bc89f2cd289e338b0eb8199a4e4d
04_abstract_screening/role_logs/scope_reviewer/batch_0007.stdout.log,final_or_documentation,4173,2026-08-10T20:34:33.082630+00:00,f78d3581412ad4d26d45b611770851a0d3058b0c1cc202f1e62184c3e96b1f7c
04_abstract_screening/role_logs/scope_reviewer/batch_0008.meta.json,final_or_documentation,1025,2026-08-10T20:34:33.472026+00:00,7c43d96e5ccec0a047eae5bfa6fb254a0ae195434704a43832976ea138882c95
04_abstract_screening/role_logs/scope_reviewer/batch_0008.parsed.json,final_or_documentation,4981,2026-08-10T20:34:33.471920+00:00,4b314cc021a44739459bfc90b43a51886b7ac72f2d7c6c454a4392c25fa11aaa
04_abstract_screening/role_logs/scope_reviewer/batch_0008.prompt.txt,final_or_documentation,29334,2026-08-10T20:33:36.186319+00:00,bbf9f6bd70f5e113b3f6dc8971a9275b51ebfdc02fc84192ebf9f6307a6e6889
04_abstract_screening/role_logs/scope_reviewer/batch_0008.response.txt,final_or_documentation,4511,2026-08-10T20:34:33.471639+00:00,e80ca52c070ac3724cea7dc67537929e75fe42562f35f78331ebc2cf23ca6403
04_abstract_screening/role_logs/scope_reviewer/batch_0008.stderr.log,final_or_documentation,37120,2026-08-10T20:34:33.471451+00:00,b5d2facdd38cbb6331f58100adf6e8e0ea0adabcfaac5806a640cce8f1711998
04_abstract_screening/role_logs/scope_reviewer/batch_0008.stdout.log,final_or_documentation,4512,2026-08-10T20:34:33.471290+00:00,9f9a5ec1c4d8c99909c7571cce4f297b9da3771361667be8afde4cff3c24f294
04_abstract_screening/role_logs/scope_reviewer/batch_0009.meta.json,final_or_documentation,1025,2026-08-10T20:34:28.109395+00:00,a74ffe29f2385384a74a70feede92347f769697a82d1eae08f8811c4618a41e6
04_abstract_screening/role_logs/scope_reviewer/batch_0009.parsed.json,final_or_documentation,5129,2026-08-10T20:34:28.109257+00:00,482e363fcc84b0eba2e05e0add20c34157ce95a36a9a54c2ce06979caa20d121
04_abstract_screening/role_logs/scope_reviewer/batch_0009.prompt.txt,final_or_documentation,27224,2026-08-10T20:33:36.186267+00:00,9a5da1d4b89c1daf1b55d47184973949df9bfdb8d269d53786105218aabeb036
04_abstract_screening/role_logs/scope_reviewer/batch_0009.response.txt,final_or_documentation,4659,2026-08-10T20:34:28.108740+00:00,71250e30a346167439c6a2fb4e682a1aa4e73726866026e8128e96feb545193f
04_abstract_screening/role_logs/scope_reviewer/batch_0009.stderr.log,final_or_documentation,35264,2026-08-10T20:34:28.108424+00:00,c86350fc2e4a5c69af3a1d8032b10f1964fe405bb7f7a9806e59890bdd85eb68
04_abstract_screening/role_logs/scope_reviewer/batch_0009.stdout.log,final_or_documentation,4660,2026-08-10T20:34:28.108125+00:00,3badf35e4eac3aa76e46fc012d7e6e9c04bef007976e664bd403c8859f954935
04_abstract_screening/role_logs/scope_reviewer/batch_0010.meta.json,final_or_documentation,1025,2026-08-10T20:34:26.205863+00:00,4da250620451af278d90667d20f98d951bc788babcd2c19afed43f15809c67a4
04_abstract_screening/role_logs/scope_reviewer/batch_0010.parsed.json,final_or_documentation,5085,2026-08-10T20:34:26.205708+00:00,9fa656c9fe4e7cbfa5fb4d345739205fd611e69edfcd37fc87c020cd0e495123
04_abstract_screening/role_logs/scope_reviewer/batch_0010.prompt.txt,final_or_documentation,59955,2026-08-10T20:33:36.186601+00:00,1972b41deeed093e1d390d26e61e0985a3fd10e8232be43cdc70b2673f2a5dfe
04_abstract_screening/role_logs/scope_reviewer/batch_0010.response.txt,final_or_documentation,4615,2026-08-10T20:34:26.205362+00:00,8a5e42e8c6b43e989e1350243128586f59d0fae12c90729bc48c29f750330cd7
04_abstract_screening/role_logs/scope_reviewer/batch_0010.stderr.log,final_or_documentation,67588,2026-08-10T20:34:26.205127+00:00,2cd58c9f2411e19b6be554e7099bbfba1fdc079321e5cd4a849103ac81d98e69
04_abstract_screening/role_logs/scope_reviewer/batch_0010.stdout.log,final_or_documentation,4616,2026-08-10T20:34:26.204846+00:00,7b32b51bfe59e1b02d888de021d9866049971131340f66bf26b90ba465c536c1
04_abstract_screening/role_logs/scope_reviewer/batch_0011.meta.json,final_or_documentation,1026,2026-08-10T20:34:24.757470+00:00,6a7b18a44a14223bda5340be7cc9c24a95be7c027b8b3662781f56b9d7a96031
04_abstract_screening/role_logs/scope_reviewer/batch_0011.parsed.json,final_or_documentation,4896,2026-08-10T20:34:24.757336+00:00,46d12c74bf47289b656d200581381303c675ea9d0fc8cb38566ed1873d8bb0fa
04_abstract_screening/role_logs/scope_reviewer/batch_0011.prompt.txt,final_or_documentation,38136,2026-08-10T20:33:36.186289+00:00,9ed5ff18dff064a029a37f7ae1d88e6b59ae34719705938f485846779f79623e
04_abstract_screening/role_logs/scope_reviewer/batch_0011.response.txt,final_or_documentation,4426,2026-08-10T20:34:24.756918+00:00,efcea91a7482b1b159488cf5efa421f2fc032db764da8156ebe7bec31363974f
04_abstract_screening/role_logs/scope_reviewer/batch_0011.stderr.log,final_or_documentation,45838,2026-08-10T20:34:24.756623+00:00,5e844c193fefc853972de6a6681071121f8146687819949f51d2d72f9a036c61
04_abstract_screening/role_logs/scope_reviewer/batch_0011.stdout.log,final_or_documentation,4427,2026-08-10T20:34:24.756401+00:00,03be0d2c49a2106676fbf2922d8ff5ef365634334ea785dbf395e590c88a165c
04_abstract_screening/role_logs/scope_reviewer/batch_0012.meta.json,final_or_documentation,1026,2026-08-10T20:34:46.898164+00:00,335ee2ca1646c8656f3bdf03fd089ec972edacaecb4019d85290687450cbcef6
04_abstract_screening/role_logs/scope_reviewer/batch_0012.parsed.json,final_or_documentation,5224,2026-08-10T20:34:46.897982+00:00,e29e1a450525adb6d39dfc77dc529c775769668a6f506ef20b7cbc31e563aafe
04_abstract_screening/role_logs/scope_reviewer/batch_0012.prompt.txt,final_or_documentation,20777,2026-08-10T20:33:36.187467+00:00,286cefab6d93bb73b52339cc3680685efd0ec40add0defae9620ce9beadc4488
04_abstract_screening/role_logs/scope_reviewer/batch_0012.response.txt,final_or_documentation,4754,2026-08-10T20:34:46.897401+00:00,e5a70e7b0474f15d15bbf0a08d279dff53da6292697a30a8f31afac0596973f1
04_abstract_screening/role_logs/scope_reviewer/batch_0012.stderr.log,final_or_documentation,29957,2026-08-10T20:34:46.897033+00:00,9b5ce67077355a9a2ab2e6f6b2dcdfa950ee610f657d2e856aeb86ef02045519
04_abstract_screening/role_logs/scope_reviewer/batch_0012.stdout.log,final_or_documentation,4755,2026-08-10T20:34:46.896765+00:00,e2e73e697f9d1cee34a67cfbf9071686b1b1510fdc10ac2e17cdb9e9588520a1
04_abstract_screening/role_logs/scope_reviewer/batch_0013.meta.json,final_or_documentation,1026,2026-08-10T20:34:25.522667+00:00,2caef5fec7559a6f7a8129de8d0e35ce372a83597c662efc90fc682e684e36e6
04_abstract_screening/role_logs/scope_reviewer/batch_0013.parsed.json,final_or_documentation,5061,2026-08-10T20:34:25.522549+00:00,130bd5491a712b4c78250fe7a321e408c0f8c2d002bde7660b8df57586554fd1
04_abstract_screening/role_logs/scope_reviewer/batch_0013.prompt.txt,final_or_documentation,20400,2026-08-10T20:33:36.187551+00:00,febdcd7bb4a6954bcf365c85300a53299d7ffd8e81091c996cb61e849d16b3c3
04_abstract_screening/role_logs/scope_reviewer/batch_0013.response.txt,final_or_documentation,4591,2026-08-10T20:34:25.522193+00:00,1f27e2e9b84a5de743ca6317c0f531def267e9ca9ae10f2df928c631d5a0f852
04_abstract_screening/role_logs/scope_reviewer/batch_0013.stderr.log,final_or_documentation,28726,2026-08-10T20:34:25.521950+00:00,61e2caab5c1202eb74cce7453b97263429b2eee37f5b9c5524714bfed185e20c
04_abstract_screening/role_logs/scope_reviewer/batch_0013.stdout.log,final_or_documentation,4592,2026-08-10T20:34:25.521768+00:00,27760fcd3962ec97340f8b9243b938ca29e9662e981a4818b51aae9fb9f90a2d
04_abstract_screening/role_logs/scope_reviewer/batch_0014.meta.json,final_or_documentation,1026,2026-08-10T20:34:34.208540+00:00,b7c868fd5d7205fec685e4b8b0c19601c12396fa61bd23992eb855754d434e83
04_abstract_screening/role_logs/scope_reviewer/batch_0014.parsed.json,final_or_documentation,5318,2026-08-10T20:34:34.208453+00:00,d0f57bbba61f659010cd6a128cba796195033579712c0dafc981179a806e9479
04_abstract_screening/role_logs/scope_reviewer/batch_0014.prompt.txt,final_or_documentation,21344,2026-08-10T20:33:36.186854+00:00,8c6cc2ac8ca9f397dd6b8fe7f6ef1124a86bf6cf257fd9dd14e2de56d05e5a43
04_abstract_screening/role_logs/scope_reviewer/batch_0014.response.txt,final_or_documentation,4848,2026-08-10T20:34:34.208182+00:00,683818f817cc62e480cadc800805b336d4050595a00f555ae334decaa327d743
04_abstract_screening/role_logs/scope_reviewer/batch_0014.stderr.log,final_or_documentation,29570,2026-08-10T20:34:34.208004+00:00,7cf9f72089a5727d8092f2dc182ce32555f1742471c0a059302497b5f4e36e8d
04_abstract_screening/role_logs/scope_reviewer/batch_0014.stdout.log,final_or_documentation,4849,2026-08-10T20:34:34.207892+00:00,f15e1e8b3fe7b2b73f9287f0d0763fb938411a38d23a41e40ee823a46196e067
04_abstract_screening/role_logs/scope_reviewer/batch_0015.meta.json,final_or_documentation,1025,2026-08-10T20:34:24.794054+00:00,b0a8aa8c5366f2cdf53e8d7c10cf940f3327a31337b6777896ba18658a4b86b6
04_abstract_screening/role_logs/scope_reviewer/batch_0015.parsed.json,final_or_documentation,5115,2026-08-10T20:34:24.793940+00:00,23d62b6f81fad9c23013ed1a2bbf2874e2292f604ad877fe20d46e41e77fa9f9
04_abstract_screening/role_logs/scope_reviewer/batch_0015.prompt.txt,final_or_documentation,19587,2026-08-10T20:33:36.187571+00:00,fa18480bd02564c068bf79db1f6a5b5ae1c0ba7bc5041d8947107710c47bf5a5
04_abstract_screening/role_logs/scope_reviewer/batch_0015.response.txt,final_or_documentation,4645,2026-08-10T20:34:24.793581+00:00,bf026575921514d87df75f413e6416e299f2a1440c29011e4802d6bc3748ca0f
04_abstract_screening/role_logs/scope_reviewer/batch_0015.stderr.log,final_or_documentation,27805,2026-08-10T20:34:24.793355+00:00,e8722fd0060f5647c79228f3259c7c47ec1434171fca7afa3e17153c907642ac
04_abstract_screening/role_logs/scope_reviewer/batch_0015.stdout.log,final_or_documentation,4646,2026-08-10T20:34:24.793171+00:00,bb8c073e441392f99e73ee2ba0588dd8988e7e10c6e97f488f170e67fe7ce93e
04_abstract_screening/role_logs/scope_reviewer/batch_0016.meta.json,final_or_documentation,1026,2026-08-10T20:34:30.867425+00:00,26c9b5aaa2f2561326f3b8d6027f7bb58d62795cf2f37d9f9c31a5c43108b4b9
04_abstract_screening/role_logs/scope_reviewer/batch_0016.parsed.json,final_or_documentation,4990,2026-08-10T20:34:30.867048+00:00,e3565aa5ca718c27f63e7c02480f772b74d8f6f0ef975a7938749eff7343d060
04_abstract_screening/role_logs/scope_reviewer/batch_0016.prompt.txt,final_or_documentation,19581,2026-08-10T20:33:36.187390+00:00,6683f263dd956518f778142608a67fb41f97c163188f8603948028e71a5755bf
04_abstract_screening/role_logs/scope_reviewer/batch_0016.response.txt,final_or_documentation,4520,2026-08-10T20:34:30.866297+00:00,7f21bfc36247620c84dc5c4111a3620536c00c3ca68477ffdeb4d0c6e4f82f5e
04_abstract_screening/role_logs/scope_reviewer/batch_0016.stderr.log,final_or_documentation,28450,2026-08-10T20:34:30.865850+00:00,1e64127cb304eacddc9b46d2b987cd791dda37260ada6b90e2629b2e4ab8ee46
04_abstract_screening/role_logs/scope_reviewer/batch_0016.stdout.log,final_or_documentation,4521,2026-08-10T20:34:30.865544+00:00,e79cbfa7a04e566a951fe984526c1c0f45bd832f1211e1e28e859138fde4b529
04_abstract_screening/role_logs/scope_reviewer/batch_0017.meta.json,final_or_documentation,1026,2026-08-10T20:34:37.640083+00:00,546d4dbdee704421dcdddff9ec402d94badee2b0d3a3c9ee58c3b947b3c41706
04_abstract_screening/role_logs/scope_reviewer/batch_0017.parsed.json,final_or_documentation,5172,2026-08-10T20:34:37.639931+00:00,61c0ddcf007aa7478b225e7729ee90b01a0fb2486d6e6d9109f95ddc59cc9cb3
04_abstract_screening/role_logs/scope_reviewer/batch_0017.prompt.txt,final_or_documentation,19020,2026-08-10T20:33:36.187757+00:00,7a7599e080d440a39b605c2491ffc0422d29ce866c5ad4557f232ed8edf3bbdf
04_abstract_screening/role_logs/scope_reviewer/batch_0017.response.txt,final_or_documentation,4702,2026-08-10T20:34:37.639445+00:00,e9ef4c0bb00d891809ad7e051e2a73ed9c808dfedb51df2ce8147b0c43967a87
04_abstract_screening/role_logs/scope_reviewer/batch_0017.stderr.log,final_or_documentation,27046,2026-08-10T20:34:37.639148+00:00,fcf2937b4b020689bae8f6fe70358b315c94be818eeadd1fb5597a0a17f0f18e
04_abstract_screening/role_logs/scope_reviewer/batch_0017.stdout.log,final_or_documentation,4703,2026-08-10T20:34:37.638877+00:00,0be935b6a87746f26296568e7c4edbf81216b122acbfab87df02dad290858456
04_abstract_screening/role_logs/scope_reviewer/batch_0018.meta.json,final_or_documentation,1026,2026-08-10T20:34:29.823592+00:00,853e0654334c7ad10b00eab373d0f3ee67091cc629d8fbe01eb650c2f86f266d
04_abstract_screening/role_logs/scope_reviewer/batch_0018.parsed.json,final_or_documentation,5215,2026-08-10T20:34:29.823496+00:00,b5e4b3be9f1a350c30d4d797cd20b7e6a1354af69b6caef606814f0ef7fe4a7f
04_abstract_screening/role_logs/scope_reviewer/batch_0018.prompt.txt,final_or_documentation,19875,2026-08-10T20:33:36.188192+00:00,fecd1ebce5611433d69771de155a10aa92092812e69e3b6d9e82404e221a5f75
04_abstract_screening/role_logs/scope_reviewer/batch_0018.response.txt,final_or_documentation,4745,2026-08-10T20:34:29.823227+00:00,8de5103c7c2d566a2834dc084491f6a2c792a236968da559d7c4ee726439ba20
04_abstract_screening/role_logs/scope_reviewer/batch_0018.stderr.log,final_or_documentation,28308,2026-08-10T20:34:29.823060+00:00,178a2a673fa6e537dc4ff6b83f1be51f88b612e7ed4d7c5d374c61f7d0c7a575
04_abstract_screening/role_logs/scope_reviewer/batch_0018.stdout.log,final_or_documentation,4746,2026-08-10T20:34:29.822901+00:00,e88225035d67c10a7265804d2983d016e0ff646fedf003d7dd1fb90c4ddf91ab
04_abstract_screening/role_logs/scope_reviewer/batch_0019.meta.json,final_or_documentation,1026,2026-08-10T20:36:29.274513+00:00,bfea4b790b49344848c40383190ba19c61d49b4d5f7a9eae73ddddffa3105a85
04_abstract_screening/role_logs/scope_reviewer/batch_0019.parsed.json,final_or_documentation,5210,2026-08-10T20:36:29.274284+00:00,286dd166713bd8f8a70f5f092e3eedc4bc19a7578ba8f0c46fede6ebe795a273
04_abstract_screening/role_logs/scope_reviewer/batch_0019.prompt.txt,final_or_documentation,19082,2026-08-10T20:35:47.095762+00:00,17dbe3ae182847302a4568062f7f6761f8599c45f99afb880196735765b0bbb1
04_abstract_screening/role_logs/scope_reviewer/batch_0019.response.txt,final_or_documentation,4740,2026-08-10T20:36:29.273303+00:00,101e5b7873c948996cd0ce963ba191d1eb08ef495e345d5c7c7b733a64c8ef02
04_abstract_screening/role_logs/scope_reviewer/batch_0019.stderr.log,final_or_documentation,26299,2026-08-10T20:36:29.272962+00:00,6e871837659eecb3c16f25e26e9edbaf18b03011243052550e8d6283daf82e00
04_abstract_screening/role_logs/scope_reviewer/batch_0019.stdout.log,final_or_documentation,4741,2026-08-10T20:36:29.272630+00:00,cb1d9737995335d89a2a7d20e9b33aa8e8e5fe702fd0ddd582230d308775ed38
04_abstract_screening/role_logs/scope_reviewer/batch_0020.meta.json,final_or_documentation,1026,2026-08-10T20:34:35.701316+00:00,f16ddcb27e54855c80905936fa66ead0b8080be53a5510ffb5e2fbfe72569ed7
04_abstract_screening/role_logs/scope_reviewer/batch_0020.parsed.json,final_or_documentation,5140,2026-08-10T20:34:35.701170+00:00,6d8dfa3c5ff806eb0eb1c9a66b05073912f942742a39d5ad628a7faa93eeb253
04_abstract_screening/role_logs/scope_reviewer/batch_0020.prompt.txt,final_or_documentation,19944,2026-08-10T20:33:36.188617+00:00,b3aef54e262bef9bea78b4958a0d57f95660d620a73c91a755c3eb36937393a5
04_abstract_screening/role_logs/scope_reviewer/batch_0020.response.txt,final_or_documentation,4670,2026-08-10T20:34:35.700801+00:00,45fe462ad662c43c6197f7945fc738453b426cad7b88f4faf28b45704036568a
04_abstract_screening/role_logs/scope_reviewer/batch_0020.stderr.log,final_or_documentation,28373,2026-08-10T20:34:35.700561+00:00,f2cfc6628dcd6a84a3cd2cbd9b9ee30510c8b932380677a17b97f495216bd5a3
04_abstract_screening/role_logs/scope_reviewer/batch_0020.stdout.log,final_or_documentation,4671,2026-08-10T20:34:35.700377+00:00,756b860635e76b8b3819061c80ef7c2f060d3b350721ca06bdfb31b1877d7c7c
04_abstract_screening/role_logs/scope_reviewer/batch_0021.meta.json,final_or_documentation,1026,2026-08-10T20:34:25.946768+00:00,0871b4981ce51b19460db7d075f911965427a6fd6ca24370e0fb7311b719e138
04_abstract_screening/role_logs/scope_reviewer/batch_0021.parsed.json,final_or_documentation,5405,2026-08-10T20:34:25.946653+00:00,0364e8f1628752b599d874ed8dc0b68301412ce640f32446bb51bd7de3722a0f
04_abstract_screening/role_logs/scope_reviewer/batch_0021.prompt.txt,final_or_documentation,21649,2026-08-10T20:33:36.189188+00:00,8b527e43f8c4fb5973ba5c649e8448610ebe4dadf8181accf6a9ce1e177a7466
04_abstract_screening/role_logs/scope_reviewer/batch_0021.response.txt,final_or_documentation,4935,2026-08-10T20:34:25.946354+00:00,b993d4b7fef1bb2d33063d3852ee56462d20eb7911d959397323805ce0306abe
04_abstract_screening/role_logs/scope_reviewer/batch_0021.stderr.log,final_or_documentation,29601,2026-08-10T20:34:25.946135+00:00,645065b49c559dce1ffee2e2ea14f545e1afd21f2abf028ef7444bcd4c73d1fa
04_abstract_screening/role_logs/scope_reviewer/batch_0021.stdout.log,final_or_documentation,4936,2026-08-10T20:34:25.945919+00:00,e4d2722091eccf310e3c4880f01a5386740b770dc662e3a14b8e97904eb489fd
04_abstract_screening/role_logs/scope_reviewer/batch_0022.meta.json,final_or_documentation,1026,2026-08-10T20:34:23.580041+00:00,e6e2addf218b637782f65132afcf8109174e6b6d8fcecb37121a21a3686cbcb7
04_abstract_screening/role_logs/scope_reviewer/batch_0022.parsed.json,final_or_documentation,5260,2026-08-10T20:34:23.579912+00:00,7b6cfd63a9c8e77c4272d55aaa5ee8b9e5a89ddbc5dfe69ce5a2c5884f7e3750
04_abstract_screening/role_logs/scope_reviewer/batch_0022.prompt.txt,final_or_documentation,24621,2026-08-10T20:33:36.189326+00:00,867ace379712b43ac82a9f315d421d71a045aeb2645a4512e12ed142e381cbba
04_abstract_screening/role_logs/scope_reviewer/batch_0022.response.txt,final_or_documentation,4790,2026-08-10T20:34:23.579534+00:00,6dc7af50d48faff10a4acd686fafbfc403950170772706198802fb6f20e19e22
04_abstract_screening/role_logs/scope_reviewer/batch_0022.stderr.log,final_or_documentation,33598,2026-08-10T20:34:23.579320+00:00,5320ee730f3a483e48e6fc56dfb9e987939828039a5f2851a6f8a748f8e45995
04_abstract_screening/role_logs/scope_reviewer/batch_0022.stdout.log,final_or_documentation,4791,2026-08-10T20:34:23.579151+00:00,f2874a8f5636802c0c08872e5e147930446d9b4c388af7be609b28b1227fc532
04_abstract_screening/role_logs/scope_reviewer/batch_0023.meta.json,final_or_documentation,1026,2026-08-10T20:34:30.867701+00:00,a6e71d40e54b314964da0e7ecd5aaf9e232e2b8cc842f301374dfbbbe412012e
04_abstract_screening/role_logs/scope_reviewer/batch_0023.parsed.json,final_or_documentation,5553,2026-08-10T20:34:30.867397+00:00,a76b5238a1d72b47994d860fab68a30998edb33799154fd7a2acad522243dde4
04_abstract_screening/role_logs/scope_reviewer/batch_0023.prompt.txt,final_or_documentation,25405,2026-08-10T20:33:36.189400+00:00,2d06096dd22e1177eb93f7d543bff1f55fdf18494e9fb2fd400d0b448f166ab1
04_abstract_screening/role_logs/scope_reviewer/batch_0023.response.txt,final_or_documentation,5083,2026-08-10T20:34:30.866515+00:00,f9c60f9cb5e76a0e7e41d2d36a27aed8f90c0fa3d3bf57a9197b1f4c4e628633
04_abstract_screening/role_logs/scope_reviewer/batch_0023.stderr.log,final_or_documentation,33948,2026-08-10T20:34:30.865801+00:00,8990120834d2416f5a66c14d00ae99ac1f8dd1f94c340ae3f974fc7ae8866822
04_abstract_screening/role_logs/scope_reviewer/batch_0023.stdout.log,final_or_documentation,5084,2026-08-10T20:34:30.865544+00:00,36f104a107a22407f4372b4fc8e6315a5793758de273e31a188aea07af56e3dd
04_abstract_screening/role_logs/scope_reviewer/batch_0024.meta.json,final_or_documentation,1025,2026-08-10T20:34:47.503971+00:00,27b29428adffef27293605bd621a2125c0bb47e3a19a397b2b4b7500671215b1
04_abstract_screening/role_logs/scope_reviewer/batch_0024.parsed.json,final_or_documentation,5088,2026-08-10T20:34:47.503882+00:00,412545ad6ae5f83d5a4b3feeb7309bd726a24a8b3d00a6f88a1eab56b5270cf5
04_abstract_screening/role_logs/scope_reviewer/batch_0024.prompt.txt,final_or_documentation,20974,2026-08-10T20:33:36.190274+00:00,1bfb4e653e14d62e620c69ade11c0b2b61d4604d85187a180258734b3ff2b610
04_abstract_screening/role_logs/scope_reviewer/batch_0024.response.txt,final_or_documentation,4619,2026-08-10T20:34:47.503592+00:00,a2636be53d1fce6b8110745d61c7bc722a95dead9d6a7772e37cf449f729ec46
04_abstract_screening/role_logs/scope_reviewer/batch_0024.stderr.log,final_or_documentation,28868,2026-08-10T20:34:47.503425+00:00,3e8c3f83f15dbada99e3add670de407cb49be7c462b4007b4517e136b71936ee
04_abstract_screening/role_logs/scope_reviewer/batch_0024.stdout.log,final_or_documentation,4620,2026-08-10T20:34:47.503271+00:00,7f82364827eea0acd6513cf68ca36f1859bfda7ef87fbee94d97ac7b781ff03a
04_abstract_screening/role_logs/scope_reviewer/batch_0025.meta.json,final_or_documentation,1026,2026-08-10T20:34:26.907137+00:00,6265347dc9475a701b39b0a588683b8658781165ab1dd875ee841090b6a5e7dc
04_abstract_screening/role_logs/scope_reviewer/batch_0025.parsed.json,final_or_documentation,5045,2026-08-10T20:34:26.907015+00:00,062adb5bb43fd50b32f1bd8679021757ed46d3e8316e5b636988ee98bc6a72c3
04_abstract_screening/role_logs/scope_reviewer/batch_0025.prompt.txt,final_or_documentation,16587,2026-08-10T20:33:36.191319+00:00,2d9c932d61d2cffb799e811633ef0973f9f48506634dfbd6dceebd2e101c0769
04_abstract_screening/role_logs/scope_reviewer/batch_0025.response.txt,final_or_documentation,4575,2026-08-10T20:34:26.906661+00:00,2c6e3f870bc7cf14a50300968372181f9f527221418b796c56123e3fd3c44b1a
04_abstract_screening/role_logs/scope_reviewer/batch_0025.stderr.log,final_or_documentation,24180,2026-08-10T20:34:26.906405+00:00,6481ab85f0cc3d0ee765b4756439eeebe3a681cdb2018a480fa68adaaf1cbef5
04_abstract_screening/role_logs/scope_reviewer/batch_0025.stdout.log,final_or_documentation,4576,2026-08-10T20:34:26.906199+00:00,9fecbabf8c04fde1bb0d276067957e40c346316ced9dac07f2b2fc151ce42c48
04_abstract_screening/role_logs/scope_reviewer/batch_0026.meta.json,final_or_documentation,1026,2026-08-10T20:34:45.536073+00:00,5ad3a8ee7cfd33ba90fa0f1af463c617095e34e1b06a22029c4eb78ab7b5ad1b
04_abstract_screening/role_logs/scope_reviewer/batch_0026.parsed.json,final_or_documentation,4739,2026-08-10T20:34:45.535882+00:00,ac18b2f4538459a34921d6c1ea5c27f44619f94161ce99edf1dcbb8fec12cd49
04_abstract_screening/role_logs/scope_reviewer/batch_0026.prompt.txt,final_or_documentation,24432,2026-08-10T20:33:36.190481+00:00,7b61a729b8aba6787958f0ef3735598c9ce3094431ea0e50221c163dec72139c
04_abstract_screening/role_logs/scope_reviewer/batch_0026.response.txt,final_or_documentation,4269,2026-08-10T20:34:45.535337+00:00,fb89d9016bda4855cee9ae8afee99521181409a71b2cfb7d55cf114c49782294
04_abstract_screening/role_logs/scope_reviewer/batch_0026.stderr.log,final_or_documentation,31718,2026-08-10T20:34:45.534976+00:00,b787a3ea6b995cd4e351ae051413579e0af4524bb998b1e9de21a42892b0016a
04_abstract_screening/role_logs/scope_reviewer/batch_0026.stdout.log,final_or_documentation,4270,2026-08-10T20:34:45.534678+00:00,69c8c9cb0e2e3d28896bed3f3d781d5eb8e5683c4100fc9bde3c75ab63d9bc19
04_abstract_screening/role_logs/scope_reviewer/batch_0027.meta.json,final_or_documentation,1026,2026-08-10T20:34:25.151489+00:00,6b552bbd183d729ec2e61e83803a078255fddc2714f33ed33f8f9de07964300c
04_abstract_screening/role_logs/scope_reviewer/batch_0027.parsed.json,final_or_documentation,5181,2026-08-10T20:34:25.151365+00:00,8f83c9058805d7ab10c8c5b5f09eb85b7c5f2410fdf11b2962b7da15afd645a2
04_abstract_screening/role_logs/scope_reviewer/batch_0027.prompt.txt,final_or_documentation,19033,2026-08-10T20:33:36.190871+00:00,aa38cda2477c7377549026154130d5f4e7d940ac1877ef1cbcbdc9eb7902c32f
04_abstract_screening/role_logs/scope_reviewer/batch_0027.response.txt,final_or_documentation,4711,2026-08-10T20:34:25.150949+00:00,1a2e504cec8f82f2369aa56cf3889263ce3af84efa7e71dbf89ada2971ebc7c1
04_abstract_screening/role_logs/scope_reviewer/batch_0027.stderr.log,final_or_documentation,26761,2026-08-10T20:34:25.150695+00:00,55b65cfe52b6eb031688d110354121c9f218c5cd409e7e551e35433bd12d17a7
04_abstract_screening/role_logs/scope_reviewer/batch_0027.stdout.log,final_or_documentation,4712,2026-08-10T20:34:25.150503+00:00,4803e8dde510b226e53b722d2b3ef26fbd9f98001af01ea06235ebbd374a9382
04_abstract_screening/role_logs/scope_reviewer/batch_0028.meta.json,final_or_documentation,1026,2026-08-10T20:34:52.700100+00:00,000f3ec050dbf9523564279a3504e4e1196c19052f5221fec4d007499ff568fa
04_abstract_screening/role_logs/scope_reviewer/batch_0028.parsed.json,final_or_documentation,5363,2026-08-10T20:34:52.699926+00:00,094f449979d61697e06b3d51d232c542ef57aedffa340e07f3478935b1dc8638
04_abstract_screening/role_logs/scope_reviewer/batch_0028.prompt.txt,final_or_documentation,12616,2026-08-10T20:33:36.190230+00:00,97dc4600cd491e9809ae051e3e25b295720770437f5c3e7814e1d913333c0746
04_abstract_screening/role_logs/scope_reviewer/batch_0028.response.txt,final_or_documentation,4893,2026-08-10T20:34:52.699462+00:00,ad73890887ee5bf4a63a757ebec1a5552e6f9f8349e332d1957b97a41693faf3
04_abstract_screening/role_logs/scope_reviewer/batch_0028.stderr.log,final_or_documentation,20759,2026-08-10T20:34:52.699210+00:00,001758a896dda2f94e45dcfd8c8735896fcd3f2e703a34241689d16108af0dc5
04_abstract_screening/role_logs/scope_reviewer/batch_0028.stdout.log,final_or_documentation,4894,2026-08-10T20:34:52.698973+00:00,f64ec9c0452377191187e5405cba03039883f8d404a566872bfe3eb043603945
04_abstract_screening/role_logs/scope_reviewer/batch_0029.meta.json,final_or_documentation,1026,2026-08-10T20:34:31.811200+00:00,ad87b0d8ff2717288ad8f822b0b2c9f5b1540b328f8e20904f984f4294329513
04_abstract_screening/role_logs/scope_reviewer/batch_0029.parsed.json,final_or_documentation,5148,2026-08-10T20:34:31.811033+00:00,269b37efc55170fa64a45819fedb17e3cf8cbed1619607a09ca77691f5afca93
04_abstract_screening/role_logs/scope_reviewer/batch_0029.prompt.txt,final_or_documentation,16220,2026-08-10T20:33:36.190273+00:00,d746c0aac292a1dfe6ce7fa30e1876d3340ff0d0e2b0b62ad6cebd5d4d0fb157
04_abstract_screening/role_logs/scope_reviewer/batch_0029.response.txt,final_or_documentation,4678,2026-08-10T20:34:31.810521+00:00,79c60bf7f928607e2d29bcb17c57590a6c22b2dfa13cf76fa3b680994635749d
04_abstract_screening/role_logs/scope_reviewer/batch_0029.stderr.log,final_or_documentation,24220,2026-08-10T20:34:31.810196+00:00,e199666206cdca4ae338d471cea87baeb1d6ddb4f5a6d51d8c3abd3d9b31a476
04_abstract_screening/role_logs/scope_reviewer/batch_0029.stdout.log,final_or_documentation,4679,2026-08-10T20:34:31.809884+00:00,d5a8d69696274a26e44ee2d7e6e054718b3f8fab638f408e5f0e19d478b7aa38
04_abstract_screening/role_logs/scope_reviewer/batch_0030.meta.json,final_or_documentation,1026,2026-08-10T20:34:42.230943+00:00,f771db2b9783a0dd397496980f0fc2c8288fb8fd22a067eaf2e3219c4332bba7
04_abstract_screening/role_logs/scope_reviewer/batch_0030.parsed.json,final_or_documentation,5011,2026-08-10T20:34:42.230742+00:00,75b69ff84b8f524685e95ab12d7a166fb2ab81f416a894049b72bfacc29bba68
04_abstract_screening/role_logs/scope_reviewer/batch_0030.prompt.txt,final_or_documentation,17602,2026-08-10T20:33:36.190160+00:00,04ad83702d555d7cb23d00719d683e950e2e4aef6934ef00772db75ac0b15e33
04_abstract_screening/role_logs/scope_reviewer/batch_0030.response.txt,final_or_documentation,4541,2026-08-10T20:34:42.230234+00:00,a36fe87371429a18456200f363ecbc6f6b17a0a187a5e274d34f4f78dcb570bb
04_abstract_screening/role_logs/scope_reviewer/batch_0030.stderr.log,final_or_documentation,25772,2026-08-10T20:34:42.229853+00:00,7d926c4de44ac558624b24fd59b4ef9ce8d3e9350a3756755bc4a3d0a307b324
04_abstract_screening/role_logs/scope_reviewer/batch_0030.stdout.log,final_or_documentation,4542,2026-08-10T20:34:42.229584+00:00,af584051d34f44e4ff3542e28ecfb0700ab5544b0b50e9a3cdef0bf6a30c930d
04_abstract_screening/role_logs/scope_reviewer/batch_0031.meta.json,final_or_documentation,1025,2026-08-10T20:34:35.698985+00:00,a28a1343d719b0b2b8bb46685fa4f11f1b6c4c82761ad523b16621deab4b262e
04_abstract_screening/role_logs/scope_reviewer/batch_0031.parsed.json,final_or_documentation,4794,2026-08-10T20:34:35.698842+00:00,d5643590c4bffa5fe11a5c4ab12371529d389ffa9f5aa4109d2958a444cba9ab
04_abstract_screening/role_logs/scope_reviewer/batch_0031.prompt.txt,final_or_documentation,16159,2026-08-10T20:33:36.191314+00:00,cd16f5275b66f7c52718fd7d4b19a5da0c5d0de57c2c78505a0cb2ca9dca71e3
04_abstract_screening/role_logs/scope_reviewer/batch_0031.response.txt,final_or_documentation,4324,2026-08-10T20:34:35.698386+00:00,30a24a1dc4c9ac651dc8e778854dae59aa406c9523e3531d02e5afadbf1ec56b
04_abstract_screening/role_logs/scope_reviewer/batch_0031.stderr.log,final_or_documentation,24366,2026-08-10T20:34:35.698112+00:00,70a210192d6ea5b6ba3a987d9d328d7b7bf0ea661de3d2df7cdddf3affb8e348
04_abstract_screening/role_logs/scope_reviewer/batch_0031.stdout.log,final_or_documentation,4325,2026-08-10T20:34:35.697882+00:00,6a46e33644d8b9cc1d54cb7a069210c54a80f5666d326dd75cd7aaaa03474874
04_abstract_screening/role_logs/scope_reviewer/batch_0032.meta.json,final_or_documentation,1026,2026-08-10T20:34:23.515513+00:00,23c433dad2102cc2bd6439dd74c12579e3fcc89c3d41c6e26636723d29129a72
04_abstract_screening/role_logs/scope_reviewer/batch_0032.parsed.json,final_or_documentation,5277,2026-08-10T20:34:23.515373+00:00,47f08107e7a44290688a2d36a2d6c0c1404ff95c008691362e3c75e417e25945
04_abstract_screening/role_logs/scope_reviewer/batch_0032.prompt.txt,final_or_documentation,13891,2026-08-10T20:33:36.190631+00:00,de0b08df7228433d1ed84bf2b347f4179253a0f0693e469a8074fb7e716bc086
04_abstract_screening/role_logs/scope_reviewer/batch_0032.response.txt,final_or_documentation,4807,2026-08-10T20:34:23.514986+00:00,d49518f5964db828a0dbd68b2beae249880cae2a9b08a557058726749a666362
04_abstract_screening/role_logs/scope_reviewer/batch_0032.stderr.log,final_or_documentation,21858,2026-08-10T20:34:23.514768+00:00,783819387c659becb46caab909d3ddd5e58288b4738c9ce492ac376597a57d7f
04_abstract_screening/role_logs/scope_reviewer/batch_0032.stdout.log,final_or_documentation,4808,2026-08-10T20:34:23.514636+00:00,a43932d51fb4afd8849ed409e2baf3d757f21298443072c980322a3d68610f19
04_abstract_screening/role_logs/scope_reviewer/batch_0033.meta.json,final_or_documentation,1026,2026-08-10T20:34:45.278426+00:00,56eae02273aed86bd3d1b5f12fbeb8f43644eeca3ff5ca9e7deffcb1b7a2676a
04_abstract_screening/role_logs/scope_reviewer/batch_0033.parsed.json,final_or_documentation,4816,2026-08-10T20:34:45.278252+00:00,ebbd480998b46ec93f00b1511084ec252e9a2f2549878939182ca4587443ef17
04_abstract_screening/role_logs/scope_reviewer/batch_0033.prompt.txt,final_or_documentation,14053,2026-08-10T20:33:36.206110+00:00,16218656e3654e7736ace7c039a0552e5acfe287443d8e312363f2d0525ea4c2
04_abstract_screening/role_logs/scope_reviewer/batch_0033.response.txt,final_or_documentation,4346,2026-08-10T20:34:45.277736+00:00,92d527fadedb65f7305178ceb7d209d38abe3cb6da31b28fbea00fc1fc3b8c27
04_abstract_screening/role_logs/scope_reviewer/batch_0033.stderr.log,final_or_documentation,22443,2026-08-10T20:34:45.277386+00:00,c7c47432393fdb4f162b897cb44d167eb012bbfb0cb75165b2b61af50313768d
04_abstract_screening/role_logs/scope_reviewer/batch_0033.stdout.log,final_or_documentation,4347,2026-08-10T20:34:45.277105+00:00,b00961ca05f894e5ed509c270b5bafea9c3aa0a8e44c53f2d35a9d1e8d21d16d
04_abstract_screening/role_logs/scope_reviewer/batch_0034.meta.json,final_or_documentation,1026,2026-08-10T20:34:45.062371+00:00,e413beedd9c7a43497f03ccfca781e8a1bb77f5bb3dfc0f80645d5f573a4344d
04_abstract_screening/role_logs/scope_reviewer/batch_0034.parsed.json,final_or_documentation,4909,2026-08-10T20:34:45.062196+00:00,d3e1ed53a8d71aa4023e717e9cfe79d144e0ccfdd293ff8b9ee6d3f926e7bde8
04_abstract_screening/role_logs/scope_reviewer/batch_0034.prompt.txt,final_or_documentation,11831,2026-08-10T20:33:36.192452+00:00,1556b9569b2c8360fa8139e2d74d990ed203075bff062e2bec5cf641452a8d2c
04_abstract_screening/role_logs/scope_reviewer/batch_0034.response.txt,final_or_documentation,4439,2026-08-10T20:34:45.061688+00:00,41226763be521ca489948d093b2aa89b9331a8c3f16df65d31aaad32d9a0cdaf
04_abstract_screening/role_logs/scope_reviewer/batch_0034.stderr.log,final_or_documentation,19594,2026-08-10T20:34:45.061346+00:00,8647a941652f8a892afd2aed9c9efb33f89f22daf87b2801975d34f3e5c1c24c
04_abstract_screening/role_logs/scope_reviewer/batch_0034.stdout.log,final_or_documentation,4440,2026-08-10T20:34:45.061066+00:00,e8229f23142159277fb35d4a237f67f0b2abd6839a55d81a4001abdcef6c7ee4
04_abstract_screening/role_logs/scope_reviewer/batch_0035.meta.json,final_or_documentation,1026,2026-08-10T20:34:27.757810+00:00,97ed8a6dfc76461c7a0fc17e22d35b6ce71e29fae69b1f06543bd25e07a0f586
04_abstract_screening/role_logs/scope_reviewer/batch_0035.parsed.json,final_or_documentation,5120,2026-08-10T20:34:27.757661+00:00,38e260edf45872b9ceac381d91ba7add6631c0af8f6858b7a8558768cd397468
04_abstract_screening/role_logs/scope_reviewer/batch_0035.prompt.txt,final_or_documentation,13290,2026-08-10T20:33:36.191891+00:00,a9079cc5616e18e5a72ef32d6c278262c25f44d9c5881df5e3b83c68de888e07
04_abstract_screening/role_logs/scope_reviewer/batch_0035.response.txt,final_or_documentation,4650,2026-08-10T20:34:27.757185+00:00,d41c7b53c56ecbd6562637db1b0ce8f8376c14dd29e61f493775c85230b597f7
04_abstract_screening/role_logs/scope_reviewer/batch_0035.stderr.log,final_or_documentation,21101,2026-08-10T20:34:27.756927+00:00,a034d8598f521b7f2712bb58dca15e4919880bcb007c8af2fd130de2a46b24a1
04_abstract_screening/role_logs/scope_reviewer/batch_0035.stdout.log,final_or_documentation,4651,2026-08-10T20:34:27.756665+00:00,8219504d71c72f6f95c0fb8849b872113281ef135640bad6c2e9fcca700281b8
04_abstract_screening/role_logs/scope_reviewer/batch_0036.meta.json,final_or_documentation,973,2026-08-10T20:35:34.674832+00:00,9e68a7492dbce95c13963e78a562536c564fe7afd97065c35478f647e52773aa
04_abstract_screening/role_logs/scope_reviewer/batch_0036.parsed.json,final_or_documentation,3173,2026-08-10T20:35:34.674668+00:00,525290628482fffd5103844c0ea3906d5ace089f4f2658682214ef0b992b2dab
04_abstract_screening/role_logs/scope_reviewer/batch_0036.prompt.txt,final_or_documentation,11638,2026-08-10T20:33:36.191747+00:00,080a9b26db64241af14f5647f6af327377d66cb8f99912f8760bf7ada1ef7bfc
04_abstract_screening/role_logs/scope_reviewer/batch_0036.response.txt,final_or_documentation,2883,2026-08-10T20:35:34.674246+00:00,35afc8f5df3455cd7b2e8e4ae69764abe181e51189faf4977ea348bf239caa1d
04_abstract_screening/role_logs/scope_reviewer/batch_0036.stderr.log,final_or_documentation,17893,2026-08-10T20:35:34.673975+00:00,f298a094e09e636e58fdcc544a80081a199e3675838cee7e8e7139d0c1fe02db
04_abstract_screening/role_logs/scope_reviewer/batch_0036.stdout.log,final_or_documentation,2884,2026-08-10T20:35:34.673712+00:00,fe11a07ea762bea0aebb3ea3995ef64ea24a4751aa2b46a9c084a32575080226
04_abstract_screening/run_metadata.json,final_or_documentation,1347,2026-08-10T20:35:47.090922+00:00,a33a70ad105c50c7284c79f525ff68361eecf755dc4354cb8796fdda1da09f9e
04_abstract_screening/schemas/adjudicator.schema.json,final_or_documentation,2953,2026-08-10T20:38:18.869429+00:00,32e581f8b24e886942568469d399bf7427f0cb82f0ed57b06d208403cb9dcc7e
04_abstract_screening/schemas/architecture_reviewer.schema.json,final_or_documentation,2054,2026-08-10T20:36:29.275759+00:00,81e6b0b656c289ab0f6d856068f9347a05ba3a6c689a3fc2f451ef7e1f13cc32
04_abstract_screening/schemas/scope_reviewer.schema.json,final_or_documentation,2327,2026-08-10T20:35:47.093770+00:00,773b71410ef05c87d9b7736d6576765372e3c045fca60638ce6a115bdb689af8
04_abstract_screening/scope_reviewer.jsonl,final_or_documentation,168421,2026-08-10T20:38:18.851463+00:00,7077eaa5e13520833cdf21e03ef975707ed3f5c3d2d2417d97f2da19adb078f0
04_abstract_screening/summary.json,final_or_documentation,876,2026-08-10T20:40:33.541399+00:00,0ac13cf5908e736ecb379ac4a321481e95458125cede3b1849901632dda064d2
04_abstract_screening_invalidated_configurable_runner_2026-08-10/input_records.json,final_or_documentation,766247,2026-08-10T20:29:26.023868+00:00,e021f8144414a00e3aeb4e741bb116209809828d574598755e29d9361def6bcd
04_abstract_screening_invalidated_configurable_runner_2026-08-10/role_logs/scope_reviewer/batch_0001.meta.json,final_or_documentation,1384,2026-08-10T20:30:29.855704+00:00,5dc4ea2836b3bf1c751a4ca36fe67962e973932508cbec5387b613bcd932be28
04_abstract_screening_invalidated_configurable_runner_2026-08-10/role_logs/scope_reviewer/batch_0001.parsed.json,final_or_documentation,5177,2026-08-10T20:30:29.855601+00:00,0750f6cea7842038af553a6ab744cabe88e38c2d3a6d6e0a7c0bc617e141d698
04_abstract_screening_invalidated_configurable_runner_2026-08-10/role_logs/scope_reviewer/batch_0001.prompt.txt,final_or_documentation,27483,2026-08-10T20:29:26.026816+00:00,9508f81ffad70689616d377fb57e84d14120f6f32670b969784bbdc86fcf4e07
04_abstract_screening_invalidated_configurable_runner_2026-08-10/role_logs/scope_reviewer/batch_0001.response.txt,final_or_documentation,4707,2026-08-10T20:30:29.855206+00:00,1696bf5ba3cd420087004cb55058f70e6a6a896b1c7be4c4ef60e38a04ef5ebb
04_abstract_screening_invalidated_configurable_runner_2026-08-10/role_logs/scope_reviewer/batch_0001.stderr.log,final_or_documentation,35030,2026-08-10T20:30:29.854977+00:00,590bc27c8fa7507ae222b78bf334e058e525bcc77cfdb425cb02b0d4a89ea0a2
04_abstract_screening_invalidated_configurable_runner_2026-08-10/role_logs/scope_reviewer/batch_0001.stdout.log,final_or_documentation,4708,2026-08-10T20:30:29.854815+00:00,5c3e1df8110d630c09de6cd3987afcd90fc279cfcbf593bf8d0a80c1bafe6bd7
04_abstract_screening_invalidated_configurable_runner_2026-08-10/role_logs/scope_reviewer/batch_0002.meta.json,final_or_documentation,1384,2026-08-10T20:30:14.837463+00:00,84d211c1e3449ee679e36e2741fa11d1e23ca799013f7da1b50b43df4acdacd0
04_abstract_screening_invalidated_configurable_runner_2026-08-10/role_logs/scope_reviewer/batch_0002.parsed.json,final_or_documentation,5024,2026-08-10T20:30:14.837333+00:00,b43810b271d88c42ffc65833be10de8c80100be5f6d1529fef48a7ddb66d8934
04_abstract_screening_invalidated_configurable_runner_2026-08-10/role_logs/scope_reviewer/batch_0002.prompt.txt,final_or_documentation,27310,2026-08-10T20:29:26.026599+00:00,ae89929615fc9f4e9c7262e921b4033489101342ab357a4f6e7447ec4f963552
04_abstract_screening_invalidated_configurable_runner_2026-08-10/role_logs/scope_reviewer/batch_0002.response.txt,final_or_documentation,4554,2026-08-10T20:30:14.836873+00:00,e299f2c1cd79e1539cf82d1d7c04f246a09c4e2ec61d54765d79ef0cef0aaf54
04_abstract_screening_invalidated_configurable_runner_2026-08-10/role_logs/scope_reviewer/batch_0002.stderr.log,final_or_documentation,34450,2026-08-10T20:30:14.836616+00:00,f5fa708a84d6eaf7f006ddcc7b8a4425797d0df31f54d14141ad9e6a0a0ebce8
04_abstract_screening_invalidated_configurable_runner_2026-08-10/role_logs/scope_reviewer/batch_0002.stdout.log,final_or_documentation,4555,2026-08-10T20:30:14.836420+00:00,26a1b122f937a3485e83f2b74987c63b4f522079a359ef11d180f64ac72ee0f8
04_abstract_screening_invalidated_configurable_runner_2026-08-10/role_logs/scope_reviewer/batch_0003.meta.json,final_or_documentation,1384,2026-08-10T20:30:28.007784+00:00,c9ac396b3ca017bc2b57148441c689eac7f3d8ef916ef26c8da64153cdbf5efe
04_abstract_screening_invalidated_configurable_runner_2026-08-10/role_logs/scope_reviewer/batch_0003.parsed.json,final_or_documentation,4991,2026-08-10T20:30:28.007654+00:00,ad4116f983983eb7b499ab14f20f6e3732759628f1d76c354ddc5f8a228593d8
04_abstract_screening_invalidated_configurable_runner_2026-08-10/role_logs/scope_reviewer/batch_0003.prompt.txt,final_or_documentation,25389,2026-08-10T20:29:26.026996+00:00,041a54a6d083ba6013bd6a2ce90778723a7995d4911de716a03ee7b0fd650722
04_abstract_screening_invalidated_configurable_runner_2026-08-10/role_logs/scope_reviewer/batch_0003.response.txt,final_or_documentation,4521,2026-08-10T20:30:28.007162+00:00,2fc03712e34a2468008236aba682a376acdce18387a59de0c2b3ea4f3c44460d
04_abstract_screening_invalidated_configurable_runner_2026-08-10/role_logs/scope_reviewer/batch_0003.stderr.log,final_or_documentation,32496,2026-08-10T20:30:28.006875+00:00,0147d1e43d62db5d58e16ab5ce6fc1ad6b03934e6ed8f449d8a7499b2eccbbf7
04_abstract_screening_invalidated_configurable_runner_2026-08-10/role_logs/scope_reviewer/batch_0003.stdout.log,final_or_documentation,4522,2026-08-10T20:30:28.006672+00:00,77153a1c01767529cfc23acaa644e36b0b053cd9444beec4d8d5fef147012573
04_abstract_screening_invalidated_configurable_runner_2026-08-10/role_logs/scope_reviewer/batch_0004.meta.json,final_or_documentation,1384,2026-08-10T20:30:31.017540+00:00,bf00a179cb12e8e5191122397f1d7a364284967d1939e0b845524422de26f284
04_abstract_screening_invalidated_configurable_runner_2026-08-10/role_logs/scope_reviewer/batch_0004.parsed.json,final_or_documentation,5131,2026-08-10T20:30:31.017429+00:00,b86feb81a3af66fcb112a5adf09d733a5ebdb9ff4c1b1ca1a177e1dfaf247ecd
04_abstract_screening_invalidated_configurable_runner_2026-08-10/role_logs/scope_reviewer/batch_0004.prompt.txt,final_or_documentation,32527,2026-08-10T20:29:26.026620+00:00,19ab9fb177553cdf3e2f705a4dc1b6dfc86d08b7d20ac53f1f3a66905fe345dc
04_abstract_screening_invalidated_configurable_runner_2026-08-10/role_logs/scope_reviewer/batch_0004.response.txt,final_or_documentation,4661,2026-08-10T20:30:31.016938+00:00,0b4079ff7531e093c734fd11326899a8a1e3dba9e726522e53f5f9017530cd85
04_abstract_screening_invalidated_configurable_runner_2026-08-10/role_logs/scope_reviewer/batch_0004.stderr.log,final_or_documentation,39774,2026-08-10T20:30:31.016643+00:00,ce78aeb929e48d57b2f939a72fc703977ee396c472e3f840b1f0948a365bbd44
04_abstract_screening_invalidated_configurable_runner_2026-08-10/role_logs/scope_reviewer/batch_0004.stdout.log,final_or_documentation,4662,2026-08-10T20:30:31.016471+00:00,16fc77a2842d4d26b863a45852ea5fccf147e46faaba34ab2a9380f0ad974939
04_abstract_screening_invalidated_configurable_runner_2026-08-10/role_logs/scope_reviewer/batch_0005.meta.json,final_or_documentation,1384,2026-08-10T20:30:16.608855+00:00,498d7a440687151da1bbe757c54e8b9168e5ae944ddd08c11d325318ecedfc55
04_abstract_screening_invalidated_configurable_runner_2026-08-10/role_logs/scope_reviewer/batch_0005.parsed.json,final_or_documentation,4614,2026-08-10T20:30:16.608720+00:00,189d93eadbcb28de4531d93ff12ef5f5f274f6b53ddcd379cff1691a9eaf2391
04_abstract_screening_invalidated_configurable_runner_2026-08-10/role_logs/scope_reviewer/batch_0005.prompt.txt,final_or_documentation,36533,2026-08-10T20:29:26.026864+00:00,65ab9dce04fe9428ef18b38bd83de31a803b80717f9edaafb71413f6aa7cd558
04_abstract_screening_invalidated_configurable_runner_2026-08-10/role_logs/scope_reviewer/batch_0005.response.txt,final_or_documentation,4144,2026-08-10T20:30:16.608198+00:00,f90bf848aa53edbf14f29b8c45bc367364f76d22a4d6a908fafecafbc319cad3
04_abstract_screening_invalidated_configurable_runner_2026-08-10/role_logs/scope_reviewer/batch_0005.stderr.log,final_or_documentation,43262,2026-08-10T20:30:16.607889+00:00,0cc35af51e3ead745deff9fc27b7ed5b5f40da92b50b84f2132ad47c67e72f7a
04_abstract_screening_invalidated_configurable_runner_2026-08-10/role_logs/scope_reviewer/batch_0005.stdout.log,final_or_documentation,4145,2026-08-10T20:30:16.607667+00:00,cb81818a1aafc91bc1eb5db82c95e93a1cec5fb815f44e12ccb8d10c8d3168ea
04_abstract_screening_invalidated_configurable_runner_2026-08-10/role_logs/scope_reviewer/batch_0006.meta.json,final_or_documentation,1383,2026-08-10T20:30:21.831189+00:00,07adc8b757661e3d577ea52cf11ea9b246655595430d5cfed941327247ee7ba9
04_abstract_screening_invalidated_configurable_runner_2026-08-10/role_logs/scope_reviewer/batch_0006.parsed.json,final_or_documentation,4873,2026-08-10T20:30:21.830697+00:00,5298a1c85762843f70dca8dad2103be4fa53727a6ad1a2e2bf5cccc7e3d4084c
04_abstract_screening_invalidated_configurable_runner_2026-08-10/role_logs/scope_reviewer/batch_0006.prompt.txt,final_or_documentation,41497,2026-08-10T20:29:26.026605+00:00,713bc693695c28fa0b34547b2dbb9035c4ca610e761adc5182c46a0293be6966
04_abstract_screening_invalidated_configurable_runner_2026-08-10/role_logs/scope_reviewer/batch_0006.response.txt,final_or_documentation,4403,2026-08-10T20:30:21.830193+00:00,fe0da6713297aa84f89b44052c233398775206e01ec286659553ca141c7dcfa0
04_abstract_screening_invalidated_configurable_runner_2026-08-10/role_logs/scope_reviewer/batch_0006.stderr.log,final_or_documentation,48486,2026-08-10T20:30:21.829876+00:00,e198def7fb3ed0a0481825d17237064e77a62d59b95665ddbbfc3f1ac587e0ca
04_abstract_screening_invalidated_configurable_runner_2026-08-10/role_logs/scope_reviewer/batch_0006.stdout.log,final_or_documentation,4404,2026-08-10T20:30:21.829660+00:00,4346583d997c3e2a510f1fb757d4674b9fc9ca7086bc21dc09974c179a98a247
04_abstract_screening_invalidated_configurable_runner_2026-08-10/role_logs/scope_reviewer/batch_0007.meta.json,final_or_documentation,1384,2026-08-10T20:30:28.530651+00:00,941d4a2a78d977cfc0924bfcb52a7dc4a363da27d39d3876df4bf9c86d738463
04_abstract_screening_invalidated_configurable_runner_2026-08-10/role_logs/scope_reviewer/batch_0007.parsed.json,final_or_documentation,4867,2026-08-10T20:30:28.530546+00:00,7181274020f0234f3812a8352cff2eb0659f5f73ababf46ad4f5535b72b131f0
04_abstract_screening_invalidated_configurable_runner_2026-08-10/role_logs/scope_reviewer/batch_0007.prompt.txt,final_or_documentation,49788,2026-08-10T20:29:26.027002+00:00,0ac0e1c709580ac38f0c4f5e5e695bbe83f7874f0617addb5106a29402a638f4
04_abstract_screening_invalidated_configurable_runner_2026-08-10/role_logs/scope_reviewer/batch_0007.response.txt,final_or_documentation,4397,2026-08-10T20:30:28.530136+00:00,24cb89472ba0207056e89689f4c24d008b4a42e441dae8f9c206d14a70ff3b97
04_abstract_screening_invalidated_configurable_runner_2026-08-10/role_logs/scope_reviewer/batch_0007.stderr.log,final_or_documentation,56771,2026-08-10T20:30:28.529871+00:00,a0f09cb6041ce1102c5da251f1989aa6ddbcadc017deb74e1e708310a628958d
04_abstract_screening_invalidated_configurable_runner_2026-08-10/role_logs/scope_reviewer/batch_0007.stdout.log,final_or_documentation,4398,2026-08-10T20:30:28.529683+00:00,838289470d551f8b0d17c8f28b2bc0149627d5447a2a387652b278957c347a19
04_abstract_screening_invalidated_configurable_runner_2026-08-10/role_logs/scope_reviewer/batch_0008.meta.json,final_or_documentation,1384,2026-08-10T20:30:02.166749+00:00,d76c0fbe0a79daff0c720ec1807409d2ce92fbdf84b222d64d4e36d0effa6f6b
04_abstract_screening_invalidated_configurable_runner_2026-08-10/role_logs/scope_reviewer/batch_0008.parsed.json,final_or_documentation,5444,2026-08-10T20:30:02.166630+00:00,72b9078e7f87e1ec82d125402f426a79c3950ff5e4cdc3d06eac7b60cae87903
04_abstract_screening_invalidated_configurable_runner_2026-08-10/role_logs/scope_reviewer/batch_0008.prompt.txt,final_or_documentation,35781,2026-08-10T20:29:26.026789+00:00,06191c5911aebffc48e04f1f4d2e8f52258c74c95bd5fe11a29b528b15f3d95a
04_abstract_screening_invalidated_configurable_runner_2026-08-10/role_logs/scope_reviewer/batch_0008.response.txt,final_or_documentation,4974,2026-08-10T20:30:02.166145+00:00,e8f27e242da313cdbd4c834dffdc5b475b250ebe16b413fb4b582128318c238b
04_abstract_screening_invalidated_configurable_runner_2026-08-10/role_logs/scope_reviewer/batch_0008.stderr.log,final_or_documentation,43341,2026-08-10T20:30:02.165879+00:00,2249bcd224cc44f7018d16f592423f322a8fa8212cbc3cdca8d39d945463a7a0
04_abstract_screening_invalidated_configurable_runner_2026-08-10/role_logs/scope_reviewer/batch_0008.stdout.log,final_or_documentation,4975,2026-08-10T20:30:02.165706+00:00,476df39d32943ed81d425bb28df76a441f8c8d5601aae60dc1c979e4ed5431dc
04_abstract_screening_invalidated_configurable_runner_2026-08-10/role_logs/scope_reviewer/batch_0009.meta.json,final_or_documentation,1384,2026-08-10T20:30:59.380349+00:00,2f199c9f4c3a251506c0a154d53266ec50beda7db93c42a1f3cf5bdc538c76ca
04_abstract_screening_invalidated_configurable_runner_2026-08-10/role_logs/scope_reviewer/batch_0009.parsed.json,final_or_documentation,5332,2026-08-10T20:30:59.376477+00:00,99acf14655abe3c642fb7f2c088fd1a19d7c6d53dd5676bed874a1379f52ac60
04_abstract_screening_invalidated_configurable_runner_2026-08-10/role_logs/scope_reviewer/batch_0009.prompt.txt,final_or_documentation,33671,2026-08-10T20:30:02.167804+00:00,4628537ae7607912da78fc31ea09eff1856224daa0c29f73c37a6003ca9870e7
04_abstract_screening_invalidated_configurable_runner_2026-08-10/role_logs/scope_reviewer/batch_0009.response.txt,final_or_documentation,4862,2026-08-10T20:30:59.370642+00:00,8c7f61b5de17788334ecdad9d8c769f195475b97ddcb74a2a6d0b4962a113446
04_abstract_screening_invalidated_configurable_runner_2026-08-10/role_logs/scope_reviewer/batch_0009.stderr.log,final_or_documentation,41119,2026-08-10T20:30:59.366340+00:00,817566fb08d259b324117ae5095f474960825fdd47af97e0864ad07c15a907fe
04_abstract_screening_invalidated_configurable_runner_2026-08-10/role_logs/scope_reviewer/batch_0009.stdout.log,final_or_documentation,4863,2026-08-10T20:30:59.365956+00:00,f348bfcbc3f3f91951ff773ad6e810f93f311731d40e8ef25c3bd62e8c4cf216
04_abstract_screening_invalidated_configurable_runner_2026-08-10/role_logs/scope_reviewer/batch_0010.prompt.txt,final_or_documentation,66402,2026-08-10T20:30:14.838226+00:00,137e1d61b56ad8e1b379fdf8dfaaa29fadc7a28e205a9d92645f71abbf157f58
04_abstract_screening_invalidated_configurable_runner_2026-08-10/role_logs/scope_reviewer/batch_0011.meta.json,final_or_documentation,1385,2026-08-10T20:31:16.794127+00:00,c9b389ca69b91dff430f80e9833f899d6a1642b6aa8d79f3495ece63afbe0615
04_abstract_screening_invalidated_configurable_runner_2026-08-10/role_logs/scope_reviewer/batch_0011.parsed.json,final_or_documentation,5207,2026-08-10T20:31:16.794000+00:00,2657b3482966eec6c42f3cf5d95bf0904822a4eda180a70f4fb54759a6eece24
04_abstract_screening_invalidated_configurable_runner_2026-08-10/role_logs/scope_reviewer/batch_0011.prompt.txt,final_or_documentation,44583,2026-08-10T20:30:16.609587+00:00,08d9fc99918e2fc77bdbcc9eb346debee5d7797867f8778467f471eefe777fc0
04_abstract_screening_invalidated_configurable_runner_2026-08-10/role_logs/scope_reviewer/batch_0011.response.txt,final_or_documentation,4737,2026-08-10T20:31:16.793387+00:00,644ad2589f723e230879d1c08959c0581f9cc42a93d1179ff9feb0e24b4196c4
04_abstract_screening_invalidated_configurable_runner_2026-08-10/role_logs/scope_reviewer/batch_0011.stderr.log,final_or_documentation,51906,2026-08-10T20:31:16.793027+00:00,8dc8916db0c7dda103cba60930b3d02ce1969beccbad48751ecc899f1b688821
04_abstract_screening_invalidated_configurable_runner_2026-08-10/role_logs/scope_reviewer/batch_0011.stdout.log,final_or_documentation,4738,2026-08-10T20:31:16.792811+00:00,5530b6aca1aaa8d227d63f2b470bc80a32b2e712d149e88ae356d6cfd9d3a16d
04_abstract_screening_invalidated_configurable_runner_2026-08-10/role_logs/scope_reviewer/batch_0012.meta.json,final_or_documentation,1384,2026-08-10T20:31:09.531382+00:00,82f18405ae5866afa25bcd87ebc74c6999a6ffedc22ae5fde9f049646e8cba7f
04_abstract_screening_invalidated_configurable_runner_2026-08-10/role_logs/scope_reviewer/batch_0012.parsed.json,final_or_documentation,5468,2026-08-10T20:31:09.531203+00:00,16c18641d1e36e7c96101cadb5546e5b701d6685bc2538ac94e4645335f2a8fc
04_abstract_screening_invalidated_configurable_runner_2026-08-10/role_logs/scope_reviewer/batch_0012.prompt.txt,final_or_documentation,27224,2026-08-10T20:30:21.831758+00:00,2c5fb10f43e226cfb4d9e60bf261a71fbd25c9d3d14d2f5430c7d1dc2727af06
04_abstract_screening_invalidated_configurable_runner_2026-08-10/role_logs/scope_reviewer/batch_0012.response.txt,final_or_documentation,4998,2026-08-10T20:31:09.530468+00:00,a3fb54170a59271c50de47e21fd21392eca41580e8cde27cad22a1c0eecbc97c
04_abstract_screening_invalidated_configurable_runner_2026-08-10/role_logs/scope_reviewer/batch_0012.stderr.log,final_or_documentation,35054,2026-08-10T20:31:09.530064+00:00,50e7860ae0b746ea64d1eacbbf45df62ad6d758653870813a803a89148453c49
04_abstract_screening_invalidated_configurable_runner_2026-08-10/role_logs/scope_reviewer/batch_0012.stdout.log,final_or_documentation,4999,2026-08-10T20:31:09.529788+00:00,15de6daf39af8d0f62fa721263e535e761c143137b9aed62e87555be7a1f9192
04_abstract_screening_invalidated_configurable_runner_2026-08-10/role_logs/scope_reviewer/batch_0013.meta.json,final_or_documentation,1385,2026-08-10T20:31:26.498623+00:00,e78d224e88802e9d035acbdca937bd2104e2887ee8de4370fcf5e1bc5357f53d
04_abstract_screening_invalidated_configurable_runner_2026-08-10/role_logs/scope_reviewer/batch_0013.parsed.json,final_or_documentation,5259,2026-08-10T20:31:26.498517+00:00,d1877d49ca013a8ba1a348d7273d1b310e1d1b31e7b8d821808ea1cb29fee77e
04_abstract_screening_invalidated_configurable_runner_2026-08-10/role_logs/scope_reviewer/batch_0013.prompt.txt,final_or_documentation,26847,2026-08-10T20:30:28.008763+00:00,e924b3982f0cdcbfb88c7af764f8724ead7174b3b3dbe849ae1caad21abf99ef
04_abstract_screening_invalidated_configurable_runner_2026-08-10/role_logs/scope_reviewer/batch_0013.response.txt,final_or_documentation,4789,2026-08-10T20:31:26.498091+00:00,cddde52dc4ce4ad67a4695a30c6f82f1584acb8d427dd382fee18684b887e6dd
04_abstract_screening_invalidated_configurable_runner_2026-08-10/role_logs/scope_reviewer/batch_0013.stderr.log,final_or_documentation,34221,2026-08-10T20:31:26.497868+00:00,a9d430442af28c235ee7fa8eac0845e7b90b785487e3ea6f89c8227a01341803
04_abstract_screening_invalidated_configurable_runner_2026-08-10/role_logs/scope_reviewer/batch_0013.stdout.log,final_or_documentation,4790,2026-08-10T20:31:26.497737+00:00,f92f1d90c5d32113404432e7640ccd0fd648d0813e0226fa0ead0de1ebd5e1ac
04_abstract_screening_invalidated_configurable_runner_2026-08-10/role_logs/scope_reviewer/batch_0014.meta.json,final_or_documentation,1385,2026-08-10T20:31:21.943813+00:00,38165c6debe752906704af3cd5be6db45fd6ac550a4cdebd9359115783529ac5
04_abstract_screening_invalidated_configurable_runner_2026-08-10/role_logs/scope_reviewer/batch_0014.parsed.json,final_or_documentation,5131,2026-08-10T20:31:21.943700+00:00,d0d826aec1d1a1c78274c9744ce904e1a2864bd7142e8c524d0d17a01aa462cb
04_abstract_screening_invalidated_configurable_runner_2026-08-10/role_logs/scope_reviewer/batch_0014.prompt.txt,final_or_documentation,27791,2026-08-10T20:30:28.531202+00:00,7f7a023e738dcbe963f20d7b92a514a6b617784c49ed821a314a841d9dca0fe7
04_abstract_screening_invalidated_configurable_runner_2026-08-10/role_logs/scope_reviewer/batch_0014.response.txt,final_or_documentation,4661,2026-08-10T20:31:21.943274+00:00,e2eaf74072be903d09049aec7b99134ee3b1cb6f97877fe5dbbca7b053a996db
04_abstract_screening_invalidated_configurable_runner_2026-08-10/role_logs/scope_reviewer/batch_0014.stderr.log,final_or_documentation,35037,2026-08-10T20:31:21.943019+00:00,3e47e7ff2e5795173d2be42423689277ff0ac1371de581811a13f1dffac210de
04_abstract_screening_invalidated_configurable_runner_2026-08-10/role_logs/scope_reviewer/batch_0014.stdout.log,final_or_documentation,4662,2026-08-10T20:31:21.942889+00:00,c47f0de3d933ec1e84a3cfc6c727ddea5183bd7302c584e7155e47d9bc8f8ed3
04_abstract_screening_invalidated_configurable_runner_2026-08-10/role_logs/scope_reviewer/batch_0015.meta.json,final_or_documentation,1385,2026-08-10T20:31:18.712855+00:00,d8239e7cd98509e9534d4dbe7a29b9ee54202cea249a027ca1ea67d93c7e5300
04_abstract_screening_invalidated_configurable_runner_2026-08-10/role_logs/scope_reviewer/batch_0015.parsed.json,final_or_documentation,5175,2026-08-10T20:31:18.712688+00:00,a558bf88f9e406cc17e4889e221ffbc4a56465995a651283724b5022af40e4a4
04_abstract_screening_invalidated_configurable_runner_2026-08-10/role_logs/scope_reviewer/batch_0015.prompt.txt,final_or_documentation,26034,2026-08-10T20:30:29.856249+00:00,3d8ef72a6460c7249bc39020c655db4cbf1ea6d7f6f99c9b50e0f70a964a69c2
04_abstract_screening_invalidated_configurable_runner_2026-08-10/role_logs/scope_reviewer/batch_0015.response.txt,final_or_documentation,4705,2026-08-10T20:31:18.712099+00:00,548f44db6e554d5e096b3168f865423aced0037b42c5f0467b6651cfe19e924f
04_abstract_screening_invalidated_configurable_runner_2026-08-10/role_logs/scope_reviewer/batch_0015.stderr.log,final_or_documentation,33324,2026-08-10T20:31:18.711803+00:00,0c2cbed928129cf449fc0f4c04d27d10e052e0515b9ad73f118a93d3fe017bbc
04_abstract_screening_invalidated_configurable_runner_2026-08-10/role_logs/scope_reviewer/batch_0015.stdout.log,final_or_documentation,4706,2026-08-10T20:31:18.711578+00:00,612c13e26932efa9a484d9f296facd118acf600fde966d6e27b7f37ad359fe6e
04_abstract_screening_invalidated_configurable_runner_2026-08-10/role_logs/scope_reviewer/batch_0016.meta.json,final_or_documentation,1385,2026-08-10T20:31:45.197775+00:00,6de727aca34c825d003fe961b0d5c94ac11c31d17403a7f75141d9b33bb48696
04_abstract_screening_invalidated_configurable_runner_2026-08-10/role_logs/scope_reviewer/batch_0016.parsed.json,final_or_documentation,5386,2026-08-10T20:31:45.197603+00:00,205a294c6f083280393b00efa6a9d6fbb07939e78cedaa5740d2abf29119e7c4
04_abstract_screening_invalidated_configurable_runner_2026-08-10/role_logs/scope_reviewer/batch_0016.prompt.txt,final_or_documentation,26028,2026-08-10T20:30:31.018110+00:00,d71a7b3aa1b47ccada11d1263d9f75f73ecb6407d0db514ddfdf8e4d8b2f95cf
04_abstract_screening_invalidated_configurable_runner_2026-08-10/role_logs/scope_reviewer/batch_0016.response.txt,final_or_documentation,4916,2026-08-10T20:31:45.196722+00:00,6d5f8e26a8bfb804f1634787e7230b081dba3e0d7c84d6f6bfb673fd1c10003d
04_abstract_screening_invalidated_configurable_runner_2026-08-10/role_logs/scope_reviewer/batch_0016.stderr.log,final_or_documentation,33529,2026-08-10T20:31:45.196267+00:00,8b8f94a77536b26beba16711523e768999b5e9b7c8432980d93f10ef9e007bb9
04_abstract_screening_invalidated_configurable_runner_2026-08-10/role_logs/scope_reviewer/batch_0016.stdout.log,final_or_documentation,4917,2026-08-10T20:31:45.195929+00:00,ecdc55407051eebbbf1178a9aa719bce3c6211f2940f57811bf8d7a24039161b
04_abstract_screening_invalidated_configurable_runner_2026-08-10/role_logs/scope_reviewer/batch_0017.meta.json,final_or_documentation,1385,2026-08-10T20:31:58.359900+00:00,81edb05e4032a74a071219556367c0bd706ddf5b11a8432e1c57126e1110ad4f
04_abstract_screening_invalidated_configurable_runner_2026-08-10/role_logs/scope_reviewer/batch_0017.parsed.json,final_or_documentation,5236,2026-08-10T20:31:58.359788+00:00,6774a2114f6236399144e214da68ade0cb8d90a4b691759f4514b614df4847a3
04_abstract_screening_invalidated_configurable_runner_2026-08-10/role_logs/scope_reviewer/batch_0017.prompt.txt,final_or_documentation,25467,2026-08-10T20:30:59.381429+00:00,c3b9e1afaa5fa7aeb538f09bca8022aea614385987c5488b255f03ae7521fb56
04_abstract_screening_invalidated_configurable_runner_2026-08-10/role_logs/scope_reviewer/batch_0017.response.txt,final_or_documentation,4766,2026-08-10T20:31:58.359291+00:00,fd14ae7c3a30d7da52b9995c7cc92d2172e2bdf6054c58061e98fa70146851e2
04_abstract_screening_invalidated_configurable_runner_2026-08-10/role_logs/scope_reviewer/batch_0017.stderr.log,final_or_documentation,33478,2026-08-10T20:31:58.358995+00:00,3f71771ed33dcf18db909795dd6cc003098a477bcd1d0cf4218f4164fef080c6
04_abstract_screening_invalidated_configurable_runner_2026-08-10/role_logs/scope_reviewer/batch_0017.stdout.log,final_or_documentation,4767,2026-08-10T20:31:58.358838+00:00,abd84971c2c7c8272be916d62b4c2541cd8ab982e368efb8d8fb37a94906df77
04_abstract_screening_invalidated_configurable_runner_2026-08-10/role_logs/scope_reviewer/batch_0018.meta.json,final_or_documentation,1385,2026-08-10T20:31:48.702984+00:00,0c68803ba74a798600bffd06d672b3ea020af04229f3942e3fef6afd44040019
04_abstract_screening_invalidated_configurable_runner_2026-08-10/role_logs/scope_reviewer/batch_0018.parsed.json,final_or_documentation,4833,2026-08-10T20:31:48.702822+00:00,b49568213e640deccb5f1a2d7d11f3b7beb65eefabfeb6c09aaa14d002cec239
04_abstract_screening_invalidated_configurable_runner_2026-08-10/role_logs/scope_reviewer/batch_0018.prompt.txt,final_or_documentation,26322,2026-08-10T20:31:09.532287+00:00,878ce30f4bb517623828ed12e7285519c30615788e1d0054652ec2e99ee86adf
04_abstract_screening_invalidated_configurable_runner_2026-08-10/role_logs/scope_reviewer/batch_0018.response.txt,final_or_documentation,4363,2026-08-10T20:31:48.702085+00:00,e20ebb3c631f143898ddb522b1cec65650a51d100d6284d138079b6e56ac95f2
04_abstract_screening_invalidated_configurable_runner_2026-08-10/role_logs/scope_reviewer/batch_0018.stderr.log,final_or_documentation,33404,2026-08-10T20:31:48.701656+00:00,3825b3843d82261a8151600b0f8b520fbc0be4a24f5dc21089d4d95f09bfb03b
04_abstract_screening_invalidated_configurable_runner_2026-08-10/role_logs/scope_reviewer/batch_0018.stdout.log,final_or_documentation,4364,2026-08-10T20:31:48.701357+00:00,e9e24d5b28712b4ae79cc01d8055c0cab74987ae6a934bf9c6bae17fe893e928
04_abstract_screening_invalidated_configurable_runner_2026-08-10/role_logs/scope_reviewer/batch_0019.prompt.txt,final_or_documentation,25529,2026-08-10T20:31:16.794816+00:00,d03fcae752633a27fa86e8ba8e7af9611dffe5517b19eed8d68de950b1a301b6
04_abstract_screening_invalidated_configurable_runner_2026-08-10/role_logs/scope_reviewer/batch_0020.prompt.txt,final_or_documentation,26391,2026-08-10T20:31:18.713458+00:00,7759470a1108ef7fe1c5134ef4ad12cbb99701fb8b24959b23af7fd55708fc46
04_abstract_screening_invalidated_configurable_runner_2026-08-10/role_logs/scope_reviewer/batch_0021.prompt.txt,final_or_documentation,28096,2026-08-10T20:31:21.944316+00:00,79eab7c29eafac1fa2c574b67b74740ce346982c720d93329dbe22bbf55f116d
04_abstract_screening_invalidated_configurable_runner_2026-08-10/role_logs/scope_reviewer/batch_0022.prompt.txt,final_or_documentation,31068,2026-08-10T20:31:26.499082+00:00,a57e9521540dd984b60aa42cf308d4d3659f23beaacc47e932518c26610611ca
04_abstract_screening_invalidated_configurable_runner_2026-08-10/role_logs/scope_reviewer/batch_0023.prompt.txt,final_or_documentation,31852,2026-08-10T20:31:45.198644+00:00,b5fdeb6bb7793ff5180dd5c36b2510d468fde8c9bfd99b3483abc08338769e31
04_abstract_screening_invalidated_configurable_runner_2026-08-10/role_logs/scope_reviewer/batch_0024.prompt.txt,final_or_documentation,27421,2026-08-10T20:31:48.703862+00:00,5a99a3724fc847a26f04518e6264e457d52e419cd81f60905227d95418324d7f
04_abstract_screening_invalidated_configurable_runner_2026-08-10/role_logs/scope_reviewer/batch_0025.prompt.txt,final_or_documentation,23034,2026-08-10T20:31:58.360310+00:00,42574f4483e54a6610f4a654062e21f1726a467693659961a03b2db6a6345047
04_abstract_screening_invalidated_configurable_runner_2026-08-10/run_metadata.json,final_or_documentation,2009,2026-08-10T20:29:26.020301+00:00,186250eef0cbe592b23b2ab95f5a5915fb5537c2e9174e7d50dd80c58cdbbbf1
04_abstract_screening_invalidated_configurable_runner_2026-08-10/schemas/scope_reviewer.schema.json,final_or_documentation,2327,2026-08-10T20:29:26.024222+00:00,773b71410ef05c87d9b7736d6576765372e3c045fca60638ce6a115bdb689af8
04_abstract_screening_manual_recall_xunzi_2026-08-11/README.md,final_or_documentation,1971,2026-08-11T10:48:44.368895+00:00,630cbcff703c912c787c8bc71f78d37c2b4902803f6db5049898720e2ab31e83
04_abstract_screening_manual_recall_xunzi_2026-08-11/adjudication_queue.json,final_or_documentation,1820,2026-08-11T10:41:25.895259+00:00,59c7334d7c1d26c0820c4eb24f09ec4fb531f47bf8e1b681ba9b62bdf6392ca6
04_abstract_screening_manual_recall_xunzi_2026-08-11/adjudicator.jsonl,final_or_documentation,846,2026-08-11T10:41:36.073237+00:00,a7a293b6943e67988f4b7087f151e6f970bae8902909e191ebe5255d23a472b4
04_abstract_screening_manual_recall_xunzi_2026-08-11/architecture_reviewer.jsonl,final_or_documentation,737,2026-08-11T10:41:25.894951+00:00,25a88ff3ed3b740e6761508f15e72f60cf722f17189a05ccf953dd6608a1f203
04_abstract_screening_manual_recall_xunzi_2026-08-11/final_screening_results.csv,final_or_documentation,908,2026-08-11T10:41:36.073752+00:00,9f2fbc047d63fbdd5c3c56153a8c242a0721fe18aa25133838234f7a47b752bc
04_abstract_screening_manual_recall_xunzi_2026-08-11/final_screening_results.json,final_or_documentation,2538,2026-08-11T10:41:36.073526+00:00,67443f07879f5157a107b6390cc17962a035c94594939ae3bdbc3747aba4531f
04_abstract_screening_manual_recall_xunzi_2026-08-11/input.json,final_or_documentation,2849,2026-08-11T10:40:56.917497+00:00,e3c70c4d434ad85d5d4154a0ce98e0137b556ee3e3a18c9a714bb97e83b84143
04_abstract_screening_manual_recall_xunzi_2026-08-11/input_records.json,final_or_documentation,1761,2026-08-11T10:41:05.681803+00:00,0e958e9dea87ad84a5b5ca0698378ffbe8c648e8fd50daf9374bac4f0edd05ff
04_abstract_screening_manual_recall_xunzi_2026-08-11/python_gate_outputs.json,final_or_documentation,2247,2026-08-11T10:41:25.895128+00:00,ef1562003374beb487c6d1822a41c6cc9f6aea0a94004d70ae1b1d8209c5231d
04_abstract_screening_manual_recall_xunzi_2026-08-11/record_id_crosswalk.json,final_or_documentation,372,2026-08-11T10:42:14.294511+00:00,f14393086c0b1ef76e1ba694ecaac84b997269c22adee920dc25dee69341eef0
04_abstract_screening_manual_recall_xunzi_2026-08-11/role_logs/adjudicator/batch_0001.meta.json,final_or_documentation,1036,2026-08-11T10:41:36.072442+00:00,e55f8e58dbd9c4ef17ba85128f5aeb31b3fcb05be8c19c687db750a059bb29a9
04_abstract_screening_manual_recall_xunzi_2026-08-11/role_logs/adjudicator/batch_0001.parsed.json,final_or_documentation,900,2026-08-11T10:41:36.072260+00:00,2b59e24ce179bd7e4d7ed4dc901f773d22be0ce172954dd95907bf933d6afb03
04_abstract_screening_manual_recall_xunzi_2026-08-11/role_logs/adjudicator/batch_0001.prompt.txt,final_or_documentation,6485,2026-08-11T10:41:25.896170+00:00,52b89b9a3cde963e2d5e5046f2b14ec74a02a7fa5d738607943eb862a2ba2089
04_abstract_screening_manual_recall_xunzi_2026-08-11/role_logs/adjudicator/batch_0001.response.txt,final_or_documentation,838,2026-08-11T10:41:36.071812+00:00,41109fbece61513ca225d14ba0c8849bffb59b29f50efcab2028e8e8434cb406
04_abstract_screening_manual_recall_xunzi_2026-08-11/role_logs/adjudicator/batch_0001.stderr.log,final_or_documentation,9800,2026-08-11T10:41:36.071523+00:00,7a09c0bc8ba772ff451fd8ae2d9fc1e2949ed28a18673848a4d21bc522ce98ad
04_abstract_screening_manual_recall_xunzi_2026-08-11/role_logs/adjudicator/batch_0001.stdout.log,final_or_documentation,839,2026-08-11T10:41:36.071236+00:00,1880006e75fcbc9c07cfc2b77a2a090de84cfe74d45690f392dd5cb4be784e92
04_abstract_screening_manual_recall_xunzi_2026-08-11/role_logs/architecture_reviewer/batch_0001.meta.json,final_or_documentation,1096,2026-08-11T10:41:25.893803+00:00,438db3356a0051ac19f65abc81a14abe391f6be7298480dabf25388b66ea7b23
04_abstract_screening_manual_recall_xunzi_2026-08-11/role_logs/architecture_reviewer/batch_0001.parsed.json,final_or_documentation,779,2026-08-11T10:41:25.893677+00:00,57d1b3ad3cb4a55e32258606da3f57893c7f5ffb5c69e96713440ef376e21256
04_abstract_screening_manual_recall_xunzi_2026-08-11/role_logs/architecture_reviewer/batch_0001.prompt.txt,final_or_documentation,4642,2026-08-11T10:41:14.228909+00:00,07c29b6d52c33fe336372346301d9c6b37a7364120ae5bc688e7d99c36b9f67e
04_abstract_screening_manual_recall_xunzi_2026-08-11/role_logs/architecture_reviewer/batch_0001.response.txt,final_or_documentation,735,2026-08-11T10:41:25.893318+00:00,4158bc30bf62cf17a5741e919dbf5110bc978bcfad5b58f7f7359cd6274d2eb9
04_abstract_screening_manual_recall_xunzi_2026-08-11/role_logs/architecture_reviewer/batch_0001.stderr.log,final_or_documentation,7854,2026-08-11T10:41:25.893099+00:00,b1471b1e3a270bef9af2e16b14ccdb53cd721a28d184279f1da7d8157ff5a378
04_abstract_screening_manual_recall_xunzi_2026-08-11/role_logs/architecture_reviewer/batch_0001.stdout.log,final_or_documentation,736,2026-08-11T10:41:25.892886+00:00,d69de99a71470a4025061424199a81e8c84e7fd4635498af1f864d0cb7fa2006
04_abstract_screening_manual_recall_xunzi_2026-08-11/role_logs/scope_reviewer/batch_0001.meta.json,final_or_documentation,1053,2026-08-11T10:41:14.227525+00:00,fba2b8b8101eb90f8c8839779e2ff2ad4342ba5e37b6bfd110d4f2ea759105c8
04_abstract_screening_manual_recall_xunzi_2026-08-11/role_logs/scope_reviewer/batch_0001.parsed.json,final_or_documentation,784,2026-08-11T10:41:14.227384+00:00,f1074bb57d25ee563867c48dec39ed6801c7afe9516d7f24c3f70071bda944d1
04_abstract_screening_manual_recall_xunzi_2026-08-11/role_logs/scope_reviewer/batch_0001.prompt.txt,final_or_documentation,4957,2026-08-11T10:41:05.683163+00:00,5374eec3a269497af0c8218d23eb3bb240a57d918919149b324828f152876da8
04_abstract_screening_manual_recall_xunzi_2026-08-11/role_logs/scope_reviewer/batch_0001.response.txt,final_or_documentation,734,2026-08-11T10:41:14.226982+00:00,1f2d2c1b305c8833c1310325a9e4bf6e2c5d6e0f8873ab027a85cb1f57aed0c5
04_abstract_screening_manual_recall_xunzi_2026-08-11/role_logs/scope_reviewer/batch_0001.stderr.log,final_or_documentation,8314,2026-08-11T10:41:14.226772+00:00,790dabb94a4babcd97fbc8da7de6f667185184b2817e095e814ea53b32835738
04_abstract_screening_manual_recall_xunzi_2026-08-11/role_logs/scope_reviewer/batch_0001.stdout.log,final_or_documentation,735,2026-08-11T10:41:14.226477+00:00,6cfadaa732bf4bb657488b2775d57c44d5f73b5540b123b4d4c153fa98cb9c64
04_abstract_screening_manual_recall_xunzi_2026-08-11/run_metadata.json,final_or_documentation,1399,2026-08-11T10:41:05.681677+00:00,3662d0f069ac7e65180e24aafe134d17eec9d228ade8641329449141c21bb0f1
04_abstract_screening_manual_recall_xunzi_2026-08-11/schemas/adjudicator.schema.json,final_or_documentation,2953,2026-08-11T10:41:25.895475+00:00,32e581f8b24e886942568469d399bf7427f0cb82f0ed57b06d208403cb9dcc7e
04_abstract_screening_manual_recall_xunzi_2026-08-11/schemas/architecture_reviewer.schema.json,final_or_documentation,2054,2026-08-11T10:41:14.228119+00:00,81e6b0b656c289ab0f6d856068f9347a05ba3a6c689a3fc2f451ef7e1f13cc32
04_abstract_screening_manual_recall_xunzi_2026-08-11/schemas/scope_reviewer.schema.json,final_or_documentation,2327,2026-08-11T10:41:05.681971+00:00,773b71410ef05c87d9b7736d6576765372e3c045fca60638ce6a115bdb689af8
04_abstract_screening_manual_recall_xunzi_2026-08-11/scope_reviewer.jsonl,final_or_documentation,738,2026-08-11T10:41:25.894796+00:00,e6769c9d1189a2d217a7f4d1c017da013e921cc896f62c22c5b37d4bf1d9f1d3
04_abstract_screening_manual_recall_xunzi_2026-08-11/summary.json,final_or_documentation,1018,2026-08-11T10:41:36.073963+00:00,f2de0c0f6b6ff65d2b6544d4e32e0cdd4f5a07582f4bf09b060351d1e938f7a8
05_fulltext/fulltext_candidates.csv,final_or_documentation,25719,2026-08-10T20:55:30.520232+00:00,885d0ff691be3532a015a511adf76cdf28f8a2b093c7d2d1b0710410ea17f21b
05_fulltext/fulltext_candidates.json,final_or_documentation,38290,2026-08-10T20:55:30.519802+00:00,87a457e0f2795053a4119f47ed9cc124c65864a91f68f49e8f55570b4a8f3ba7
05_fulltext/fulltext_download_manifest.csv,final_or_documentation,13608,2026-08-10T21:03:08.420188+00:00,9e481869dc389ba1cad563d858eeb0f9c2d9e63c0d3a1138fd4b8e4496ea5f47
05_fulltext/fulltext_download_manifest.json,final_or_documentation,20002,2026-08-10T21:03:08.419872+00:00,ae47aec0ca15345fc8a3f87ff0305fe1522a69f0bad5ca10f3b087901c685d34
05_fulltext/manual_fulltexts.template.json,final_or_documentation,338,2026-08-10T21:03:08.425146+00:00,035879af3683c8ec3368681debe6b7a0da5e9db20b8abb6fe73b367070702881
05_fulltext/postscreen_dedup/duplicate_resolutions.json,final_or_documentation,2150,2026-08-10T20:52:24.384331+00:00,e22f94feb1ef5e6d860cb05a10bf9931c79f0ffc1cbb1295b072cc4c28d0d19d
05_fulltext/postscreen_dedup/raw/crossref_21381358.json,final_or_documentation,19,2026-08-10T20:51:33.640434+00:00,ae8462e3af85ca7577aaa97ff22a194f9dfd7fada58cf4944b53d2fdfa7b1f92
05_fulltext/postscreen_dedup/raw/crossref_21381359.json,final_or_documentation,19,2026-08-10T20:51:33.223032+00:00,ae8462e3af85ca7577aaa97ff22a194f9dfd7fada58cf4944b53d2fdfa7b1f92
05_fulltext/postscreen_dedup/raw/zenodo_21381358.json,final_or_documentation,6666,2026-08-10T20:51:32.753179+00:00,0434c34299e9609a722197a817663c82ef34b975d2d17e5e7ed00c48985e6899
05_fulltext/postscreen_dedup/raw/zenodo_21381359.json,final_or_documentation,6666,2026-08-10T20:51:32.386875+00:00,0434c34299e9609a722197a817663c82ef34b975d2d17e5e7ed00c48985e6899
05_fulltext/retrieval_payload_validation.json,final_or_documentation,24436,2026-08-10T21:05:17.984752+00:00,80ad53d0b623c4100c136dc92b954f8ba752dffe8771d11bd335ed83413b72c8
05_fulltext/workers/worker_00/batch_manifest.csv,final_or_documentation,949,2026-08-10T21:02:46.449286+00:00,946b8ec9253868498d2d5b65ab8be6acb813d458ae8ca88e4b11a07358276ea6
05_fulltext/workers/worker_00/batch_manifest.json,final_or_documentation,3221,2026-08-10T21:02:46.449120+00:00,4c06223c2e5acef3c6d727d898a442aacff8cf79f33c3c3796916e64fca400a1
05_fulltext/workers/worker_00/update_2026-08-09__rec_000001__PlantCAD2_A_DNA_foundation_model_for_interpreting_genomes_across_flowe/download_attempts.jsonl,final_or_documentation,13079,2026-08-10T21:00:54.827407+00:00,b2f33ee8b3b5efa2bcfc6650f73f0501827d125ad29ed2e58c00d7763b945bb4
05_fulltext/workers/worker_00/update_2026-08-09__rec_000001__PlantCAD2_A_DNA_foundation_model_for_interpreting_genomes_across_flowe/download_result.json,final_or_documentation,1209,2026-08-10T21:00:54.828089+00:00,d3093265062e9a288d1e05e3c9fe57006c7e952810136261dd13490b506513c4
05_fulltext/workers/worker_00/update_2026-08-09__rec_000001__PlantCAD2_A_DNA_foundation_model_for_interpreting_genomes_across_flowe/full_text_05_openalex_title_content_pdf.pdf,final_or_documentation,2552621,2026-08-10T21:00:54.823980+00:00,7ad86f33d5d1812e5d3bd6109758c69d85e6045be940922f767766f99492f6b0
05_fulltext/workers/worker_00/update_2026-08-09__rec_000001__PlantCAD2_A_DNA_foundation_model_for_interpreting_genomes_across_flowe/metadata.json,final_or_documentation,2817,2026-08-10T21:00:28.939518+00:00,e7b6a286e10c55f023c54524072e450b3c12a358c4e128578c87f763f3e4aed0
05_fulltext/workers/worker_00/update_2026-08-09__rec_000003__GEM-GPT_Enables_Personalized_Cell_Type-Resolved_Therapeutic_Design_for/download_attempts.jsonl,final_or_documentation,9922,2026-08-10T20:55:44.143324+00:00,260640fecabf9dd7f4840c98e659b1f9f7278dda6607231694fd6beef7e0c37f
05_fulltext/workers/worker_00/update_2026-08-09__rec_000003__GEM-GPT_Enables_Personalized_Cell_Type-Resolved_Therapeutic_Design_for/download_result.json,final_or_documentation,1198,2026-08-10T20:55:44.143953+00:00,9eb2723b763d6f035410fbf96fde61a6a2a7019375afecc664b969f42f070bbf
05_fulltext/workers/worker_00/update_2026-08-09__rec_000003__GEM-GPT_Enables_Personalized_Cell_Type-Resolved_Therapeutic_Design_for/full_text_05_openalex_content_pdf.pdf,final_or_documentation,2213133,2026-08-10T20:55:44.140064+00:00,ad7eec31489aa0d286722873ed130563d25256f35844c9c9abf35d8c19830cec
05_fulltext/workers/worker_00/update_2026-08-09__rec_000003__GEM-GPT_Enables_Personalized_Cell_Type-Resolved_Therapeutic_Design_for/metadata.json,final_or_documentation,3164,2026-08-10T20:55:37.723833+00:00,a0b5764ed152f57f7bf49d91fe517eba9752bc7eb985eee5aa2539530dfa70bc
05_fulltext/workers/worker_01/batch_manifest.csv,final_or_documentation,991,2026-08-10T21:02:46.453887+00:00,e13f1ff466fc4e65628bc71fd8b821974dcf1f9b8b67c811131ac4ef2e6780d0
05_fulltext/workers/worker_01/batch_manifest.json,final_or_documentation,3894,2026-08-10T21:02:46.453751+00:00,5bc9feeb7f99d34c538de0e46e5335d1edfddaa01cb4a1be1c4092a7ae9f48e7
05_fulltext/workers/worker_01/update_2026-08-09__rec_000025__scDifformer_diffusion-based_post-training_for_virtual_cell_modeling_ac/download_attempts.jsonl,final_or_documentation,8197,2026-08-10T20:55:37.234096+00:00,b2840bc6eb6acf76cff94ad2cbb5bf69bcf8e721d50846f460e36a731a46899c
05_fulltext/workers/worker_01/update_2026-08-09__rec_000025__scDifformer_diffusion-based_post-training_for_virtual_cell_modeling_ac/download_result.json,final_or_documentation,1258,2026-08-10T20:55:37.234379+00:00,6054e938aacb6fef538bd2fcb3f3b99f4d08d6541e1548d4dec491ba6b258301
05_fulltext/workers/worker_01/update_2026-08-09__rec_000025__scDifformer_diffusion-based_post-training_for_virtual_cell_modeling_ac/full_text_03_openalex_location_landing_page.html,final_or_documentation,305815,2026-08-10T20:55:37.028908+00:00,e8a90c75702b475a9e7aaf0da0d7f441ecf021926551b5fbb02673ff02f0359a
05_fulltext/workers/worker_01/update_2026-08-09__rec_000025__scDifformer_diffusion-based_post-training_for_virtual_cell_modeling_ac/metadata.json,final_or_documentation,3044,2026-08-10T20:55:30.621289+00:00,e5650f536bdd8e4cd72fbf7fc0c599c0de02777ab1d4ad86e1b3a97a2f9054eb
05_fulltext/workers/worker_01/update_2026-08-09__rec_000039__Lineage-Independent_Structural_Risk_Detection_in_SARS-_CoV-2_Spike_Pro/download_attempts.jsonl,final_or_documentation,8701,2026-08-10T20:55:44.766809+00:00,b5fd712cd931cfd181c11d93aff10b89df2adcfd88cdd8732308aadb7f1c7b6f
05_fulltext/workers/worker_01/update_2026-08-09__rec_000039__Lineage-Independent_Structural_Risk_Detection_in_SARS-_CoV-2_Spike_Pro/download_result.json,final_or_documentation,1790,2026-08-10T20:55:44.767049+00:00,3bacd9651dd51bdcf1319be2c97e0480b3d781a3f033c93378fa3f02fc8d356b
05_fulltext/workers/worker_01/update_2026-08-09__rec_000039__Lineage-Independent_Structural_Risk_Detection_in_SARS-_CoV-2_Spike_Pro/full_text_01_openalex_landing_page_url.html,final_or_documentation,91239,2026-08-10T20:55:44.043937+00:00,62b2b899ca3a94f8ff0774dc2ff8cd9f35967bef0708d82da84f0d42cd3b500d
05_fulltext/workers/worker_01/update_2026-08-09__rec_000039__Lineage-Independent_Structural_Risk_Detection_in_SARS-_CoV-2_Spike_Pro/full_text_02_landing_pdf_link.pdf,final_or_documentation,364751,2026-08-10T20:55:44.765842+00:00,b6aec85291a2aa9b78dc28b0ebfa9efdc30c7f16674b4ad005c706ce75c01b1d
05_fulltext/workers/worker_01/update_2026-08-09__rec_000039__Lineage-Independent_Structural_Risk_Detection_in_SARS-_CoV-2_Spike_Pro/metadata.json,final_or_documentation,2633,2026-08-10T20:55:37.241035+00:00,eb81b8e1f06d445b5342c75965dff6fc353a227a428286a2c29b7694488e932b
05_fulltext/workers/worker_02/batch_manifest.csv,final_or_documentation,882,2026-08-10T21:02:46.461636+00:00,71355a85574a561b14f9cd17f2fe693b50bd55162372f2cfb37f62d87989de1b
05_fulltext/workers/worker_02/batch_manifest.json,final_or_documentation,4802,2026-08-10T21:02:46.461462+00:00,e0e5efc744377a6c4589d513112a92909284d6a38d03d9f56e5bafc191de41ea
05_fulltext/workers/worker_02/update_2026-08-09__rec_000076__Miniaturizing_and_modifying_natural_proteins_with_Raygun/download_attempts.jsonl,final_or_documentation,9211,2026-08-10T20:55:38.721647+00:00,cf93a79b64237359744e2ceaae0c832c97a4d2418496e37b7905baf21d4557af
05_fulltext/workers/worker_02/update_2026-08-09__rec_000076__Miniaturizing_and_modifying_natural_proteins_with_Raygun/download_result.json,final_or_documentation,1659,2026-08-10T20:55:38.722597+00:00,f819e7455eb6d686afe49ebd2390e5a5549f1907944584100a44e28f903d7970
05_fulltext/workers/worker_02/update_2026-08-09__rec_000076__Miniaturizing_and_modifying_natural_proteins_with_Raygun/full_text_01_openalex_landing_page_url.html,final_or_documentation,431983,2026-08-10T20:55:36.937737+00:00,e2c93368a564cd2ceb2550c59fe12a09417fa2d2291f3c822a3749690c9f6260
05_fulltext/workers/worker_02/update_2026-08-09__rec_000076__Miniaturizing_and_modifying_natural_proteins_with_Raygun/full_text_04_landing_pdf_link.pdf,final_or_documentation,563573,2026-08-10T20:55:38.719654+00:00,fc75d5ea0a65fc552d1b10dea7aea4d8b02f2ca51d0b6bf7e2337b0118241a25
05_fulltext/workers/worker_02/update_2026-08-09__rec_000076__Miniaturizing_and_modifying_natural_proteins_with_Raygun/metadata.json,final_or_documentation,3435,2026-08-10T20:55:30.621362+00:00,490ed252e02a9ecfd2f706e58ee3d8852beecfc5dfbdf7dac688750443596ba2
05_fulltext/workers/worker_02/update_2026-08-09__rec_000082__Unify_learns_cellular_evolution_with_universal_multimodal_embeddings/download_attempts.jsonl,final_or_documentation,12016,2026-08-10T20:55:49.666877+00:00,259c5315ea62e7daffdd7b5d5a440e8d767bb321a24132b654c0bd3d0ef6773f
05_fulltext/workers/worker_02/update_2026-08-09__rec_000082__Unify_learns_cellular_evolution_with_universal_multimodal_embeddings/download_result.json,final_or_documentation,2233,2026-08-10T20:55:49.667260+00:00,a2235ff20ed7b31def1a28554908bc7a48464dd2cf001ed91739376dd7c537f7
05_fulltext/workers/worker_02/update_2026-08-09__rec_000082__Unify_learns_cellular_evolution_with_universal_multimodal_embeddings/full_text_01_openalex_landing_page_url.html,final_or_documentation,236386,2026-08-10T20:55:46.295656+00:00,2798f6d8326817e7d12864599d07c02ddecbda084a69336a9dacd4914c7586a1
05_fulltext/workers/worker_02/update_2026-08-09__rec_000082__Unify_learns_cellular_evolution_with_universal_multimodal_embeddings/full_text_02_landing_pdf_link.html,final_or_documentation,236386,2026-08-10T20:55:47.199306+00:00,1e01a70d41d56e59afd85250bed8a18368871213ab13007f91268f3f0a72efc4
05_fulltext/workers/worker_02/update_2026-08-09__rec_000082__Unify_learns_cellular_evolution_with_universal_multimodal_embeddings/full_text_04_landing_pdf_link.pdf,final_or_documentation,8379174,2026-08-10T20:55:49.659983+00:00,825bab31d5cd4a6911e8faadd6d7a003fcf0d546e9f3a07355ce6114133025f0
05_fulltext/workers/worker_02/update_2026-08-09__rec_000082__Unify_learns_cellular_evolution_with_universal_multimodal_embeddings/metadata.json,final_or_documentation,2921,2026-08-10T20:55:38.735741+00:00,8baa22b559d51a04b027f978caba93572f2a5ec16a825ccc684f98c38a655236
05_fulltext/workers/worker_03/batch_manifest.csv,final_or_documentation,904,2026-08-10T21:02:46.460463+00:00,e1a8ebcc17a7742c1da113961a672ce1e10ed57615b1e3e1d173b39ec9c9cfdf
05_fulltext/workers/worker_03/batch_manifest.json,final_or_documentation,3806,2026-08-10T21:02:46.460288+00:00,d2c929cf3886053559b16c120f0db0e7c3267723c5de52b90e4c345bf0fdd570
05_fulltext/workers/worker_03/update_2026-08-09__rec_000106__scMIR_a_vision-language_foundation_model_for_single-cell_light_microsc/download_attempts.jsonl,final_or_documentation,6664,2026-08-10T20:55:43.603869+00:00,37806c8bebcade287fc290066b09c34a0652bcb32ed5465b62d33f8e696ec8e9
05_fulltext/workers/worker_03/update_2026-08-09__rec_000106__scMIR_a_vision-language_foundation_model_for_single-cell_light_microsc/download_result.json,final_or_documentation,1182,2026-08-10T20:55:43.604205+00:00,f3157f5321e56152bb648417206bc0ca79ee3ee77a3318f9e11a2d80ae000126
05_fulltext/workers/worker_03/update_2026-08-09__rec_000106__scMIR_a_vision-language_foundation_model_for_single-cell_light_microsc/full_text_01_openalex_title_pdf_url.pdf,final_or_documentation,11966227,2026-08-10T20:55:43.594748+00:00,cbc5eb91814eed0e3e4ec26f101a77b6f544d3bf9b4f32db58cc639b00f02b25
05_fulltext/workers/worker_03/update_2026-08-09__rec_000106__scMIR_a_vision-language_foundation_model_for_single-cell_light_microsc/metadata.json,final_or_documentation,3078,2026-08-10T20:55:30.623099+00:00,e99379e2b6b11dd53076c06b9a22fb9640df9418fe85ae606bed41421044ae16
05_fulltext/workers/worker_03/update_2026-08-09__rec_000131__CellDuality_Unlocking_Biological_Reasoning_in_LLMs_with_Self-Supervise/download_attempts.jsonl,final_or_documentation,8088,2026-08-10T20:57:34.968870+00:00,0ee8ffc247cec45f3fcdeae66dd88c357b304f29c501de345c236940a5658e29
05_fulltext/workers/worker_03/update_2026-08-09__rec_000131__CellDuality_Unlocking_Biological_Reasoning_in_LLMs_with_Self-Supervise/download_result.json,final_or_documentation,1778,2026-08-10T20:57:34.969200+00:00,d42e1bb2455b59ee997ddda4baf5a0f32a848b13597cd2d061dc573e9bd025d0
05_fulltext/workers/worker_03/update_2026-08-09__rec_000131__CellDuality_Unlocking_Biological_Reasoning_in_LLMs_with_Self-Supervise/full_text_03_openalex_title_landing_page_ur.html,final_or_documentation,117062,2026-08-10T20:57:33.883455+00:00,ce2bd3c0213c29d734aa398a3922285568f3e50d8677474dd8ae109817d3d36a
05_fulltext/workers/worker_03/update_2026-08-09__rec_000131__CellDuality_Unlocking_Biological_Reasoning_in_LLMs_with_Self-Supervise/full_text_05_openalex_title_landing_page_ur.html,final_or_documentation,227792,2026-08-10T20:57:34.762247+00:00,ec7fcd375dec655bc3e0c4c809fedb4c0fc4f6af669fb5bfd03c2984b4b67474
05_fulltext/workers/worker_03/update_2026-08-09__rec_000131__CellDuality_Unlocking_Biological_Reasoning_in_LLMs_with_Self-Supervise/metadata.json,final_or_documentation,1366,2026-08-10T20:57:29.270920+00:00,0e72ed5d884170a75dde78722e1a3821b6582ae29b58b5bb524d57fb644ec51f
05_fulltext/workers/worker_04/batch_manifest.csv,final_or_documentation,936,2026-08-10T21:03:08.365297+00:00,d3b3d2983a2bb38d7d406c59a32a27a3bfb27f3a5adb64002c7c313b1d2243cb
05_fulltext/workers/worker_04/batch_manifest.json,final_or_documentation,3145,2026-08-10T21:03:08.365159+00:00,5ab3987df0c7539ed7d1bfb54419e60eaf4d24763f7b1f1f06af38d50c8a8966
05_fulltext/workers/worker_04/update_2026-08-09__rec_000138__OCellus_A_Language-Model_Framework_for_Single-Cell_Spatial_and_Perturb/download_attempts.jsonl,final_or_documentation,9862,2026-08-10T20:55:37.713997+00:00,a9ae9bd64ce4b8b75cf5e633936e94823434afcd2ba80964649026fe46f704d1
05_fulltext/workers/worker_04/update_2026-08-09__rec_000138__OCellus_A_Language-Model_Framework_for_Single-Cell_Spatial_and_Perturb/download_result.json,final_or_documentation,1224,2026-08-10T20:55:37.714382+00:00,c2623f0dc1a0fdc3cc08ec68a5662d7835fff253018530194c7db9e244e0aa3e
05_fulltext/workers/worker_04/update_2026-08-09__rec_000138__OCellus_A_Language-Model_Framework_for_Single-Cell_Spatial_and_Perturb/full_text_05_openalex_content_pdf.pdf,final_or_documentation,2196648,2026-08-10T20:55:37.711284+00:00,f41aa6b7f12245f349f7f621bb0a0774579acd419aa8d6e21e77aaca44865e8a
05_fulltext/workers/worker_04/update_2026-08-09__rec_000138__OCellus_A_Language-Model_Framework_for_Single-Cell_Spatial_and_Perturb/metadata.json,final_or_documentation,3954,2026-08-10T20:55:30.622030+00:00,79a0885e3518381be0462d659c2d52409f5c1f496c5e9f8355ed224f149e044d
05_fulltext/workers/worker_04/update_2026-08-09__rec_000219__Building_Knowledge-Enhanced_AI_Co-Scientists_for_Biomedical_Discovery/download_attempts.jsonl,final_or_documentation,8278,2026-08-10T21:03:08.357680+00:00,eaecaf8c5f9470010e68321afb9299c0ebe0b80e13fcd09ed8216f21328c1683
05_fulltext/workers/worker_04/update_2026-08-09__rec_000219__Building_Knowledge-Enhanced_AI_Co-Scientists_for_Biomedical_Discovery/download_result.json,final_or_documentation,1138,2026-08-10T21:03:08.357843+00:00,bd82d7d54b27ed90e8e7377925f1598b5c46fbd21a2cd933976a08869b956d9c
05_fulltext/workers/worker_04/update_2026-08-09__rec_000219__Building_Knowledge-Enhanced_AI_Co-Scientists_for_Biomedical_Discovery/full_text_02_landing_pdf_link.pdf,final_or_documentation,97981405,2026-08-10T21:03:08.318989+00:00,3ae0960de1e4f8e0e46328937ea1ca38d8f89ff1c6f40a57d827a62dc2c010c2
05_fulltext/workers/worker_04/update_2026-08-09__rec_000219__Building_Knowledge-Enhanced_AI_Co-Scientists_for_Biomedical_Discovery/metadata.json,final_or_documentation,1507,2026-08-10T21:02:46.450680+00:00,7755a26767dff275d72812896025724324afdd8cd7ab6b66ec0692936e28a8e0
05_fulltext/workers/worker_05/batch_manifest.csv,final_or_documentation,858,2026-08-10T21:02:46.454580+00:00,69d29303d727da6e82aa36db41493b5772e6653d47911e399e4b67fbcaccd8c8
05_fulltext/workers/worker_05/batch_manifest.json,final_or_documentation,3047,2026-08-10T21:02:46.454458+00:00,0ea949e131630b8e4c4ed5f240f42fd5252476c2968cf8330d4425017314f12b
05_fulltext/workers/worker_05/update_2026-08-09__rec_000227__Geometric_Representations_of_Knowledge_Inside_Biological_Large_Languag/download_attempts.jsonl,final_or_documentation,9603,2026-08-10T20:55:36.996436+00:00,db035afe656d23e6b84ec5b84eb1a026dfb5f1744c3f61a5791713c8bf6a738e
05_fulltext/workers/worker_05/update_2026-08-09__rec_000227__Geometric_Representations_of_Knowledge_Inside_Biological_Large_Languag/download_result.json,final_or_documentation,1208,2026-08-10T20:55:36.996746+00:00,1f256bac3a68aac2474cda8428afc4b63080b6ed5721b7c578d5767a1786db71
05_fulltext/workers/worker_05/update_2026-08-09__rec_000227__Geometric_Representations_of_Knowledge_Inside_Biological_Large_Languag/full_text_05_openalex_content_pdf.pdf,final_or_documentation,335765,2026-08-10T20:55:36.995378+00:00,89802f77e55038b69d0e9012100eba19aab3abfe173cf7a2d13eb8d166a14a32
05_fulltext/workers/worker_05/update_2026-08-09__rec_000227__Geometric_Representations_of_Knowledge_Inside_Biological_Large_Languag/metadata.json,final_or_documentation,4125,2026-08-10T20:55:30.622080+00:00,853a31705f54880e3212aa86d5afc46edc5a975caaee5bf42386adc1617f002f
05_fulltext/workers/worker_05/update_2026-08-09__rec_000231__Literature-derived_context-aware_gene/download_attempts.jsonl,final_or_documentation,9180,2026-08-10T20:58:45.258019+00:00,e182c775ed2e8f839bb1ec4a59a75fafe251d312bd281f5d450387c51f33139a
05_fulltext/workers/worker_05/update_2026-08-09__rec_000231__Literature-derived_context-aware_gene/download_result.json,final_or_documentation,1024,2026-08-10T20:58:45.258359+00:00,2ee116da140d6eb6746109828ff6c0ef491bbe1baef1fdd9bf40503033446e69
05_fulltext/workers/worker_05/update_2026-08-09__rec_000231__Literature-derived_context-aware_gene/full_text_01_record_url.pdf,final_or_documentation,6867192,2026-08-10T20:58:45.250292+00:00,2cdee8ae0d85056f1b55569ed83fca9dcfcaa6d0bc4206c6dbec3b35d01d34f5
05_fulltext/workers/worker_05/update_2026-08-09__rec_000231__Literature-derived_context-aware_gene/metadata.json,final_or_documentation,1414,2026-08-10T20:57:29.268916+00:00,def719a8718da7888e3bfa54518ccf34224a8f7429af5bc601e747230a7f03d2
05_fulltext_manual_recall_xunzi_2026-08-11/README.md,final_or_documentation,2620,2026-08-11T11:59:26.431288+00:00,4cb9af5387b8d176e4def9758fe6e39dbfad626e4274b83cf3e24b12bbd0e0a8
05_fulltext_manual_recall_xunzi_2026-08-11/fulltext_candidates.csv,final_or_documentation,2363,2026-08-11T10:42:23.955172+00:00,2f35cb66984e624e02ab6cd3b0cb6e8b8e92db64a1a4c4001a24da25792307bf
05_fulltext_manual_recall_xunzi_2026-08-11/fulltext_candidates.json,final_or_documentation,3051,2026-08-11T10:42:23.955028+00:00,fcb4bfe38b5035ee527bbb91407f67ad4584b68194dc688c5457bd32925c2133
05_fulltext_manual_recall_xunzi_2026-08-11/fulltext_download_manifest.csv,final_or_documentation,1069,2026-08-11T10:51:36.778581+00:00,c7a66b0f3d8166abca0b569ce035004b14791e49a4e095ba239646ed2584fb5c
05_fulltext_manual_recall_xunzi_2026-08-11/fulltext_download_manifest.json,final_or_documentation,2681,2026-08-11T10:51:36.778442+00:00,537251e321bc040bff9928e65308b5eff52d3a384c77dfdaadb2a05325dcac9a
05_fulltext_manual_recall_xunzi_2026-08-11/manual_files/update_2026-08-09__manual_recall_xunzi/manual_full_text.pdf,final_or_documentation,20183292,2026-08-09T09:51:34.877805+00:00,d82a7b8ea12c3a0f72de2887f30c7b84161132f8beecdd3384b6ef9b1f2eeb79
05_fulltext_manual_recall_xunzi_2026-08-11/manual_fulltexts.json,final_or_documentation,571,2026-08-11T10:51:28.369483+00:00,ce0d73622caf406dffd6ec94dbe7fc61c94f33e31d8560b2518387042498aa24
05_fulltext_manual_recall_xunzi_2026-08-11/retrieval/batch_manifest.csv,final_or_documentation,474,2026-08-11T10:47:57.789042+00:00,9d9f808231313c919202dad55afcb07cd5e33b021600cc40f1b3a2b01baad30a
05_fulltext_manual_recall_xunzi_2026-08-11/retrieval/batch_manifest.json,final_or_documentation,1232,2026-08-11T10:47:57.788617+00:00,392f8da23fbc32c12731e19975ea1e62652847fad0824af1a9405d8df235f2d8
05_fulltext_manual_recall_xunzi_2026-08-11/retrieval/update_2026-08-09__manual_recall_xunzi__XunZi_an_AI_biologist_reveals_disease-modifying_targets/download_attempts.jsonl,final_or_documentation,10858,2026-08-11T10:47:57.787129+00:00,729913dc7aaa0dd9a725c329af0773d2c14e665b2ab0c46211e0292fca42aae7
05_fulltext_manual_recall_xunzi_2026-08-11/retrieval/update_2026-08-09__manual_recall_xunzi__XunZi_an_AI_biologist_reveals_disease-modifying_targets/download_result.json,final_or_documentation,624,2026-08-11T10:47:57.787905+00:00,b732292516a523e16fe65ffe7a1c8e95423d5731009db4b5ad5c27196aa38b0f
05_fulltext_manual_recall_xunzi_2026-08-11/retrieval/update_2026-08-09__manual_recall_xunzi__XunZi_an_AI_biologist_reveals_disease-modifying_targets/metadata.json,final_or_documentation,2521,2026-08-11T10:47:47.539922+00:00,3ff8f101342e0a10080c534b6deeccbbc8e9cbe3f9869b1c3132a03d93505c7a
05_fulltext_manual_recall_xunzi_2026-08-11/retrieval_invalid_pubmed_abstract_misclassified_2026-08-11/batch_manifest.csv,final_or_documentation,481,2026-08-11T10:47:05.585246+00:00,5940f28e9b911ece5ed1c8c8a363d570fbb8d6512ac6d1bd41bab4e0d3d97864
05_fulltext_manual_recall_xunzi_2026-08-11/retrieval_invalid_pubmed_abstract_misclassified_2026-08-11/batch_manifest.json,final_or_documentation,1831,2026-08-11T10:47:05.584489+00:00,03610dc4308b0362ab1faa4e7770b16d38d3c3040aaf89e2571dd8f78d709408
05_fulltext_manual_recall_xunzi_2026-08-11/retrieval_invalid_pubmed_abstract_misclassified_2026-08-11/update_2026-08-09__manual_recall_xunzi__XunZi_an_AI_biologist_reveals_disease-modifying_targets/download_attempts.jsonl,final_or_documentation,9153,2026-08-11T10:47:05.582451+00:00,da83ab3260620f7b2671d7eef5df46c77b09e21ac5c4264ff416b55cf6f2912c
05_fulltext_manual_recall_xunzi_2026-08-11/retrieval_invalid_pubmed_abstract_misclassified_2026-08-11/update_2026-08-09__manual_recall_xunzi__XunZi_an_AI_biologist_reveals_disease-modifying_targets/download_result.json,final_or_documentation,1187,2026-08-11T10:47:05.583456+00:00,058c9e6490400ba326e076c7a4b1b766d3a76670d33f436db388adc92351e92d
05_fulltext_manual_recall_xunzi_2026-08-11/retrieval_invalid_pubmed_abstract_misclassified_2026-08-11/update_2026-08-09__manual_recall_xunzi__XunZi_an_AI_biologist_reveals_disease-modifying_targets/full_text_04_openalex_location_landing_page.html,final_or_documentation,138116,2026-08-11T10:47:05.375103+00:00,866208fb224b077c8d0114b86313dfce56742736f7ff4d3e0597d3fd2365a13d
05_fulltext_manual_recall_xunzi_2026-08-11/retrieval_invalid_pubmed_abstract_misclassified_2026-08-11/update_2026-08-09__manual_recall_xunzi__XunZi_an_AI_biologist_reveals_disease-modifying_targets/metadata.json,final_or_documentation,2521,2026-08-11T10:46:53.060899+00:00,3ff8f101342e0a10080c534b6deeccbbc8e9cbe3f9869b1c3132a03d93505c7a
05_fulltext_manual_recall_xunzi_2026-08-11/retrieval_invalid_supplement_misclassified_2026-08-11/batch_manifest.csv,final_or_documentation,470,2026-08-11T10:43:16.781509+00:00,1e6f23e96df49d3cb3a7476f33a7914b960f3821a52c06bb62caf66e9fac36b7
05_fulltext_manual_recall_xunzi_2026-08-11/retrieval_invalid_supplement_misclassified_2026-08-11/batch_manifest.json,final_or_documentation,2287,2026-08-11T10:43:16.781369+00:00,f4fa3c8c2deb95d36a638f5e1e7af06ccf5a0fdc443f71023acfaa0dc70026b0
05_fulltext_manual_recall_xunzi_2026-08-11/retrieval_invalid_supplement_misclassified_2026-08-11/update_2026-08-09__manual_recall_xunzi__XunZi_an_AI_biologist_reveals_disease-modifying_targets/download_attempts.jsonl,final_or_documentation,8707,2026-08-11T10:43:16.780987+00:00,ec6b8733f76b555b80bc923b38f6cccd82f28f36099071a10d826f2e9407b0e5
05_fulltext_manual_recall_xunzi_2026-08-11/retrieval_invalid_supplement_misclassified_2026-08-11/update_2026-08-09__manual_recall_xunzi__XunZi_an_AI_biologist_reveals_disease-modifying_targets/download_result.json,final_or_documentation,1611,2026-08-11T10:43:16.781201+00:00,3314da51e987c475aeec4c3db754208645befd597114c22e68ac911f5e1c6481
05_fulltext_manual_recall_xunzi_2026-08-11/retrieval_invalid_supplement_misclassified_2026-08-11/update_2026-08-09__manual_recall_xunzi__XunZi_an_AI_biologist_reveals_disease-modifying_targets/full_text_01_record_url.html,final_or_documentation,502213,2026-08-11T10:43:02.562648+00:00,63e90c39f1471152dc674a56f489816d7df87b6a9801d4562933f1e4d3e52110
05_fulltext_manual_recall_xunzi_2026-08-11/retrieval_invalid_supplement_misclassified_2026-08-11/update_2026-08-09__manual_recall_xunzi__XunZi_an_AI_biologist_reveals_disease-modifying_targets/full_text_02_landing_pdf_link.pdf,final_or_documentation,25154814,2026-08-11T10:43:16.764973+00:00,595c57df37024e9ca989f8fdabc492cc69353031a14553251ca0de18eb9a22b3
05_fulltext_manual_recall_xunzi_2026-08-11/retrieval_invalid_supplement_misclassified_2026-08-11/update_2026-08-09__manual_recall_xunzi__XunZi_an_AI_biologist_reveals_disease-modifying_targets/metadata.json,final_or_documentation,2521,2026-08-11T10:42:24.042544+00:00,3ff8f101342e0a10080c534b6deeccbbc8e9cbe3f9869b1c3132a03d93505c7a
06_docling_screening/missing_documents.json,final_or_documentation,62,2026-08-10T21:05:57.932278+00:00,bc896ec7edd4ff98ecfc9c355a5f5f174877da14edabf6adca6f05e5fd9736f1
06_docling_screening/profiles/documents/update_2026_08_09_rec_000001_504e0db4e1fd.docling.json,final_or_documentation,63276515,2026-08-10T21:06:29.639676+00:00,c4ba931c02f59c36e586e2115f4e4421239a577abe93ac37570c81081c79e18a
06_docling_screening/profiles/documents/update_2026_08_09_rec_000003_7190b7bf028f.docling.json,final_or_documentation,24307388,2026-08-10T21:06:22.270809+00:00,ca4f7a65fdc53f419118512cf81cc67fcd636e47f93f0e026d002f564e5d1a97
06_docling_screening/profiles/documents/update_2026_08_09_rec_000025_4e38718c00c4.docling.json,final_or_documentation,858863,2026-08-10T21:06:03.544747+00:00,89aaaa76e36555e8869f77c46022377a3f049f044b517be04dc1d5d8d61fcb67
06_docling_screening/profiles/documents/update_2026_08_09_rec_000039_9faa86d20831.docling.json,final_or_documentation,14199549,2026-08-10T21:06:24.181630+00:00,1a03ff5523ecdf58e78782deeb0c546689910859bf3b566236a738f69cb2e7f3
06_docling_screening/profiles/documents/update_2026_08_09_rec_000076_7f0f74d0e84a.docling.json,final_or_documentation,574849,2026-08-10T21:06:10.032135+00:00,f371cedc68eba38ae511c96ea1984b5f210b9e01bd126eba07ff33cad36e82c9
06_docling_screening/profiles/documents/update_2026_08_09_rec_000082_8a50cb96e707.docling.json,final_or_documentation,152102,2026-08-10T21:06:15.851362+00:00,0f6a3a2ca4d86376dab69b8a52bfba8ae41671c9714f041b9e9c6b306e84a241
06_docling_screening/profiles/documents/update_2026_08_09_rec_000106_c9bc52778731.docling.json,final_or_documentation,58236739,2026-08-10T21:07:03.827497+00:00,e2416aa894704d1b8e7a00f9a9f88864c7f7e78c5207e5db187e376e253bb6d8
06_docling_screening/profiles/documents/update_2026_08_09_rec_000131_47b518c005c5.docling.json,final_or_documentation,814969,2026-08-10T21:06:29.023227+00:00,c8fdbb805ddce79e9ec6ce6f06f15f2e175a696f22f80ed60b5b91f6bf90ea10
06_docling_screening/profiles/documents/update_2026_08_09_rec_000138_796e32b2faec.docling.json,final_or_documentation,55269840,2026-08-10T21:06:49.934583+00:00,6c948126053decc3147edf22cd5aadefe280c0c22f23469a5f6f158850213ffa
06_docling_screening/profiles/documents/update_2026_08_09_rec_000219_90320ec9eb06.docling.json,final_or_documentation,244340555,2026-08-10T21:08:07.697769+00:00,403a4a78f03358b62d6358856b6f943d342441a7899e57f16a9c314105e2dc6b
06_docling_screening/profiles/documents/update_2026_08_09_rec_000227_3c81c4cfabb4.docling.json,final_or_documentation,22634737,2026-08-10T21:07:04.694855+00:00,999bc198c90f73fb3825c4755d42ea28ca0e228c872d9eaceb0b909887f8511e
06_docling_screening/profiles/documents/update_2026_08_09_rec_000231_1109e2746a8b.docling.json,final_or_documentation,51259955,2026-08-10T21:07:17.879252+00:00,10b18c3fb14ce0a614734a07a97c98d1bcb998e18650061217670da002f409b7
06_docling_screening/profiles/figures/update_2026_08_09_rec_000001_504e0db4e1fd/figure_001.png,final_or_documentation,325671,2026-08-10T21:06:29.770729+00:00,15330a513230b3c172b7df5085af4ef6c7370c7ae105b3b15d88cec1a9f662bb
06_docling_screening/profiles/figures/update_2026_08_09_rec_000001_504e0db4e1fd/figure_002.png,final_or_documentation,258180,2026-08-10T21:06:29.797588+00:00,9418cfb3e80505992d95e6f3c9378bc5323dd9c54abf715e7c9a251a0ee65a35
06_docling_screening/profiles/figures/update_2026_08_09_rec_000001_504e0db4e1fd/figure_003.png,final_or_documentation,279234,2026-08-10T21:06:29.828617+00:00,8b91da9f47227aa092a4f5c48e60273e374970907e7cd8bc380341faa1e40f19
06_docling_screening/profiles/figures/update_2026_08_09_rec_000001_504e0db4e1fd/figure_004.png,final_or_documentation,220245,2026-08-10T21:06:29.849845+00:00,5c72fa4046547a28f3026e5aed5e03578c31e5722f53b3b9f5568e266b4a4a84
06_docling_screening/profiles/figures/update_2026_08_09_rec_000001_504e0db4e1fd/figure_005.png,final_or_documentation,583572,2026-08-10T21:06:29.904725+00:00,faa9c9150b624e03b7e8c5cd6fae14413c1206d4e68f1ca692f7f6212ce4383c
06_docling_screening/profiles/figures/update_2026_08_09_rec_000001_504e0db4e1fd/figure_006.png,final_or_documentation,301444,2026-08-10T21:06:29.932485+00:00,fa9a0863bed9602c6865cb11bd348887cf1c34af721c134471c9254c143e1345
06_docling_screening/profiles/figures/update_2026_08_09_rec_000001_504e0db4e1fd/figure_007.png,final_or_documentation,386479,2026-08-10T21:06:29.963259+00:00,9184844e17e2f8bf1a836d8f7a067a447aadea1c9eb891eab68b159a72aaf30a
06_docling_screening/profiles/figures/update_2026_08_09_rec_000001_504e0db4e1fd/figure_008.png,final_or_documentation,266542,2026-08-10T21:06:29.990694+00:00,50e819c9ceef0383ad34f4fb4c72a4606b06307c7865dbd4a6b4e727a0be2565
06_docling_screening/profiles/figures/update_2026_08_09_rec_000001_504e0db4e1fd/figure_009.png,final_or_documentation,286029,2026-08-10T21:06:30.022777+00:00,858d418efce117dba98218a192970c2638182e72531fddc58d45858667ff4a21
06_docling_screening/profiles/figures/update_2026_08_09_rec_000001_504e0db4e1fd/figure_010.png,final_or_documentation,282741,2026-08-10T21:06:30.051625+00:00,ad69c0746b54e69c048d4fec8d2747f3d75229df9de8c27343dbc1f07719c2ce
06_docling_screening/profiles/figures/update_2026_08_09_rec_000001_504e0db4e1fd/figure_011.png,final_or_documentation,500632,2026-08-10T21:06:30.097989+00:00,36e6dba296ecda3bb3d33ba6cadff6b6fb98c30e62a39b7f02e47917a5435a14
06_docling_screening/profiles/figures/update_2026_08_09_rec_000001_504e0db4e1fd/figure_012.png,final_or_documentation,274293,2026-08-10T21:06:30.123199+00:00,aa180c149a5190fffeabb027efbf7ddef77738a028aa02981b561234bfe57d0f
06_docling_screening/profiles/figures/update_2026_08_09_rec_000001_504e0db4e1fd/figures_manifest.json,final_or_documentation,10417,2026-08-10T21:06:30.123756+00:00,e06e18f8386e720f91eeb7742d78401029cbe7c7a77e9c50272c86cd9b0ae68a
06_docling_screening/profiles/figures/update_2026_08_09_rec_000003_7190b7bf028f/figure_001.png,final_or_documentation,93805,2026-08-10T21:06:22.711354+00:00,b1b505734e324e46395764dabbdd304aee12bad32ec7727e4de7ef02026b2ecd
06_docling_screening/profiles/figures/update_2026_08_09_rec_000003_7190b7bf028f/figure_002.png,final_or_documentation,303035,2026-08-10T21:06:22.733891+00:00,674476c621b2aa9ca831a9460f31696350aa4d4f279426165ad555f4e67bd4ab
06_docling_screening/profiles/figures/update_2026_08_09_rec_000003_7190b7bf028f/figure_003.png,final_or_documentation,199179,2026-08-10T21:06:22.748856+00:00,55b6b623f0577ad4c673265beb3ea2f6bcefd86214355ac2c8d154cd316d46fc
06_docling_screening/profiles/figures/update_2026_08_09_rec_000003_7190b7bf028f/figure_004.png,final_or_documentation,233515,2026-08-10T21:06:22.770947+00:00,e9068e14d855f6c18442f66387da917fddc65cf10bf1b77a893b61945bcb0d28
06_docling_screening/profiles/figures/update_2026_08_09_rec_000003_7190b7bf028f/figures_manifest.json,final_or_documentation,6861,2026-08-10T21:06:22.771507+00:00,4353d1fd28b8f7d47cdfaf052857460b9fc881a425b4c867729810f31fded5c4
06_docling_screening/profiles/figures/update_2026_08_09_rec_000025_4e38718c00c4/figures_manifest.json,final_or_documentation,16619,2026-08-10T21:06:03.684712+00:00,85e9d5f31cbd60d064b433af600ab9c0ded70f4a92ef7db1d7d07a41e413e764
06_docling_screening/profiles/figures/update_2026_08_09_rec_000039_9faa86d20831/figure_001.png,final_or_documentation,6449,2026-08-10T21:06:24.212558+00:00,077b1fd270c9fb118c54a56b5d7baaffdf737e573256e5bcad031d4568091cdc
06_docling_screening/profiles/figures/update_2026_08_09_rec_000039_9faa86d20831/figures_manifest.json,final_or_documentation,502,2026-08-10T21:06:24.212847+00:00,8fac73c4737038a72218cc4c9da7a1f639320b92262d4654e4206e4c628adc62
06_docling_screening/profiles/figures/update_2026_08_09_rec_000076_7f0f74d0e84a/figures_manifest.json,final_or_documentation,2605,2026-08-10T21:06:10.132983+00:00,39ed6f574d656988eb7f5ff6a7e9afdb27111b83e56da8fefda74aa46f94837f
06_docling_screening/profiles/figures/update_2026_08_09_rec_000082_8a50cb96e707/figures_manifest.json,final_or_documentation,947,2026-08-10T21:06:15.879672+00:00,b0c3f9a8b9c70b7d3486bd16449a469d7dffbf25931a04358a2e6a5060ffcfda
06_docling_screening/profiles/figures/update_2026_08_09_rec_000106_c9bc52778731/figure_001.png,final_or_documentation,400975,2026-08-10T21:07:03.939903+00:00,e32f5083d9f44df98cba814988d7d36f771f79c915f4c4305217d0bd849c0c84
06_docling_screening/profiles/figures/update_2026_08_09_rec_000106_c9bc52778731/figure_002.png,final_or_documentation,377090,2026-08-10T21:07:03.968417+00:00,a5908166b12873bd8a43f13082112684ac51f754175f550113b2f0ce43622ed7
06_docling_screening/profiles/figures/update_2026_08_09_rec_000106_c9bc52778731/figure_003.png,final_or_documentation,264425,2026-08-10T21:07:03.993888+00:00,17d2735eae9d8f75e47093bd1594291244ce79f49aa7b0e01575862da16bfc0f
06_docling_screening/profiles/figures/update_2026_08_09_rec_000106_c9bc52778731/figure_004.png,final_or_documentation,162187,2026-08-10T21:07:04.011368+00:00,e92b64e8be5b60b6d5704ddaa1e6672b326d96d6e7aacb1ebb79de5d7e535d22
06_docling_screening/profiles/figures/update_2026_08_09_rec_000106_c9bc52778731/figure_005.png,final_or_documentation,355649,2026-08-10T21:07:04.050746+00:00,813d4d14d98d8d04916a5588e843f56500297a22ce32ae5a0f1df1c5823acf7a
06_docling_screening/profiles/figures/update_2026_08_09_rec_000106_c9bc52778731/figure_006.png,final_or_documentation,392121,2026-08-10T21:07:04.077986+00:00,802cb2d89b818e468f1e6e1c52436bdad949bcef33f613670b3bc1a2b0db2220
06_docling_screening/profiles/figures/update_2026_08_09_rec_000106_c9bc52778731/figure_007.png,final_or_documentation,283465,2026-08-10T21:07:04.103538+00:00,0ceef7a9a39586273930f71daba8eeb05fceaa44b09345bcbe56e510e36d780f
06_docling_screening/profiles/figures/update_2026_08_09_rec_000106_c9bc52778731/figure_008.png,final_or_documentation,276227,2026-08-10T21:07:04.124644+00:00,1d6750a688f01e81e69ec637f9f3e7c4e216bf61d47084f8bc97ee1698654153
06_docling_screening/profiles/figures/update_2026_08_09_rec_000106_c9bc52778731/figure_009.png,final_or_documentation,306078,2026-08-10T21:07:04.147341+00:00,620cd33d00ab53e82bca850608a78f06e0cb374f4bf7fb320b3e14798af932f4
06_docling_screening/profiles/figures/update_2026_08_09_rec_000106_c9bc52778731/figure_010.png,final_or_documentation,298766,2026-08-10T21:07:04.169190+00:00,adf23de36206b4e6b6f4260fd61b4464cd920b553275e486fc145912342bbbfd
06_docling_screening/profiles/figures/update_2026_08_09_rec_000106_c9bc52778731/figure_011.png,final_or_documentation,303767,2026-08-10T21:07:04.193599+00:00,c818f678f4263b0342314706710d03de044e67c6a9d2816c009fac59e3dd73e3
06_docling_screening/profiles/figures/update_2026_08_09_rec_000106_c9bc52778731/figure_012.png,final_or_documentation,298200,2026-08-10T21:07:04.217828+00:00,e0984f7c2bf28dd77048f2882a89ee1cf5d5dc976e66ed827129b4201a2b7f79
06_docling_screening/profiles/figures/update_2026_08_09_rec_000106_c9bc52778731/figure_013.png,final_or_documentation,176938,2026-08-10T21:07:04.245687+00:00,2527fa0366901109d96ff487466e0dc59df988416e97b353fad12a97557929ec
06_docling_screening/profiles/figures/update_2026_08_09_rec_000106_c9bc52778731/figure_014.png,final_or_documentation,218008,2026-08-10T21:07:04.275421+00:00,5a3faca610796159fd02bcbba803cffc3898c8a6f2265b000bc75faad9aedb54
06_docling_screening/profiles/figures/update_2026_08_09_rec_000106_c9bc52778731/figure_015.png,final_or_documentation,188919,2026-08-10T21:07:04.295512+00:00,c6261c5a01fa83a214231da6b07f9e0bb5aa384dd3e3757a5bced2dbb3eb4546
06_docling_screening/profiles/figures/update_2026_08_09_rec_000106_c9bc52778731/figure_016.png,final_or_documentation,220906,2026-08-10T21:07:04.325698+00:00,d6be30e99f439d2c3cba7218fd44b0335c5680dbd4532572f0b65b8cd34f1337
06_docling_screening/profiles/figures/update_2026_08_09_rec_000106_c9bc52778731/figure_017.png,final_or_documentation,218533,2026-08-10T21:07:04.360661+00:00,d7c44be822ea7f81825cf51611175b085cb5d1563ec15da051b956b2d779fb0f
06_docling_screening/profiles/figures/update_2026_08_09_rec_000106_c9bc52778731/figure_018.png,final_or_documentation,59162,2026-08-10T21:07:04.374593+00:00,c5e3023acabea20d6dafed9a2339682a9620792785744787714dcd6c58bce8f9
06_docling_screening/profiles/figures/update_2026_08_09_rec_000106_c9bc52778731/figures_manifest.json,final_or_documentation,12945,2026-08-10T21:07:04.375333+00:00,a502488668f1085a95c7a8566efddb7322b9bc56a61100b46eeadbab75c57749
06_docling_screening/profiles/figures/update_2026_08_09_rec_000131_47b518c005c5/figures_manifest.json,final_or_documentation,3425,2026-08-10T21:06:29.135852+00:00,9b4923dc9f42090f7ef86b5520e22c75daadec1b231bf492d84f09c456fde7fa
06_docling_screening/profiles/figures/update_2026_08_09_rec_000138_796e32b2faec/figure_001.png,final_or_documentation,166310,2026-08-10T21:06:50.076635+00:00,166ae789ff33a3c17ee3e0cf2ea04c5dad6e51e92fb3d118ba4b692e70b593f1
06_docling_screening/profiles/figures/update_2026_08_09_rec_000138_796e32b2faec/figure_002.png,final_or_documentation,424552,2026-08-10T21:06:50.110787+00:00,59bded760b3910a7c5e128cf479f8f628f639bbb48c9d2c7371c32c365afadc9
06_docling_screening/profiles/figures/update_2026_08_09_rec_000138_796e32b2faec/figure_003.png,final_or_documentation,397346,2026-08-10T21:06:50.142052+00:00,3d72c1a553a07149765ac7c037a323971493d043d656068810ced0a3be6692c5
06_docling_screening/profiles/figures/update_2026_08_09_rec_000138_796e32b2faec/figure_004.png,final_or_documentation,83839,2026-08-10T21:06:50.150297+00:00,73eaa7d8077ef32d088ecf68fd610bb1be1b6bd1b6e1e9d49216b392dbad6809
06_docling_screening/profiles/figures/update_2026_08_09_rec_000138_796e32b2faec/figure_005.png,final_or_documentation,126982,2026-08-10T21:06:50.168535+00:00,283c018ea0aa0c9df0e30a67c3bfba8a24ee1258ea1b77ef2abcce177e8c3e30
06_docling_screening/profiles/figures/update_2026_08_09_rec_000138_796e32b2faec/figure_006.png,final_or_documentation,378912,2026-08-10T21:06:50.202917+00:00,a402c1407e6209b2ee213939e4145ae6cd6ae81fcf97f843f1682da02539c677
06_docling_screening/profiles/figures/update_2026_08_09_rec_000138_796e32b2faec/figure_007.png,final_or_documentation,468637,2026-08-10T21:06:50.238678+00:00,5d57349fd4d0e41b7bec6770189ed77059298fbcea56269bd250f2f6ebf97ab7
06_docling_screening/profiles/figures/update_2026_08_09_rec_000138_796e32b2faec/figure_008.png,final_or_documentation,150988,2026-08-10T21:06:50.258885+00:00,c64263b8856fdf756748daa9ba94fc8a608c6bf9c90477ad49e8c5dfc50b4f07
06_docling_screening/profiles/figures/update_2026_08_09_rec_000138_796e32b2faec/figure_009.png,final_or_documentation,259630,2026-08-10T21:06:50.281068+00:00,865a1a34b6128313a13f02a95aa37f896d56eb9e106627914a6b306fb63f373e
06_docling_screening/profiles/figures/update_2026_08_09_rec_000138_796e32b2faec/figure_010.png,final_or_documentation,145250,2026-08-10T21:06:50.291985+00:00,71b6f4435529c27f6959c1f7aa6fa35ff55577b064e4c71830ecd9328bc872e7
06_docling_screening/profiles/figures/update_2026_08_09_rec_000138_796e32b2faec/figure_011.png,final_or_documentation,383809,2026-08-10T21:06:50.325722+00:00,0927a51571a3b33e9d20b31aa20d928f835176ceecfe9e14bd6f63d294a32be9
06_docling_screening/profiles/figures/update_2026_08_09_rec_000138_796e32b2faec/figures_manifest.json,final_or_documentation,8506,2026-08-10T21:06:50.326968+00:00,18b8c6f2c250d44a2b2bc50500eb8d21f3b6aa4c2978401750e4295c23e4aa74
06_docling_screening/profiles/figures/update_2026_08_09_rec_000219_90320ec9eb06/figure_001.png,final_or_documentation,151188,2026-08-10T21:08:07.931481+00:00,722e37115b1c28dd76ef60b7de5411af1b1b8782058de6a9ca2583cfcdf0d834
06_docling_screening/profiles/figures/update_2026_08_09_rec_000219_90320ec9eb06/figure_002.png,final_or_documentation,181966,2026-08-10T21:08:07.945094+00:00,0a3203facf0281a52a14a2f9d95e7fb5a906badd68fb3e389d4bd1680a370ff1
06_docling_screening/profiles/figures/update_2026_08_09_rec_000219_90320ec9eb06/figure_003.png,final_or_documentation,324647,2026-08-10T21:08:07.969885+00:00,c0c28b64b9200a486b361b0a5ba50d902cffe3c63e402f46aad3f991e5686241
06_docling_screening/profiles/figures/update_2026_08_09_rec_000219_90320ec9eb06/figure_004.png,final_or_documentation,202558,2026-08-10T21:08:07.992575+00:00,3710541a91260a5c6ad4d1ec59aebe9ed791728171a81f1b82b893752e61903c
06_docling_screening/profiles/figures/update_2026_08_09_rec_000219_90320ec9eb06/figure_005.png,final_or_documentation,119847,2026-08-10T21:08:08.006482+00:00,28c247e6a18d263fff36ee239da8d1e8b9f460cfcf068282941277f056e560c8
06_docling_screening/profiles/figures/update_2026_08_09_rec_000219_90320ec9eb06/figure_006.png,final_or_documentation,137389,2026-08-10T21:08:08.023842+00:00,d44172381b1c9d9b6e6f1e293633e8ac98dc818f44e251f8219850c73ca4e5f3
06_docling_screening/profiles/figures/update_2026_08_09_rec_000219_90320ec9eb06/figure_007.png,final_or_documentation,115741,2026-08-10T21:08:08.036104+00:00,a3762bcfc3ef842153a14b5ff992e503ed9d427348e8523d59e30cf58b7e11ad
06_docling_screening/profiles/figures/update_2026_08_09_rec_000219_90320ec9eb06/figure_008.png,final_or_documentation,85547,2026-08-10T21:08:08.048175+00:00,d2a733954ecaea8d4683b7cad8d17491fddad21d7adce0abeed6523c86f016db
06_docling_screening/profiles/figures/update_2026_08_09_rec_000219_90320ec9eb06/figure_009.png,final_or_documentation,206056,2026-08-10T21:08:08.067164+00:00,d6fffe91de3ad7d811297e63043200b9cfc68b99e5df85c685bd8f1cc4f7428e
06_docling_screening/profiles/figures/update_2026_08_09_rec_000219_90320ec9eb06/figure_010.png,final_or_documentation,110624,2026-08-10T21:08:08.083090+00:00,f4c14a22d59d3bf7836eca4febf123db29efbe5e42d8d6ecc52a222b8d41937e
06_docling_screening/profiles/figures/update_2026_08_09_rec_000219_90320ec9eb06/figure_011.png,final_or_documentation,98838,2026-08-10T21:08:08.094424+00:00,9b3a949864b8418420612ac1b30be5f6650a8e316145663795737ab633ba6857
06_docling_screening/profiles/figures/update_2026_08_09_rec_000219_90320ec9eb06/figure_012.png,final_or_documentation,36723,2026-08-10T21:08:08.100596+00:00,a7cb6c5800f6785c559142e50451570724a7f6cb2531a1a890077d6dd9e4abc0
06_docling_screening/profiles/figures/update_2026_08_09_rec_000219_90320ec9eb06/figure_013.png,final_or_documentation,231547,2026-08-10T21:08:08.116646+00:00,ec59a8aa53885a16d8f1fa6882b8c86c406f984b67be13dd537c4071a092757c
06_docling_screening/profiles/figures/update_2026_08_09_rec_000219_90320ec9eb06/figure_014.png,final_or_documentation,296067,2026-08-10T21:08:08.136832+00:00,41c28c8f5cb3653928245710332bef690a1862311a382ba5ab0cecc30561fa60
06_docling_screening/profiles/figures/update_2026_08_09_rec_000219_90320ec9eb06/figure_015.png,final_or_documentation,118641,2026-08-10T21:08:08.154079+00:00,ca25308b1df0a44720592fb049cfd1d641ee695ea156d898a8e80dee93b92aa0
06_docling_screening/profiles/figures/update_2026_08_09_rec_000219_90320ec9eb06/figure_016.png,final_or_documentation,156279,2026-08-10T21:08:08.171437+00:00,196340d0d0db59d366d4a0d39c6deed16a2d855d1463b4f1603451cfc8c6df4f
06_docling_screening/profiles/figures/update_2026_08_09_rec_000219_90320ec9eb06/figure_017.png,final_or_documentation,75358,2026-08-10T21:08:08.181654+00:00,9b209f1392990f9e5a2623485c86d5b91d18e1cb653c04e3cb6485870ab23ab8
06_docling_screening/profiles/figures/update_2026_08_09_rec_000219_90320ec9eb06/figure_018.png,final_or_documentation,50593,2026-08-10T21:08:08.191816+00:00,13df2b9110857b51c2aa5c8dcf24f72d0c6662783fd4fadc644b3e8fda5632ed
06_docling_screening/profiles/figures/update_2026_08_09_rec_000219_90320ec9eb06/figure_019.png,final_or_documentation,220650,2026-08-10T21:08:08.206431+00:00,1fd79931ae700a40547fa99777347afcd3c10323614f1d1e98f0e7e3c5608503
06_docling_screening/profiles/figures/update_2026_08_09_rec_000219_90320ec9eb06/figure_020.png,final_or_documentation,93157,2026-08-10T21:08:08.221876+00:00,a1c76dd66067ffb805494aa277f02bb385c08645d837b6a74fe8c52ce75b2c8c
06_docling_screening/profiles/figures/update_2026_08_09_rec_000219_90320ec9eb06/figure_021.png,final_or_documentation,39654,2026-08-10T21:08:08.228675+00:00,a03bc72210899e3d0a7b0550bfc7f8f3de10f58a8f95a88941eb11a35a37530a
06_docling_screening/profiles/figures/update_2026_08_09_rec_000219_90320ec9eb06/figure_022.png,final_or_documentation,185608,2026-08-10T21:08:08.243251+00:00,b227d4790dd920f952bf6a78bab452d4b7a1c6ca96dbf1fa1cba9541d9e4ffec
06_docling_screening/profiles/figures/update_2026_08_09_rec_000219_90320ec9eb06/figure_023.png,final_or_documentation,148946,2026-08-10T21:08:08.253070+00:00,b21df7332bee44fd5a23bc71ed8c935a81e75272fdfb4411673861b71d4e1c3d
06_docling_screening/profiles/figures/update_2026_08_09_rec_000219_90320ec9eb06/figure_024.png,final_or_documentation,93596,2026-08-10T21:08:08.265447+00:00,ad460ee5370c6a448e341476ae0f23ef9116e7383b54b68724321324db732495
06_docling_screening/profiles/figures/update_2026_08_09_rec_000219_90320ec9eb06/figure_025.png,final_or_documentation,126678,2026-08-10T21:08:08.282143+00:00,841186208ffbe0d432a7e827bbcb9ee3ffe64675b50efd410497852c1c84ebbd
06_docling_screening/profiles/figures/update_2026_08_09_rec_000219_90320ec9eb06/figure_026.png,final_or_documentation,95426,2026-08-10T21:08:08.290979+00:00,45aa9fcf3dadde4f613a9d69727a17eb85c56134048ba1ae1cfa696ecc13593f
06_docling_screening/profiles/figures/update_2026_08_09_rec_000219_90320ec9eb06/figure_027.png,final_or_documentation,104904,2026-08-10T21:08:08.305990+00:00,267a4d61fe38dcb55f40fb272c7e99c45cd355a523743a67ace61e709582254b
06_docling_screening/profiles/figures/update_2026_08_09_rec_000219_90320ec9eb06/figure_028.png,final_or_documentation,34912,2026-08-10T21:08:08.313155+00:00,4bca865e1a3d34450e9c58c00f1ed1fa3b1de40996add7d918b95fcf015c4a08
06_docling_screening/profiles/figures/update_2026_08_09_rec_000219_90320ec9eb06/figure_029.png,final_or_documentation,103350,2026-08-10T21:08:08.330055+00:00,b33417680ba2228458cb7959a6b69f0d3fff6ac6f25547269261c66153a26a3b
06_docling_screening/profiles/figures/update_2026_08_09_rec_000219_90320ec9eb06/figure_030.png,final_or_documentation,265545,2026-08-10T21:08:08.350149+00:00,620fe89af1ac9e5d4a4412be5de34098fe1d3902b85c723db9667e94e497850f
06_docling_screening/profiles/figures/update_2026_08_09_rec_000219_90320ec9eb06/figure_031.png,final_or_documentation,97333,2026-08-10T21:08:08.365915+00:00,cbe91324a52166414c58feb3193db5a6db223a4c6b4b5b29d950050ec1623065
06_docling_screening/profiles/figures/update_2026_08_09_rec_000219_90320ec9eb06/figure_032.png,final_or_documentation,50086,2026-08-10T21:08:08.374557+00:00,6d13c5eb7391c65a112680d8c80f9af2f18ea8c27df53e25583d2193e602c019
06_docling_screening/profiles/figures/update_2026_08_09_rec_000219_90320ec9eb06/figure_033.png,final_or_documentation,98899,2026-08-10T21:08:08.392416+00:00,46254d31c78870a7936b04eef7fa9cd3a85ca462b4a9783620f1aec4f59adaa4
06_docling_screening/profiles/figures/update_2026_08_09_rec_000219_90320ec9eb06/figure_034.png,final_or_documentation,90352,2026-08-10T21:08:08.401615+00:00,55b750a0bab7c364cbf3d7c1757b4d16f38afc721b9e88bc44d513a6500dfc57
06_docling_screening/profiles/figures/update_2026_08_09_rec_000219_90320ec9eb06/figure_035.png,final_or_documentation,38489,2026-08-10T21:08:08.408297+00:00,f53bb72d0cce9944b32c2b638fea9dcd06dc448bd63468c26a7c00cb6924a9af
06_docling_screening/profiles/figures/update_2026_08_09_rec_000219_90320ec9eb06/figure_036.png,final_or_documentation,45115,2026-08-10T21:08:08.419551+00:00,4925058abc4888dd1692bd4083fffb35d1e53defa466df2af1628bc490baa869
06_docling_screening/profiles/figures/update_2026_08_09_rec_000219_90320ec9eb06/figure_037.png,final_or_documentation,27280,2026-08-10T21:08:08.426610+00:00,6693a13266b717d393a217c2c1d588a07595168cb6494693171d2ca20bbebc72
06_docling_screening/profiles/figures/update_2026_08_09_rec_000219_90320ec9eb06/figure_038.png,final_or_documentation,390005,2026-08-10T21:08:08.449936+00:00,31dce4285c0dbe7b91d0821fa035d00aa4ea16fc39155d6a57ccfc2d6d9a46eb
06_docling_screening/profiles/figures/update_2026_08_09_rec_000219_90320ec9eb06/figure_039.png,final_or_documentation,42234,2026-08-10T21:08:08.456388+00:00,5979c0dac8a0adcb190066766a35dae031e5e24be296083b3a4be100046f77e9
06_docling_screening/profiles/figures/update_2026_08_09_rec_000219_90320ec9eb06/figure_040.png,final_or_documentation,143667,2026-08-10T21:08:08.472886+00:00,95891961654b8337f4d6b8547f6ba1d39b5764b2a90744f416a8ab9443c9b698
06_docling_screening/profiles/figures/update_2026_08_09_rec_000219_90320ec9eb06/figure_041.png,final_or_documentation,409800,2026-08-10T21:08:08.500151+00:00,5fbf7e2cfb7cf7f6e6cb30f0d5fab221e4b6ae611709cb1f420e9dfbe91d8282
06_docling_screening/profiles/figures/update_2026_08_09_rec_000219_90320ec9eb06/figure_042.png,final_or_documentation,298534,2026-08-10T21:08:08.522264+00:00,9dacb8664742f41df42c839a6c51a9f79cf2c5b835feba2dfd4310d861b58445
06_docling_screening/profiles/figures/update_2026_08_09_rec_000219_90320ec9eb06/figure_043.png,final_or_documentation,600769,2026-08-10T21:08:08.554168+00:00,ac36ae83a7d3f921497c2dcf842ccc4046940c60036309653e3a588194121090
06_docling_screening/profiles/figures/update_2026_08_09_rec_000219_90320ec9eb06/figure_044.png,final_or_documentation,386619,2026-08-10T21:08:08.581988+00:00,5d5f68a6bd2d305dcaf004e5b135c9e440c1d39fbacdc5d8f114953a162469a3
06_docling_screening/profiles/figures/update_2026_08_09_rec_000219_90320ec9eb06/figure_045.png,final_or_documentation,105004,2026-08-10T21:08:08.589916+00:00,aa007bbac3c23e519d6e524e195767385d7adae37eee9144919e27752b246739
06_docling_screening/profiles/figures/update_2026_08_09_rec_000219_90320ec9eb06/figure_046.png,final_or_documentation,163385,2026-08-10T21:08:08.599123+00:00,92c8a1f5636042202bcdac45f9e2b1b2347e82aeba32fc8772423ec61a58befa
06_docling_screening/profiles/figures/update_2026_08_09_rec_000219_90320ec9eb06/figure_047.png,final_or_documentation,23973,2026-08-10T21:08:08.604401+00:00,2714a873b5c50fc96186d694b3ef1a509bdaaf647a3f688d7404cff1636f7f6f
06_docling_screening/profiles/figures/update_2026_08_09_rec_000219_90320ec9eb06/figure_048.png,final_or_documentation,75335,2026-08-10T21:08:08.614283+00:00,d74f99b78e101e5c70c900c62af3479d024d23fe96bb49853965a45337bbb9cc
06_docling_screening/profiles/figures/update_2026_08_09_rec_000219_90320ec9eb06/figure_049.png,final_or_documentation,55688,2026-08-10T21:08:08.622391+00:00,9c469fed08ccc04d09f11bd20cb0098d20e2dc3640494db9e228257dc95d98ac
06_docling_screening/profiles/figures/update_2026_08_09_rec_000219_90320ec9eb06/figure_050.png,final_or_documentation,37740,2026-08-10T21:08:08.628542+00:00,b77cd201240569ca89a6c4c89185314d51a59694f2efe21a07624d6ce67e79a9
06_docling_screening/profiles/figures/update_2026_08_09_rec_000219_90320ec9eb06/figure_051.png,final_or_documentation,43673,2026-08-10T21:08:08.636209+00:00,a72b13c2c9340f9d0c322e6c53eb9adcefcfb0b8a9a03525eea2e8e24db1fa08
06_docling_screening/profiles/figures/update_2026_08_09_rec_000219_90320ec9eb06/figure_052.png,final_or_documentation,239385,2026-08-10T21:08:08.656715+00:00,be7da0e07986956ae1180b563a7fd4c4326a3b0ab9804c2af94b7f075bbb1026
06_docling_screening/profiles/figures/update_2026_08_09_rec_000219_90320ec9eb06/figure_053.png,final_or_documentation,313419,2026-08-10T21:08:08.681397+00:00,7d46702cee2dd90d03b77558fbc5e6299db42fb77b2c2ceed5757cac6570cc0e
06_docling_screening/profiles/figures/update_2026_08_09_rec_000219_90320ec9eb06/figure_054.png,final_or_documentation,215701,2026-08-10T21:08:08.700275+00:00,3cd480b0f92939e3b5631f18788ac8dcec920c75358ae6558a76cfc68a5788e3
06_docling_screening/profiles/figures/update_2026_08_09_rec_000219_90320ec9eb06/figure_055.png,final_or_documentation,262682,2026-08-10T21:08:08.724019+00:00,d9c1799d941d6938fcac007056cac416a0c1ae3309222eb921b6a7663813319b
06_docling_screening/profiles/figures/update_2026_08_09_rec_000219_90320ec9eb06/figure_056.png,final_or_documentation,1259765,2026-08-10T21:08:08.778836+00:00,fe1fc74899e776211d3809d8c5db8b99f820c23b39049801b3540a5cff7af5e3
06_docling_screening/profiles/figures/update_2026_08_09_rec_000219_90320ec9eb06/figure_057.png,final_or_documentation,344176,2026-08-10T21:08:08.804058+00:00,23e3367baae5f7fe69a460a46462314ddfd0a99076b88a7c56d7bb4820b5054a
06_docling_screening/profiles/figures/update_2026_08_09_rec_000219_90320ec9eb06/figure_058.png,final_or_documentation,353990,2026-08-10T21:08:08.828516+00:00,ea8c00086d7f5f6c3e8bf410120b3082729a5e24a970d60ce35d4a17537f15a8
06_docling_screening/profiles/figures/update_2026_08_09_rec_000219_90320ec9eb06/figure_059.png,final_or_documentation,76469,2026-08-10T21:08:08.842496+00:00,2d9a04f7ae298a049e9d82c966bfe7ab7391180979fa5dc4e05766b7206b3838
06_docling_screening/profiles/figures/update_2026_08_09_rec_000219_90320ec9eb06/figure_060.png,final_or_documentation,59272,2026-08-10T21:08:08.855108+00:00,d314a152064659874ceb60fc58e34fefcb8615b3acbdb4cd77afa85abdf32ea4
06_docling_screening/profiles/figures/update_2026_08_09_rec_000219_90320ec9eb06/figure_061.png,final_or_documentation,46406,2026-08-10T21:08:08.867376+00:00,77df947e81d4675c725b3b9e131f8a50bab3fb666c53ad1a64c20c8517020f66
06_docling_screening/profiles/figures/update_2026_08_09_rec_000219_90320ec9eb06/figure_062.png,final_or_documentation,118727,2026-08-10T21:08:08.883820+00:00,8fa4960fda19c04bc033199217f296f0dbbeac4296044b5b0614224ba4eaf283
06_docling_screening/profiles/figures/update_2026_08_09_rec_000219_90320ec9eb06/figure_063.png,final_or_documentation,41380,2026-08-10T21:08:08.890814+00:00,3835ca71de758069e7522a101164364d9fb2febf43741e465f3b9c07178ccf0d
06_docling_screening/profiles/figures/update_2026_08_09_rec_000219_90320ec9eb06/figure_064.png,final_or_documentation,41810,2026-08-10T21:08:08.898314+00:00,cc79f04e7f0162f527500c603c1493b6a3126f7ba7290ad38ae7c4349585da75
06_docling_screening/profiles/figures/update_2026_08_09_rec_000219_90320ec9eb06/figure_065.png,final_or_documentation,300341,2026-08-10T21:08:08.922192+00:00,46ba1f89866cad672a8245c04f32b1787978df909ad5e304a7dd1b2c35b90b34
06_docling_screening/profiles/figures/update_2026_08_09_rec_000219_90320ec9eb06/figure_066.png,final_or_documentation,41229,2026-08-10T21:08:08.930008+00:00,f506447f6b0df158474b88b166bb369076274462ab09071a4a710fb01ddb409c
06_docling_screening/profiles/figures/update_2026_08_09_rec_000219_90320ec9eb06/figure_067.png,final_or_documentation,43185,2026-08-10T21:08:08.936605+00:00,fcbba1333d91963d19db347df6b8b9dbac6cfdcfcc4af2b6501f00631b0ad46a
06_docling_screening/profiles/figures/update_2026_08_09_rec_000219_90320ec9eb06/figure_068.png,final_or_documentation,45815,2026-08-10T21:08:08.943545+00:00,961846e5e5539800e8e6af475d2c96102e6fc6b25102afe172311c9f8b7ff986
06_docling_screening/profiles/figures/update_2026_08_09_rec_000219_90320ec9eb06/figure_069.png,final_or_documentation,136176,2026-08-10T21:08:08.955393+00:00,696ea25245cd6cbc4686ce93e8b5d7b696fba597c472cc466809c7a7a9cc2845
06_docling_screening/profiles/figures/update_2026_08_09_rec_000219_90320ec9eb06/figure_070.png,final_or_documentation,102092,2026-08-10T21:08:08.969754+00:00,01e6c78c3af88b0ed3889c52fb8949ec06d3cdbcd83c95b288d70273873672f8
06_docling_screening/profiles/figures/update_2026_08_09_rec_000219_90320ec9eb06/figure_071.png,final_or_documentation,125516,2026-08-10T21:08:08.980928+00:00,d3869acffc5a12c075bd1c299cb4ae1d1198c82d90c499a5ab7f581ac84885af
06_docling_screening/profiles/figures/update_2026_08_09_rec_000219_90320ec9eb06/figure_072.png,final_or_documentation,97910,2026-08-10T21:08:08.996441+00:00,a4992b27f538c29d7611ef3acf5dbe866434dce2a275a97c00a5cb9facfc4747
06_docling_screening/profiles/figures/update_2026_08_09_rec_000219_90320ec9eb06/figure_073.png,final_or_documentation,31868,2026-08-10T21:08:09.002681+00:00,d92b8fe894311ad1e8b3dc9acf5fe5a31057713a94a29b5bb5fef2940bb4efa1
06_docling_screening/profiles/figures/update_2026_08_09_rec_000219_90320ec9eb06/figure_074.png,final_or_documentation,22252,2026-08-10T21:08:09.008114+00:00,93afe1141f38796f213c8f511387345b3ccc6c3ed96802f9db1538da191faae2
06_docling_screening/profiles/figures/update_2026_08_09_rec_000219_90320ec9eb06/figure_075.png,final_or_documentation,26352,2026-08-10T21:08:09.012320+00:00,576665bf53d09e7eb00bc5e01b47583a27186f684df3b9f33b572565710971c1
06_docling_screening/profiles/figures/update_2026_08_09_rec_000219_90320ec9eb06/figure_076.png,final_or_documentation,212260,2026-08-10T21:08:09.029995+00:00,0f1b9a61b6d2ca04b7bf1237f3740df6711f9e67885382091c8f750282400a7c
06_docling_screening/profiles/figures/update_2026_08_09_rec_000219_90320ec9eb06/figure_077.png,final_or_documentation,53872,2026-08-10T21:08:09.041001+00:00,e4aeaa81350e44533f077dc89f8757a98d159f32b54988373378b0cfb6f4cdaf
06_docling_screening/profiles/figures/update_2026_08_09_rec_000219_90320ec9eb06/figure_078.png,final_or_documentation,441360,2026-08-10T21:08:09.068649+00:00,9468031448b9db8c85c1384cc3bb45b1dbe274d4cdf0b6143fe548a58fe94a55
06_docling_screening/profiles/figures/update_2026_08_09_rec_000219_90320ec9eb06/figure_079.png,final_or_documentation,389875,2026-08-10T21:08:09.093966+00:00,8cd6695a2a306723f8207a2d8388fca21c2500d74775841999ec2eb08d44bfce
06_docling_screening/profiles/figures/update_2026_08_09_rec_000219_90320ec9eb06/figure_080.png,final_or_documentation,237720,2026-08-10T21:08:09.111746+00:00,fc7e454cab94e00aa2fe4a81e861a27196b9fd8743f1a1d5813db0aee60fb003
06_docling_screening/profiles/figures/update_2026_08_09_rec_000219_90320ec9eb06/figure_081.png,final_or_documentation,297331,2026-08-10T21:08:09.135843+00:00,0d6e682cdb1d92cc70e425bb038d46c39a19291d6c2199d2681ae2eac5120e06
06_docling_screening/profiles/figures/update_2026_08_09_rec_000219_90320ec9eb06/figure_082.png,final_or_documentation,245652,2026-08-10T21:08:09.155017+00:00,374d1de738aecde386c90214e6ea1a23f0f69034c76c1f704474001c6d1e22e5
06_docling_screening/profiles/figures/update_2026_08_09_rec_000219_90320ec9eb06/figure_083.png,final_or_documentation,156067,2026-08-10T21:08:09.165332+00:00,bff4ca6839f91da754acb1a31c1bc0195aa5065cc5eb847c875343edab33ef30
06_docling_screening/profiles/figures/update_2026_08_09_rec_000219_90320ec9eb06/figure_084.png,final_or_documentation,78071,2026-08-10T21:08:09.173341+00:00,9d7dec1abb027c47fb7328c634aee6d58a5a2bd1486c2414da6fd666b4513d94
06_docling_screening/profiles/figures/update_2026_08_09_rec_000219_90320ec9eb06/figure_085.png,final_or_documentation,119743,2026-08-10T21:08:09.186188+00:00,db6fb693eef1829c2acbd3d92ee65a9b031cd608704b0e937c54223102d09435
06_docling_screening/profiles/figures/update_2026_08_09_rec_000219_90320ec9eb06/figure_086.png,final_or_documentation,87725,2026-08-10T21:08:09.194736+00:00,2de39e3a923d6f1d258c1e9ae331be561547e6c1a119ccfd3d714e4c39d191a5
06_docling_screening/profiles/figures/update_2026_08_09_rec_000219_90320ec9eb06/figure_087.png,final_or_documentation,101126,2026-08-10T21:08:09.217669+00:00,7209ab0c8f301d7415888cdc401d8d6b2ad6d14755f4cbf42ed481ba7c5be9fe
06_docling_screening/profiles/figures/update_2026_08_09_rec_000219_90320ec9eb06/figure_088.png,final_or_documentation,38938,2026-08-10T21:08:09.222419+00:00,e1e259b069c96670166904202123caf4163893adbc7eb2c8247f3cf56c7723d9
06_docling_screening/profiles/figures/update_2026_08_09_rec_000219_90320ec9eb06/figure_089.png,final_or_documentation,1662,2026-08-10T21:08:09.222824+00:00,7b1f85f8ad97a226d8f94f64d022388b7f6285144a1710aecd92d945fdab015a
06_docling_screening/profiles/figures/update_2026_08_09_rec_000219_90320ec9eb06/figure_090.png,final_or_documentation,4127,2026-08-10T21:08:09.223317+00:00,abe27152f172a8560daa7b0f262d93a86def54e7ee54c3edafbe2edc50b44c0d
06_docling_screening/profiles/figures/update_2026_08_09_rec_000219_90320ec9eb06/figure_091.png,final_or_documentation,1600,2026-08-10T21:08:09.223651+00:00,e0078631155e8ce41c525bab0ee8c9152021d5e6d2e3d9680e5a4ea5bdd7baa3
06_docling_screening/profiles/figures/update_2026_08_09_rec_000219_90320ec9eb06/figure_092.png,final_or_documentation,93214,2026-08-10T21:08:09.232157+00:00,c6217c08cafda456168a129693b4c2aa6533048ef752db8be45d172a8020f1cf
06_docling_screening/profiles/figures/update_2026_08_09_rec_000219_90320ec9eb06/figure_093.png,final_or_documentation,4365,2026-08-10T21:08:09.232830+00:00,34065101b437f2af52a454b0b94ff734964c4f392e8e16b0620a6d91202dd335
06_docling_screening/profiles/figures/update_2026_08_09_rec_000219_90320ec9eb06/figure_094.png,final_or_documentation,115932,2026-08-10T21:08:09.246104+00:00,01d2316b4c8120250048a911aa0603c2d332fc56784fc4b6e08359e01f6fe57d
06_docling_screening/profiles/figures/update_2026_08_09_rec_000219_90320ec9eb06/figure_095.png,final_or_documentation,82830,2026-08-10T21:08:09.260124+00:00,0a7fb843162abd90f5cb119106cc19547ee4b205e21c47f0e8f663264bd79967
06_docling_screening/profiles/figures/update_2026_08_09_rec_000219_90320ec9eb06/figure_096.png,final_or_documentation,102287,2026-08-10T21:08:09.273774+00:00,ae2fe3446a572341884b4a45e2b05fb631bc9a10ee926a7426986613b3db2bd3
06_docling_screening/profiles/figures/update_2026_08_09_rec_000219_90320ec9eb06/figure_097.png,final_or_documentation,48339,2026-08-10T21:08:09.281564+00:00,740674b306de82f95d8691dad0c2352e5ee2594da9b2052ab6218dc215c8428b
06_docling_screening/profiles/figures/update_2026_08_09_rec_000219_90320ec9eb06/figure_098.png,final_or_documentation,23456,2026-08-10T21:08:09.283505+00:00,7e88e21c8f572a55f65e10c63982d2266eb853f5e51121262379be3caa050255
06_docling_screening/profiles/figures/update_2026_08_09_rec_000219_90320ec9eb06/figure_099.png,final_or_documentation,89084,2026-08-10T21:08:09.289167+00:00,1b53f226b487e080d2e84e80950a566892d2898e3941242f0ccb1bf740d9286b
06_docling_screening/profiles/figures/update_2026_08_09_rec_000219_90320ec9eb06/figure_100.png,final_or_documentation,34921,2026-08-10T21:08:09.291780+00:00,efbaa6208bfb5143ed9677e7874d4e38eb8b2ad67b559f69622a4e0495ddcbe1
06_docling_screening/profiles/figures/update_2026_08_09_rec_000219_90320ec9eb06/figure_101.png,final_or_documentation,82410,2026-08-10T21:08:09.297067+00:00,31be747733682472bda93d6c21509c22be45218e5a97d75f028802df1210696b
06_docling_screening/profiles/figures/update_2026_08_09_rec_000219_90320ec9eb06/figure_102.png,final_or_documentation,104070,2026-08-10T21:08:09.309825+00:00,3dfd9fb6c322ae0794d228ed5140cdeb113b67e9eaa5638da7d41896bcb07b7d
06_docling_screening/profiles/figures/update_2026_08_09_rec_000219_90320ec9eb06/figure_103.png,final_or_documentation,24082,2026-08-10T21:08:09.312626+00:00,b51a83c8508f9bcd6fc9923db373e08f21ba2a1f5188f71b47f1eca4cc62773d
06_docling_screening/profiles/figures/update_2026_08_09_rec_000219_90320ec9eb06/figures_manifest.json,final_or_documentation,80979,2026-08-10T21:08:09.314286+00:00,af75b1f236b34f925ecdcc4bcc370eb669d17fbef1df0d3909d61c41cc5a9ce7
06_docling_screening/profiles/figures/update_2026_08_09_rec_000227_3c81c4cfabb4/figure_001.png,final_or_documentation,10611,2026-08-10T21:07:04.755685+00:00,1169c3da6545bdd8674cf6864eee3fd58fc3ece41247aaea6f359152e80a62f4
06_docling_screening/profiles/figures/update_2026_08_09_rec_000227_3c81c4cfabb4/figure_002.png,final_or_documentation,125961,2026-08-10T21:07:04.766979+00:00,80e0e94c771a8fff8be922ab80802164d87809b57cb0026175d3a4d5e1e5a5fb
06_docling_screening/profiles/figures/update_2026_08_09_rec_000227_3c81c4cfabb4/figure_003.png,final_or_documentation,99721,2026-08-10T21:07:04.776909+00:00,46f46a09bc9c19974ccc18fc4e17276799650869090e8c04de4aed2c44240733
06_docling_screening/profiles/figures/update_2026_08_09_rec_000227_3c81c4cfabb4/figure_004.png,final_or_documentation,134145,2026-08-10T21:07:04.794264+00:00,40c787f52d9a5376ca0778114461d4e1b2def1bc3306cbe1fc4162d5d71e95b1
06_docling_screening/profiles/figures/update_2026_08_09_rec_000227_3c81c4cfabb4/figure_005.png,final_or_documentation,64801,2026-08-10T21:07:04.803262+00:00,f4fc1b634dbd21fb9b2895eeb68e6a2146edf62ada357dcf387194e33804cf87
06_docling_screening/profiles/figures/update_2026_08_09_rec_000227_3c81c4cfabb4/figure_006.png,final_or_documentation,97071,2026-08-10T21:07:04.815909+00:00,b644a7c54f0da28ebdf8184382f41b2d077813b05e68ed742a3261f8ff252bb5
06_docling_screening/profiles/figures/update_2026_08_09_rec_000227_3c81c4cfabb4/figure_007.png,final_or_documentation,141160,2026-08-10T21:07:04.829880+00:00,27641ead27a6a83134ea27df9fc3482ac3b2d1081b6bff3735f5fdc23f0b3715
06_docling_screening/profiles/figures/update_2026_08_09_rec_000227_3c81c4cfabb4/figure_008.png,final_or_documentation,52046,2026-08-10T21:07:04.835570+00:00,5984e56ad74c116da8872ec0b221cba85974b5a114082c4c552196c364544d23
06_docling_screening/profiles/figures/update_2026_08_09_rec_000227_3c81c4cfabb4/figures_manifest.json,final_or_documentation,6791,2026-08-10T21:07:04.836048+00:00,f490b226c620731a3fbf64de7ab032578bfe48d63b30d736092a94f0309474c2
06_docling_screening/profiles/figures/update_2026_08_09_rec_000231_1109e2746a8b/figure_001.png,final_or_documentation,50463,2026-08-10T21:07:17.936124+00:00,e5124c837567a3e865287838ae76cfed70edda0cdd5e6ca975495f2ed6bfc758
06_docling_screening/profiles/figures/update_2026_08_09_rec_000231_1109e2746a8b/figure_002.png,final_or_documentation,201822,2026-08-10T21:07:17.949637+00:00,35124439826bfbf646253e2fbe953a55a2818b756a36a646fac665994a449073
06_docling_screening/profiles/figures/update_2026_08_09_rec_000231_1109e2746a8b/figure_003.png,final_or_documentation,168331,2026-08-10T21:07:17.966713+00:00,5ef898675f832d8a33704920127311b1e279b47193f5be0bbcf5af67e9e599e9
06_docling_screening/profiles/figures/update_2026_08_09_rec_000231_1109e2746a8b/figure_004.png,final_or_documentation,136468,2026-08-10T21:07:17.984388+00:00,739f5e546237e2f1570032957813760af89354414bf3084385ed82e9106e9bb1
06_docling_screening/profiles/figures/update_2026_08_09_rec_000231_1109e2746a8b/figure_005.png,final_or_documentation,107130,2026-08-10T21:07:17.995551+00:00,c0812e444dc75f615170d53d21d62b3b581addf7f8da7a8619ae8ea7355daf10
06_docling_screening/profiles/figures/update_2026_08_09_rec_000231_1109e2746a8b/figure_006.png,final_or_documentation,291057,2026-08-10T21:07:18.020300+00:00,04a574eb2e37019bf903f50d5d13a0845a8697c73bd3ef0c2e920e50816472de
06_docling_screening/profiles/figures/update_2026_08_09_rec_000231_1109e2746a8b/figure_007.png,final_or_documentation,68080,2026-08-10T21:07:18.027518+00:00,d0b06253d49af65c72c130b59e74fead8b7c20db67e07d454fcf79eb17cf8599
06_docling_screening/profiles/figures/update_2026_08_09_rec_000231_1109e2746a8b/figure_008.png,final_or_documentation,128577,2026-08-10T21:07:18.041926+00:00,8f98b058db4c7411f9ca4dace69b51e42bf348cabcb1d2ac1ea2556df5ef34d8
06_docling_screening/profiles/figures/update_2026_08_09_rec_000231_1109e2746a8b/figure_009.png,final_or_documentation,234072,2026-08-10T21:07:18.057648+00:00,d44ca3447302a7327406eaa11ca011267dfaea26db3900f59b92d41470a415f8
06_docling_screening/profiles/figures/update_2026_08_09_rec_000231_1109e2746a8b/figure_010.png,final_or_documentation,128794,2026-08-10T21:07:18.071464+00:00,c00bff5984697041b46384a47a5f300bb637927ff4359132e0e6ce757740b710
06_docling_screening/profiles/figures/update_2026_08_09_rec_000231_1109e2746a8b/figure_011.png,final_or_documentation,184742,2026-08-10T21:07:18.089413+00:00,c3bb1e80b7253e7fb3b0ee60ddaa4968dd9d611706cfe4a52d2bce09387b5139
06_docling_screening/profiles/figures/update_2026_08_09_rec_000231_1109e2746a8b/figure_012.png,final_or_documentation,76122,2026-08-10T21:07:18.096945+00:00,df236da81e86c88afc9d2cd06a4d863a0837c1add7f39dc0390344073bca4ca3
06_docling_screening/profiles/figures/update_2026_08_09_rec_000231_1109e2746a8b/figure_013.png,final_or_documentation,137568,2026-08-10T21:07:18.111229+00:00,42260f96d00650bc7fecb1a69ebc817a3dedea4e85057b3fce903d9a238b61bd
06_docling_screening/profiles/figures/update_2026_08_09_rec_000231_1109e2746a8b/figure_014.png,final_or_documentation,145743,2026-08-10T21:07:18.124437+00:00,e086d4a97a198d51117b892ff7715336704259b5a6fe5b5734f58601402e31d4
06_docling_screening/profiles/figures/update_2026_08_09_rec_000231_1109e2746a8b/figure_015.png,final_or_documentation,152818,2026-08-10T21:07:18.136420+00:00,e053be9498fe1accf59fbd8c594e31f003f1f8c6d86cc90919e1257f1d635e85
06_docling_screening/profiles/figures/update_2026_08_09_rec_000231_1109e2746a8b/figure_016.png,final_or_documentation,294777,2026-08-10T21:07:18.157253+00:00,3313e6e822ba5239ed6722ee99dbb4861b61257737051b5e5e9997286428a589
06_docling_screening/profiles/figures/update_2026_08_09_rec_000231_1109e2746a8b/figure_017.png,final_or_documentation,209461,2026-08-10T21:07:18.178816+00:00,4d8975540f62955de0472f3c41727bffb4a1c8e895c4d5be800a85ee62b19aa0
06_docling_screening/profiles/figures/update_2026_08_09_rec_000231_1109e2746a8b/figure_018.png,final_or_documentation,263446,2026-08-10T21:07:18.202565+00:00,cd5de1aaa5918e4dc7bec213bd5e83abb6e11ca071e2ee775cf55152d35481c1
06_docling_screening/profiles/figures/update_2026_08_09_rec_000231_1109e2746a8b/figures_manifest.json,final_or_documentation,10649,2026-08-10T21:07:18.203208+00:00,1976cac3ab97e9c5075b65ca7d02cbcda019d54038911f9dcde484e1c04ae362
06_docling_screening/profiles/manifests/canonical_docling_profile_manifest.csv,final_or_documentation,27497,2026-08-10T21:08:11.021763+00:00,d2a6d60795f8a8f1e50bba7d8b0df09078a286340175713ef79503a1feabe095
06_docling_screening/profiles/manifests/canonical_docling_profile_manifest.json,final_or_documentation,36934,2026-08-10T21:08:11.021960+00:00,f35d6bd38074c2bea62f9bab43e05eba7d2aa097ddac57c4d620b558d641dcf2
06_docling_screening/profiles/manifests/canonical_docling_profile_summary.md,final_or_documentation,809,2026-08-10T21:08:11.022050+00:00,531fe0db27fc12c44e3758efc761117d988fa8f2525daa73ea03ed4019b7c9d3
06_docling_screening/profiles/manifests/docling_smoke_manifest.json,final_or_documentation,21906,2026-08-10T21:08:10.671820+00:00,1e30d4919b0c0f9fd211e03e0fc0442a40bdab4dd3653a6fdd506f42fa6217db
06_docling_screening/profiles/manifests/document_identity_audit.json,final_or_documentation,10619,2026-08-10T21:08:11.021382+00:00,38300464cd5e94f4a9d26ea8fdfdec0b02d1f3223bb6855459d955bcb05fe8bc
06_docling_screening/profiles/manifests/run_config.json,final_or_documentation,12136,2026-08-10T21:05:58.051139+00:00,c1624cf95685d91305135b25a4f29827e4ce06094458b3ad1277e69d647a06e5
06_docling_screening/profiles/manifests/worker_0000.json,final_or_documentation,2213,2026-08-10T21:06:30.275969+00:00,82f53c317421e80f33377010e4bc834d1fe98f26908b7af788af838b347ccf60
06_docling_screening/profiles/manifests/worker_0001.json,final_or_documentation,2200,2026-08-10T21:06:22.832095+00:00,a5a105e612d956e0850e3f25edb7cba4e2a3f87dc634983ef7ed4b945b90a164
06_docling_screening/profiles/manifests/worker_0002.json,final_or_documentation,1926,2026-08-10T21:06:03.687947+00:00,cb365693ba3a69651aa033f8f262a6a9f4695d58e5e3cf40b2b438c9f4f305db
06_docling_screening/profiles/manifests/worker_0003.json,final_or_documentation,2190,2026-08-10T21:06:24.247428+00:00,946c31bd9cf6d2ffb580be47d08b24a18ca2705b71053b61865c4e23a91b192b
06_docling_screening/profiles/manifests/worker_0004.json,final_or_documentation,1907,2026-08-10T21:06:10.135213+00:00,0cb51300b160ee143afd440ef1343b88b136338a66ef2d85bd3577c2d4688f0f
06_docling_screening/profiles/manifests/worker_0005.json,final_or_documentation,1918,2026-08-10T21:06:15.880647+00:00,86c583cbd2ef8812ba3f8303a6b4a1e519ff49785b399ef63aa7d19785a48d56
06_docling_screening/profiles/manifests/worker_0006.json,final_or_documentation,2207,2026-08-10T21:07:04.538882+00:00,1b75e9b6dcfe7db9b55e3a9864ba246e0c4fe56f41776e67c524fb47eca5dc3b
06_docling_screening/profiles/manifests/worker_0007.json,final_or_documentation,1926,2026-08-10T21:06:29.138811+00:00,ed09e797e9818cc1dfbc2fceeb50efe6cd10796afb801b59ef5809cfe12fc44c
06_docling_screening/profiles/manifests/worker_0008.json,final_or_documentation,2201,2026-08-10T21:06:50.479895+00:00,8942812293c876f816cc6e228b1daac9fcfc23856f2b593b92661d0db7f96b53
06_docling_screening/profiles/manifests/worker_0009.json,final_or_documentation,2194,2026-08-10T21:08:09.874581+00:00,461b950f5b5b9b573dc22ac9c4c7a09f7a7e0d07a5e7753ddeb87d09034e07bb
06_docling_screening/profiles/manifests/worker_0010.json,final_or_documentation,2198,2026-08-10T21:07:04.899601+00:00,c4f15daa1a409b55888cf28a5c68dc31493133d2bc53a3b6acace3334bfd44ba
06_docling_screening/profiles/manifests/worker_0011.json,final_or_documentation,2115,2026-08-10T21:07:18.325259+00:00,707d0847329057ddf2119aa7aed00079966e05d1519f5aac31dd455c99982444
06_docling_screening/profiles/markdown/update_2026_08_09_rec_000001_504e0db4e1fd.md,final_or_documentation,98930,2026-08-10T21:06:29.729362+00:00,bd6210bf9ad95c15c19c8cefe133e48f251bb418b2c90e04b1e8042464cc3b41
06_docling_screening/profiles/markdown/update_2026_08_09_rec_000003_7190b7bf028f.md,final_or_documentation,57762,2026-08-10T21:06:22.286369+00:00,8624c7a7b45c92d4f034ee53954119f74dee785a03c448cd447c6580c3ff106f
06_docling_screening/profiles/markdown/update_2026_08_09_rec_000025_4e38718c00c4.md,final_or_documentation,137695,2026-08-10T21:06:03.683927+00:00,81ea85f6f6d6d7216b008f86b0ea73bfb7addbc101165bea96019cba4ac4ecca
06_docling_screening/profiles/markdown/update_2026_08_09_rec_000039_9faa86d20831.md,final_or_documentation,32714,2026-08-10T21:06:24.196151+00:00,555bf5665ddc5dea985c0323dbda63a3cadeee780b68113549f81d12c5d195a8
06_docling_screening/profiles/markdown/update_2026_08_09_rec_000076_7f0f74d0e84a.md,final_or_documentation,96961,2026-08-10T21:06:10.132511+00:00,1475d69879583ce35267800d3ef7ead1443751e0469085a2bb7094c0bdeb0545
06_docling_screening/profiles/markdown/update_2026_08_09_rec_000082_8a50cb96e707.md,final_or_documentation,19211,2026-08-10T21:06:15.879337+00:00,bab0c9e7c113d3c6e833837d4539def45003ef2fc2b5461702ed3a1021b075ab
06_docling_screening/profiles/markdown/update_2026_08_09_rec_000106_c9bc52778731.md,final_or_documentation,109557,2026-08-10T21:07:03.876964+00:00,5b0fc934408ea4f1d7660cb04273afba5a407db76fdaecb3a200b91e84ac2715
06_docling_screening/profiles/markdown/update_2026_08_09_rec_000131_47b518c005c5.md,final_or_documentation,72677,2026-08-10T21:06:29.135440+00:00,f82090453c4c3b5e521e4aa62e0f73afb7638e5270e11ca015c9bd4a9841df30
06_docling_screening/profiles/markdown/update_2026_08_09_rec_000138_796e32b2faec.md,final_or_documentation,95334,2026-08-10T21:06:50.040927+00:00,1e9d0564be32a8403b5da453ee20c1c8c7fdd51d872fe25412b0701b1e3891b9
06_docling_screening/profiles/markdown/update_2026_08_09_rec_000219_90320ec9eb06.md,final_or_documentation,506028,2026-08-10T21:08:07.902161+00:00,09e21b55c4faa732614194c478706cf940d666d3a6fbc5fb452bc46e31ec66a8
06_docling_screening/profiles/markdown/update_2026_08_09_rec_000227_3c81c4cfabb4.md,final_or_documentation,55945,2026-08-10T21:07:04.737306+00:00,d9a8f8ac72da36e1a1b5f346e6556e9610d6c95dc0ab9d9c3f231d2f21703b59
06_docling_screening/profiles/markdown/update_2026_08_09_rec_000231_1109e2746a8b.md,final_or_documentation,113979,2026-08-10T21:07:17.920440+00:00,7fba26cc0c740b638bd1c18269e71719434363244e3dca62b686fc2c189d4fb3
06_docling_screening/run_config.json,final_or_documentation,12136,2026-08-10T21:05:57.932126+00:00,c1624cf95685d91305135b25a4f29827e4ce06094458b3ad1277e69d647a06e5
06_docling_screening_manual_recall_xunzi_2026-08-11/profiles/documents/update_2026_08_09_manual_recall_xunzi_c3ac5dec9fcb.docling.json,final_or_documentation,65876411,2026-08-11T10:52:45.879005+00:00,6e7d371e28e51b8bfdb77f7f2a20fe798dd9ca37e87ce8f720fa6e9c19489f0d
06_docling_screening_manual_recall_xunzi_2026-08-11/profiles/figures/update_2026_08_09_manual_recall_xunzi_c3ac5dec9fcb/figure_001.png,final_or_documentation,929,2026-08-11T10:52:45.964824+00:00,97ac1509902b5249852a87e27ee33b3a6e7736a7a0ed63c30df9ac3b5e84cd83
06_docling_screening_manual_recall_xunzi_2026-08-11/profiles/figures/update_2026_08_09_manual_recall_xunzi_c3ac5dec9fcb/figure_002.png,final_or_documentation,503874,2026-08-11T10:52:46.002882+00:00,2c425dedf484873b78cc84e1de40ae94575339ffe53a6c61a8b541e583ba0f68
06_docling_screening_manual_recall_xunzi_2026-08-11/profiles/figures/update_2026_08_09_manual_recall_xunzi_c3ac5dec9fcb/figure_003.png,final_or_documentation,578858,2026-08-11T10:52:46.043776+00:00,518b8edccb91f131fcdb081c5e93cb77df4038e561f241a6a721b6270a93edf2
06_docling_screening_manual_recall_xunzi_2026-08-11/profiles/figures/update_2026_08_09_manual_recall_xunzi_c3ac5dec9fcb/figure_004.png,final_or_documentation,579603,2026-08-11T10:52:46.088135+00:00,8fcfe4171b2afe3062b4d54d27060efa88c4db51243fd3d9bde95b00a71dffd8
06_docling_screening_manual_recall_xunzi_2026-08-11/profiles/figures/update_2026_08_09_manual_recall_xunzi_c3ac5dec9fcb/figure_005.png,final_or_documentation,733805,2026-08-11T10:52:46.134183+00:00,9866f31ff843c9f9765283a573df8e8d6d4de536d665fc298f458cd9aa8ed8b0
06_docling_screening_manual_recall_xunzi_2026-08-11/profiles/figures/update_2026_08_09_manual_recall_xunzi_c3ac5dec9fcb/figure_006.png,final_or_documentation,1961,2026-08-11T10:52:46.134727+00:00,6f89ea958a4ccd27254bd6c28bc2d1655d4b9afd6d78ab9942b8072cae279829
06_docling_screening_manual_recall_xunzi_2026-08-11/profiles/figures/update_2026_08_09_manual_recall_xunzi_c3ac5dec9fcb/figure_007.png,final_or_documentation,1999,2026-08-11T10:52:46.135229+00:00,e0198ed9cbb4f91f826a63c32f87c076e5ac2e8290ba819f34a929ae041dae9f
06_docling_screening_manual_recall_xunzi_2026-08-11/profiles/figures/update_2026_08_09_manual_recall_xunzi_c3ac5dec9fcb/figure_008.png,final_or_documentation,1603,2026-08-11T10:52:46.135595+00:00,640639981a07b940cba1ab340db2f7e7d5235888f3a7a6fcb6c67559d32f9559
06_docling_screening_manual_recall_xunzi_2026-08-11/profiles/figures/update_2026_08_09_manual_recall_xunzi_c3ac5dec9fcb/figure_009.png,final_or_documentation,2523,2026-08-11T10:52:46.135978+00:00,4bf57e48fd7f7ed4cfdea26b3ef1307c451ee4cdab4ff33be519549a5314a713
06_docling_screening_manual_recall_xunzi_2026-08-11/profiles/figures/update_2026_08_09_manual_recall_xunzi_c3ac5dec9fcb/figure_010.png,final_or_documentation,1699,2026-08-11T10:52:46.136330+00:00,d4783f235599489b7f17b97ceeb682c90114dbef0c94a51b8f0ab96822d34f86
06_docling_screening_manual_recall_xunzi_2026-08-11/profiles/figures/update_2026_08_09_manual_recall_xunzi_c3ac5dec9fcb/figure_011.png,final_or_documentation,2627,2026-08-11T10:52:46.136698+00:00,fa5cfc98ffa669a97078b9a367add92e3572dc2babe6ad949d4aad5cee7c876c
06_docling_screening_manual_recall_xunzi_2026-08-11/profiles/figures/update_2026_08_09_manual_recall_xunzi_c3ac5dec9fcb/figure_012.png,final_or_documentation,2005,2026-08-11T10:52:46.137072+00:00,79211a5a4ec9cc0fe047a9c24bbdffafc7a6f8bcf72eec55716216fbc6f8f1da
06_docling_screening_manual_recall_xunzi_2026-08-11/profiles/figures/update_2026_08_09_manual_recall_xunzi_c3ac5dec9fcb/figure_013.png,final_or_documentation,1862,2026-08-11T10:52:46.137435+00:00,6f30ad72e15bc348a68a3e653ecaf6e438484fcff7dea4d8005ae732cd6386fd
06_docling_screening_manual_recall_xunzi_2026-08-11/profiles/figures/update_2026_08_09_manual_recall_xunzi_c3ac5dec9fcb/figure_014.png,final_or_documentation,2676,2026-08-11T10:52:46.137796+00:00,dc2b244230752021c94e3c00ed604d7cd98fcf1f264ba2bd3dd1f015efd4bc1f
06_docling_screening_manual_recall_xunzi_2026-08-11/profiles/figures/update_2026_08_09_manual_recall_xunzi_c3ac5dec9fcb/figure_015.png,final_or_documentation,1698,2026-08-11T10:52:46.138131+00:00,154ff983366ed236eca77c4d199e94b614a26e9bb0a3829a28a43ae8563124f3
06_docling_screening_manual_recall_xunzi_2026-08-11/profiles/figures/update_2026_08_09_manual_recall_xunzi_c3ac5dec9fcb/figure_016.png,final_or_documentation,2480,2026-08-11T10:52:46.138469+00:00,e1864e2ae46a06e0c36da74d9997c6845b1a2f1175f546827c417c2a0c1646be
06_docling_screening_manual_recall_xunzi_2026-08-11/profiles/figures/update_2026_08_09_manual_recall_xunzi_c3ac5dec9fcb/figure_017.png,final_or_documentation,196578,2026-08-11T10:52:46.159572+00:00,f425daf80b40599a0d65a50ba24084f4437713b56626d234d9285ca13f476f02
06_docling_screening_manual_recall_xunzi_2026-08-11/profiles/figures/update_2026_08_09_manual_recall_xunzi_c3ac5dec9fcb/figure_018.png,final_or_documentation,92876,2026-08-11T10:52:46.168189+00:00,7f5d2285fe6a5d5a4697863a156995f99645863119212562e229ac38b076ba9c
06_docling_screening_manual_recall_xunzi_2026-08-11/profiles/figures/update_2026_08_09_manual_recall_xunzi_c3ac5dec9fcb/figure_019.png,final_or_documentation,18639,2026-08-11T10:52:46.169956+00:00,388ea1f439e2c1db54cc84a7221a190649d99783694ab074aea173ffa13c4f48
06_docling_screening_manual_recall_xunzi_2026-08-11/profiles/figures/update_2026_08_09_manual_recall_xunzi_c3ac5dec9fcb/figure_020.png,final_or_documentation,18559,2026-08-11T10:52:46.171694+00:00,a7bbdbc3b957c4c1c2623493c5ef50dff5ba8f3f6616544f3a6e294df3e6e06c
06_docling_screening_manual_recall_xunzi_2026-08-11/profiles/figures/update_2026_08_09_manual_recall_xunzi_c3ac5dec9fcb/figure_021.png,final_or_documentation,18088,2026-08-11T10:52:46.173380+00:00,2b98360b960b93dca8d4d85c7df4f41a3be235dbb732e7989f7cbac424d16440
06_docling_screening_manual_recall_xunzi_2026-08-11/profiles/figures/update_2026_08_09_manual_recall_xunzi_c3ac5dec9fcb/figure_022.png,final_or_documentation,18708,2026-08-11T10:52:46.175082+00:00,6ffdc84a1b945a87b911799a043a2f1be5a78efc98289cf143ccd3eeecb29dcc
06_docling_screening_manual_recall_xunzi_2026-08-11/profiles/figures/update_2026_08_09_manual_recall_xunzi_c3ac5dec9fcb/figure_023.png,final_or_documentation,92261,2026-08-11T10:52:46.183536+00:00,cf35f1765205664555009a7df161fd5f996ad65b5a56513710c323a92f260e24
06_docling_screening_manual_recall_xunzi_2026-08-11/profiles/figures/update_2026_08_09_manual_recall_xunzi_c3ac5dec9fcb/figure_024.png,final_or_documentation,18983,2026-08-11T10:52:46.185423+00:00,aa27cbbb28ed558f641853af7030b0f85b35876cb5640c7b181dacc100a2414f
06_docling_screening_manual_recall_xunzi_2026-08-11/profiles/figures/update_2026_08_09_manual_recall_xunzi_c3ac5dec9fcb/figure_025.png,final_or_documentation,1147040,2026-08-11T10:52:46.252253+00:00,75bf43ef9c04cf69fca4841d6b41f65a55f0604ea8a1fe313f4cd4c6d1880c0f
06_docling_screening_manual_recall_xunzi_2026-08-11/profiles/figures/update_2026_08_09_manual_recall_xunzi_c3ac5dec9fcb/figure_026.png,final_or_documentation,27420,2026-08-11T10:52:46.256225+00:00,e07609c1f3897c85b4c4ffc06ea66ea05b7b2163b60cb8aa6879ad2e1b4ce20e
06_docling_screening_manual_recall_xunzi_2026-08-11/profiles/figures/update_2026_08_09_manual_recall_xunzi_c3ac5dec9fcb/figure_027.png,final_or_documentation,178518,2026-08-11T10:52:46.274923+00:00,fd3609f6da3790af28c44ab939ae82d4e5890d89d8c46b2acf3bb463e7c683ab
06_docling_screening_manual_recall_xunzi_2026-08-11/profiles/figures/update_2026_08_09_manual_recall_xunzi_c3ac5dec9fcb/figure_028.png,final_or_documentation,26377,2026-08-11T10:52:46.277767+00:00,69b74a68509e76246b4e0d9c33589e9f3b5acc930a7474a975689db61b3e5fa5
06_docling_screening_manual_recall_xunzi_2026-08-11/profiles/figures/update_2026_08_09_manual_recall_xunzi_c3ac5dec9fcb/figure_029.png,final_or_documentation,28661,2026-08-11T10:52:46.280723+00:00,9cc8516bd4956737939eb9bf936721d8369cdcfd38abd08b088d6a5b3bd2f5b1
06_docling_screening_manual_recall_xunzi_2026-08-11/profiles/figures/update_2026_08_09_manual_recall_xunzi_c3ac5dec9fcb/figure_030.png,final_or_documentation,29601,2026-08-11T10:52:46.283603+00:00,d6879547e5c9c17186e892be0ddcd58ebe4d6f42d4418c61693586a121136fad
06_docling_screening_manual_recall_xunzi_2026-08-11/profiles/figures/update_2026_08_09_manual_recall_xunzi_c3ac5dec9fcb/figure_031.png,final_or_documentation,32160,2026-08-11T10:52:46.286668+00:00,a38d5d1967e2aba2d9ff99006dd2726c3ced357cc6f6bede382b24037884a557
06_docling_screening_manual_recall_xunzi_2026-08-11/profiles/figures/update_2026_08_09_manual_recall_xunzi_c3ac5dec9fcb/figure_032.png,final_or_documentation,27169,2026-08-11T10:52:46.289067+00:00,8bd7296145382da49ce052be242ee3a0d27ed0c221224ff35da4a0822673bdd5
06_docling_screening_manual_recall_xunzi_2026-08-11/profiles/figures/update_2026_08_09_manual_recall_xunzi_c3ac5dec9fcb/figure_033.png,final_or_documentation,48026,2026-08-11T10:52:46.292193+00:00,8d0e0a0a7deeedadd0e1b8b72285cbc228e74720c0332ba1151dc648f69c78d7
06_docling_screening_manual_recall_xunzi_2026-08-11/profiles/figures/update_2026_08_09_manual_recall_xunzi_c3ac5dec9fcb/figure_034.png,final_or_documentation,22423,2026-08-11T10:52:46.294150+00:00,e48c31b3ebd7256c05f8b55b9be478f5c18c5ec09a1e6b2121f21620ac80cf5c
06_docling_screening_manual_recall_xunzi_2026-08-11/profiles/figures/update_2026_08_09_manual_recall_xunzi_c3ac5dec9fcb/figure_035.png,final_or_documentation,56186,2026-08-11T10:52:46.297820+00:00,67cf70166a05f1ba3c74146e22f809235d0cecd880a0854935547b29ef2ef6e0
06_docling_screening_manual_recall_xunzi_2026-08-11/profiles/figures/update_2026_08_09_manual_recall_xunzi_c3ac5dec9fcb/figure_036.png,final_or_documentation,51565,2026-08-11T10:52:46.301316+00:00,af3aee4c8e4b945fcbc6655aad86dbd098b60817c261c029d5a8b59544f24628
06_docling_screening_manual_recall_xunzi_2026-08-11/profiles/figures/update_2026_08_09_manual_recall_xunzi_c3ac5dec9fcb/figure_037.png,final_or_documentation,25403,2026-08-11T10:52:46.321418+00:00,d90ebf0b9032340e5726d9d3bdb3ecca42a5c3b5ddc51fe660b34807586da2fa
06_docling_screening_manual_recall_xunzi_2026-08-11/profiles/figures/update_2026_08_09_manual_recall_xunzi_c3ac5dec9fcb/figure_038.png,final_or_documentation,55528,2026-08-11T10:52:46.325125+00:00,9b9a5dd2607854d96409a6a6c2e7220b1684cf12041143505f603bc3363a6377
06_docling_screening_manual_recall_xunzi_2026-08-11/profiles/figures/update_2026_08_09_manual_recall_xunzi_c3ac5dec9fcb/figure_039.png,final_or_documentation,32969,2026-08-11T10:52:46.328239+00:00,a2b7868c48c2e040ebc0ee9b6e04c2a2ac7b47a39a47feefb3d688f03873d3ed
06_docling_screening_manual_recall_xunzi_2026-08-11/profiles/figures/update_2026_08_09_manual_recall_xunzi_c3ac5dec9fcb/figure_040.png,final_or_documentation,309340,2026-08-11T10:52:46.360518+00:00,c674d73741be05cba422a788d05c7ed4c68f7c2e71303b4543daca3f86f97a39
06_docling_screening_manual_recall_xunzi_2026-08-11/profiles/figures/update_2026_08_09_manual_recall_xunzi_c3ac5dec9fcb/figure_041.png,final_or_documentation,197366,2026-08-11T10:52:46.384251+00:00,736d88b9e1ef2f1cd92e7adb31fb4fdd33ffab441b8c083bcfdb61a3e019e5ff
06_docling_screening_manual_recall_xunzi_2026-08-11/profiles/figures/update_2026_08_09_manual_recall_xunzi_c3ac5dec9fcb/figure_042.png,final_or_documentation,116678,2026-08-11T10:52:46.398034+00:00,6cdaaab107b4f0d2b167d1f2a033ab47836b2d1d31b6787438cd8c015996c70c
06_docling_screening_manual_recall_xunzi_2026-08-11/profiles/figures/update_2026_08_09_manual_recall_xunzi_c3ac5dec9fcb/figures_manifest.json,final_or_documentation,24362,2026-08-11T10:52:46.398762+00:00,4f5b1c55ba09238c5a6498fdcd5a6c8e78aee0ba4e20bcd7c6e6dd7100ec12bd
06_docling_screening_manual_recall_xunzi_2026-08-11/profiles/manifests/canonical_docling_profile_manifest.csv,final_or_documentation,2754,2026-08-11T10:52:59.335744+00:00,190605fe4fd4991a11ee3eb520a938d3387a37c756c2a7656cead09aaabdfb3e
06_docling_screening_manual_recall_xunzi_2026-08-11/profiles/manifests/canonical_docling_profile_manifest.json,final_or_documentation,3039,2026-08-11T10:52:59.335840+00:00,9516a740dca24bbcb63356aea615abb56bb02e92de6788ca302c48e2fde909c3
06_docling_screening_manual_recall_xunzi_2026-08-11/profiles/manifests/canonical_docling_profile_summary.md,final_or_documentation,805,2026-08-11T10:52:59.335930+00:00,2be11031bceb096d6e42a3d203f2916b29023e2efecb4ceaad90ff449d1ee389
06_docling_screening_manual_recall_xunzi_2026-08-11/profiles/manifests/docling_smoke_manifest.json,final_or_documentation,2264,2026-08-11T10:52:46.546525+00:00,76dcd9555b835e138b7a62c0a22f43e13ea94991c22e26b0bd7088c808d96b01
06_docling_screening_manual_recall_xunzi_2026-08-11/profiles/manifests/document_identity_audit.json,final_or_documentation,719,2026-08-11T10:52:59.335600+00:00,b2d482369329e154b0e74157998316f855747d5deb121e860bcc94161eb5a48e
06_docling_screening_manual_recall_xunzi_2026-08-11/profiles/manifests/run_config.json,final_or_documentation,2632,2026-08-11T10:52:20.082553+00:00,494765e9bbd163a7520a4b52b50d3adbe87291a98216e8bfecf1960f620adf19
06_docling_screening_manual_recall_xunzi_2026-08-11/profiles/markdown/update_2026_08_09_manual_recall_xunzi_c3ac5dec9fcb.md,final_or_documentation,112538,2026-08-11T10:52:45.940463+00:00,8b828d936b57e132c6639be7d0c52ad38111e47c1326969b70b597f43f300e10
06_docling_screening_manual_recall_xunzi_2026-08-11/run_config.json,final_or_documentation,2632,2026-08-11T10:52:14.738968+00:00,494765e9bbd163a7520a4b52b50d3adbe87291a98216e8bfecf1960f620adf19
07_graph_sections/shard_00/run_summary.json,final_or_documentation,985287,2026-08-10T21:11:19.363637+00:00,eaca7f0d7bacc897a2e9db9edada14c7b1f3005a909dc495f1993d33a3337ede
07_graph_sections/shard_00/selected_records.json,final_or_documentation,1294,2026-08-10T21:09:34.366658+00:00,550fe404121a82bd2aa23ee023fe9e3b1048352eb59b85a689775dec524486ef
07_graph_sections/shard_00/update_2026-08-09__rec_000001_504e0db4e1fd/screening_evidence_summary.json,final_or_documentation,648560,2026-08-10T21:10:15.924918+00:00,3c3d74c698206cd90ffd9392f5f2c78bd944f892c3a59a4921e41c0d4b2adea6
07_graph_sections/shard_00/update_2026-08-09__rec_000001_504e0db4e1fd/update_2026_08_09_rec_000001_504e0db4e1fd_docling_json_20260811_000934/docling/chunks.json,final_or_documentation,453474,2026-08-10T21:10:15.347495+00:00,d803fd67f62d636ba56c91f0988d978bebfb819ba1b5dba503476d5d62eefe2a
07_graph_sections/shard_00/update_2026-08-09__rec_000001_504e0db4e1fd/update_2026_08_09_rec_000001_504e0db4e1fd_docling_json_20260811_000934/docling/document.dclg,final_or_documentation,261956,2026-08-10T21:10:15.335673+00:00,2e45f56d9d8ba4992db088beb6626039aa2225d1988e3379433ad17ce24f766c
07_graph_sections/shard_00/update_2026-08-09__rec_000001_504e0db4e1fd/update_2026_08_09_rec_000001_504e0db4e1fd_docling_json_20260811_000934/docling/document.json,final_or_documentation,63276201,2026-08-10T21:10:15.069108+00:00,4eb39f6f21ffcaedffe008e9e46300f3190e0da88a0b4a8ec3c530def5898167
07_graph_sections/shard_00/update_2026-08-09__rec_000001_504e0db4e1fd/update_2026_08_09_rec_000001_504e0db4e1fd_docling_json_20260811_000934/docling/document.md,final_or_documentation,98930,2026-08-10T21:10:15.152218+00:00,bd6210bf9ad95c15c19c8cefe133e48f251bb418b2c90e04b1e8042464cc3b41
07_graph_sections/shard_00/update_2026-08-09__rec_000001_504e0db4e1fd/update_2026_08_09_rec_000001_504e0db4e1fd_docling_json_20260811_000934/docling_graph/edges.csv,final_or_documentation,474,2026-08-10T21:10:15.352197+00:00,ef07fa13f12055de2488849b2698c2c8c436755f84b5a072b6fef8a0d1a7d80b
07_graph_sections/shard_00/update_2026-08-09__rec_000001_504e0db4e1fd/update_2026_08_09_rec_000001_504e0db4e1fd_docling_json_20260811_000934/docling_graph/graph.html,final_or_documentation,8515,2026-08-10T21:10:15.359339+00:00,7e175a84bf11f26082eb9c629819ebc6dfeee506c4c457211828d8a8ba980cd5
07_graph_sections/shard_00/update_2026-08-09__rec_000001_504e0db4e1fd/update_2026_08_09_rec_000001_504e0db4e1fd_docling_json_20260811_000934/docling_graph/graph.json,final_or_documentation,6213,2026-08-10T21:10:15.352597+00:00,1306caa9bda29ea35b0d8c8c0275456666d34b809503d600d6ede3f2d7a25419
07_graph_sections/shard_00/update_2026-08-09__rec_000001_504e0db4e1fd/update_2026_08_09_rec_000001_504e0db4e1fd_docling_json_20260811_000934/docling_graph/nodes.csv,final_or_documentation,3446,2026-08-10T21:10:15.351590+00:00,061912652010705f22fc2d692ba8caa65bf34402add3aaa214d89c41122acb41
07_graph_sections/shard_00/update_2026-08-09__rec_000001_504e0db4e1fd/update_2026_08_09_rec_000001_504e0db4e1fd_docling_json_20260811_000934/docling_graph/provenance.json,final_or_documentation,497423,2026-08-10T21:10:15.354935+00:00,c2a19b705d52a098deb9b57ec2accd807780015b05611cac52e2bca5ae917113
07_graph_sections/shard_00/update_2026-08-09__rec_000001_504e0db4e1fd/update_2026_08_09_rec_000001_504e0db4e1fd_docling_json_20260811_000934/docling_graph/report.md,final_or_documentation,4073,2026-08-10T21:10:15.355755+00:00,0bc098434e44df1f669afc36e34da646305d0b1e225d7513786ad67d5d1e0d7d
07_graph_sections/shard_00/update_2026-08-09__rec_000001_504e0db4e1fd/update_2026_08_09_rec_000001_504e0db4e1fd_docling_json_20260811_000934/metadata.json,final_or_documentation,3170,2026-08-10T21:10:15.359669+00:00,8da8bd822460d23d78909316ca2f07e71bccf376b928bdafabab18a1972bb46b
07_graph_sections/shard_00/update_2026-08-09__rec_000138_796e32b2faec/screening_evidence_summary.json,final_or_documentation,318500,2026-08-10T21:11:19.348636+00:00,e6797d6a018137f57c4866a59a4e55fd64991d917b4a52909f0589e950437149
07_graph_sections/shard_00/update_2026-08-09__rec_000138_796e32b2faec/update_2026_08_09_rec_000138_796e32b2faec_docling_json_20260811_001015/docling/chunks.json,final_or_documentation,440261,2026-08-10T21:11:18.842830+00:00,f2350ae0c425ccab87b1dca3270b962968c22e17e841067f7eab6250d54afb2f
07_graph_sections/shard_00/update_2026-08-09__rec_000138_796e32b2faec/update_2026_08_09_rec_000138_796e32b2faec_docling_json_20260811_001015/docling/document.dclg,final_or_documentation,263615,2026-08-10T21:11:18.831048+00:00,31af35fd48aa8d42a98a4da6957ab06d6485a9de0436465b0d6ffe9b40a904d2
07_graph_sections/shard_00/update_2026-08-09__rec_000138_796e32b2faec/update_2026_08_09_rec_000138_796e32b2faec_docling_json_20260811_001015/docling/document.json,final_or_documentation,55269404,2026-08-10T21:11:18.565560+00:00,660b298adb728524c9951a372e0ff4580011ea84e5fe94153f968f8d4f9db2b5
07_graph_sections/shard_00/update_2026-08-09__rec_000138_796e32b2faec/update_2026_08_09_rec_000138_796e32b2faec_docling_json_20260811_001015/docling/document.md,final_or_documentation,95334,2026-08-10T21:11:18.647537+00:00,1e9d0564be32a8403b5da453ee20c1c8c7fdd51d872fe25412b0701b1e3891b9
07_graph_sections/shard_00/update_2026-08-09__rec_000138_796e32b2faec/update_2026_08_09_rec_000138_796e32b2faec_docling_json_20260811_001015/docling_graph/edges.csv,final_or_documentation,698,2026-08-10T21:11:18.846050+00:00,b00759e5269a51296921ebc520eb19b2ec859ece31151fb680c93d613201ce4d
07_graph_sections/shard_00/update_2026-08-09__rec_000138_796e32b2faec/update_2026_08_09_rec_000138_796e32b2faec_docling_json_20260811_001015/docling_graph/graph.html,final_or_documentation,11581,2026-08-10T21:11:18.852041+00:00,3cb3ad3330739776d5d71ab8e8fb847f8cb063d631f0dcd7add4c747422f621e
07_graph_sections/shard_00/update_2026-08-09__rec_000138_796e32b2faec/update_2026_08_09_rec_000138_796e32b2faec_docling_json_20260811_001015/docling_graph/graph.json,final_or_documentation,8876,2026-08-10T21:11:18.846499+00:00,4f35bee31e1c53861303a97453a1afedba7dbacb09934dd9e45b91520d53d1ef
07_graph_sections/shard_00/update_2026-08-09__rec_000138_796e32b2faec/update_2026_08_09_rec_000138_796e32b2faec_docling_json_20260811_001015/docling_graph/nodes.csv,final_or_documentation,5229,2026-08-10T21:11:18.845484+00:00,bb9e390fdcbcd86fa85178f07c0f2c19f1f4a0d1598d029e4360f0fa6107e69c
07_graph_sections/shard_00/update_2026-08-09__rec_000138_796e32b2faec/update_2026_08_09_rec_000138_796e32b2faec_docling_json_20260811_001015/docling_graph/provenance.json,final_or_documentation,484125,2026-08-10T21:11:18.848182+00:00,1a05313b41307f651103976c6f74baf460a4cadfbfff3880cc1ab60e6b0d35df
07_graph_sections/shard_00/update_2026-08-09__rec_000138_796e32b2faec/update_2026_08_09_rec_000138_796e32b2faec_docling_json_20260811_001015/docling_graph/report.md,final_or_documentation,4644,2026-08-10T21:11:18.848595+00:00,730d1e01f0020f901d4244ad8f57a12e9df2dfad4b3320690ca7faf2fb170cf8
07_graph_sections/shard_00/update_2026-08-09__rec_000138_796e32b2faec/update_2026_08_09_rec_000138_796e32b2faec_docling_json_20260811_001015/metadata.json,final_or_documentation,3170,2026-08-10T21:11:18.852371+00:00,7c38a724a0e30d220adc7d38e200a8f7dfc460254e4fcd2e4c882ec0f9519eaa
07_graph_sections/shard_01/run_summary.json,final_or_documentation,922861,2026-08-10T21:11:33.322847+00:00,fdde3340e20329b8d8c6898c8b12e3b11d99e21bc2d9a60ec3bfbcedddeedf0f
07_graph_sections/shard_01/selected_records.json,final_or_documentation,1229,2026-08-10T21:09:34.367007+00:00,53d16ccb05ce18c5e84358891397627e6dc309dd301c54cb6bd605e24373b2a3
07_graph_sections/shard_01/update_2026-08-09__rec_000003_7190b7bf028f/screening_evidence_summary.json,final_or_documentation,277875,2026-08-10T21:10:12.035220+00:00,8eac1c51ac85b05cc69665f0267eb3650e7cc0f5d45ccb68cb1a39f3afe03dbe
07_graph_sections/shard_01/update_2026-08-09__rec_000003_7190b7bf028f/update_2026_08_09_rec_000003_7190b7bf028f_docling_json_20260811_000934/docling/chunks.json,final_or_documentation,104915,2026-08-10T21:10:11.555086+00:00,442f54f615ce316c23bdcc08921c768f9f62a2b92af9565f00dcba6f645f3d97
07_graph_sections/shard_01/update_2026-08-09__rec_000003_7190b7bf028f/update_2026_08_09_rec_000003_7190b7bf028f_docling_json_20260811_000934/docling/document.dclg,final_or_documentation,92648,2026-08-10T21:10:11.552877+00:00,34969c2aaaa6e8a2b19c3b30485b99fcf836bad94d54e6163dd16455d3e672c6
07_graph_sections/shard_01/update_2026-08-09__rec_000003_7190b7bf028f/update_2026_08_09_rec_000003_7190b7bf028f_docling_json_20260811_000934/docling/document.json,final_or_documentation,24307268,2026-08-10T21:10:11.501973+00:00,de8d966fc3280d7be25369c0f015d5f8e85c60abc85eb8fbe9ffa21a093b588f
07_graph_sections/shard_01/update_2026-08-09__rec_000003_7190b7bf028f/update_2026_08_09_rec_000003_7190b7bf028f_docling_json_20260811_000934/docling/document.md,final_or_documentation,57762,2026-08-10T21:10:11.515131+00:00,8624c7a7b45c92d4f034ee53954119f74dee785a03c448cd447c6580c3ff106f
07_graph_sections/shard_01/update_2026-08-09__rec_000003_7190b7bf028f/update_2026_08_09_rec_000003_7190b7bf028f_docling_json_20260811_000934/docling_graph/edges.csv,final_or_documentation,801,2026-08-10T21:10:11.565921+00:00,f4445fbe283713ca3d63dee573b135cff7899a65dec5f4449920842e386157b2
07_graph_sections/shard_01/update_2026-08-09__rec_000003_7190b7bf028f/update_2026_08_09_rec_000003_7190b7bf028f_docling_json_20260811_000934/docling_graph/graph.html,final_or_documentation,14483,2026-08-10T21:10:11.574962+00:00,06e1f0342c996f824727dde4da97383053881f40fd56af9e3574b7d13eb84c4e
07_graph_sections/shard_01/update_2026-08-09__rec_000003_7190b7bf028f/update_2026_08_09_rec_000003_7190b7bf028f_docling_json_20260811_000934/docling_graph/graph.json,final_or_documentation,11452,2026-08-10T21:10:11.566499+00:00,e57460f788108bd93beff41cc1317bb559cbc70274928ca446e2b8be46fc02ea
07_graph_sections/shard_01/update_2026-08-09__rec_000003_7190b7bf028f/update_2026_08_09_rec_000003_7190b7bf028f_docling_json_20260811_000934/docling_graph/nodes.csv,final_or_documentation,6705,2026-08-10T21:10:11.565198+00:00,2e38dd4e6f9a804c81c635f72a142e6731cba52c72b8526cf896286b23040465
07_graph_sections/shard_01/update_2026-08-09__rec_000003_7190b7bf028f/update_2026_08_09_rec_000003_7190b7bf028f_docling_json_20260811_000934/docling_graph/provenance.json,final_or_documentation,117996,2026-08-10T21:10:11.568245+00:00,1b37455b39890290fc129be488b48e16bdd28ae4c8ceb1d270f1f7c5320477d8
07_graph_sections/shard_01/update_2026-08-09__rec_000003_7190b7bf028f/update_2026_08_09_rec_000003_7190b7bf028f_docling_json_20260811_000934/docling_graph/report.md,final_or_documentation,4704,2026-08-10T21:10:11.568721+00:00,86d34583f6635f955c0df5e43fd96918fdd9c4e0abf3d2a6f471ab992e734594
07_graph_sections/shard_01/update_2026-08-09__rec_000003_7190b7bf028f/update_2026_08_09_rec_000003_7190b7bf028f_docling_json_20260811_000934/metadata.json,final_or_documentation,3170,2026-08-10T21:10:11.575371+00:00,934d6e1e42880beecabf26c3888bbc78265a1ee8d34006527f2b7b39bc35ab04
07_graph_sections/shard_01/update_2026-08-09__rec_000219_90320ec9eb06/screening_evidence_summary.json,final_or_documentation,633023,2026-08-10T21:11:33.307166+00:00,0bdde4dbba6b4c4b6af9a3d3cbc38a16e3ed681f0040b78b8dd6e7ff8772b344
07_graph_sections/shard_01/update_2026-08-09__rec_000219_90320ec9eb06/update_2026_08_09_rec_000219_90320ec9eb06_docling_json_20260811_001012/docling/chunks.json,final_or_documentation,895827,2026-08-10T21:11:32.239706+00:00,7dff42c23991d246441352bd04707a0065587544f6fea031ba7cfdfd40137700
07_graph_sections/shard_01/update_2026-08-09__rec_000219_90320ec9eb06/update_2026_08_09_rec_000219_90320ec9eb06_docling_json_20260811_001012/docling/document.dclg,final_or_documentation,1421854,2026-08-10T21:11:32.223809+00:00,c247ab2d24d1f71dfb34a63d0b8d51c9abfeba50fa31cb1befded3ec186aad8c
07_graph_sections/shard_01/update_2026-08-09__rec_000219_90320ec9eb06/update_2026_08_09_rec_000219_90320ec9eb06_docling_json_20260811_001012/docling/document.json,final_or_documentation,244338193,2026-08-10T21:11:30.628024+00:00,6ef9c3282932495e1ad29882042242e9e5dc546a2861c4da1e00485b5983c317
07_graph_sections/shard_01/update_2026-08-09__rec_000219_90320ec9eb06/update_2026_08_09_rec_000219_90320ec9eb06_docling_json_20260811_001012/docling/document.md,final_or_documentation,506028,2026-08-10T21:11:30.816931+00:00,09e21b55c4faa732614194c478706cf940d666d3a6fbc5fb452bc46e31ec66a8
07_graph_sections/shard_01/update_2026-08-09__rec_000219_90320ec9eb06/update_2026_08_09_rec_000219_90320ec9eb06_docling_json_20260811_001012/docling_graph/edges.csv,final_or_documentation,474,2026-08-10T21:11:32.242867+00:00,05248fbd76cbc0e097a0032c06e938d858b2a13fb26f7ab32b8593323ea9767b
07_graph_sections/shard_01/update_2026-08-09__rec_000219_90320ec9eb06/update_2026_08_09_rec_000219_90320ec9eb06_docling_json_20260811_001012/docling_graph/graph.html,final_or_documentation,8785,2026-08-10T21:11:32.249244+00:00,5f4d996ab3575d1dd9749c30df3332d7f5758ce25101463213168d9784fea515
07_graph_sections/shard_01/update_2026-08-09__rec_000219_90320ec9eb06/update_2026_08_09_rec_000219_90320ec9eb06_docling_json_20260811_001012/docling_graph/graph.json,final_or_documentation,6455,2026-08-10T21:11:32.243297+00:00,8c63d112937f3458bf0e660377c2f95b23df609f975b6c48a5995c40d5cacaf9
07_graph_sections/shard_01/update_2026-08-09__rec_000219_90320ec9eb06/update_2026_08_09_rec_000219_90320ec9eb06_docling_json_20260811_001012/docling_graph/nodes.csv,final_or_documentation,3556,2026-08-10T21:11:32.242303+00:00,0e4e29c1b50d67efe29db6f131a682a2d0c8ef43a501dd71e0713b61f7fb5a05
07_graph_sections/shard_01/update_2026-08-09__rec_000219_90320ec9eb06/update_2026_08_09_rec_000219_90320ec9eb06_docling_json_20260811_001012/docling_graph/provenance.json,final_or_documentation,950341,2026-08-10T21:11:32.245787+00:00,8e3d8560cdf14767d3ec246a355874a4b08620a6ab4e11e9d110c6aba4d1100a
07_graph_sections/shard_01/update_2026-08-09__rec_000219_90320ec9eb06/update_2026_08_09_rec_000219_90320ec9eb06_docling_json_20260811_001012/docling_graph/report.md,final_or_documentation,4266,2026-08-10T21:11:32.246189+00:00,0e759dcb38a937dfe1319c2d12fc2f046c1ff3253be4295d980d4506c5dfb7fe
07_graph_sections/shard_01/update_2026-08-09__rec_000219_90320ec9eb06/update_2026_08_09_rec_000219_90320ec9eb06_docling_json_20260811_001012/metadata.json,final_or_documentation,3170,2026-08-10T21:11:32.249569+00:00,aa8e5e0d789d9b55fb84b4277070ae7ff2f4a423a06e76957ef2c88e54803a6c
07_graph_sections/shard_02/run_summary.json,final_or_documentation,221903,2026-08-10T21:11:06.829853+00:00,ed986b2afff62919036b178f19e26ac4f30895a1a4072c8b9e0466e25d5e1388
07_graph_sections/shard_02/selected_records.json,final_or_documentation,1294,2026-08-10T21:09:34.366047+00:00,b1152355d92ed55be9b87318b269ca360720c543b60bb1e994992ab3110169a0
07_graph_sections/shard_02/update_2026-08-09__rec_000025_4e38718c00c4/screening_evidence_summary.json,final_or_documentation,112425,2026-08-10T21:10:16.197485+00:00,5dd84e2cab9425535dd5f383a0eebfdb89b63d387fc559adeb996babe015e6c5
07_graph_sections/shard_02/update_2026-08-09__rec_000025_4e38718c00c4/update_2026_08_09_rec_000025_4e38718c00c4_docling_json_20260811_000934/docling/chunks.json,final_or_documentation,208150,2026-08-10T21:10:15.760407+00:00,bd6841d7aa8a30a0f9d794bd7d567cb014e213cf51f56bbe79da408f56f17bd6
07_graph_sections/shard_02/update_2026-08-09__rec_000025_4e38718c00c4/update_2026_08_09_rec_000025_4e38718c00c4_docling_json_20260811_000934/docling/document.dclg,final_or_documentation,115548,2026-08-10T21:10:15.758331+00:00,c52551721c4aa363ebac44fdd76d7178cdc42477039654ee7462dd715ef1d11a
07_graph_sections/shard_02/update_2026-08-09__rec_000025_4e38718c00c4/update_2026_08_09_rec_000025_4e38718c00c4_docling_json_20260811_000934/docling/document.json,final_or_documentation,858665,2026-08-10T21:10:15.335590+00:00,b13d12105f15ec092d14f650feb6f85ee585743d8243e368e2c58b004b679ae4
07_graph_sections/shard_02/update_2026-08-09__rec_000025_4e38718c00c4/update_2026_08_09_rec_000025_4e38718c00c4_docling_json_20260811_000934/docling/document.md,final_or_documentation,137695,2026-08-10T21:10:15.469596+00:00,81ea85f6f6d6d7216b008f86b0ea73bfb7addbc101165bea96019cba4ac4ecca
07_graph_sections/shard_02/update_2026-08-09__rec_000025_4e38718c00c4/update_2026_08_09_rec_000025_4e38718c00c4_docling_json_20260811_000934/docling_graph/edges.csv,final_or_documentation,353,2026-08-10T21:10:15.765851+00:00,b4b3006a9197d37e7f76bf4fa55f0ba5794692755a7d60e874153b3ba1a9402b
07_graph_sections/shard_02/update_2026-08-09__rec_000025_4e38718c00c4/update_2026_08_09_rec_000025_4e38718c00c4_docling_json_20260811_000934/docling_graph/graph.html,final_or_documentation,7293,2026-08-10T21:10:15.771813+00:00,9fbb4709107ac72b89be9175e35a93d9d2a02ac57205c256c5ceb15d75e4313f
07_graph_sections/shard_02/update_2026-08-09__rec_000025_4e38718c00c4/update_2026_08_09_rec_000025_4e38718c00c4_docling_json_20260811_000934/docling_graph/graph.json,final_or_documentation,5209,2026-08-10T21:10:15.766253+00:00,0a08374e96ab75acf8a7067d56a1ddae405bf04175c512945950d85cd27ce6a3
07_graph_sections/shard_02/update_2026-08-09__rec_000025_4e38718c00c4/update_2026_08_09_rec_000025_4e38718c00c4_docling_json_20260811_000934/docling_graph/nodes.csv,final_or_documentation,3112,2026-08-10T21:10:15.765139+00:00,8b188a12c6faa401fda30f04ab98f6fcb8f77d75d955c63c0a3a07672bdd5c5e
07_graph_sections/shard_02/update_2026-08-09__rec_000025_4e38718c00c4/update_2026_08_09_rec_000025_4e38718c00c4_docling_json_20260811_000934/docling_graph/provenance.json,final_or_documentation,217813,2026-08-10T21:10:15.767447+00:00,a9f8391de91651d13e0b2636ed07f78ec321ed5e457b40ffbc33ba4e615280a6
07_graph_sections/shard_02/update_2026-08-09__rec_000025_4e38718c00c4/update_2026_08_09_rec_000025_4e38718c00c4_docling_json_20260811_000934/docling_graph/report.md,final_or_documentation,3526,2026-08-10T21:10:15.767914+00:00,2a6d7d54dae2de2782496a1f75ba3bbd137e03de29b0c05d0c84efd94d622678
07_graph_sections/shard_02/update_2026-08-09__rec_000025_4e38718c00c4/update_2026_08_09_rec_000025_4e38718c00c4_docling_json_20260811_000934/metadata.json,final_or_documentation,3170,2026-08-10T21:10:15.772212+00:00,e4fa4f2b9799d384a4a45bbf4650470485ae879b41a8069a18eb34e4dab20574
07_graph_sections/shard_02/update_2026-08-09__rec_000227_3c81c4cfabb4/screening_evidence_summary.json,final_or_documentation,103877,2026-08-10T21:11:06.822423+00:00,0f314a36b58d70cb6c11c9b70dea89e8433a29b487ee5c8a991943ee1561db76
07_graph_sections/shard_02/update_2026-08-09__rec_000227_3c81c4cfabb4/update_2026_08_09_rec_000227_3c81c4cfabb4_docling_json_20260811_001016/docling/chunks.json,final_or_documentation,112095,2026-08-10T21:11:06.418289+00:00,78c407f762f0fe23c66763b7b5584b8c661eb43ee4804f9a77cfd4325b9b2b8c
07_graph_sections/shard_02/update_2026-08-09__rec_000227_3c81c4cfabb4/update_2026_08_09_rec_000227_3c81c4cfabb4_docling_json_20260811_001016/docling/document.dclg,final_or_documentation,149300,2026-08-10T21:11:06.416028+00:00,00d56b5635f27ccf42b9d7b7db4d91d63f4faa41337eb325de5976078e9cc8c9
07_graph_sections/shard_02/update_2026-08-09__rec_000227_3c81c4cfabb4/update_2026_08_09_rec_000227_3c81c4cfabb4_docling_json_20260811_001016/docling/document.json,final_or_documentation,22634457,2026-08-10T21:11:06.266208+00:00,46db0bece8fed620e1ddeed6caf9ff1141258a642d648126602fc73e088a889a
07_graph_sections/shard_02/update_2026-08-09__rec_000227_3c81c4cfabb4/update_2026_08_09_rec_000227_3c81c4cfabb4_docling_json_20260811_001016/docling/document.md,final_or_documentation,55945,2026-08-10T21:11:06.289814+00:00,d9a8f8ac72da36e1a1b5f346e6556e9610d6c95dc0ab9d9c3f231d2f21703b59
07_graph_sections/shard_02/update_2026-08-09__rec_000227_3c81c4cfabb4/update_2026_08_09_rec_000227_3c81c4cfabb4_docling_json_20260811_001016/docling_graph/edges.csv,final_or_documentation,577,2026-08-10T21:11:06.421427+00:00,a1cfaf03ed0562989c4cb277e855152602933e58a2389ab2716f3e1ecddbf436
07_graph_sections/shard_02/update_2026-08-09__rec_000227_3c81c4cfabb4/update_2026_08_09_rec_000227_3c81c4cfabb4_docling_json_20260811_001016/docling_graph/graph.html,final_or_documentation,9445,2026-08-10T21:11:06.426064+00:00,9d8636129fd9182c111f4e8d1549746e6c33239e46df17fc111534b5ebea1fd7
07_graph_sections/shard_02/update_2026-08-09__rec_000227_3c81c4cfabb4/update_2026_08_09_rec_000227_3c81c4cfabb4_docling_json_20260811_001016/docling_graph/graph.json,final_or_documentation,6946,2026-08-10T21:11:06.421845+00:00,87962276b0da556793919e3d18514a2ca1d2a5c048694bc605485a6fd710d588
07_graph_sections/shard_02/update_2026-08-09__rec_000227_3c81c4cfabb4/update_2026_08_09_rec_000227_3c81c4cfabb4_docling_json_20260811_001016/docling_graph/nodes.csv,final_or_documentation,3831,2026-08-10T21:11:06.420870+00:00,99b4f849ff2ea2fdf49690d666f3758a30ec62b7d07a19ad9749a896e4e5423c
07_graph_sections/shard_02/update_2026-08-09__rec_000227_3c81c4cfabb4/update_2026_08_09_rec_000227_3c81c4cfabb4_docling_json_20260811_001016/docling_graph/provenance.json,final_or_documentation,123855,2026-08-10T21:11:06.422388+00:00,b2886d27dd965878f67ec8ecc1eb5a4a806ca1459ccfc79929c83d1d7bc652ed
07_graph_sections/shard_02/update_2026-08-09__rec_000227_3c81c4cfabb4/update_2026_08_09_rec_000227_3c81c4cfabb4_docling_json_20260811_001016/docling_graph/report.md,final_or_documentation,4337,2026-08-10T21:11:06.422765+00:00,41d450fb19eae5bcc434072e00d42359cd86c60e253b72ba0d0aa105d575ff24
07_graph_sections/shard_02/update_2026-08-09__rec_000227_3c81c4cfabb4/update_2026_08_09_rec_000227_3c81c4cfabb4_docling_json_20260811_001016/metadata.json,final_or_documentation,3170,2026-08-10T21:11:06.426394+00:00,5bb4cc453703a48b6ee292bb849f4d97ab9c743648afcc30ab368151dda83861
07_graph_sections/shard_03/run_summary.json,final_or_documentation,254032,2026-08-10T21:10:51.414674+00:00,32a81ea349e8202fd32e1d8378c8cf14511a23d5ebe28cb5fd4d918c047e8bd2
07_graph_sections/shard_03/selected_records.json,final_or_documentation,1217,2026-08-10T21:09:34.366840+00:00,17ed296cc79f392d519df64a20651b3dff362a3396f1d6eae02b6d9b174f0837
07_graph_sections/shard_03/update_2026-08-09__rec_000039_9faa86d20831/screening_evidence_summary.json,final_or_documentation,91698,2026-08-10T21:10:12.181685+00:00,3ff1ed5cea0d31df898b9adc4c7af0a63979416cf9fe9aeb2d725a7da9f7cabd
07_graph_sections/shard_03/update_2026-08-09__rec_000039_9faa86d20831/update_2026_08_09_rec_000039_9faa86d20831_docling_json_20260811_000934/docling/chunks.json,final_or_documentation,64901,2026-08-10T21:10:11.739905+00:00,4f33cef90dd702032e81ec543e558de4765a39b76404b91b63aaf700592d19e6
07_graph_sections/shard_03/update_2026-08-09__rec_000039_9faa86d20831/update_2026_08_09_rec_000039_9faa86d20831_docling_json_20260811_000934/docling/document.dclg,final_or_documentation,52056,2026-08-10T21:10:11.738263+00:00,699b62c00ad61ce7bf7b4cc77137971cde9d074a65e4c1ee0e540ba0ea7473be
07_graph_sections/shard_03/update_2026-08-09__rec_000039_9faa86d20831/update_2026_08_09_rec_000039_9faa86d20831_docling_json_20260811_000934/docling/document.json,final_or_documentation,14198249,2026-08-10T21:10:11.695378+00:00,cf177fc0b716287458c256451e9f9886b880db194ba542e46782e838c201cbaa
07_graph_sections/shard_03/update_2026-08-09__rec_000039_9faa86d20831/update_2026_08_09_rec_000039_9faa86d20831_docling_json_20260811_000934/docling/document.md,final_or_documentation,32714,2026-08-10T21:10:11.706525+00:00,555bf5665ddc5dea985c0323dbda63a3cadeee780b68113549f81d12c5d195a8
07_graph_sections/shard_03/update_2026-08-09__rec_000039_9faa86d20831/update_2026_08_09_rec_000039_9faa86d20831_docling_json_20260811_000934/docling_graph/edges.csv,final_or_documentation,250,2026-08-10T21:10:11.744713+00:00,4e8af52c717634611000dc5fc94e5c56168895bab8499d36ca63f3b15a6f9c89
07_graph_sections/shard_03/update_2026-08-09__rec_000039_9faa86d20831/update_2026_08_09_rec_000039_9faa86d20831_docling_json_20260811_000934/docling_graph/graph.html,final_or_documentation,5839,2026-08-10T21:10:11.750202+00:00,c20451f0edb9b07facf9e22befe006c984822e2806391d72888387fb0091e516
07_graph_sections/shard_03/update_2026-08-09__rec_000039_9faa86d20831/update_2026_08_09_rec_000039_9faa86d20831_docling_json_20260811_000934/docling_graph/graph.json,final_or_documentation,3992,2026-08-10T21:10:11.745091+00:00,d8290f1892748a509b658ea4f08b7cc3f727c8278596c2703f6237522c467da2
07_graph_sections/shard_03/update_2026-08-09__rec_000039_9faa86d20831/update_2026_08_09_rec_000039_9faa86d20831_docling_json_20260811_000934/docling_graph/nodes.csv,final_or_documentation,2399,2026-08-10T21:10:11.744012+00:00,1f97e5654d905b863215c5b531076f5a9a105e60323e20b693dfc10b26258f6d
07_graph_sections/shard_03/update_2026-08-09__rec_000039_9faa86d20831/update_2026_08_09_rec_000039_9faa86d20831_docling_json_20260811_000934/docling_graph/provenance.json,final_or_documentation,72048,2026-08-10T21:10:11.746221+00:00,9074e40fff534c318793258e7be615cfdfab4415349567b1fd96d9ab4086f553
07_graph_sections/shard_03/update_2026-08-09__rec_000039_9faa86d20831/update_2026_08_09_rec_000039_9faa86d20831_docling_json_20260811_000934/docling_graph/report.md,final_or_documentation,2798,2026-08-10T21:10:11.746692+00:00,29f0d917e7192427718e0f418461fe90ad21ca6b89949e5588cbb4acad6d2584
07_graph_sections/shard_03/update_2026-08-09__rec_000039_9faa86d20831/update_2026_08_09_rec_000039_9faa86d20831_docling_json_20260811_000934/metadata.json,final_or_documentation,3170,2026-08-10T21:10:11.750590+00:00,464c35a5010796429d8e653f5233bbc49a924eedf4f3c7ea1a3028f6b7faab7f
07_graph_sections/shard_03/update_2026-08-09__rec_000231_1109e2746a8b/screening_evidence_summary.json,final_or_documentation,153141,2026-08-10T21:10:51.405809+00:00,61a5d056ed8e2888e60ad05dc1bd688c38f7302b2db2d5a447cb2080078cee45
07_graph_sections/shard_03/update_2026-08-09__rec_000231_1109e2746a8b/update_2026_08_09_rec_000231_1109e2746a8b_docling_json_20260811_001012/docling/chunks.json,final_or_documentation,235196,2026-08-10T21:10:50.917777+00:00,53a89fa236abc4d27ace193a0e0cb68e8fb9f334165084dbc1cb76e04505b3e9
07_graph_sections/shard_03/update_2026-08-09__rec_000231_1109e2746a8b/update_2026_08_09_rec_000231_1109e2746a8b_docling_json_20260811_001012/docling/document.dclg,final_or_documentation,202221,2026-08-10T21:10:50.912321+00:00,066575445aa956532c65a40c517947763f8aba32a4bf32d680bbebe9702b40d6
07_graph_sections/shard_03/update_2026-08-09__rec_000231_1109e2746a8b/update_2026_08_09_rec_000231_1109e2746a8b_docling_json_20260811_001012/docling/document.json,final_or_documentation,51256757,2026-08-10T21:10:50.742028+00:00,7b85fe61260ca2b61f056cb9dd6591b0008b308806f58f3df71ed35c7605f57c
07_graph_sections/shard_03/update_2026-08-09__rec_000231_1109e2746a8b/update_2026_08_09_rec_000231_1109e2746a8b_docling_json_20260811_001012/docling/document.md,final_or_documentation,113979,2026-08-10T21:10:50.781835+00:00,7fba26cc0c740b638bd1c18269e71719434363244e3dca62b686fc2c189d4fb3
07_graph_sections/shard_03/update_2026-08-09__rec_000231_1109e2746a8b/update_2026_08_09_rec_000231_1109e2746a8b_docling_json_20260811_001012/docling_graph/edges.csv,final_or_documentation,698,2026-08-10T21:10:50.920883+00:00,b4062a37d7e850c5cdb8921ea69f3075e1d1259395195ea8b87c4a968180f6af
07_graph_sections/shard_03/update_2026-08-09__rec_000231_1109e2746a8b/update_2026_08_09_rec_000231_1109e2746a8b_docling_json_20260811_001012/docling_graph/graph.html,final_or_documentation,12406,2026-08-10T21:10:50.926266+00:00,13bcaea0dc7defc95bcee8d24906d0d568be25f706a4f157b0639d2f1669e128
07_graph_sections/shard_03/update_2026-08-09__rec_000231_1109e2746a8b/update_2026_08_09_rec_000231_1109e2746a8b_docling_json_20260811_001012/docling_graph/graph.json,final_or_documentation,9600,2026-08-10T21:10:50.921368+00:00,3ecf3d35d7ef9cd0396b717082327b18a9577d67605eabbf212ce14ec766de4f
07_graph_sections/shard_03/update_2026-08-09__rec_000231_1109e2746a8b/update_2026_08_09_rec_000231_1109e2746a8b_docling_json_20260811_001012/docling_graph/nodes.csv,final_or_documentation,5533,2026-08-10T21:10:50.920280+00:00,23b1d769da788b68a7aed20d64414f95608e1862c9490c87c20810738b723079
07_graph_sections/shard_03/update_2026-08-09__rec_000231_1109e2746a8b/update_2026_08_09_rec_000231_1109e2746a8b_docling_json_20260811_001012/docling_graph/provenance.json,final_or_documentation,257015,2026-08-10T21:10:50.922384+00:00,3f290c29d247dda71c057a8e4b353884060db0b3b67ac25332e9be574f61e98d
07_graph_sections/shard_03/update_2026-08-09__rec_000231_1109e2746a8b/update_2026_08_09_rec_000231_1109e2746a8b_docling_json_20260811_001012/docling_graph/report.md,final_or_documentation,4857,2026-08-10T21:10:50.922779+00:00,da282c8742e20fad7e960165409e970b3e943c8ed258018647e65d29da200db0
07_graph_sections/shard_03/update_2026-08-09__rec_000231_1109e2746a8b/update_2026_08_09_rec_000231_1109e2746a8b_docling_json_20260811_001012/metadata.json,final_or_documentation,3170,2026-08-10T21:10:50.926591+00:00,b90ee8f0f37e3db1a41352ab49f98d367b2588350259b7652fc7500b493408e1
07_graph_sections/shard_04/run_summary.json,final_or_documentation,157044,2026-08-10T21:10:12.549469+00:00,0eaea51893532f61597073364d2f8a2b3940d24b6c33b9f5198e073f7265f28e
07_graph_sections/shard_04/selected_records.json,final_or_documentation,604,2026-08-10T21:09:34.366561+00:00,dd57ff90b7873a10c8e186f1d28e034fdc8d19d12d60805d4009328e27668a98
07_graph_sections/shard_04/update_2026-08-09__rec_000076_7f0f74d0e84a/screening_evidence_summary.json,final_or_documentation,153700,2026-08-10T21:10:12.542309+00:00,8e097639eeddbfce550c4fde574e70dde9799446f31a03adb80d247f9174cc2c
07_graph_sections/shard_04/update_2026-08-09__rec_000076_7f0f74d0e84a/update_2026_08_09_rec_000076_7f0f74d0e84a_docling_json_20260811_000934/docling/chunks.json,final_or_documentation,148826,2026-08-10T21:10:12.103149+00:00,9d16f5e6276ca646d7b95a445ae6b8252abff5a155f91e936b075214a1eb4e38
07_graph_sections/shard_04/update_2026-08-09__rec_000076_7f0f74d0e84a/update_2026_08_09_rec_000076_7f0f74d0e84a_docling_json_20260811_000934/docling/document.dclg,final_or_documentation,86099,2026-08-10T21:10:12.101182+00:00,5fb696803dc9e5bdabb92fa0521c2b66bbb769d3514a455d662aaa032b582624
07_graph_sections/shard_04/update_2026-08-09__rec_000076_7f0f74d0e84a/update_2026_08_09_rec_000076_7f0f74d0e84a_docling_json_20260811_000934/docling/document.json,final_or_documentation,574503,2026-08-10T21:10:11.862411+00:00,7e2cefde8c666eeb0ebad0aa39e5009d8980f6b2df35ed509f5b11e307239447
07_graph_sections/shard_04/update_2026-08-09__rec_000076_7f0f74d0e84a/update_2026_08_09_rec_000076_7f0f74d0e84a_docling_json_20260811_000934/docling/document.md,final_or_documentation,96961,2026-08-10T21:10:11.956627+00:00,1475d69879583ce35267800d3ef7ead1443751e0469085a2bb7094c0bdeb0545
07_graph_sections/shard_04/update_2026-08-09__rec_000076_7f0f74d0e84a/update_2026_08_09_rec_000076_7f0f74d0e84a_docling_json_20260811_000934/docling_graph/edges.csv,final_or_documentation,595,2026-08-10T21:10:12.113584+00:00,fa8172c2853acea29bc31aa8004958a14aadb97a7ca81343a133c77036bf3b74
07_graph_sections/shard_04/update_2026-08-09__rec_000076_7f0f74d0e84a/update_2026_08_09_rec_000076_7f0f74d0e84a_docling_json_20260811_000934/docling_graph/graph.html,final_or_documentation,10127,2026-08-10T21:10:12.122864+00:00,33b5f0540844f680076c756d165c2a82f648c4cc7441d6d82fc283346e3e2e5a
07_graph_sections/shard_04/update_2026-08-09__rec_000076_7f0f74d0e84a/update_2026_08_09_rec_000076_7f0f74d0e84a_docling_json_20260811_000934/docling_graph/graph.json,final_or_documentation,7589,2026-08-10T21:10:12.114111+00:00,9a8d3050103e86a45e1ee8a24c49f7c72ede9d4f7cf6317daabda21d59a97c25
07_graph_sections/shard_04/update_2026-08-09__rec_000076_7f0f74d0e84a/update_2026_08_09_rec_000076_7f0f74d0e84a_docling_json_20260811_000934/docling_graph/nodes.csv,final_or_documentation,4326,2026-08-10T21:10:12.112741+00:00,b99721d536b6c901ac9ec78be516beda078b3be6a5e813d2eb328589a4c647f0
07_graph_sections/shard_04/update_2026-08-09__rec_000076_7f0f74d0e84a/update_2026_08_09_rec_000076_7f0f74d0e84a_docling_json_20260811_000934/docling_graph/provenance.json,final_or_documentation,158867,2026-08-10T21:10:12.115372+00:00,b02b054bee860abf779193b7e895d929d9bbefe19cfbbcd4e9577de4bab4b26d
07_graph_sections/shard_04/update_2026-08-09__rec_000076_7f0f74d0e84a/update_2026_08_09_rec_000076_7f0f74d0e84a_docling_json_20260811_000934/docling_graph/report.md,final_or_documentation,4550,2026-08-10T21:10:12.115912+00:00,f9f190c62841f0dba223fe9b6aba9d89829f6aeaf1af188ed3c5288c986a7f6a
07_graph_sections/shard_04/update_2026-08-09__rec_000076_7f0f74d0e84a/update_2026_08_09_rec_000076_7f0f74d0e84a_docling_json_20260811_000934/metadata.json,final_or_documentation,3170,2026-08-10T21:10:12.123276+00:00,5f70a64f35e4de572232ce847a53eee4e525047daa75c59ff5ce4d2a8b365d55
07_graph_sections/shard_05/run_summary.json,final_or_documentation,51124,2026-08-10T21:10:24.681686+00:00,33311cab1d637c807222c67c0a2de278a110dafe363ad6e303ffd2d2db5c6620
07_graph_sections/shard_05/selected_records.json,final_or_documentation,616,2026-08-10T21:09:34.366047+00:00,06eb39154b490318a1d4a8045869f93195aa552d6a3d42d18b87665974e12902
07_graph_sections/shard_05/update_2026-08-09__rec_000082_8a50cb96e707/screening_evidence_summary.json,final_or_documentation,49616,2026-08-10T21:10:24.676198+00:00,fdf70a5d53d6863b970230e5b1c0490c8c04a9ee68d3f33a5f4da7f89d4f9765
07_graph_sections/shard_05/update_2026-08-09__rec_000082_8a50cb96e707/update_2026_08_09_rec_000082_8a50cb96e707_docling_json_20260811_000934/docling/chunks.json,final_or_documentation,32468,2026-08-10T21:10:24.306015+00:00,0a9319fca57e982144e5b8f22581d9e21e242a099c256908bfabad3a2ac70cc9
07_graph_sections/shard_05/update_2026-08-09__rec_000082_8a50cb96e707/update_2026_08_09_rec_000082_8a50cb96e707_docling_json_20260811_000934/docling/document.dclg,final_or_documentation,25934,2026-08-10T21:10:24.305177+00:00,fe19106ddd953817573b5057f6680a90030679c31c6511bed7b817e9385b1c64
07_graph_sections/shard_05/update_2026-08-09__rec_000082_8a50cb96e707/update_2026_08_09_rec_000082_8a50cb96e707_docling_json_20260811_000934/docling/document.json,final_or_documentation,152091,2026-08-10T21:10:24.235509+00:00,00d1e19959affc149a2bf5d44ab0d4a1c97f66261da98472da640859e81012cc
07_graph_sections/shard_05/update_2026-08-09__rec_000082_8a50cb96e707/update_2026_08_09_rec_000082_8a50cb96e707_docling_json_20260811_000934/docling/document.md,final_or_documentation,19211,2026-08-10T21:10:24.261040+00:00,bab0c9e7c113d3c6e833837d4539def45003ef2fc2b5461702ed3a1021b075ab
07_graph_sections/shard_05/update_2026-08-09__rec_000082_8a50cb96e707/update_2026_08_09_rec_000082_8a50cb96e707_docling_json_20260811_000934/docling_graph/edges.csv,final_or_documentation,250,2026-08-10T21:10:24.315148+00:00,c8129c35d1e553f74b13b5e151e28dbace6bfc6d64774d8030b8cfc5d6150c4d
07_graph_sections/shard_05/update_2026-08-09__rec_000082_8a50cb96e707/update_2026_08_09_rec_000082_8a50cb96e707_docling_json_20260811_000934/docling_graph/graph.html,final_or_documentation,5197,2026-08-10T21:10:24.320298+00:00,073d8c2bb2f008347ed53fc324338fd1afd149c19b05c3376cf497f223319018
07_graph_sections/shard_05/update_2026-08-09__rec_000082_8a50cb96e707/update_2026_08_09_rec_000082_8a50cb96e707_docling_json_20260811_000934/docling_graph/graph.json,final_or_documentation,3423,2026-08-10T21:10:24.315496+00:00,1aee742c02d0b45da8bfbbc508ec91eeda4bc769180242f42f8743004b0be5c5
07_graph_sections/shard_05/update_2026-08-09__rec_000082_8a50cb96e707/update_2026_08_09_rec_000082_8a50cb96e707_docling_json_20260811_000934/docling_graph/nodes.csv,final_or_documentation,2166,2026-08-10T21:10:24.314481+00:00,ea2b0fba3ed1655531889cd1f8e2c3bd4e4da50729b68dbca1637d4d53c3038e
07_graph_sections/shard_05/update_2026-08-09__rec_000082_8a50cb96e707/update_2026_08_09_rec_000082_8a50cb96e707_docling_json_20260811_000934/docling_graph/provenance.json,final_or_documentation,36775,2026-08-10T21:10:24.316378+00:00,dcd17e3f34ed78b4107fcb77d5e359acef99b55d4d9f989fa8f1d1a70d32590c
07_graph_sections/shard_05/update_2026-08-09__rec_000082_8a50cb96e707/update_2026_08_09_rec_000082_8a50cb96e707_docling_json_20260811_000934/docling_graph/report.md,final_or_documentation,2744,2026-08-10T21:10:24.316821+00:00,4c1f75bd7c5c38cd1bdee26210040d69916ab1f48a1352454a8d66feeaf799dd
07_graph_sections/shard_05/update_2026-08-09__rec_000082_8a50cb96e707/update_2026_08_09_rec_000082_8a50cb96e707_docling_json_20260811_000934/metadata.json,final_or_documentation,3170,2026-08-10T21:10:24.320652+00:00,541c0d2123d15f187ac3de613d57e06159e62a342493c22a27dd5feab347aaff
07_graph_sections/shard_06/run_summary.json,final_or_documentation,630424,2026-08-10T21:10:22.365573+00:00,4b47a90979ed953f485b04df990449b8c06dd9f80200e012d1dbb256500d7897
07_graph_sections/shard_06/selected_records.json,final_or_documentation,618,2026-08-10T21:09:34.366455+00:00,5f8aea9fdee93cbc6f6f5fe25a2dd0f050abee18ff9de09889026cc95fdf2bb1
07_graph_sections/shard_06/update_2026-08-09__rec_000106_c9bc52778731/screening_evidence_summary.json,final_or_documentation,627232,2026-08-10T21:10:22.355688+00:00,761a57703efb3b43fd4fcfd9f17521b31bb8e26bf4ea9ad1fab87dce72dff8b8
07_graph_sections/shard_06/update_2026-08-09__rec_000106_c9bc52778731/update_2026_08_09_rec_000106_c9bc52778731_docling_json_20260811_000934/docling/chunks.json,final_or_documentation,255121,2026-08-10T21:10:21.800224+00:00,a599f4864ea623ffe82980c3f1881e273eec6f01bfda145a81d4058fa70cf734
07_graph_sections/shard_06/update_2026-08-09__rec_000106_c9bc52778731/update_2026_08_09_rec_000106_c9bc52778731_docling_json_20260811_000934/docling/document.dclg,final_or_documentation,166435,2026-08-10T21:10:21.794230+00:00,2b79c843ac1e53aadb8d01bb35733ffbc7bb75ab12a09458e80f8c004bfd81f4
07_graph_sections/shard_06/update_2026-08-09__rec_000106_c9bc52778731/update_2026_08_09_rec_000106_c9bc52778731_docling_json_20260811_000934/docling/document.json,final_or_documentation,58233537,2026-08-10T21:10:21.589533+00:00,ae7c59b873f4ca78dbc869cce75fc739c66ba461612c11bece13117e20e8bcbf
07_graph_sections/shard_06/update_2026-08-09__rec_000106_c9bc52778731/update_2026_08_09_rec_000106_c9bc52778731_docling_json_20260811_000934/docling/document.md,final_or_documentation,109557,2026-08-10T21:10:21.627634+00:00,5b0fc934408ea4f1d7660cb04273afba5a407db76fdaecb3a200b91e84ac2715
07_graph_sections/shard_06/update_2026-08-09__rec_000106_c9bc52778731/update_2026_08_09_rec_000106_c9bc52778731_docling_json_20260811_000934/docling_graph/edges.csv,final_or_documentation,474,2026-08-10T21:10:21.804776+00:00,77d1df69b4c2bf8f8af4c4e2f840c679064b77f0f6d4c278b2b344aadb42bbbb
07_graph_sections/shard_06/update_2026-08-09__rec_000106_c9bc52778731/update_2026_08_09_rec_000106_c9bc52778731_docling_json_20260811_000934/docling_graph/graph.html,final_or_documentation,7609,2026-08-10T21:10:21.811861+00:00,7bbe187366377f5cc2b61d7275d6f64ee6b9105517a5f6b157ce2d83fb959d8d
07_graph_sections/shard_06/update_2026-08-09__rec_000106_c9bc52778731/update_2026_08_09_rec_000106_c9bc52778731_docling_json_20260811_000934/docling_graph/graph.json,final_or_documentation,5411,2026-08-10T21:10:21.805209+00:00,1281766007cfd976f453ad0206822546ab9809fe9d60e2dc1ceeaffea4f5f856
07_graph_sections/shard_06/update_2026-08-09__rec_000106_c9bc52778731/update_2026_08_09_rec_000106_c9bc52778731_docling_json_20260811_000934/docling_graph/nodes.csv,final_or_documentation,3138,2026-08-10T21:10:21.804097+00:00,5e15220d9c9cd5ad362c828516f009267f1a21a199833520d581d71699b4fb11
07_graph_sections/shard_06/update_2026-08-09__rec_000106_c9bc52778731/update_2026_08_09_rec_000106_c9bc52778731_docling_json_20260811_000934/docling_graph/provenance.json,final_or_documentation,274038,2026-08-10T21:10:21.807221+00:00,6c1cc4151a252636273f46bfdd914652b18fca5b92157988d0adcf396121a16d
07_graph_sections/shard_06/update_2026-08-09__rec_000106_c9bc52778731/update_2026_08_09_rec_000106_c9bc52778731_docling_json_20260811_000934/docling_graph/report.md,final_or_documentation,4300,2026-08-10T21:10:21.808099+00:00,a8209eb1a53c1c58d01ba2ccb1e9b7add32284aa0c069f019fe841af55790c33
07_graph_sections/shard_06/update_2026-08-09__rec_000106_c9bc52778731/update_2026_08_09_rec_000106_c9bc52778731_docling_json_20260811_000934/metadata.json,final_or_documentation,3170,2026-08-10T21:10:21.812231+00:00,1df559310e6d2b2eed10f6f13eeff6b51bafc8b392fc230d952cd81fddc1a96f
07_graph_sections/shard_07/run_summary.json,final_or_documentation,135722,2026-08-10T21:10:27.021643+00:00,732babad23c34f0c6111020e51279a6a26305d30f786bc927a948408d3bb640d
07_graph_sections/shard_07/selected_records.json,final_or_documentation,600,2026-08-10T21:09:34.366063+00:00,f369233496016d614180e06e5c4adcdf0d89a45455953efe8157f0dc888cd504
07_graph_sections/shard_07/update_2026-08-09__rec_000131_47b518c005c5/screening_evidence_summary.json,final_or_documentation,133004,2026-08-10T21:10:27.015101+00:00,e9b7f8169aaf26ee78140a3584a1a57f64e9ea63d96977f471a92f70b50dc473
07_graph_sections/shard_07/update_2026-08-09__rec_000131_47b518c005c5/update_2026_08_09_rec_000131_47b518c005c5_docling_json_20260811_000934/docling/chunks.json,final_or_documentation,119421,2026-08-10T21:10:26.622081+00:00,27925b02027e4fc727f409ad90aa47a1eb442eafd09bad11d63505a6343d2369
07_graph_sections/shard_07/update_2026-08-09__rec_000131_47b518c005c5/update_2026_08_09_rec_000131_47b518c005c5_docling_json_20260811_000934/docling/document.dclg,final_or_documentation,73286,2026-08-10T21:10:26.620456+00:00,c206717d90b40c1d5acbd248329402844004abd54d6958e11a8bde363413d2ad
07_graph_sections/shard_07/update_2026-08-09__rec_000131_47b518c005c5/update_2026_08_09_rec_000131_47b518c005c5_docling_json_20260811_000934/docling/document.json,final_or_documentation,811475,2026-08-10T21:10:25.332858+00:00,c22c3bec2d71135be28f6249ec8e6c3ca2015adda9827eb6692e1b24885c07eb
07_graph_sections/shard_07/update_2026-08-09__rec_000131_47b518c005c5/update_2026_08_09_rec_000131_47b518c005c5_docling_json_20260811_000934/docling/document.md,final_or_documentation,72677,2026-08-10T21:10:25.440833+00:00,f82090453c4c3b5e521e4aa62e0f73afb7638e5270e11ca015c9bd4a9841df30
07_graph_sections/shard_07/update_2026-08-09__rec_000131_47b518c005c5/update_2026_08_09_rec_000131_47b518c005c5_docling_json_20260811_000934/docling_graph/edges.csv,final_or_documentation,680,2026-08-10T21:10:26.626734+00:00,2cc4d475ff94e5fa5137784eb204cbeb0b1a9aaa825a15da5cee7a9c4a92e272
07_graph_sections/shard_07/update_2026-08-09__rec_000131_47b518c005c5/update_2026_08_09_rec_000131_47b518c005c5_docling_json_20260811_000934/docling_graph/graph.html,final_or_documentation,10647,2026-08-10T21:10:26.632655+00:00,67a2c5a80d491087b78a634a0a95ee8b13dc0b858ecbe154b4adda2088d3e7ac
07_graph_sections/shard_07/update_2026-08-09__rec_000131_47b518c005c5/update_2026_08_09_rec_000131_47b518c005c5_docling_json_20260811_000934/docling_graph/graph.json,final_or_documentation,8011,2026-08-10T21:10:26.627162+00:00,47a69ce3cf72c6f43e5f91e85db56534df35f89b0ebcb584e7b1dcb75b0758ea
07_graph_sections/shard_07/update_2026-08-09__rec_000131_47b518c005c5/update_2026_08_09_rec_000131_47b518c005c5_docling_json_20260811_000934/docling_graph/nodes.csv,final_or_documentation,4678,2026-08-10T21:10:26.626129+00:00,65400668cf5048db8711417490f6e6750f73c9c13c9d8e880bd371171e13995a
07_graph_sections/shard_07/update_2026-08-09__rec_000131_47b518c005c5/update_2026_08_09_rec_000131_47b518c005c5_docling_json_20260811_000934/docling_graph/provenance.json,final_or_documentation,128347,2026-08-10T21:10:26.628320+00:00,e6cbf94e23158a2ea08ada6d1aa587932f9af75b09e81961bbcde5d457375671
07_graph_sections/shard_07/update_2026-08-09__rec_000131_47b518c005c5/update_2026_08_09_rec_000131_47b518c005c5_docling_json_20260811_000934/docling_graph/report.md,final_or_documentation,4450,2026-08-10T21:10:26.628771+00:00,3f2e954b07d61e3668fd058b58b95d21e58b7240e6622ab69b1de1cf73effa02
07_graph_sections/shard_07/update_2026-08-09__rec_000131_47b518c005c5/update_2026_08_09_rec_000131_47b518c005c5_docling_json_20260811_000934/metadata.json,final_or_documentation,3170,2026-08-10T21:10:26.632998+00:00,67a221668a2bd565cfc58905b619c8856d3016935dd331767eeaeabcc049ecd0
07_graph_sections_manual_recall_xunzi_2026-08-11/run_summary.json,final_or_documentation,207377,2026-08-11T10:54:52.819814+00:00,7e009a2e9a7310f69a03c3b87e10310ac4834b9d8e067b9ba309033fc25d1f47
07_graph_sections_manual_recall_xunzi_2026-08-11/selected_records.json,final_or_documentation,723,2026-08-11T10:53:49.704021+00:00,8f2fc4d1f737399b259f47ae8bcfce9ba25e44fbd85829542d576a72426dfce0
07_graph_sections_manual_recall_xunzi_2026-08-11/update_2026-08-09__manual_recall_xunzi_c3ac5dec9fcb/screening_evidence_summary.json,final_or_documentation,201049,2026-08-11T10:54:52.810554+00:00,93d4a759d80e3cca758306c6c3343cc62cf818aa1e4a373739ab0d97a61db7ea
07_graph_sections_manual_recall_xunzi_2026-08-11/update_2026-08-09__manual_recall_xunzi_c3ac5dec9fcb/update_2026_08_09_manual_recall_xunzi_c3ac5dec9fcb_docling_json_20260811_135349/docling/chunks.json,final_or_documentation,249798,2026-08-11T10:54:52.227738+00:00,5d7931ea8f3816a4b1a5b9af507053e1cbb75d836282ff7e520c02e77e66c7ae
07_graph_sections_manual_recall_xunzi_2026-08-11/update_2026-08-09__manual_recall_xunzi_c3ac5dec9fcb/update_2026_08_09_manual_recall_xunzi_c3ac5dec9fcb_docling_json_20260811_135349/docling/document.dclg,final_or_documentation,387813,2026-08-11T10:54:52.221574+00:00,d36020eaed6dbbd5c34d274628fb14606c4bf6f69859378da43d1683d9bf66e1
07_graph_sections_manual_recall_xunzi_2026-08-11/update_2026-08-09__manual_recall_xunzi_c3ac5dec9fcb/update_2026_08_09_manual_recall_xunzi_c3ac5dec9fcb_docling_json_20260811_135349/docling/document.json,final_or_documentation,65873773,2026-08-11T10:54:51.824062+00:00,8b233a54bd3bd1c49210b9f9de71e5b3efee8ae0b4370766c550bda542a139ee
07_graph_sections_manual_recall_xunzi_2026-08-11/update_2026-08-09__manual_recall_xunzi_c3ac5dec9fcb/update_2026_08_09_manual_recall_xunzi_c3ac5dec9fcb_docling_json_20260811_135349/docling/document.md,final_or_documentation,112538,2026-08-11T10:54:51.877382+00:00,8b828d936b57e132c6639be7d0c52ad38111e47c1326969b70b597f43f300e10
07_graph_sections_manual_recall_xunzi_2026-08-11/update_2026-08-09__manual_recall_xunzi_c3ac5dec9fcb/update_2026_08_09_manual_recall_xunzi_c3ac5dec9fcb_docling_json_20260811_135349/docling_graph/edges.csv,final_or_documentation,801,2026-08-11T10:54:52.251495+00:00,da1fa030fe570803bbfab1cb922b5e8f8b4310c8e24e589d9962dc28593f7a64
07_graph_sections_manual_recall_xunzi_2026-08-11/update_2026-08-09__manual_recall_xunzi_c3ac5dec9fcb/update_2026_08_09_manual_recall_xunzi_c3ac5dec9fcb_docling_json_20260811_135349/docling_graph/graph.html,final_or_documentation,12735,2026-08-11T10:54:52.262635+00:00,619c371343d6828f964b57fd9785cc12aa28736fbcf841dbc71b93cc958e3c85
07_graph_sections_manual_recall_xunzi_2026-08-11/update_2026-08-09__manual_recall_xunzi_c3ac5dec9fcb/update_2026_08_09_manual_recall_xunzi_c3ac5dec9fcb_docling_json_20260811_135349/docling_graph/graph.json,final_or_documentation,9773,2026-08-11T10:54:52.252065+00:00,9255b011b69b7969c93cccf35fe5ec3e5dc1a27c7c5b3074fce63384032420e0
07_graph_sections_manual_recall_xunzi_2026-08-11/update_2026-08-09__manual_recall_xunzi_c3ac5dec9fcb/update_2026_08_09_manual_recall_xunzi_c3ac5dec9fcb_docling_json_20260811_135349/docling_graph/nodes.csv,final_or_documentation,5482,2026-08-11T10:54:52.250841+00:00,3eab0ae2bb3dc96d5763eaac64c52cd2014f7f43146095d2fe00dd36c39c1c76
07_graph_sections_manual_recall_xunzi_2026-08-11/update_2026-08-09__manual_recall_xunzi_c3ac5dec9fcb/update_2026_08_09_manual_recall_xunzi_c3ac5dec9fcb_docling_json_20260811_135349/docling_graph/provenance.json,final_or_documentation,271619,2026-08-11T10:54:52.254023+00:00,b9a34dce5a9cd524a0b911884336bf96e02a2781d40bbaeb81ab5d73dfe1173e
07_graph_sections_manual_recall_xunzi_2026-08-11/update_2026-08-09__manual_recall_xunzi_c3ac5dec9fcb/update_2026_08_09_manual_recall_xunzi_c3ac5dec9fcb_docling_json_20260811_135349/docling_graph/report.md,final_or_documentation,4378,2026-08-11T10:54:52.254570+00:00,5afa648179284adf5cad7ce7c0fd14e27a262cfc8de260e251fbecaceb8035ad
07_graph_sections_manual_recall_xunzi_2026-08-11/update_2026-08-09__manual_recall_xunzi_c3ac5dec9fcb/update_2026_08_09_manual_recall_xunzi_c3ac5dec9fcb_docling_json_20260811_135349/metadata.json,final_or_documentation,3247,2026-08-11T10:54:52.263002+00:00,b3390a37653685121e63e02cb7577a357575d77bb8e02e5a430c3ab1a864ee3a
08_section_input/fulltext_screening_input.json,final_or_documentation,131025,2026-08-10T21:16:38.464342+00:00,fd93768275362317feef7485970c02f83ea992788bc00d26f6fee61add38c45b
08_section_input/fulltext_screening_input.jsonl,final_or_documentation,130602,2026-08-10T21:16:38.464738+00:00,24206e8b60f5f3761d0d123eccc2b46b6ec9f20dd558e4b0447c6093117ab895
08_section_input/fulltext_section_audit.csv,final_or_documentation,7216,2026-08-10T21:16:38.464884+00:00,2d6c84a83b5dfc8c6716a573082c67b8ad1b547b61a62311adecc9fb76bc211d
08_section_input/run_metadata.json,final_or_documentation,1312,2026-08-10T21:16:38.465031+00:00,722c0b9a26bf452a7f3fcda6959f49070aa46e85565f90b2023d2fa3fbe925d5
08_section_input/section_selection_provenance.json,final_or_documentation,295626,2026-08-10T21:16:38.463863+00:00,5a853690ca9fb6be8f568879fae438346b7e45c399253dc8ae8ab49c20b39f80
08_section_input_manual_recall_xunzi_2026-08-11/fulltext_screening_input.json,final_or_documentation,11104,2026-08-11T10:55:03.684819+00:00,34192dd5923c0d04e31ffc171f93cf28adb3d2e8530dc7b0127c883e1c6a945a
08_section_input_manual_recall_xunzi_2026-08-11/fulltext_screening_input.jsonl,final_or_documentation,11066,2026-08-11T10:55:03.684976+00:00,57a52a1b67e0f09fb43df4c754b79f32bf0421816940f8597b859df2d0d4b46a
08_section_input_manual_recall_xunzi_2026-08-11/fulltext_section_audit.csv,final_or_documentation,1033,2026-08-11T10:55:03.685079+00:00,a39dc000a617f616f35bbc979d974f1d575e81c08c0a3d02ae5077f0ea3483a5
08_section_input_manual_recall_xunzi_2026-08-11/run_metadata.json,final_or_documentation,1366,2026-08-11T10:55:03.685226+00:00,20f1d3eed0cf9ce202c97dd63f318f029784eb5ec83740422fdcf95a62723e65
08_section_input_manual_recall_xunzi_2026-08-11/section_selection_provenance.json,final_or_documentation,26611,2026-08-11T10:55:03.684634+00:00,6f9799ef6d870b6d8748c0e9fee23313d404f4cd36cf4ed8b4354eb9f19b163a
09_fulltext_screening/adjudication_queue.json,final_or_documentation,25452,2026-08-10T21:39:24.375949+00:00,b42eee7f176b4e2d4ca688ceabd5240aa27cc73a1739e6193cf616a56c29d446
09_fulltext_screening/adjudicator.jsonl,final_or_documentation,3618,2026-08-10T21:41:54.290727+00:00,8566370f77c96b859792b018f4fc19e546fbbee1063fad5913ef380212b3b985
09_fulltext_screening/architecture_reviewer.jsonl,final_or_documentation,8210,2026-08-10T21:39:24.374839+00:00,aac456871356829f62018a057bc531c93ac1c10afd1203dc43294d9c0db4429c
09_fulltext_screening/final_screening_results.csv,final_or_documentation,5923,2026-08-10T21:41:54.291388+00:00,99c4c20960260b0a3f98a851bedac49c51d6a89951f8691bde5e353daf20d63b
09_fulltext_screening/final_screening_results.json,final_or_documentation,14756,2026-08-10T21:41:54.291117+00:00,cc5607ad91455d33e1d06eb11cab635c3924778837a701468a21db7e6603129f
09_fulltext_screening/input_records.json,final_or_documentation,132492,2026-08-10T21:35:49.714784+00:00,01c3531638edb77d5927572d43d06b5cb04789f8f8a74f33770ff3b06cc6f553
09_fulltext_screening/python_gate_outputs.json,final_or_documentation,24933,2026-08-10T21:39:24.375540+00:00,e31a058d4c2376870a3ef0afac432a3a33afca8412b6e332961f28b3d1dab532
09_fulltext_screening/role_logs/adjudicator/batch_0001.meta.json,final_or_documentation,1260,2026-08-10T21:41:54.289907+00:00,1bd86fff0bfeb277a03a90576cc10bebe46ae1457194658eb3d457a6dc233b2f
09_fulltext_screening/role_logs/adjudicator/batch_0001.parsed.json,final_or_documentation,3876,2026-08-10T21:41:54.289794+00:00,04de4b172107a1c252b9b4c710db343579e8ea365081d2aecf2e8b35613aeaf9
09_fulltext_screening/role_logs/adjudicator/batch_0001.prompt.txt,final_or_documentation,42636,2026-08-10T21:39:24.377186+00:00,252d7e8db6d2dc96f10f5f68d16d439d518191fbec260119ec3eab8a9bf35434
09_fulltext_screening/role_logs/adjudicator/batch_0001.response.txt,final_or_documentation,3526,2026-08-10T21:41:54.289344+00:00,57e5a3c79ba74259c3f6e791d6d15c6c45fd28d51b177c68284cc8040e76de85
09_fulltext_screening/role_logs/adjudicator/batch_0001.stderr.log,final_or_documentation,48323,2026-08-10T21:41:54.288986+00:00,098caa931f82c4041067be1c42abf575e67e5868813da261a0c2ed874586b474
09_fulltext_screening/role_logs/adjudicator/batch_0001.stdout.log,final_or_documentation,3527,2026-08-10T21:41:54.288629+00:00,5934748498204bb9fd19d3219f48b4699725badf6aa719a9e3be0220a7db1ec1
09_fulltext_screening/role_logs/architecture_reviewer/batch_0001.meta.json,final_or_documentation,1431,2026-08-10T21:39:24.371788+00:00,9dd8f744c5b016d3a10d0b30b64b1e62e6ef1f8b073e4b174b93b0a31a5bb41b
09_fulltext_screening/role_logs/architecture_reviewer/batch_0001.parsed.json,final_or_documentation,5786,2026-08-10T21:39:24.371568+00:00,1362a2505e06f316a892160c7cd9a7980d06f67f48c067a6586f5b3b63daf673
09_fulltext_screening/role_logs/architecture_reviewer/batch_0001.prompt.txt,final_or_documentation,117781,2026-08-10T21:37:29.752523+00:00,a3642579e146c881bd581204c6116b76270eaa088e25c418877e60101a8beaea
09_fulltext_screening/role_logs/architecture_reviewer/batch_0001.response.txt,final_or_documentation,5364,2026-08-10T21:39:24.371040+00:00,576ec18092ed310fee237c7e51d23f31e903a09e6d5079c42b9c759120b7a2a9
09_fulltext_screening/role_logs/architecture_reviewer/batch_0001.stderr.log,final_or_documentation,125306,2026-08-10T21:39:24.370731+00:00,4f8f8deb9112215af545b80748f2241fe63353c05210fb926a2ecd44fef612f8
09_fulltext_screening/role_logs/architecture_reviewer/batch_0001.stdout.log,final_or_documentation,5365,2026-08-10T21:39:24.370335+00:00,4fd69a12563d43b81b0e959affbc842582cd9650707d261821ba05f9f5a97a71
09_fulltext_screening/role_logs/architecture_reviewer/batch_0002.meta.json,final_or_documentation,1282,2026-08-10T21:38:59.714392+00:00,f4aea4c910c589ecae911a3bc454fb3c3e23b5cf9f27813bcd123d812a98e79f
09_fulltext_screening/role_logs/architecture_reviewer/batch_0002.parsed.json,final_or_documentation,2898,2026-08-10T21:38:59.714262+00:00,576242440d83b43d64e51642b11c57f5529b9ccd5f2780074b7b36f3d2d2fb57
09_fulltext_screening/role_logs/architecture_reviewer/batch_0002.prompt.txt,final_or_documentation,25381,2026-08-10T21:37:29.752519+00:00,4911acb20e3daaf2d5172be2da013c35de071a322f9b540bfda376b535794f88
09_fulltext_screening/role_logs/architecture_reviewer/batch_0002.response.txt,final_or_documentation,2692,2026-08-10T21:38:59.713863+00:00,e784088ae6f87531516652c3ded77fc6f96a02e0a93b53cff0f9a5637a157787
09_fulltext_screening/role_logs/architecture_reviewer/batch_0002.stderr.log,final_or_documentation,1078981,2026-08-10T21:38:59.713478+00:00,acdbcf98478e00856b35f39cc5fa57c7f6413fb453321390216757abaae7a36e
09_fulltext_screening/role_logs/architecture_reviewer/batch_0002.stdout.log,final_or_documentation,2693,2026-08-10T21:38:59.711956+00:00,809395cd9fb7441d75af326d6de2966b0a1d8b3dd1641c6c10e02f3105dfbca7
09_fulltext_screening/role_logs/scope_reviewer/batch_0001.meta.json,final_or_documentation,1389,2026-08-10T21:37:29.750338+00:00,8065c99364764bb5d4017394dd3705ffc3a6e99658413527fabee180f84997a9
09_fulltext_screening/role_logs/scope_reviewer/batch_0001.parsed.json,final_or_documentation,5423,2026-08-10T21:37:29.750189+00:00,e5f30eadeb5912f4a98daa2be9396e4081d2c11e91d3019156a65e3c2a9c2c68
09_fulltext_screening/role_logs/scope_reviewer/batch_0001.prompt.txt,final_or_documentation,121316,2026-08-10T21:35:49.716613+00:00,b43f42dc6876f7359c1f8d0090f6683477278555677ca841276c2095718b28bc
09_fulltext_screening/role_logs/scope_reviewer/batch_0001.response.txt,final_or_documentation,4953,2026-08-10T21:37:29.749532+00:00,f7e93057b551935ef23c30440197c7e50d7ec21668bd99c95b208d0e2db92844
09_fulltext_screening/role_logs/scope_reviewer/batch_0001.stderr.log,final_or_documentation,128430,2026-08-10T21:37:29.749279+00:00,d38f5c08d1b0d15f2e66ebb02d0187a46c0f87c8c5ab6f95ca1c0f8c875597ea
09_fulltext_screening/role_logs/scope_reviewer/batch_0001.stdout.log,final_or_documentation,4954,2026-08-10T21:37:29.748955+00:00,f726e00e6ef387ffb4aec8ac40d13aac3a24b33a59faffe5624724ea2999c35b
09_fulltext_screening/role_logs/scope_reviewer/batch_0002.meta.json,final_or_documentation,1240,2026-08-10T21:36:48.500153+00:00,756e3f9354d5134ef050822256b3af0c214210025d122df5e2cc654450ec7846
09_fulltext_screening/role_logs/scope_reviewer/batch_0002.parsed.json,final_or_documentation,2701,2026-08-10T21:36:48.499949+00:00,d82195b5054a88463fa88ac64cf7fc611292974005aab25f6cabb948bb225b46
09_fulltext_screening/role_logs/scope_reviewer/batch_0002.prompt.txt,final_or_documentation,28916,2026-08-10T21:35:49.716644+00:00,e212f64bab3dee9e3703e1d1718e266dbfef5740541359f923f68b1b3b4b35a1
09_fulltext_screening/role_logs/scope_reviewer/batch_0002.response.txt,final_or_documentation,2471,2026-08-10T21:36:48.499360+00:00,8a5f85c42d6e6f748cd4c53bc6ac297cbec894b06e62b0479c5891da871bedea
09_fulltext_screening/role_logs/scope_reviewer/batch_0002.stderr.log,final_or_documentation,33839,2026-08-10T21:36:48.498995+00:00,b43dc9e386648aecbf19846748c2c7a2faa3796ca21bad7b50dc85c8e0355fd6
09_fulltext_screening/role_logs/scope_reviewer/batch_0002.stdout.log,final_or_documentation,2472,2026-08-10T21:36:48.498620+00:00,1dc66626cf9ec259d2e83b2bcdebf5cfc62dce16c7efc7ec8a00a6e926ea4e13
09_fulltext_screening/run_metadata.json,final_or_documentation,2921,2026-08-10T21:35:49.714281+00:00,20b7fe3f583fe4bae445fe10876f9968cba6fe3616e33518d68e61d124fc4789
09_fulltext_screening/schemas/adjudicator.schema.json,final_or_documentation,2953,2026-08-10T21:39:24.376210+00:00,32e581f8b24e886942568469d399bf7427f0cb82f0ed57b06d208403cb9dcc7e
09_fulltext_screening/schemas/architecture_reviewer.schema.json,final_or_documentation,2054,2026-08-10T21:37:29.750844+00:00,81e6b0b656c289ab0f6d856068f9347a05ba3a6c689a3fc2f451ef7e1f13cc32
09_fulltext_screening/schemas/scope_reviewer.schema.json,final_or_documentation,2327,2026-08-10T21:35:49.715437+00:00,773b71410ef05c87d9b7736d6576765372e3c045fca60638ce6a115bdb689af8
09_fulltext_screening/scope_reviewer.jsonl,final_or_documentation,7602,2026-08-10T21:39:24.374019+00:00,fbb70a5b23891b2f5d5fd76cf01d0bfe47ebc8bf20ec3ffceb269c23a97d451c
09_fulltext_screening/summary.json,final_or_documentation,1076,2026-08-10T21:41:54.291527+00:00,34509c6031b54434f65b6908c91b6f6a702e8b9209b176ebe90ef0c17d8925b8
09_fulltext_screening_failed_complete_batch_retries_2026-08-11/adjudication_queue.json,final_or_documentation,67723,2026-08-10T21:27:09.127834+00:00,74bba4d6ef0a584bbf1c3d7390a9fddc665501532962505af115145a53ca1dec
09_fulltext_screening_failed_complete_batch_retries_2026-08-11/architecture_reviewer.jsonl,final_or_documentation,7108,2026-08-10T21:27:09.126736+00:00,caa5ff747f78e427a16bc5955613ef32b26b2748aba0a928aae6faa27001ff31
09_fulltext_screening_failed_complete_batch_retries_2026-08-11/input_records.json,final_or_documentation,132492,2026-08-10T21:20:47.545781+00:00,01c3531638edb77d5927572d43d06b5cb04789f8f8a74f33770ff3b06cc6f553
09_fulltext_screening_failed_complete_batch_retries_2026-08-11/python_gate_outputs.json,final_or_documentation,24026,2026-08-10T21:27:09.127313+00:00,89f797c815262e3245617a697b3e98b2193bdb9c0d1bb07713a365179f033960
09_fulltext_screening_failed_complete_batch_retries_2026-08-11/role_logs/adjudicator/batch_0001.attempt_01.meta.json,final_or_documentation,1564,2026-08-10T21:29:47.998945+00:00,c78eac6d373cb578f7d9de6a9645b3e2a63b3d9f72180c65f09346be9517465c
09_fulltext_screening_failed_complete_batch_retries_2026-08-11/role_logs/adjudicator/batch_0001.attempt_01.prompt.txt,final_or_documentation,85960,2026-08-10T21:27:09.129128+00:00,ca8424750cb26743f2227685d42829d887ad2687fdd2f5ccc290c1b2bbdb88ff
09_fulltext_screening_failed_complete_batch_retries_2026-08-11/role_logs/adjudicator/batch_0001.attempt_01.response.txt,final_or_documentation,3392,2026-08-10T21:29:47.998608+00:00,360f9e0d75d978d6adc68256442c768cf0faa0b2dd2933883aec31e7f6186a51
09_fulltext_screening_failed_complete_batch_retries_2026-08-11/role_logs/adjudicator/batch_0001.attempt_01.stderr.log,final_or_documentation,91513,2026-08-10T21:29:47.998238+00:00,3574cac150a1ba0cbcab3464b79296ba04a3c71f19692233df243c7096e63fc5
09_fulltext_screening_failed_complete_batch_retries_2026-08-11/role_logs/adjudicator/batch_0001.attempt_01.stdout.log,final_or_documentation,3393,2026-08-10T21:29:47.997915+00:00,ab5048ad21d5807ef4c54814d3599e16a187075fb29c70408fb39a1bb733b0fa
09_fulltext_screening_failed_complete_batch_retries_2026-08-11/role_logs/adjudicator/batch_0001.attempt_02.meta.json,final_or_documentation,1563,2026-08-10T21:31:12.690129+00:00,67a12904146653cffc2d77ae5226a490445f87b29612636a0ee836563efdda1d
09_fulltext_screening_failed_complete_batch_retries_2026-08-11/role_logs/adjudicator/batch_0001.attempt_02.prompt.txt,final_or_documentation,85960,2026-08-10T21:29:47.999843+00:00,ca8424750cb26743f2227685d42829d887ad2687fdd2f5ccc290c1b2bbdb88ff
09_fulltext_screening_failed_complete_batch_retries_2026-08-11/role_logs/adjudicator/batch_0001.attempt_02.response.txt,final_or_documentation,3473,2026-08-10T21:31:12.689538+00:00,cde2c77fffb3455a9c6417dc1f77b4dc1c39f97e234cafd1f731c5dea1fffb2c
09_fulltext_screening_failed_complete_batch_retries_2026-08-11/role_logs/adjudicator/batch_0001.attempt_02.stderr.log,final_or_documentation,91594,2026-08-10T21:31:12.689194+00:00,5d41f5f3b1b25ccf4a338efac6c278e76e46c4f8aa7e1f207e3b0c14798741ae
09_fulltext_screening_failed_complete_batch_retries_2026-08-11/role_logs/adjudicator/batch_0001.attempt_02.stdout.log,final_or_documentation,3474,2026-08-10T21:31:12.688819+00:00,02e4e0289e399e90d75307d1c86aac856939ae298e548624d68b475661a56a8c
09_fulltext_screening_failed_complete_batch_retries_2026-08-11/role_logs/adjudicator/batch_0001.attempt_03.meta.json,final_or_documentation,1564,2026-08-10T21:33:08.629924+00:00,fd2f3f86b1ce1696ff0d9667a54bb0e68a631b5f25771e3f51244cf97ae4ec8a
09_fulltext_screening_failed_complete_batch_retries_2026-08-11/role_logs/adjudicator/batch_0001.attempt_03.prompt.txt,final_or_documentation,85960,2026-08-10T21:31:12.691767+00:00,ca8424750cb26743f2227685d42829d887ad2687fdd2f5ccc290c1b2bbdb88ff
09_fulltext_screening_failed_complete_batch_retries_2026-08-11/role_logs/adjudicator/batch_0001.attempt_03.response.txt,final_or_documentation,3621,2026-08-10T21:33:08.629371+00:00,82684d8f5284e25de3ea21dcafae7b7d835b4161b79dc3f510df16b876f0a75a
09_fulltext_screening_failed_complete_batch_retries_2026-08-11/role_logs/adjudicator/batch_0001.attempt_03.stderr.log,final_or_documentation,91742,2026-08-10T21:33:08.629095+00:00,b9f25f63c6ee576d0309331b4835566146063b679f62784b953e1a95e108a285
09_fulltext_screening_failed_complete_batch_retries_2026-08-11/role_logs/adjudicator/batch_0001.attempt_03.stdout.log,final_or_documentation,3622,2026-08-10T21:33:08.628741+00:00,6dc3f9aa147f13697bf98bfeb884d07939c32782e98f668eb0099722143fa0d9
09_fulltext_screening_failed_complete_batch_retries_2026-08-11/role_logs/architecture_reviewer/batch_0001.attempt_01.meta.json,final_or_documentation,1786,2026-08-10T21:23:06.698088+00:00,ecfc1b9a5f4a86070ee9a1cf6c6fb0b009b0947ecf160d511eb4f05b85479864
09_fulltext_screening_failed_complete_batch_retries_2026-08-11/role_logs/architecture_reviewer/batch_0001.attempt_01.prompt.txt,final_or_documentation,117781,2026-08-10T21:21:44.715108+00:00,a3642579e146c881bd581204c6116b76270eaa088e25c418877e60101a8beaea
09_fulltext_screening_failed_complete_batch_retries_2026-08-11/role_logs/architecture_reviewer/batch_0001.attempt_01.response.txt,final_or_documentation,3251,2026-08-10T21:23:06.697655+00:00,2c2d65436220c41ea9e4260e81a07d9118f8ce32f3c8650235697fee8a97bc5b
09_fulltext_screening_failed_complete_batch_retries_2026-08-11/role_logs/architecture_reviewer/batch_0001.attempt_01.stderr.log,final_or_documentation,123193,2026-08-10T21:23:06.697364+00:00,e620d8ee3895dffd024cd9229ab4dd2e36aa4ed034334cc20fe33b565ec0e92a
09_fulltext_screening_failed_complete_batch_retries_2026-08-11/role_logs/architecture_reviewer/batch_0001.attempt_01.stdout.log,final_or_documentation,3252,2026-08-10T21:23:06.696951+00:00,5dd0a2c36a525187a9d1817512808097132826f77af899f54ce99f4d8c9c2790
09_fulltext_screening_failed_complete_batch_retries_2026-08-11/role_logs/architecture_reviewer/batch_0001.attempt_02.meta.json,final_or_documentation,1786,2026-08-10T21:24:27.219679+00:00,870aa9a4170d8ec4add133f81a6bd5e159473c0a38eee2e878be4985208b3c4c
09_fulltext_screening_failed_complete_batch_retries_2026-08-11/role_logs/architecture_reviewer/batch_0001.attempt_02.prompt.txt,final_or_documentation,117781,2026-08-10T21:23:06.699343+00:00,a3642579e146c881bd581204c6116b76270eaa088e25c418877e60101a8beaea
09_fulltext_screening_failed_complete_batch_retries_2026-08-11/role_logs/architecture_reviewer/batch_0001.attempt_02.response.txt,final_or_documentation,3674,2026-08-10T21:24:27.218979+00:00,22f2228c3eb66a394e3b1bb1908871eb7c72c3aeeca44501deb318e0205ab978
09_fulltext_screening_failed_complete_batch_retries_2026-08-11/role_logs/architecture_reviewer/batch_0001.attempt_02.stderr.log,final_or_documentation,123616,2026-08-10T21:24:27.218621+00:00,20f09a0f38fb5042b9ca89b180a42818e1a63cf72366c84c19439c1c87d4f78d
09_fulltext_screening_failed_complete_batch_retries_2026-08-11/role_logs/architecture_reviewer/batch_0001.attempt_02.stdout.log,final_or_documentation,3675,2026-08-10T21:24:27.218189+00:00,fe60424128c4520636bb7f40453e7538c1d1a405f8c7f5ed19eeb5c2781b3a75
09_fulltext_screening_failed_complete_batch_retries_2026-08-11/role_logs/architecture_reviewer/batch_0001.meta.json,final_or_documentation,4506,2026-08-10T21:27:09.124108+00:00,f5c4f63049e7eb9736d3b64fed35e6205b46390d38b77c0a3728c0dc86c4ae32
09_fulltext_screening_failed_complete_batch_retries_2026-08-11/role_logs/architecture_reviewer/batch_0001.parsed.json,final_or_documentation,4947,2026-08-10T21:27:09.123837+00:00,c802ce798c57af4fc9dfc4ae1348b42a02c04c5a96d657f20e8726165571cc09
09_fulltext_screening_failed_complete_batch_retries_2026-08-11/role_logs/architecture_reviewer/batch_0001.prompt.txt,final_or_documentation,117781,2026-08-10T21:24:27.221618+00:00,a3642579e146c881bd581204c6116b76270eaa088e25c418877e60101a8beaea
09_fulltext_screening_failed_complete_batch_retries_2026-08-11/role_logs/architecture_reviewer/batch_0001.response.txt,final_or_documentation,4525,2026-08-10T21:27:09.123369+00:00,eb254baa0d0dd072281932e010759dc2ebec27b2e44030176c6339dbdf0eeec2
09_fulltext_screening_failed_complete_batch_retries_2026-08-11/role_logs/architecture_reviewer/batch_0001.stderr.log,final_or_documentation,1173647,2026-08-10T21:27:09.122658+00:00,deb9366611f3b2127ef01317bb7318dc1592831232b9007a18b62f999dfa2831
09_fulltext_screening_failed_complete_batch_retries_2026-08-11/role_logs/architecture_reviewer/batch_0001.stdout.log,final_or_documentation,4526,2026-08-10T21:27:09.121420+00:00,7882cff0bf85e2a67c1b51d3df99ffa0e9a4afea8a5dbe87b7c210eef6b3d775
09_fulltext_screening_failed_complete_batch_retries_2026-08-11/role_logs/architecture_reviewer/batch_0002.meta.json,final_or_documentation,1282,2026-08-10T21:22:39.580635+00:00,4c080f13804c9ca2edce6386414448545c9ceb0628cdd3851bf669f8f99a9725
09_fulltext_screening_failed_complete_batch_retries_2026-08-11/role_logs/architecture_reviewer/batch_0002.parsed.json,final_or_documentation,2635,2026-08-10T21:22:39.580510+00:00,6f4c1c26c7fa3bf2e9651e986fe8f3cc0be9e3e8cc74d8b69efe761196d605f0
09_fulltext_screening_failed_complete_batch_retries_2026-08-11/role_logs/architecture_reviewer/batch_0002.prompt.txt,final_or_documentation,25381,2026-08-10T21:21:44.715127+00:00,4911acb20e3daaf2d5172be2da013c35de071a322f9b540bfda376b535794f88
09_fulltext_screening_failed_complete_batch_retries_2026-08-11/role_logs/architecture_reviewer/batch_0002.response.txt,final_or_documentation,2429,2026-08-10T21:22:39.580142+00:00,deab11b94d89e49aa1677ef6f76e7fe1e7242d96f7a1046f0a8680acd97c2ec0
09_fulltext_screening_failed_complete_batch_retries_2026-08-11/role_logs/architecture_reviewer/batch_0002.stderr.log,final_or_documentation,29971,2026-08-10T21:22:39.579909+00:00,f5aac1a5266292e88cc622cf6e49a968428eb789806c3c2ff40cc74bcbe14d77
09_fulltext_screening_failed_complete_batch_retries_2026-08-11/role_logs/architecture_reviewer/batch_0002.stdout.log,final_or_documentation,2430,2026-08-10T21:22:39.579688+00:00,5edbca9911fe91e50cc393d2cc2f6894edaf817422cf6bef79f561a0a7b6da6d
09_fulltext_screening_failed_complete_batch_retries_2026-08-11/role_logs/scope_reviewer/batch_0001.meta.json,final_or_documentation,1388,2026-08-10T21:21:44.712230+00:00,f44ab0eb65d976cbe7e2f13da11abc2c7583252dd934db09636e90b4a0e48989
09_fulltext_screening_failed_complete_batch_retries_2026-08-11/role_logs/scope_reviewer/batch_0001.parsed.json,final_or_documentation,5583,2026-08-10T21:21:44.712034+00:00,e220f97a14c46b2b8b94ca320047e88630889c689b277956e9d5939b2572af5f
09_fulltext_screening_failed_complete_batch_retries_2026-08-11/role_logs/scope_reviewer/batch_0001.prompt.txt,final_or_documentation,121316,2026-08-10T21:20:47.547827+00:00,b43f42dc6876f7359c1f8d0090f6683477278555677ca841276c2095718b28bc
09_fulltext_screening_failed_complete_batch_retries_2026-08-11/role_logs/scope_reviewer/batch_0001.response.txt,final_or_documentation,5113,2026-08-10T21:21:44.711453+00:00,91cd029c717c459c143d0bc30c305baaa4449f18fec81d0e76c11339132153de
09_fulltext_screening_failed_complete_batch_retries_2026-08-11/role_logs/scope_reviewer/batch_0001.stderr.log,final_or_documentation,128590,2026-08-10T21:21:44.711086+00:00,c24ef052705db9e8cf7c58d8a5e10f827d32b4e85b3f69045b4addef90cb2c56
09_fulltext_screening_failed_complete_batch_retries_2026-08-11/role_logs/scope_reviewer/batch_0001.stdout.log,final_or_documentation,5114,2026-08-10T21:21:44.710557+00:00,4dd120c95d761717f4f8b4f0ab5cc497dc12db5bf82fbd4f5a1c02cb4e56ff2c
09_fulltext_screening_failed_complete_batch_retries_2026-08-11/role_logs/scope_reviewer/batch_0002.meta.json,final_or_documentation,1240,2026-08-10T21:21:20.299567+00:00,706657ac120ce378d938ad11e1330ca120963986a7639f9de9fdfaee9dbf913e
09_fulltext_screening_failed_complete_batch_retries_2026-08-11/role_logs/scope_reviewer/batch_0002.parsed.json,final_or_documentation,2705,2026-08-10T21:21:20.299472+00:00,d82753e94a333592b9ed8b80a057fab1b221059499d1b0c439c82b6ee3d28517
09_fulltext_screening_failed_complete_batch_retries_2026-08-11/role_logs/scope_reviewer/batch_0002.prompt.txt,final_or_documentation,28916,2026-08-10T21:20:47.547828+00:00,e212f64bab3dee9e3703e1d1718e266dbfef5740541359f923f68b1b3b4b35a1
09_fulltext_screening_failed_complete_batch_retries_2026-08-11/role_logs/scope_reviewer/batch_0002.response.txt,final_or_documentation,2475,2026-08-10T21:21:20.298998+00:00,4194ebb6479d348a4a845620163436ddfbc67d325834395bc7fb00c91e3a293f
09_fulltext_screening_failed_complete_batch_retries_2026-08-11/role_logs/scope_reviewer/batch_0002.stderr.log,final_or_documentation,33551,2026-08-10T21:21:20.298704+00:00,ff62a4ea14d9703dfdd887386baf62235783961fdf2902ff9a27720fa4d8da26
09_fulltext_screening_failed_complete_batch_retries_2026-08-11/role_logs/scope_reviewer/batch_0002.stdout.log,final_or_documentation,2476,2026-08-10T21:21:20.298416+00:00,dd8665d4d53419924a20eb64fc17f87f2c229ac0116dea32247eff417e8b8d19
09_fulltext_screening_failed_complete_batch_retries_2026-08-11/run_metadata.json,final_or_documentation,2921,2026-08-10T21:20:47.545186+00:00,608ec30a51a0e6d6315345787ff18a86c8a0c8711384daffe484c73e208bb003
09_fulltext_screening_failed_complete_batch_retries_2026-08-11/schemas/adjudicator.schema.json,final_or_documentation,2953,2026-08-10T21:27:09.128071+00:00,32e581f8b24e886942568469d399bf7427f0cb82f0ed57b06d208403cb9dcc7e
09_fulltext_screening_failed_complete_batch_retries_2026-08-11/schemas/architecture_reviewer.schema.json,final_or_documentation,2054,2026-08-10T21:21:44.712933+00:00,81e6b0b656c289ab0f6d856068f9347a05ba3a6c689a3fc2f451ef7e1f13cc32
09_fulltext_screening_failed_complete_batch_retries_2026-08-11/schemas/scope_reviewer.schema.json,final_or_documentation,2327,2026-08-10T21:20:47.546577+00:00,773b71410ef05c87d9b7736d6576765372e3c045fca60638ce6a115bdb689af8
09_fulltext_screening_failed_complete_batch_retries_2026-08-11/scope_reviewer.jsonl,final_or_documentation,7766,2026-08-10T21:27:09.126054+00:00,d5443310ea3282b84c58f222d87db29b023300a602977fd806c9a3c748ec01fd
09_fulltext_screening_manual_recall_xunzi_2026-08-11/adjudication_queue.json,final_or_documentation,34,2026-08-11T10:55:59.000745+00:00,29d6f333c506766559832d5b2a8b86fe4c07e047ad845b0acc158376db7b72a1
09_fulltext_screening_manual_recall_xunzi_2026-08-11/architecture_reviewer.jsonl,final_or_documentation,752,2026-08-11T10:55:59.000299+00:00,a21e6057401b1a9dc501def2db369ca458c5b75a00d77254a283b049721ca378
09_fulltext_screening_manual_recall_xunzi_2026-08-11/final_screening_results.csv,final_or_documentation,618,2026-08-11T10:55:59.001277+00:00,b7b923fb7b3f162581abd4f1e9c9ce6636cafc5edbf956a259690ba398418f5a
09_fulltext_screening_manual_recall_xunzi_2026-08-11/final_screening_results.json,final_or_documentation,3853,2026-08-11T10:55:59.001060+00:00,e307d1a8a286d68cfa23f87103cfe7f6155b12aff13c042cdf1800486da74710
09_fulltext_screening_manual_recall_xunzi_2026-08-11/input_records.json,final_or_documentation,11226,2026-08-11T10:55:26.305045+00:00,ac35517c182ff7bcb4d8c5a8abc8653307419a6be24cea68cc9e5af2c549a15b
09_fulltext_screening_manual_recall_xunzi_2026-08-11/python_gate_outputs.json,final_or_documentation,2438,2026-08-11T10:55:59.000584+00:00,d76131609fc3fcaeebd3f3ed456bcd9b85a934daf3c0429bfbd25a653a53bcca
09_fulltext_screening_manual_recall_xunzi_2026-08-11/role_logs/architecture_reviewer/batch_0001.meta.json,final_or_documentation,1251,2026-08-11T10:55:58.998550+00:00,89a64a6a8d51eaf2fc8f535a14fca5ac81e4bde9b1e2f33e487c98b7fcbfbeae
09_fulltext_screening_manual_recall_xunzi_2026-08-11/role_logs/architecture_reviewer/batch_0001.parsed.json,final_or_documentation,794,2026-08-11T10:55:58.998356+00:00,16f59377beb1825d61cb9c7f3e5d78d43970874dad3f0a940dbc30f03e0cd2bb
09_fulltext_screening_manual_recall_xunzi_2026-08-11/role_logs/architecture_reviewer/batch_0001.prompt.txt,final_or_documentation,17196,2026-08-11T10:55:43.483431+00:00,26284a9920cea18d9f15ccd85c737f0696314775864178795191fd88b4934cde
09_fulltext_screening_manual_recall_xunzi_2026-08-11/role_logs/architecture_reviewer/batch_0001.response.txt,final_or_documentation,1482,2026-08-11T10:55:58.997795+00:00,1f1daf064017f7694a57947ebf0adc6e53b38340f46c040d5dcc8865df4cb7c6
09_fulltext_screening_manual_recall_xunzi_2026-08-11/role_logs/architecture_reviewer/batch_0001.stderr.log,final_or_documentation,21241,2026-08-11T10:55:58.997447+00:00,028ac0b7dc566d4e13395950a9d5d82501859215a26de2c16e79377e25cf8d7b
09_fulltext_screening_manual_recall_xunzi_2026-08-11/role_logs/architecture_reviewer/batch_0001.stdout.log,final_or_documentation,1483,2026-08-11T10:55:58.997164+00:00,43a0f8e37432fcac14276f3c14bafecbde954769dc39d877ad7acf15bfe01c40
09_fulltext_screening_manual_recall_xunzi_2026-08-11/role_logs/scope_reviewer/batch_0001.meta.json,final_or_documentation,1209,2026-08-11T10:55:43.481308+00:00,f49eb2273adb1fef97e822351e7142c34cd3865094a72a4404e48a3cd1496116
09_fulltext_screening_manual_recall_xunzi_2026-08-11/role_logs/scope_reviewer/batch_0001.parsed.json,final_or_documentation,999,2026-08-11T10:55:43.481142+00:00,143ce4ecaebd4260ebb7436e4641c13acbda2198f67e63ed9a7091e4e4961254
09_fulltext_screening_manual_recall_xunzi_2026-08-11/role_logs/scope_reviewer/batch_0001.prompt.txt,final_or_documentation,20731,2026-08-11T10:55:26.306584+00:00,85eecc8279feea325d8f384f6dac14a1657b8440f73325f4046d50cb21f8f5d6
09_fulltext_screening_manual_recall_xunzi_2026-08-11/role_logs/scope_reviewer/batch_0001.response.txt,final_or_documentation,1885,2026-08-11T10:55:43.480612+00:00,2f429c4bbc895197dc459493fd9bd3800656942ffabd3fd9ba4fa77b8b27faac
09_fulltext_screening_manual_recall_xunzi_2026-08-11/role_logs/scope_reviewer/batch_0001.stderr.log,final_or_documentation,25325,2026-08-11T10:55:43.480279+00:00,8d6d46f68b1f0315b445ce6fd1b876506868e2864b0cf223a938d47764b8ecae
09_fulltext_screening_manual_recall_xunzi_2026-08-11/role_logs/scope_reviewer/batch_0001.stdout.log,final_or_documentation,1886,2026-08-11T10:55:43.480000+00:00,227f6e86bef507cf0ab9911e46776d4bb451f61f83679c25d0dd7c422a2af827
09_fulltext_screening_manual_recall_xunzi_2026-08-11/run_metadata.json,final_or_documentation,2914,2026-08-11T10:55:26.304811+00:00,a9802a5fe8b581a4dcabfe9a2ccb316f8bcb881cdec7cff404aa85443fa4f551
09_fulltext_screening_manual_recall_xunzi_2026-08-11/schemas/architecture_reviewer.schema.json,final_or_documentation,2054,2026-08-11T10:55:43.482058+00:00,81e6b0b656c289ab0f6d856068f9347a05ba3a6c689a3fc2f451ef7e1f13cc32
09_fulltext_screening_manual_recall_xunzi_2026-08-11/schemas/scope_reviewer.schema.json,final_or_documentation,2327,2026-08-11T10:55:26.305761+00:00,773b71410ef05c87d9b7736d6576765372e3c045fca60638ce6a115bdb689af8
09_fulltext_screening_manual_recall_xunzi_2026-08-11/scope_reviewer.jsonl,final_or_documentation,953,2026-08-11T10:55:59.000071+00:00,6c60826a013f229ccbffab587d249405b8aee4da2ed83d3d4032f9c5c5fea176
09_fulltext_screening_manual_recall_xunzi_2026-08-11/summary.json,final_or_documentation,1018,2026-08-11T10:55:59.001480+00:00,1f77fc77ea11dc742b08383129a87c238579fac331c2f7f2c03267f37fce0faf
10_eligibility/accepted_records.json,final_or_documentation,18517,2026-08-10T21:45:13.122848+00:00,b1eaf258a92b433fe864e8bfd594b322c52bb42c153f7e47a103abecb666c3ba
10_eligibility/excluded_records.json,final_or_documentation,128278,2026-08-10T21:45:13.123419+00:00,627dc6989a006de38144c0787e1bb514e5fa3dab8ecb8ea0d289f03300bbfe56
10_eligibility/manual_resolution.csv,final_or_documentation,743,2026-08-10T21:45:07.312258+00:00,6193d83eb0a581382821bfeed6972241fafbfa536c03cb7ef2a38b833c8a3f1f
10_eligibility/unresolved_records.json,final_or_documentation,62,2026-08-10T21:45:13.123530+00:00,22b1345054fd577177713d686af84bc37295320842630f5f63ee75b3485ace6a
10_eligibility_manual_recall_xunzi_2026-08-11/accepted_records.json,final_or_documentation,13020,2026-08-11T10:58:36.491199+00:00,83f604edfb563de7819c63665b328f1c51b8247f6aa196cbc292ed8b5754126b
10_eligibility_manual_recall_xunzi_2026-08-11/excluded_records.json,final_or_documentation,62,2026-08-11T10:58:36.491398+00:00,e889c1595c8ee54ec9997270b20b62fbdc5ddad8f32b0d34e62a2322de57f1fb
10_eligibility_manual_recall_xunzi_2026-08-11/unresolved_records.json,final_or_documentation,62,2026-08-11T10:58:36.491493+00:00,e889c1595c8ee54ec9997270b20b62fbdc5ddad8f32b0d34e62a2322de57f1fb
11_docling_vlm/missing_documents.json,final_or_documentation,62,2026-08-10T21:45:43.664431+00:00,189fc0585c6bc785f28130eebbf7d44f7f607db24ff93233199e5c2bae82bcbb
11_docling_vlm/profiles/documents/update_2026_08_09_rec_000106_c9bc52778731.docling.json,final_or_documentation,58300319,2026-08-10T21:50:55.804833+00:00,314d4db3bc3fcb90b2497614fc114ec3da6cb669a502f1b9edd3f12b7ebed43b
11_docling_vlm/profiles/documents/update_2026_08_09_rec_000138_796e32b2faec.docling.json,final_or_documentation,55317748,2026-08-10T21:54:44.665386+00:00,c675b6f0183af9727a643f808c56bcc9a672ab1bd07b4babcbaddbfd8e8632e4
11_docling_vlm/profiles/figures/update_2026_08_09_rec_000106_c9bc52778731/figure_001.png,final_or_documentation,400975,2026-08-10T21:50:55.870973+00:00,e32f5083d9f44df98cba814988d7d36f771f79c915f4c4305217d0bd849c0c84
11_docling_vlm/profiles/figures/update_2026_08_09_rec_000106_c9bc52778731/figure_002.png,final_or_documentation,377090,2026-08-10T21:50:55.888667+00:00,a5908166b12873bd8a43f13082112684ac51f754175f550113b2f0ce43622ed7
11_docling_vlm/profiles/figures/update_2026_08_09_rec_000106_c9bc52778731/figure_003.png,final_or_documentation,264425,2026-08-10T21:50:55.903970+00:00,17d2735eae9d8f75e47093bd1594291244ce79f49aa7b0e01575862da16bfc0f
11_docling_vlm/profiles/figures/update_2026_08_09_rec_000106_c9bc52778731/figure_004.png,final_or_documentation,162187,2026-08-10T21:50:55.914776+00:00,e92b64e8be5b60b6d5704ddaa1e6672b326d96d6e7aacb1ebb79de5d7e535d22
11_docling_vlm/profiles/figures/update_2026_08_09_rec_000106_c9bc52778731/figure_005.png,final_or_documentation,355649,2026-08-10T21:50:55.937819+00:00,813d4d14d98d8d04916a5588e843f56500297a22ce32ae5a0f1df1c5823acf7a
11_docling_vlm/profiles/figures/update_2026_08_09_rec_000106_c9bc52778731/figure_006.png,final_or_documentation,392121,2026-08-10T21:50:55.955005+00:00,802cb2d89b818e468f1e6e1c52436bdad949bcef33f613670b3bc1a2b0db2220
11_docling_vlm/profiles/figures/update_2026_08_09_rec_000106_c9bc52778731/figure_007.png,final_or_documentation,283465,2026-08-10T21:50:55.968946+00:00,0ceef7a9a39586273930f71daba8eeb05fceaa44b09345bcbe56e510e36d780f
11_docling_vlm/profiles/figures/update_2026_08_09_rec_000106_c9bc52778731/figure_008.png,final_or_documentation,276227,2026-08-10T21:50:55.982346+00:00,1d6750a688f01e81e69ec637f9f3e7c4e216bf61d47084f8bc97ee1698654153
11_docling_vlm/profiles/figures/update_2026_08_09_rec_000106_c9bc52778731/figure_009.png,final_or_documentation,306078,2026-08-10T21:50:55.996949+00:00,620cd33d00ab53e82bca850608a78f06e0cb374f4bf7fb320b3e14798af932f4
11_docling_vlm/profiles/figures/update_2026_08_09_rec_000106_c9bc52778731/figure_010.png,final_or_documentation,298766,2026-08-10T21:50:56.011138+00:00,adf23de36206b4e6b6f4260fd61b4464cd920b553275e486fc145912342bbbfd
11_docling_vlm/profiles/figures/update_2026_08_09_rec_000106_c9bc52778731/figure_011.png,final_or_documentation,303767,2026-08-10T21:50:56.025655+00:00,c818f678f4263b0342314706710d03de044e67c6a9d2816c009fac59e3dd73e3
11_docling_vlm/profiles/figures/update_2026_08_09_rec_000106_c9bc52778731/figure_012.png,final_or_documentation,298200,2026-08-10T21:50:56.039708+00:00,e0984f7c2bf28dd77048f2882a89ee1cf5d5dc976e66ed827129b4201a2b7f79
11_docling_vlm/profiles/figures/update_2026_08_09_rec_000106_c9bc52778731/figure_013.png,final_or_documentation,176938,2026-08-10T21:50:56.058454+00:00,2527fa0366901109d96ff487466e0dc59df988416e97b353fad12a97557929ec
11_docling_vlm/profiles/figures/update_2026_08_09_rec_000106_c9bc52778731/figure_014.png,final_or_documentation,218008,2026-08-10T21:50:56.079527+00:00,5a3faca610796159fd02bcbba803cffc3898c8a6f2265b000bc75faad9aedb54
11_docling_vlm/profiles/figures/update_2026_08_09_rec_000106_c9bc52778731/figure_015.png,final_or_documentation,188919,2026-08-10T21:50:56.092638+00:00,c6261c5a01fa83a214231da6b07f9e0bb5aa384dd3e3757a5bced2dbb3eb4546
11_docling_vlm/profiles/figures/update_2026_08_09_rec_000106_c9bc52778731/figure_016.png,final_or_documentation,220906,2026-08-10T21:50:56.112607+00:00,d6be30e99f439d2c3cba7218fd44b0335c5680dbd4532572f0b65b8cd34f1337
11_docling_vlm/profiles/figures/update_2026_08_09_rec_000106_c9bc52778731/figure_017.png,final_or_documentation,218533,2026-08-10T21:50:56.132516+00:00,d7c44be822ea7f81825cf51611175b085cb5d1563ec15da051b956b2d779fb0f
11_docling_vlm/profiles/figures/update_2026_08_09_rec_000106_c9bc52778731/figure_018.png,final_or_documentation,59162,2026-08-10T21:50:56.140753+00:00,c5e3023acabea20d6dafed9a2339682a9620792785744787714dcd6c58bce8f9
11_docling_vlm/profiles/figures/update_2026_08_09_rec_000106_c9bc52778731/figures_manifest.json,final_or_documentation,79357,2026-08-10T21:50:56.141719+00:00,b34fbab33da51707cd8c2195fdaf9cb34ba227efcd2bb095631e8bb5eef67335
11_docling_vlm/profiles/figures/update_2026_08_09_rec_000138_796e32b2faec/figure_001.png,final_or_documentation,166310,2026-08-10T21:54:44.760417+00:00,166ae789ff33a3c17ee3e0cf2ea04c5dad6e51e92fb3d118ba4b692e70b593f1
11_docling_vlm/profiles/figures/update_2026_08_09_rec_000138_796e32b2faec/figure_002.png,final_or_documentation,424552,2026-08-10T21:54:44.781056+00:00,59bded760b3910a7c5e128cf479f8f628f639bbb48c9d2c7371c32c365afadc9
11_docling_vlm/profiles/figures/update_2026_08_09_rec_000138_796e32b2faec/figure_003.png,final_or_documentation,397346,2026-08-10T21:54:44.799299+00:00,3d72c1a553a07149765ac7c037a323971493d043d656068810ced0a3be6692c5
11_docling_vlm/profiles/figures/update_2026_08_09_rec_000138_796e32b2faec/figure_004.png,final_or_documentation,83839,2026-08-10T21:54:44.804707+00:00,73eaa7d8077ef32d088ecf68fd610bb1be1b6bd1b6e1e9d49216b392dbad6809
11_docling_vlm/profiles/figures/update_2026_08_09_rec_000138_796e32b2faec/figure_005.png,final_or_documentation,126982,2026-08-10T21:54:44.813790+00:00,283c018ea0aa0c9df0e30a67c3bfba8a24ee1258ea1b77ef2abcce177e8c3e30
11_docling_vlm/profiles/figures/update_2026_08_09_rec_000138_796e32b2faec/figure_006.png,final_or_documentation,378912,2026-08-10T21:54:44.834538+00:00,a402c1407e6209b2ee213939e4145ae6cd6ae81fcf97f843f1682da02539c677
11_docling_vlm/profiles/figures/update_2026_08_09_rec_000138_796e32b2faec/figure_007.png,final_or_documentation,468637,2026-08-10T21:54:44.857719+00:00,5d57349fd4d0e41b7bec6770189ed77059298fbcea56269bd250f2f6ebf97ab7
11_docling_vlm/profiles/figures/update_2026_08_09_rec_000138_796e32b2faec/figure_008.png,final_or_documentation,150988,2026-08-10T21:54:44.869719+00:00,c64263b8856fdf756748daa9ba94fc8a608c6bf9c90477ad49e8c5dfc50b4f07
11_docling_vlm/profiles/figures/update_2026_08_09_rec_000138_796e32b2faec/figure_009.png,final_or_documentation,259630,2026-08-10T21:54:44.883417+00:00,865a1a34b6128313a13f02a95aa37f896d56eb9e106627914a6b306fb63f373e
11_docling_vlm/profiles/figures/update_2026_08_09_rec_000138_796e32b2faec/figure_010.png,final_or_documentation,145250,2026-08-10T21:54:44.890001+00:00,71b6f4435529c27f6959c1f7aa6fa35ff55577b064e4c71830ecd9328bc872e7
11_docling_vlm/profiles/figures/update_2026_08_09_rec_000138_796e32b2faec/figure_011.png,final_or_documentation,383809,2026-08-10T21:54:44.911572+00:00,0927a51571a3b33e9d20b31aa20d928f835176ceecfe9e14bd6f63d294a32be9
11_docling_vlm/profiles/figures/update_2026_08_09_rec_000138_796e32b2faec/figures_manifest.json,final_or_documentation,58342,2026-08-10T21:54:44.912317+00:00,936f8390954bfced83c479c660fa55fa0a4d7d06d23cbcd75e8a7c7246b09fc1
11_docling_vlm/profiles/manifests/canonical_docling_profile_manifest.csv,final_or_documentation,4607,2026-08-10T21:54:45.800374+00:00,fd5e6ac3a775ed5a454f78cc9dd6c8389b87af15a40cf2f6249e334887e7bebf
11_docling_vlm/profiles/manifests/canonical_docling_profile_manifest.json,final_or_documentation,5724,2026-08-10T21:54:45.800468+00:00,d26989a07958c10997a9e370dbc34b772d27399685760543a10fa36cac56cfd2
11_docling_vlm/profiles/manifests/canonical_docling_profile_summary.md,final_or_documentation,808,2026-08-10T21:54:45.800536+00:00,5031e567dcbc989425601aa72cd0c0345d876432b9d80a3c90f0d526f27207e9
11_docling_vlm/profiles/manifests/docling_smoke_manifest.json,final_or_documentation,4070,2026-08-10T21:54:45.701499+00:00,27403d92a31dd90e9d26a133fbc7ebc5a8e60ddc1fb7b97f8d6eeaa8c2e81b0f
11_docling_vlm/profiles/manifests/document_identity_audit.json,final_or_documentation,1121,2026-08-10T21:54:45.800204+00:00,5f80a8cddf6cf8717280d5a7019e1b67f650116218984bbd5be902ba740e237a
11_docling_vlm/profiles/manifests/run_config.json,final_or_documentation,3929,2026-08-10T21:45:44.399776+00:00,b32e550f094d66d9758a8cbe1488d04346cdc64682a32d992dde3aa458e0deee
11_docling_vlm/profiles/manifests/worker_0000.json,final_or_documentation,2189,2026-08-10T21:54:45.036622+00:00,e03a8eeafad848deda9a5fba21089ad62294d83eae7f2325d762bfc83d61144c
11_docling_vlm/profiles/manifests/worker_0001.json,final_or_documentation,2195,2026-08-10T21:50:56.272631+00:00,0c71e53fbd6ac78b5a4a258273c8005b1d7894171efdf8ee838d8d52f5f23a03
11_docling_vlm/profiles/markdown/update_2026_08_09_rec_000106_c9bc52778731.md,final_or_documentation,138032,2026-08-10T21:50:55.848939+00:00,4b32c1ef440de32d535131a5f1a99cc1d16af8624656860a82a379a9cf859525
11_docling_vlm/profiles/markdown/update_2026_08_09_rec_000138_796e32b2faec.md,final_or_documentation,117280,2026-08-10T21:54:44.752102+00:00,275d40eee88784175d929d2c0cb8d7f4ca63dccbaa25c7027445ce5bad7c5b6a
11_docling_vlm/run_config.json,final_or_documentation,3929,2026-08-10T21:45:43.664285+00:00,b32e550f094d66d9758a8cbe1488d04346cdc64682a32d992dde3aa458e0deee
11_docling_vlm_manual_recall_xunzi_2026-08-11/missing_documents.json,final_or_documentation,62,2026-08-11T10:58:51.988924+00:00,e9d53d294b735609cc0eb9ecfe130f492532ff8d62d9e142ef1d86a91d7decdd
11_docling_vlm_manual_recall_xunzi_2026-08-11/profiles/documents/update_2026_08_09_manual_recall_xunzi_c3ac5dec9fcb.docling.json,final_or_documentation,65977717,2026-08-11T11:06:40.785456+00:00,d887433850da0315105b894a711944b4c06c9b903432c8d98024c4f26996017b
11_docling_vlm_manual_recall_xunzi_2026-08-11/profiles/figures/update_2026_08_09_manual_recall_xunzi_c3ac5dec9fcb/figure_001.png,final_or_documentation,929,2026-08-11T11:06:40.850223+00:00,97ac1509902b5249852a87e27ee33b3a6e7736a7a0ed63c30df9ac3b5e84cd83
11_docling_vlm_manual_recall_xunzi_2026-08-11/profiles/figures/update_2026_08_09_manual_recall_xunzi_c3ac5dec9fcb/figure_002.png,final_or_documentation,503874,2026-08-11T11:06:40.879806+00:00,2c425dedf484873b78cc84e1de40ae94575339ffe53a6c61a8b541e583ba0f68
11_docling_vlm_manual_recall_xunzi_2026-08-11/profiles/figures/update_2026_08_09_manual_recall_xunzi_c3ac5dec9fcb/figure_003.png,final_or_documentation,578858,2026-08-11T11:06:40.911567+00:00,518b8edccb91f131fcdb081c5e93cb77df4038e561f241a6a721b6270a93edf2
11_docling_vlm_manual_recall_xunzi_2026-08-11/profiles/figures/update_2026_08_09_manual_recall_xunzi_c3ac5dec9fcb/figure_004.png,final_or_documentation,579603,2026-08-11T11:06:40.947047+00:00,8fcfe4171b2afe3062b4d54d27060efa88c4db51243fd3d9bde95b00a71dffd8
11_docling_vlm_manual_recall_xunzi_2026-08-11/profiles/figures/update_2026_08_09_manual_recall_xunzi_c3ac5dec9fcb/figure_005.png,final_or_documentation,733805,2026-08-11T11:06:40.982872+00:00,9866f31ff843c9f9765283a573df8e8d6d4de536d665fc298f458cd9aa8ed8b0
11_docling_vlm_manual_recall_xunzi_2026-08-11/profiles/figures/update_2026_08_09_manual_recall_xunzi_c3ac5dec9fcb/figure_006.png,final_or_documentation,1961,2026-08-11T11:06:40.983632+00:00,6f89ea958a4ccd27254bd6c28bc2d1655d4b9afd6d78ab9942b8072cae279829
11_docling_vlm_manual_recall_xunzi_2026-08-11/profiles/figures/update_2026_08_09_manual_recall_xunzi_c3ac5dec9fcb/figure_007.png,final_or_documentation,1999,2026-08-11T11:06:40.984023+00:00,e0198ed9cbb4f91f826a63c32f87c076e5ac2e8290ba819f34a929ae041dae9f
11_docling_vlm_manual_recall_xunzi_2026-08-11/profiles/figures/update_2026_08_09_manual_recall_xunzi_c3ac5dec9fcb/figure_008.png,final_or_documentation,1603,2026-08-11T11:06:40.984369+00:00,640639981a07b940cba1ab340db2f7e7d5235888f3a7a6fcb6c67559d32f9559
11_docling_vlm_manual_recall_xunzi_2026-08-11/profiles/figures/update_2026_08_09_manual_recall_xunzi_c3ac5dec9fcb/figure_009.png,final_or_documentation,2523,2026-08-11T11:06:40.984675+00:00,4bf57e48fd7f7ed4cfdea26b3ef1307c451ee4cdab4ff33be519549a5314a713
11_docling_vlm_manual_recall_xunzi_2026-08-11/profiles/figures/update_2026_08_09_manual_recall_xunzi_c3ac5dec9fcb/figure_010.png,final_or_documentation,1699,2026-08-11T11:06:40.984981+00:00,d4783f235599489b7f17b97ceeb682c90114dbef0c94a51b8f0ab96822d34f86
11_docling_vlm_manual_recall_xunzi_2026-08-11/profiles/figures/update_2026_08_09_manual_recall_xunzi_c3ac5dec9fcb/figure_011.png,final_or_documentation,2627,2026-08-11T11:06:40.985279+00:00,fa5cfc98ffa669a97078b9a367add92e3572dc2babe6ad949d4aad5cee7c876c
11_docling_vlm_manual_recall_xunzi_2026-08-11/profiles/figures/update_2026_08_09_manual_recall_xunzi_c3ac5dec9fcb/figure_012.png,final_or_documentation,2005,2026-08-11T11:06:40.985595+00:00,79211a5a4ec9cc0fe047a9c24bbdffafc7a6f8bcf72eec55716216fbc6f8f1da
11_docling_vlm_manual_recall_xunzi_2026-08-11/profiles/figures/update_2026_08_09_manual_recall_xunzi_c3ac5dec9fcb/figure_013.png,final_or_documentation,1862,2026-08-11T11:06:40.985894+00:00,6f30ad72e15bc348a68a3e653ecaf6e438484fcff7dea4d8005ae732cd6386fd
11_docling_vlm_manual_recall_xunzi_2026-08-11/profiles/figures/update_2026_08_09_manual_recall_xunzi_c3ac5dec9fcb/figure_014.png,final_or_documentation,2676,2026-08-11T11:06:40.986207+00:00,dc2b244230752021c94e3c00ed604d7cd98fcf1f264ba2bd3dd1f015efd4bc1f
11_docling_vlm_manual_recall_xunzi_2026-08-11/profiles/figures/update_2026_08_09_manual_recall_xunzi_c3ac5dec9fcb/figure_015.png,final_or_documentation,1698,2026-08-11T11:06:40.986483+00:00,154ff983366ed236eca77c4d199e94b614a26e9bb0a3829a28a43ae8563124f3
11_docling_vlm_manual_recall_xunzi_2026-08-11/profiles/figures/update_2026_08_09_manual_recall_xunzi_c3ac5dec9fcb/figure_016.png,final_or_documentation,2480,2026-08-11T11:06:40.986775+00:00,e1864e2ae46a06e0c36da74d9997c6845b1a2f1175f546827c417c2a0c1646be
11_docling_vlm_manual_recall_xunzi_2026-08-11/profiles/figures/update_2026_08_09_manual_recall_xunzi_c3ac5dec9fcb/figure_017.png,final_or_documentation,196578,2026-08-11T11:06:41.001497+00:00,f425daf80b40599a0d65a50ba24084f4437713b56626d234d9285ca13f476f02
11_docling_vlm_manual_recall_xunzi_2026-08-11/profiles/figures/update_2026_08_09_manual_recall_xunzi_c3ac5dec9fcb/figure_018.png,final_or_documentation,92876,2026-08-11T11:06:41.007891+00:00,7f5d2285fe6a5d5a4697863a156995f99645863119212562e229ac38b076ba9c
11_docling_vlm_manual_recall_xunzi_2026-08-11/profiles/figures/update_2026_08_09_manual_recall_xunzi_c3ac5dec9fcb/figure_019.png,final_or_documentation,18639,2026-08-11T11:06:41.009188+00:00,388ea1f439e2c1db54cc84a7221a190649d99783694ab074aea173ffa13c4f48
11_docling_vlm_manual_recall_xunzi_2026-08-11/profiles/figures/update_2026_08_09_manual_recall_xunzi_c3ac5dec9fcb/figure_020.png,final_or_documentation,18559,2026-08-11T11:06:41.010373+00:00,a7bbdbc3b957c4c1c2623493c5ef50dff5ba8f3f6616544f3a6e294df3e6e06c
11_docling_vlm_manual_recall_xunzi_2026-08-11/profiles/figures/update_2026_08_09_manual_recall_xunzi_c3ac5dec9fcb/figure_021.png,final_or_documentation,18088,2026-08-11T11:06:41.011574+00:00,2b98360b960b93dca8d4d85c7df4f41a3be235dbb732e7989f7cbac424d16440
11_docling_vlm_manual_recall_xunzi_2026-08-11/profiles/figures/update_2026_08_09_manual_recall_xunzi_c3ac5dec9fcb/figure_022.png,final_or_documentation,18708,2026-08-11T11:06:41.012796+00:00,6ffdc84a1b945a87b911799a043a2f1be5a78efc98289cf143ccd3eeecb29dcc
11_docling_vlm_manual_recall_xunzi_2026-08-11/profiles/figures/update_2026_08_09_manual_recall_xunzi_c3ac5dec9fcb/figure_023.png,final_or_documentation,92261,2026-08-11T11:06:41.018908+00:00,cf35f1765205664555009a7df161fd5f996ad65b5a56513710c323a92f260e24
11_docling_vlm_manual_recall_xunzi_2026-08-11/profiles/figures/update_2026_08_09_manual_recall_xunzi_c3ac5dec9fcb/figure_024.png,final_or_documentation,18983,2026-08-11T11:06:41.020303+00:00,aa27cbbb28ed558f641853af7030b0f85b35876cb5640c7b181dacc100a2414f
11_docling_vlm_manual_recall_xunzi_2026-08-11/profiles/figures/update_2026_08_09_manual_recall_xunzi_c3ac5dec9fcb/figure_025.png,final_or_documentation,1147040,2026-08-11T11:06:41.072149+00:00,75bf43ef9c04cf69fca4841d6b41f65a55f0604ea8a1fe313f4cd4c6d1880c0f
11_docling_vlm_manual_recall_xunzi_2026-08-11/profiles/figures/update_2026_08_09_manual_recall_xunzi_c3ac5dec9fcb/figure_026.png,final_or_documentation,27420,2026-08-11T11:06:41.076022+00:00,e07609c1f3897c85b4c4ffc06ea66ea05b7b2163b60cb8aa6879ad2e1b4ce20e
11_docling_vlm_manual_recall_xunzi_2026-08-11/profiles/figures/update_2026_08_09_manual_recall_xunzi_c3ac5dec9fcb/figure_027.png,final_or_documentation,178518,2026-08-11T11:06:41.088614+00:00,fd3609f6da3790af28c44ab939ae82d4e5890d89d8c46b2acf3bb463e7c683ab
11_docling_vlm_manual_recall_xunzi_2026-08-11/profiles/figures/update_2026_08_09_manual_recall_xunzi_c3ac5dec9fcb/figure_028.png,final_or_documentation,26377,2026-08-11T11:06:41.090891+00:00,69b74a68509e76246b4e0d9c33589e9f3b5acc930a7474a975689db61b3e5fa5
11_docling_vlm_manual_recall_xunzi_2026-08-11/profiles/figures/update_2026_08_09_manual_recall_xunzi_c3ac5dec9fcb/figure_029.png,final_or_documentation,28661,2026-08-11T11:06:41.093149+00:00,9cc8516bd4956737939eb9bf936721d8369cdcfd38abd08b088d6a5b3bd2f5b1
11_docling_vlm_manual_recall_xunzi_2026-08-11/profiles/figures/update_2026_08_09_manual_recall_xunzi_c3ac5dec9fcb/figure_030.png,final_or_documentation,29601,2026-08-11T11:06:41.095465+00:00,d6879547e5c9c17186e892be0ddcd58ebe4d6f42d4418c61693586a121136fad
11_docling_vlm_manual_recall_xunzi_2026-08-11/profiles/figures/update_2026_08_09_manual_recall_xunzi_c3ac5dec9fcb/figure_031.png,final_or_documentation,32160,2026-08-11T11:06:41.097691+00:00,a38d5d1967e2aba2d9ff99006dd2726c3ced357cc6f6bede382b24037884a557
11_docling_vlm_manual_recall_xunzi_2026-08-11/profiles/figures/update_2026_08_09_manual_recall_xunzi_c3ac5dec9fcb/figure_032.png,final_or_documentation,27169,2026-08-11T11:06:41.099595+00:00,8bd7296145382da49ce052be242ee3a0d27ed0c221224ff35da4a0822673bdd5
11_docling_vlm_manual_recall_xunzi_2026-08-11/profiles/figures/update_2026_08_09_manual_recall_xunzi_c3ac5dec9fcb/figure_033.png,final_or_documentation,48026,2026-08-11T11:06:41.102095+00:00,8d0e0a0a7deeedadd0e1b8b72285cbc228e74720c0332ba1151dc648f69c78d7
11_docling_vlm_manual_recall_xunzi_2026-08-11/profiles/figures/update_2026_08_09_manual_recall_xunzi_c3ac5dec9fcb/figure_034.png,final_or_documentation,22423,2026-08-11T11:06:41.103712+00:00,e48c31b3ebd7256c05f8b55b9be478f5c18c5ec09a1e6b2121f21620ac80cf5c
11_docling_vlm_manual_recall_xunzi_2026-08-11/profiles/figures/update_2026_08_09_manual_recall_xunzi_c3ac5dec9fcb/figure_035.png,final_or_documentation,56186,2026-08-11T11:06:41.106459+00:00,67cf70166a05f1ba3c74146e22f809235d0cecd880a0854935547b29ef2ef6e0
11_docling_vlm_manual_recall_xunzi_2026-08-11/profiles/figures/update_2026_08_09_manual_recall_xunzi_c3ac5dec9fcb/figure_036.png,final_or_documentation,51565,2026-08-11T11:06:41.109169+00:00,af3aee4c8e4b945fcbc6655aad86dbd098b60817c261c029d5a8b59544f24628
11_docling_vlm_manual_recall_xunzi_2026-08-11/profiles/figures/update_2026_08_09_manual_recall_xunzi_c3ac5dec9fcb/figure_037.png,final_or_documentation,25403,2026-08-11T11:06:41.111192+00:00,d90ebf0b9032340e5726d9d3bdb3ecca42a5c3b5ddc51fe660b34807586da2fa
11_docling_vlm_manual_recall_xunzi_2026-08-11/profiles/figures/update_2026_08_09_manual_recall_xunzi_c3ac5dec9fcb/figure_038.png,final_or_documentation,55528,2026-08-11T11:06:41.113902+00:00,9b9a5dd2607854d96409a6a6c2e7220b1684cf12041143505f603bc3363a6377
11_docling_vlm_manual_recall_xunzi_2026-08-11/profiles/figures/update_2026_08_09_manual_recall_xunzi_c3ac5dec9fcb/figure_039.png,final_or_documentation,32969,2026-08-11T11:06:41.116063+00:00,a2b7868c48c2e040ebc0ee9b6e04c2a2ac7b47a39a47feefb3d688f03873d3ed
11_docling_vlm_manual_recall_xunzi_2026-08-11/profiles/figures/update_2026_08_09_manual_recall_xunzi_c3ac5dec9fcb/figure_040.png,final_or_documentation,309340,2026-08-11T11:06:41.140899+00:00,c674d73741be05cba422a788d05c7ed4c68f7c2e71303b4543daca3f86f97a39
11_docling_vlm_manual_recall_xunzi_2026-08-11/profiles/figures/update_2026_08_09_manual_recall_xunzi_c3ac5dec9fcb/figure_041.png,final_or_documentation,197366,2026-08-11T11:06:41.159458+00:00,736d88b9e1ef2f1cd92e7adb31fb4fdd33ffab441b8c083bcfdb61a3e019e5ff
11_docling_vlm_manual_recall_xunzi_2026-08-11/profiles/figures/update_2026_08_09_manual_recall_xunzi_c3ac5dec9fcb/figure_042.png,final_or_documentation,116678,2026-08-11T11:06:41.170358+00:00,6cdaaab107b4f0d2b167d1f2a033ab47836b2d1d31b6787438cd8c015996c70c
11_docling_vlm_manual_recall_xunzi_2026-08-11/profiles/figures/update_2026_08_09_manual_recall_xunzi_c3ac5dec9fcb/figures_manifest.json,final_or_documentation,133060,2026-08-11T11:06:41.172132+00:00,570d4f665fb00ea205cd1dca3e563fef1841070f007a99dd1a1f29e89cbc8f9d
11_docling_vlm_manual_recall_xunzi_2026-08-11/profiles/manifests/canonical_docling_profile_manifest.csv,final_or_documentation,2660,2026-08-11T11:07:26.461075+00:00,c673156e5e4e07944a0f67f43c0a81132d4cb88e4bbd31b57e11b7f3693d4e55
11_docling_vlm_manual_recall_xunzi_2026-08-11/profiles/manifests/canonical_docling_profile_manifest.json,final_or_documentation,2945,2026-08-11T11:07:26.461163+00:00,fdd6470aba7cca43894c61e66b18d0b099e78515d39076c7ceb888368b4cf923
11_docling_vlm_manual_recall_xunzi_2026-08-11/profiles/manifests/canonical_docling_profile_summary.md,final_or_documentation,809,2026-08-11T11:07:26.461255+00:00,9a743121a0d4e899a579dd8745b276e9a0e8a4926d2c3d3a57d6f77836528db7
11_docling_vlm_manual_recall_xunzi_2026-08-11/profiles/manifests/docling_smoke_manifest.json,final_or_documentation,2251,2026-08-11T11:06:41.327448+00:00,c7541b4b5694559f41d2762550e4b8cbd1c16e74f2651347941dd661ca931f57
11_docling_vlm_manual_recall_xunzi_2026-08-11/profiles/manifests/document_identity_audit.json,final_or_documentation,626,2026-08-11T11:07:26.460903+00:00,49564903b879fb0297a5a17ed0e21dc780a24011e5615dd93d4ce96bf1e3fcf3
11_docling_vlm_manual_recall_xunzi_2026-08-11/profiles/manifests/run_config.json,final_or_documentation,2780,2026-08-11T10:59:06.915089+00:00,a417ae14f8b9629348304672dbdad5b2e48ff12c45545788dbee944311af731b
11_docling_vlm_manual_recall_xunzi_2026-08-11/profiles/markdown/update_2026_08_09_manual_recall_xunzi_c3ac5dec9fcb.md,final_or_documentation,156059,2026-08-11T11:06:40.849595+00:00,08b674c84f6fd8c474d89913990e1d0db0890e419b10f1e8cd4a4781dc912515
11_docling_vlm_manual_recall_xunzi_2026-08-11/run_config.json,final_or_documentation,2780,2026-08-11T10:58:51.988775+00:00,a417ae14f8b9629348304672dbdad5b2e48ff12c45545788dbee944311af731b
12_taxonomy/adjudication/shard_00/llm_calls.jsonl,final_or_documentation,335285,2026-08-11T02:22:34.214252+00:00,d9acfb88cf7f1d75377a7397cd84d63ee9d2316da325650752db5d93d3a59caa
12_taxonomy/adjudication/shard_00/records/update_2026-08-09__rec_000138_796e32b2faec/adjudicated_routes.json,final_or_documentation,84799,2026-08-11T02:22:34.330982+00:00,5ab022288b33782b4e91369d35c449c73f1f6904d982d6daf7f7ed04072af9c6
12_taxonomy/adjudication/shard_00/records/update_2026-08-09__rec_000138_796e32b2faec/prompt.txt,final_or_documentation,279348,2026-08-11T01:57:33.073862+00:00,cf0721c692e73b1fe48382197f2cc813dc42993c375ceb651785534cf5c38e74
12_taxonomy/adjudication/shard_00/run_config.json,final_or_documentation,207,2026-08-11T01:57:32.860575+00:00,29481464ad7b41e5d5ccf62c6ff7970f45f44892936a3ebedd81943e24cc610b
12_taxonomy/adjudication/shard_00/run_summary.json,final_or_documentation,88217,2026-08-11T02:22:34.332223+00:00,8d709be46b47fc425cb9e97a20e3c51459eb94c47f28f15a79bc6ca16bfc0cc6
12_taxonomy/adjudication/shard_00/schema.json,final_or_documentation,12549,2026-08-11T01:57:32.860432+00:00,816b8d044332ba967e088b1d56e6ec07a5ec20e7325ea503d53fbb47709037b9
12_taxonomy/adjudication/shard_01/llm_calls.jsonl,final_or_documentation,316458,2026-08-11T05:10:46.914591+00:00,cb857f5c91a22384b261e132d5f2d1af4af21d8a7643bf04be982b2ed707eece
12_taxonomy/adjudication/shard_01/records/update_2026-08-09__rec_000106_c9bc52778731/adjudicated_routes.json,final_or_documentation,54713,2026-08-11T05:10:46.991398+00:00,e4c0c16a316921bbd93fd338a85ad37e9e7bb2e41411bb2ebf3f9555ad4c2580
12_taxonomy/adjudication/shard_01/records/update_2026-08-09__rec_000106_c9bc52778731/prompt.txt,final_or_documentation,270560,2026-08-11T04:30:03.224948+00:00,a0046ab774336d244b7f6067d191b992c341a28b1240c5fcda7cbfe0245ea24a
12_taxonomy/adjudication/shard_01/run_config.json,final_or_documentation,207,2026-08-11T04:30:03.007082+00:00,3b8469e8e9b4161cc88b785dae6d35a2f25fb904f26abd836cee6cc5b7806d1a
12_taxonomy/adjudication/shard_01/run_summary.json,final_or_documentation,56991,2026-08-11T05:10:46.992345+00:00,3f4fa3dc7a033da250cfd8ddb92adf9017b86e1860cbce5960f7aa0394b2c93f
12_taxonomy/adjudication/shard_01/schema.json,final_or_documentation,12549,2026-08-11T04:30:03.006953+00:00,816b8d044332ba967e088b1d56e6ec07a5ec20e7325ea503d53fbb47709037b9
12_taxonomy/adjudication_failed_timeout1800_shard_01/llm_calls.jsonl,final_or_documentation,581314,2026-08-11T03:27:34.800798+00:00,e3dea040a2449f8b55df8a65844479c5bda7a2a44fc415d8dac9bd1d1d628a56
12_taxonomy/adjudication_failed_timeout1800_shard_01/records/update_2026-08-09__rec_000106_c9bc52778731/prompt.txt,final_or_documentation,270560,2026-08-11T01:57:33.082680+00:00,a0046ab774336d244b7f6067d191b992c341a28b1240c5fcda7cbfe0245ea24a
12_taxonomy/adjudication_failed_timeout1800_shard_01/run_config.json,final_or_documentation,207,2026-08-11T01:57:32.860577+00:00,a83e3f00830c4cd0ea00e56028e655445642a10cb92ddc0368d51d59eba8102f
12_taxonomy/adjudication_failed_timeout1800_shard_01/schema.json,final_or_documentation,12549,2026-08-11T01:57:32.860432+00:00,816b8d044332ba967e088b1d56e6ec07a5ec20e7325ea503d53fbb47709037b9
12_taxonomy/adjudication_resolution_manifest.csv,final_or_documentation,556,2026-08-11T05:11:05.180757+00:00,76d1bdc6394bd3d2fd177b92b9870a32ac6a41ed6b18863754226e293f0431b7
12_taxonomy/agreement_metrics.json,final_or_documentation,2550,2026-08-11T05:11:05.186691+00:00,6667bf4405866b88eb7848ac56d8bae39088aa8cbb7f4f54a1de60489020c51e
12_taxonomy/agreement_report.md,final_or_documentation,1119,2026-08-11T05:11:05.188371+00:00,de5f58cb1a9a55a0ed02ed703ac03f525e3a321f0d7bcf2f0d230edb8b73ee4e
12_taxonomy/evidence_ledger.jsonl,final_or_documentation,22543,2026-08-11T05:11:05.185108+00:00,b1b0a2e55b7b0d99dce8dff8466cbdd792933b1b086d409d34daa731cf17fe31
12_taxonomy/failure_mode_report.md,final_or_documentation,370,2026-08-11T05:11:05.188613+00:00,3f8bfb4669f94dd2749c9eaaf3ea6110ed3650cb35f9cfc3e2d2ee656b63e670
12_taxonomy/manuscript_methods.md,final_or_documentation,3039,2026-08-11T05:11:05.188455+00:00,70c8e34a31c79cd3f07a477c84cf67d6cef141f7f58ec11e24e08cde0a10df58
12_taxonomy/manuscript_taxonomy_tables.md,final_or_documentation,990,2026-08-11T05:11:05.188543+00:00,bb4c1ced1df9731e545ce78c76b76c3701929944ebc7dee6afb57d88b602c8ba
12_taxonomy/model_registry.csv,final_or_documentation,619,2026-08-11T05:11:05.185779+00:00,93477f9c88c644cd13f09d219ef056ba7e9d2163d1571b6fe9eeab476e1b116c
12_taxonomy/route_annotations.csv,final_or_documentation,32487,2026-08-11T05:11:05.183528+00:00,d8a09ebcf484a5fbfce3e84adb681980f03f77486ee591071d3d83d07cb9215f
12_taxonomy/route_annotations.jsonl,final_or_documentation,45675,2026-08-11T05:11:05.182456+00:00,fed2707558f801334832ff5a7c429e9d0e7fa5bbb48c0d088a5f5714839a43fc
12_taxonomy/route_candidates_all.jsonl,final_or_documentation,166172,2026-08-11T05:11:05.184818+00:00,896ce5c23da3f780bda4851ecd5efeb5a340433f9485664b57092638d8429ee1
12_taxonomy/runs/classification_dense/shard_00/events.jsonl,final_or_documentation,209,2026-08-11T01:57:24.617914+00:00,ea12bed2a0604d01c7ca49f81c3827def3ef57a3d84011f4014056783716dd80
12_taxonomy/runs/classification_dense/shard_00/llm_calls.jsonl,final_or_documentation,1847931,2026-08-11T01:57:23.531895+00:00,4a81b49bf4d4928f6e8f15756500bb3c9b192d0785ff9359651bfbc7820ebf71
12_taxonomy/runs/classification_dense/shard_00/records/update_2026-08-09__rec_000138_796e32b2faec/taxonomy_extraction_summary.json,final_or_documentation,740553,2026-08-11T01:57:24.614419+00:00,21e42bc9a93a5294d127854e34ed8d3b5272f84452d37aa7dcc1417341b997a9
12_taxonomy/runs/classification_dense/shard_00/records/update_2026-08-09__rec_000138_796e32b2faec/update_2026_08_09_rec_000138_796e32b2faec_docling_json_20260811_034609/debug/dense_assembled_root.json,final_or_documentation,149193,2026-08-11T01:57:13.227810+00:00,d5cfbd0feceb7b077426a9009500b580316f79950c47a20bf58b99a7d397ba60
12_taxonomy/runs/classification_dense/shard_00/records/update_2026-08-09__rec_000138_796e32b2faec/update_2026_08_09_rec_000138_796e32b2faec_docling_json_20260811_034609/debug/dense_merge_stats.json,final_or_documentation,208,2026-08-11T01:57:13.192515+00:00,100b392f88cbf253d9da94fd59372eb476de3a72457e1f9964c71eabf59d53b7
12_taxonomy/runs/classification_dense/shard_00/records/update_2026-08-09__rec_000138_796e32b2faec/update_2026_08_09_rec_000138_796e32b2faec_docling_json_20260811_034609/debug/dense_provenance.json,final_or_documentation,602947,2026-08-11T01:57:13.224189+00:00,072182d036077a772852fff3823a2f5f3b03a2448aff1d64e6e5369bef180348
12_taxonomy/runs/classification_dense/shard_00/records/update_2026-08-09__rec_000138_796e32b2faec/update_2026_08_09_rec_000138_796e32b2faec_docling_json_20260811_034609/debug/dense_run_stats.json,final_or_documentation,485,2026-08-11T01:57:13.192763+00:00,fd64eb75462959a166ba467d4e54a1c723bebae17c59fde65a238f9d8a7eb193
12_taxonomy/runs/classification_dense/shard_00/records/update_2026-08-09__rec_000138_796e32b2faec/update_2026_08_09_rec_000138_796e32b2faec_docling_json_20260811_034609/debug/dense_skeleton_graph.json,final_or_documentation,52611,2026-08-11T01:05:53.902483+00:00,5a53920e035b198439e5d5f2583189fc48789d486d9f65481faeb11bab9f8cac
12_taxonomy/runs/classification_dense/shard_00/records/update_2026-08-09__rec_000138_796e32b2faec/update_2026_08_09_rec_000138_796e32b2faec_docling_json_20260811_034609/debug/trace_data.json,final_or_documentation,305823,2026-08-11T01:57:24.046039+00:00,3ccd942ce6e67a8da1c993b5a988997c6d2f8686b60633e204f535bc85fe1dc9
12_taxonomy/runs/classification_dense/shard_00/records/update_2026-08-09__rec_000138_796e32b2faec/update_2026_08_09_rec_000138_796e32b2faec_docling_json_20260811_034609/docling/chunks.json,final_or_documentation,475425,2026-08-11T01:57:23.989212+00:00,8e43c64de59683fbf771a1f99521d3a5b39a6e57ea3fec2efc7642dd89ab37b8
12_taxonomy/runs/classification_dense/shard_00/records/update_2026-08-09__rec_000138_796e32b2faec/update_2026_08_09_rec_000138_796e32b2faec_docling_json_20260811_034609/docling/document.dclg,final_or_documentation,286244,2026-08-11T01:57:23.977447+00:00,f0f4a84f7c18138d6ec15d5f2db1be77731cdb33a2b59c165d3841900dbebf9e
12_taxonomy/runs/classification_dense/shard_00/records/update_2026-08-09__rec_000138_796e32b2faec/update_2026_08_09_rec_000138_796e32b2faec_docling_json_20260811_034609/docling/document.json,final_or_documentation,55317040,2026-08-11T01:57:23.725524+00:00,a9ead6b5c1a6eabda0fe9f6e61d99d5107f682d699e7b7a1021e6ed856e9f879
12_taxonomy/runs/classification_dense/shard_00/records/update_2026-08-09__rec_000138_796e32b2faec/update_2026_08_09_rec_000138_796e32b2faec_docling_json_20260811_034609/docling/document.md,final_or_documentation,117280,2026-08-11T01:57:23.805518+00:00,275d40eee88784175d929d2c0cb8d7f4ca63dccbaa25c7027445ce5bad7c5b6a
12_taxonomy/runs/classification_dense/shard_00/records/update_2026-08-09__rec_000138_796e32b2faec/update_2026_08_09_rec_000138_796e32b2faec_docling_json_20260811_034609/docling_graph/edges.csv,final_or_documentation,12283,2026-08-11T01:57:24.001318+00:00,65576563757e403e6ed434db66a87b464bbcdd0ac3389bff75f83220ce6f106f
12_taxonomy/runs/classification_dense/shard_00/records/update_2026-08-09__rec_000138_796e32b2faec/update_2026_08_09_rec_000138_796e32b2faec_docling_json_20260811_034609/docling_graph/graph.html,final_or_documentation,286356,2026-08-11T01:57:24.039716+00:00,5a6cab87fe1b8178b859aa871c4ba977baa6606f9508bd1a9733861eb8f759a9
12_taxonomy/runs/classification_dense/shard_00/records/update_2026-08-09__rec_000138_796e32b2faec/update_2026_08_09_rec_000138_796e32b2faec_docling_json_20260811_034609/docling_graph/graph.json,final_or_documentation,263358,2026-08-11T01:57:24.007478+00:00,84e876a8d584ff4c7b85678b5c4f0709e0b95cf2632504d715eda71711f1645a
12_taxonomy/runs/classification_dense/shard_00/records/update_2026-08-09__rec_000138_796e32b2faec/update_2026_08_09_rec_000138_796e32b2faec_docling_json_20260811_034609/docling_graph/nodes.csv,final_or_documentation,126588,2026-08-11T01:57:24.000385+00:00,45b098220f4043114628bdf25fc3a83c3a6917d0c5be0320d2e70d53829c95c2
12_taxonomy/runs/classification_dense/shard_00/records/update_2026-08-09__rec_000138_796e32b2faec/update_2026_08_09_rec_000138_796e32b2faec_docling_json_20260811_034609/docling_graph/provenance.json,final_or_documentation,638040,2026-08-11T01:57:24.010445+00:00,0cb4f004c0432fbd451b5ecddc0453844329e600d13efdc75d8b1b4f1f786884
12_taxonomy/runs/classification_dense/shard_00/records/update_2026-08-09__rec_000138_796e32b2faec/update_2026_08_09_rec_000138_796e32b2faec_docling_json_20260811_034609/docling_graph/report.md,final_or_documentation,10824,2026-08-11T01:57:24.011215+00:00,71aee9d61f142065a60da5e00bb8bfb3dc10957904ca1ce3e3e6d1ae52366be0
12_taxonomy/runs/classification_dense/shard_00/records/update_2026-08-09__rec_000138_796e32b2faec/update_2026_08_09_rec_000138_796e32b2faec_docling_json_20260811_034609/metadata.json,final_or_documentation,3750,2026-08-11T01:57:24.040310+00:00,3fa43c40439923bd484ff380ec48d853f1f68736deb88646b07e66ac0855ac85
12_taxonomy/runs/classification_dense/shard_00/run_config.json,final_or_documentation,552,2026-08-11T00:46:09.416585+00:00,1a8833259b63702049cc5c1b069700b68ff3658d1c27998973b17b93d90e6dcb
12_taxonomy/runs/classification_dense/shard_00/run_summary.json,final_or_documentation,778321,2026-08-11T01:57:24.631159+00:00,4f7bf976c11f7f3be27199bfb2c4e43336a118f182de6112ffc3ca51e7dd1090
12_taxonomy/runs/classification_dense/shard_00/schema.json,final_or_documentation,8638,2026-08-11T00:46:09.420309+00:00,28756375f174d1d81f74511008bcfaea4d0a0722549852b9fc47fe46b0ee2809
12_taxonomy/runs/classification_dense/shard_00/selected_records.json,final_or_documentation,2876,2026-08-11T00:46:09.416411+00:00,ab1d15259da7be8df82e9b9a130e112319841e7625094d252027f3f128edaa13
12_taxonomy/runs/classification_dense/shard_01/events.jsonl,final_or_documentation,208,2026-08-11T01:31:40.115719+00:00,e53d57db9304d83f747239c64ded7ab4a0165f7151a250f80c441484894ca509
12_taxonomy/runs/classification_dense/shard_01/llm_calls.jsonl,final_or_documentation,1634871,2026-08-11T01:31:39.046283+00:00,c17aa3b538e2e7585a14bc7f35b0a306882ec2cede0d3a15761aa48a3d239305
12_taxonomy/runs/classification_dense/shard_01/records/update_2026-08-09__rec_000106_c9bc52778731/taxonomy_extraction_summary.json,final_or_documentation,542148,2026-08-11T01:31:40.114125+00:00,ec34f62bf91749b0fe4caa37adf2f150a860a2b49d067b4386f69bf9a353b98c
12_taxonomy/runs/classification_dense/shard_01/records/update_2026-08-09__rec_000106_c9bc52778731/update_2026_08_09_rec_000106_c9bc52778731_docling_json_20260811_034609/debug/dense_assembled_root.json,final_or_documentation,113769,2026-08-11T01:31:33.152623+00:00,2c33e9606e5966b8600078f1c0defb44df32629ad7f55b24ea6d82f634b5fbf7
12_taxonomy/runs/classification_dense/shard_01/records/update_2026-08-09__rec_000106_c9bc52778731/update_2026_08_09_rec_000106_c9bc52778731_docling_json_20260811_034609/debug/dense_merge_stats.json,final_or_documentation,207,2026-08-11T01:31:33.132520+00:00,88fa4911aeca731ba5bd3097827229502203a0e7b98cb3a92026f64ceddf0e22
12_taxonomy/runs/classification_dense/shard_01/records/update_2026-08-09__rec_000106_c9bc52778731/update_2026_08_09_rec_000106_c9bc52778731_docling_json_20260811_034609/debug/dense_provenance.json,final_or_documentation,417962,2026-08-11T01:31:33.149837+00:00,2d850fb8e1c9cae3982eb71ebf2ab079e89754e7e37462fb76578d82929f1251
12_taxonomy/runs/classification_dense/shard_01/records/update_2026-08-09__rec_000106_c9bc52778731/update_2026_08_09_rec_000106_c9bc52778731_docling_json_20260811_034609/debug/dense_run_stats.json,final_or_documentation,483,2026-08-11T01:31:33.132705+00:00,0f57d08d96e9ff47371b6f5b983189bf372fdb76a87b98bff0c8f239c868bbd0
12_taxonomy/runs/classification_dense/shard_01/records/update_2026-08-09__rec_000106_c9bc52778731/update_2026_08_09_rec_000106_c9bc52778731_docling_json_20260811_034609/debug/dense_skeleton_graph.json,final_or_documentation,37968,2026-08-11T00:55:14.337110+00:00,76e3e3f4307271b20d6caa3467df3353bd9309b85a48141df4fc330a6b390b26
12_taxonomy/runs/classification_dense/shard_01/records/update_2026-08-09__rec_000106_c9bc52778731/update_2026_08_09_rec_000106_c9bc52778731_docling_json_20260811_034609/debug/trace_data.json,final_or_documentation,249650,2026-08-11T01:31:39.495556+00:00,101c407ed127ee8b788c81d93fa58625d29bdee7af166829b0022db376b156d8
12_taxonomy/runs/classification_dense/shard_01/records/update_2026-08-09__rec_000106_c9bc52778731/update_2026_08_09_rec_000106_c9bc52778731_docling_json_20260811_034609/docling/chunks.json,final_or_documentation,297384,2026-08-11T01:31:39.444582+00:00,466fd12c747ca3a625f7aedc29f964d0518dac5159c8ea7a8214e12881c7dc4d
12_taxonomy/runs/classification_dense/shard_01/records/update_2026-08-09__rec_000106_c9bc52778731/update_2026_08_09_rec_000106_c9bc52778731_docling_json_20260811_034609/docling/document.dclg,final_or_documentation,196008,2026-08-11T01:31:39.438627+00:00,111808757a4ad8cff228df3420a17efdac9bca4ba10566d1ca1f9d61c55f2759
12_taxonomy/runs/classification_dense/shard_01/records/update_2026-08-09__rec_000106_c9bc52778731/update_2026_08_09_rec_000106_c9bc52778731_docling_json_20260811_034609/docling/document.json,final_or_documentation,58296349,2026-08-11T01:31:39.237843+00:00,cac8969b859dfad73991eaba186d48c00027225fdc1e87245c296763b8825c1a
12_taxonomy/runs/classification_dense/shard_01/records/update_2026-08-09__rec_000106_c9bc52778731/update_2026_08_09_rec_000106_c9bc52778731_docling_json_20260811_034609/docling/document.md,final_or_documentation,138032,2026-08-11T01:31:39.278106+00:00,4b32c1ef440de32d535131a5f1a99cc1d16af8624656860a82a379a9cf859525
12_taxonomy/runs/classification_dense/shard_01/records/update_2026-08-09__rec_000106_c9bc52778731/update_2026_08_09_rec_000106_c9bc52778731_docling_json_20260811_034609/docling_graph/edges.csv,final_or_documentation,8575,2026-08-11T01:31:39.457386+00:00,a70e6b8cfa1ead3339aa0b0ee848c323a868f87304b80e512f0bd1c8b7e3aacd
12_taxonomy/runs/classification_dense/shard_01/records/update_2026-08-09__rec_000106_c9bc52778731/update_2026_08_09_rec_000106_c9bc52778731_docling_json_20260811_034609/docling_graph/graph.html,final_or_documentation,204673,2026-08-11T01:31:39.489960+00:00,20aca846a027b22a52a14fa5059c560b6a1d6d48b44bd2fd04f0cb84af8aef74
12_taxonomy/runs/classification_dense/shard_01/records/update_2026-08-09__rec_000106_c9bc52778731/update_2026_08_09_rec_000106_c9bc52778731_docling_json_20260811_034609/docling_graph/graph.json,final_or_documentation,190962,2026-08-11T01:31:39.462062+00:00,af58905ffcbf16a8efb90c74e1eb0ce1a5959a846375f909a388ba88fbd5b767
12_taxonomy/runs/classification_dense/shard_01/records/update_2026-08-09__rec_000106_c9bc52778731/update_2026_08_09_rec_000106_c9bc52778731_docling_json_20260811_034609/docling_graph/nodes.csv,final_or_documentation,95669,2026-08-11T01:31:39.456267+00:00,af5d1174af09ba837568dbf7e1c974c58cae6cec2700d8569c4adf3f8fe4e9ac
12_taxonomy/runs/classification_dense/shard_01/records/update_2026-08-09__rec_000106_c9bc52778731/update_2026_08_09_rec_000106_c9bc52778731_docling_json_20260811_034609/docling_graph/provenance.json,final_or_documentation,441770,2026-08-11T01:31:39.464956+00:00,71aaa14dfe7d10877605763ef3ad061203712a307ee19ff258727e1cfc4168c1
12_taxonomy/runs/classification_dense/shard_01/records/update_2026-08-09__rec_000106_c9bc52778731/update_2026_08_09_rec_000106_c9bc52778731_docling_json_20260811_034609/docling_graph/report.md,final_or_documentation,11118,2026-08-11T01:31:39.465821+00:00,ecab35df4d54c79e697456ac77909f87216e373160909555147f1deb95d8f5ef
12_taxonomy/runs/classification_dense/shard_01/records/update_2026-08-09__rec_000106_c9bc52778731/update_2026_08_09_rec_000106_c9bc52778731_docling_json_20260811_034609/metadata.json,final_or_documentation,3746,2026-08-11T01:31:39.490632+00:00,80a70a73481324b857966261b10a634e731423fbf3f60e2aff4aba986c99fce8
12_taxonomy/runs/classification_dense/shard_01/run_config.json,final_or_documentation,552,2026-08-11T00:46:09.416661+00:00,42ce7021b8b8c43a1e74ea11f3cda17d870bdb06f9722f205c165520bb22abc0
12_taxonomy/runs/classification_dense/shard_01/run_summary.json,final_or_documentation,568384,2026-08-11T01:31:40.125648+00:00,43cfd4bca29914912e5b9b5f3b73cc785aef323f57c93b34997b328b319932b0
12_taxonomy/runs/classification_dense/shard_01/schema.json,final_or_documentation,8638,2026-08-11T00:46:09.420497+00:00,28756375f174d1d81f74511008bcfaea4d0a0722549852b9fc47fe46b0ee2809
12_taxonomy/runs/classification_dense/shard_01/selected_records.json,final_or_documentation,2871,2026-08-11T00:46:09.416483+00:00,6d9dfaaa6b3bdfa3613f76397b6a37bd22efc10da1e0db0e97297b2809716db1
12_taxonomy/runs/classification_fixed_r1/shard_00/llm_calls.jsonl,final_or_documentation,404813,2026-08-11T00:27:31.591868+00:00,70019e6bf326466163f27b31cb3d9d88507172e331fe476b996b46a87b2bba9c
12_taxonomy/runs/classification_fixed_r1/shard_00/records/update_2026-08-09__rec_000138_796e32b2faec/fixed_candidate_classification.json,final_or_documentation,17100,2026-08-11T00:27:31.693448+00:00,24f69fad4fd3ba249a069001e0a2565b8a35b93b310880e9dee27fb474d38d37
12_taxonomy/runs/classification_fixed_r1/shard_00/records/update_2026-08-09__rec_000138_796e32b2faec/prompt.txt,final_or_documentation,171902,2026-08-11T00:18:51.408010+00:00,fb0324c7519777a25ed3e857ccf03d04eefc31d1133161a092b87e341df64ad3
12_taxonomy/runs/classification_fixed_r1/shard_00/run_config.json,final_or_documentation,302,2026-08-11T00:18:51.270785+00:00,740edaaafd0db2760a302180bf1aa8ea80287a1efa6239633485617167da4cca
12_taxonomy/runs/classification_fixed_r1/shard_00/run_summary.json,final_or_documentation,17818,2026-08-11T00:27:31.693918+00:00,d04e081e4b43cc641907e26cb7f674f0400a38992622a8c09ea05acdf9862f38
12_taxonomy/runs/classification_fixed_r1/shard_00/schema.json,final_or_documentation,10425,2026-08-11T00:18:51.270639+00:00,8f02e3158764f11e4a35bde1d94892d75904a06403dea78b6ff91c1bd0d14edc
12_taxonomy/runs/classification_fixed_r1/shard_01/llm_calls.jsonl,final_or_documentation,202207,2026-08-11T00:20:25.731602+00:00,0a386a1bd62e7cd953bd461bfba84310f8312383fc6297c2cdc6ff9cd8408983
12_taxonomy/runs/classification_fixed_r1/shard_01/records/update_2026-08-09__rec_000106_c9bc52778731/fixed_candidate_classification.json,final_or_documentation,9350,2026-08-11T00:20:25.791326+00:00,cc64a94a0522a42875400a9bb69c3ae7d2c71f2af24f206947756968818068ec
12_taxonomy/runs/classification_fixed_r1/shard_01/records/update_2026-08-09__rec_000106_c9bc52778731/prompt.txt,final_or_documentation,182363,2026-08-11T00:18:51.402580+00:00,810979a495cdb7211be1fe0fb525b391d15105661ed45d71a4ac772b1fe4f43b
12_taxonomy/runs/classification_fixed_r1/shard_01/run_config.json,final_or_documentation,302,2026-08-11T00:18:51.256294+00:00,095db5181fad5ff92dd3b30e2de4dd6a9af178c245a1de9321a9902e430b2d38
12_taxonomy/runs/classification_fixed_r1/shard_01/run_summary.json,final_or_documentation,9778,2026-08-11T00:20:25.791644+00:00,8f32181261039c11b8c7f8c9f4ff60c6a03d6a22f00e07b230406615b3fd9dfc
12_taxonomy/runs/classification_fixed_r1/shard_01/schema.json,final_or_documentation,10425,2026-08-11T00:18:51.256117+00:00,8f02e3158764f11e4a35bde1d94892d75904a06403dea78b6ff91c1bd0d14edc
12_taxonomy/runs/classification_fixed_r2/shard_00/llm_calls.jsonl,final_or_documentation,405756,2026-08-11T00:36:43.142552+00:00,6a155b9ad6eca01c2e25a86c145a8b74e6d8ddb2960b5bd31f512f7155bcba9d
12_taxonomy/runs/classification_fixed_r2/shard_00/records/update_2026-08-09__rec_000138_796e32b2faec/fixed_candidate_classification.json,final_or_documentation,18061,2026-08-11T00:36:43.259733+00:00,76bab297df7c8626aaaf796ad03412e4bfb6abb1fa928aaff14efe30655fba2f
12_taxonomy/runs/classification_fixed_r2/shard_00/records/update_2026-08-09__rec_000138_796e32b2faec/prompt.txt,final_or_documentation,171902,2026-08-11T00:27:40.613915+00:00,fb0324c7519777a25ed3e857ccf03d04eefc31d1133161a092b87e341df64ad3
12_taxonomy/runs/classification_fixed_r2/shard_00/run_config.json,final_or_documentation,302,2026-08-11T00:27:40.477712+00:00,b3661de57dd9fabd9b59debbd0d8e399bbdaca6f0d1bce08cc54904a3f33f06b
12_taxonomy/runs/classification_fixed_r2/shard_00/run_summary.json,final_or_documentation,18799,2026-08-11T00:36:43.260237+00:00,8f6ad475191639a15bcc46a47d9a302afbaddd59a9394719f9e23aa883567e9d
12_taxonomy/runs/classification_fixed_r2/shard_00/schema.json,final_or_documentation,10425,2026-08-11T00:27:40.477572+00:00,8f02e3158764f11e4a35bde1d94892d75904a06403dea78b6ff91c1bd0d14edc
12_taxonomy/runs/classification_fixed_r2/shard_01/llm_calls.jsonl,final_or_documentation,202199,2026-08-11T00:30:15.544278+00:00,96901052dfe2d8dbf63f9b3bbbaa2592064d907ee81c55183ffeb09ff796a6a7
12_taxonomy/runs/classification_fixed_r2/shard_01/records/update_2026-08-09__rec_000106_c9bc52778731/fixed_candidate_classification.json,final_or_documentation,9291,2026-08-11T00:30:15.602766+00:00,ea13b3a9f1ecaa551fabfd0d89162fa3a7fd3d8888e33bd2bb65a5fec40b7d1b
12_taxonomy/runs/classification_fixed_r2/shard_01/records/update_2026-08-09__rec_000106_c9bc52778731/prompt.txt,final_or_documentation,182363,2026-08-11T00:27:40.621176+00:00,810979a495cdb7211be1fe0fb525b391d15105661ed45d71a4ac772b1fe4f43b
12_taxonomy/runs/classification_fixed_r2/shard_01/run_config.json,final_or_documentation,302,2026-08-11T00:27:40.478974+00:00,4a776decadedb82280eca81797b26eec7d47cc03a2dbac84346dc347c6a990b0
12_taxonomy/runs/classification_fixed_r2/shard_01/run_summary.json,final_or_documentation,9719,2026-08-11T00:30:15.603063+00:00,0224bf62536f648fef6951cf48566f8db8d51d7cbdb21063ed877d5cad045df9
12_taxonomy/runs/classification_fixed_r2/shard_01/schema.json,final_or_documentation,10425,2026-08-11T00:27:40.478850+00:00,8f02e3158764f11e4a35bde1d94892d75904a06403dea78b6ff91c1bd0d14edc
12_taxonomy/runs/classification_fixed_r3/shard_00/llm_calls.jsonl,final_or_documentation,404119,2026-08-11T00:46:00.325457+00:00,0528b4bfca94c49fe4a86195baecc83a790707eab8fa9e5d83ca0b65202e7ad5
12_taxonomy/runs/classification_fixed_r3/shard_00/records/update_2026-08-09__rec_000138_796e32b2faec/fixed_candidate_classification.json,final_or_documentation,16811,2026-08-11T00:46:00.421430+00:00,484dc3cbf05bc73a35a92198a3ff8aa7aad4bead4e561e2b60be5d97740eb132
12_taxonomy/runs/classification_fixed_r3/shard_00/records/update_2026-08-09__rec_000138_796e32b2faec/prompt.txt,final_or_documentation,171902,2026-08-11T00:36:52.529601+00:00,fb0324c7519777a25ed3e857ccf03d04eefc31d1133161a092b87e341df64ad3
12_taxonomy/runs/classification_fixed_r3/shard_00/run_config.json,final_or_documentation,302,2026-08-11T00:36:52.391196+00:00,ad4187b12947b29d27b139530e2077294a4511861b7384ae6849bc53c6808e3f
12_taxonomy/runs/classification_fixed_r3/shard_00/run_summary.json,final_or_documentation,17495,2026-08-11T00:46:00.421915+00:00,94577fe0ac38b70db18c4c540c0219287e25b7c75461e389916274bdc76379d2
12_taxonomy/runs/classification_fixed_r3/shard_00/schema.json,final_or_documentation,10425,2026-08-11T00:36:52.391026+00:00,8f02e3158764f11e4a35bde1d94892d75904a06403dea78b6ff91c1bd0d14edc
12_taxonomy/runs/classification_fixed_r3/shard_01/llm_calls.jsonl,final_or_documentation,202200,2026-08-11T00:39:35.431314+00:00,d9fe1304b278fcd844f18daed8748e7365498478871720fb0ec8467403bed46a
12_taxonomy/runs/classification_fixed_r3/shard_01/records/update_2026-08-09__rec_000106_c9bc52778731/fixed_candidate_classification.json,final_or_documentation,9339,2026-08-11T00:39:35.489655+00:00,41366fcd7618b0e15440718679420a038b6dc80b61fa0841971637d2a0d0c6df
12_taxonomy/runs/classification_fixed_r3/shard_01/records/update_2026-08-09__rec_000106_c9bc52778731/prompt.txt,final_or_documentation,182363,2026-08-11T00:36:52.536177+00:00,810979a495cdb7211be1fe0fb525b391d15105661ed45d71a4ac772b1fe4f43b
12_taxonomy/runs/classification_fixed_r3/shard_01/run_config.json,final_or_documentation,302,2026-08-11T00:36:52.391255+00:00,dc4b1a4e924c7a9ec8437eb944aa97785b2742bd9ee8b407d35044e9934b1b99
12_taxonomy/runs/classification_fixed_r3/shard_01/run_summary.json,final_or_documentation,9769,2026-08-11T00:39:35.489995+00:00,b845ddc5044ac665df0271d305242db51f2ec1defae2d9caad9af8440d9dc08a
12_taxonomy/runs/classification_fixed_r3/shard_01/schema.json,final_or_documentation,10425,2026-08-11T00:36:52.391031+00:00,8f02e3158764f11e4a35bde1d94892d75904a06403dea78b6ff91c1bd0d14edc
12_taxonomy/runs/discovery/shard_00/events.jsonl,final_or_documentation,207,2026-08-10T22:00:15.888361+00:00,5858ae094936a9e3b057ad3ba475bc9b4a4b920483b71667d8945b9a5bab4018
12_taxonomy/runs/discovery/shard_00/llm_calls.jsonl,final_or_documentation,288744,2026-08-10T22:00:13.304559+00:00,c8291c11fc153f5b6b5ff47177c7bf198f0b2a923d2d772c453ce2549a6c3c65
12_taxonomy/runs/discovery/shard_00/records/update_2026-08-09__rec_000138_796e32b2faec/taxonomy_extraction_summary.json,final_or_documentation,66337,2026-08-10T22:00:15.886588+00:00,9d03585544cfd438f8b0e7b7119d9296ffa6e79df3965024ac792d577b3741d5
12_taxonomy/runs/discovery/shard_00/records/update_2026-08-09__rec_000138_796e32b2faec/update_2026_08_09_rec_000138_796e32b2faec_docling_json_20260811_005624/debug/trace_data.json,final_or_documentation,126222,2026-08-10T22:00:15.391378+00:00,4bac3258ac60bb0d5bdd28112d5560fabd0286abf64b824cd7eda517804df697
12_taxonomy/runs/discovery/shard_00/records/update_2026-08-09__rec_000138_796e32b2faec/update_2026_08_09_rec_000138_796e32b2faec_docling_json_20260811_005624/docling/chunks.json,final_or_documentation,475383,2026-08-10T22:00:15.374908+00:00,68e6077e19f88561099dc3351a740cc03c82b51efc0138befc9dc1fe3de15045
12_taxonomy/runs/discovery/shard_00/records/update_2026-08-09__rec_000138_796e32b2faec/update_2026_08_09_rec_000138_796e32b2faec_docling_json_20260811_005624/docling/document.dclg,final_or_documentation,286244,2026-08-10T22:00:15.362990+00:00,f0f4a84f7c18138d6ec15d5f2db1be77731cdb33a2b59c165d3841900dbebf9e
12_taxonomy/runs/discovery/shard_00/records/update_2026-08-09__rec_000138_796e32b2faec/update_2026_08_09_rec_000138_796e32b2faec_docling_json_20260811_005624/docling/document.json,final_or_documentation,55317040,2026-08-10T22:00:15.108591+00:00,a9ead6b5c1a6eabda0fe9f6e61d99d5107f682d699e7b7a1021e6ed856e9f879
12_taxonomy/runs/discovery/shard_00/records/update_2026-08-09__rec_000138_796e32b2faec/update_2026_08_09_rec_000138_796e32b2faec_docling_json_20260811_005624/docling/document.md,final_or_documentation,117280,2026-08-10T22:00:15.189236+00:00,275d40eee88784175d929d2c0cb8d7f4ca63dccbaa25c7027445ce5bad7c5b6a
12_taxonomy/runs/discovery/shard_00/records/update_2026-08-09__rec_000138_796e32b2faec/update_2026_08_09_rec_000138_796e32b2faec_docling_json_20260811_005624/docling_graph/edges.csv,final_or_documentation,1274,2026-08-10T22:00:15.379963+00:00,b2f54b94a81e885ac9a7f3e8cc1da0c50dadd7d8b1db57a2350e43231cc1d1e6
12_taxonomy/runs/discovery/shard_00/records/update_2026-08-09__rec_000138_796e32b2faec/update_2026_08_09_rec_000138_796e32b2faec_docling_json_20260811_005624/docling_graph/graph.html,final_or_documentation,27673,2026-08-10T22:00:15.389650+00:00,9a74cfe21b7d17180c5ce2417def78de75b074240c21b70be731730a1b08fece
12_taxonomy/runs/discovery/shard_00/records/update_2026-08-09__rec_000138_796e32b2faec/update_2026_08_09_rec_000138_796e32b2faec_docling_json_20260811_005624/docling_graph/graph.json,final_or_documentation,23718,2026-08-10T22:00:15.380959+00:00,97e6aed33a73f457200038c8b86bbff02785c22b3dbde94f39fc8f9d503040d7
12_taxonomy/runs/discovery/shard_00/records/update_2026-08-09__rec_000138_796e32b2faec/update_2026_08_09_rec_000138_796e32b2faec_docling_json_20260811_005624/docling_graph/nodes.csv,final_or_documentation,12352,2026-08-10T22:00:15.379349+00:00,05e923160e4609c892d87bc7f5005fb09752babbd695de516a85cd7335cf2339
12_taxonomy/runs/discovery/shard_00/records/update_2026-08-09__rec_000138_796e32b2faec/update_2026_08_09_rec_000138_796e32b2faec_docling_json_20260811_005624/docling_graph/provenance.json,final_or_documentation,525418,2026-08-10T22:00:15.383369+00:00,b0fe32d763a2e15efb38f7908c7942fe1e50a9b8a850a14cca45927aeb01cc61
12_taxonomy/runs/discovery/shard_00/records/update_2026-08-09__rec_000138_796e32b2faec/update_2026_08_09_rec_000138_796e32b2faec_docling_json_20260811_005624/docling_graph/report.md,final_or_documentation,7529,2026-08-10T22:00:15.383944+00:00,468a14af36f15cbd3a5190c7ffab7e7a54a58474c7e85e4ec6b4b7a2e62c7e91
12_taxonomy/runs/discovery/shard_00/records/update_2026-08-09__rec_000138_796e32b2faec/update_2026_08_09_rec_000138_796e32b2faec_docling_json_20260811_005624/metadata.json,final_or_documentation,3177,2026-08-10T22:00:15.389993+00:00,988e7264e6afd7d9029438308df0c15dfed12736d59edec4fca5e65d8b60f93d
12_taxonomy/runs/discovery/shard_00/run_config.json,final_or_documentation,568,2026-08-10T21:56:24.096375+00:00,2cb03f4a1a62654fd02e54903cdaa1c865e88d3ef0cdbd4e59a211b6b23daf68
12_taxonomy/runs/discovery/shard_00/run_summary.json,final_or_documentation,69735,2026-08-10T22:00:15.889559+00:00,ed0f59dd67ac869210f5b0ce4560f905e03606e37a3ad5606fef2a314727fced
12_taxonomy/runs/discovery/shard_00/schema.json,final_or_documentation,6424,2026-08-10T21:56:24.098785+00:00,f749dd36975ef48bcfdf2a9665ef797edc216f272ffb00c36b070a8f82286d8e
12_taxonomy/runs/discovery/shard_00/selected_records.json,final_or_documentation,2876,2026-08-10T21:56:24.096216+00:00,ab1d15259da7be8df82e9b9a130e112319841e7625094d252027f3f128edaa13
12_taxonomy/runs/discovery/shard_01/events.jsonl,final_or_documentation,206,2026-08-10T21:59:20.688678+00:00,98fc4fa8a0b288a733c065260375f66265b0db039dc268ee2fb75e4896c94226
12_taxonomy/runs/discovery/shard_01/llm_calls.jsonl,final_or_documentation,317671,2026-08-10T21:59:18.802916+00:00,adf590eda3722a80475e2211eece4b101042822722054d877d78b4b8485768d6
12_taxonomy/runs/discovery/shard_01/records/update_2026-08-09__rec_000106_c9bc52778731/taxonomy_extraction_summary.json,final_or_documentation,29186,2026-08-10T21:59:20.687653+00:00,1dae0a9573e9b08fda321ca9ebfba843094b49354f194b031905288b39bc66a9
12_taxonomy/runs/discovery/shard_01/records/update_2026-08-09__rec_000106_c9bc52778731/update_2026_08_09_rec_000106_c9bc52778731_docling_json_20260811_005624/debug/trace_data.json,final_or_documentation,111653,2026-08-10T21:59:20.194072+00:00,b06ea63c861e3937f5a8de364f752f623f6cd2e662bb93ebfef426903a2d7cd3
12_taxonomy/runs/discovery/shard_01/records/update_2026-08-09__rec_000106_c9bc52778731/update_2026_08_09_rec_000106_c9bc52778731_docling_json_20260811_005624/docling/chunks.json,final_or_documentation,297315,2026-08-10T21:59:20.176286+00:00,8a9db9af7107e224b96a4507495547fd8dc7f551a08fb9af4cc209c2f5b1031a
12_taxonomy/runs/discovery/shard_01/records/update_2026-08-09__rec_000106_c9bc52778731/update_2026_08_09_rec_000106_c9bc52778731_docling_json_20260811_005624/docling/document.dclg,final_or_documentation,196008,2026-08-10T21:59:20.170657+00:00,111808757a4ad8cff228df3420a17efdac9bca4ba10566d1ca1f9d61c55f2759
12_taxonomy/runs/discovery/shard_01/records/update_2026-08-09__rec_000106_c9bc52778731/update_2026_08_09_rec_000106_c9bc52778731_docling_json_20260811_005624/docling/document.json,final_or_documentation,58296349,2026-08-10T21:59:19.978740+00:00,cac8969b859dfad73991eaba186d48c00027225fdc1e87245c296763b8825c1a
12_taxonomy/runs/discovery/shard_01/records/update_2026-08-09__rec_000106_c9bc52778731/update_2026_08_09_rec_000106_c9bc52778731_docling_json_20260811_005624/docling/document.md,final_or_documentation,138032,2026-08-10T21:59:20.016271+00:00,4b32c1ef440de32d535131a5f1a99cc1d16af8624656860a82a379a9cf859525
12_taxonomy/runs/discovery/shard_01/records/update_2026-08-09__rec_000106_c9bc52778731/update_2026_08_09_rec_000106_c9bc52778731_docling_json_20260811_005624/docling_graph/edges.csv,final_or_documentation,546,2026-08-10T21:59:20.183560+00:00,8372b43b41c579e6b41cfef454246efb4a1e92823a64e459c8b5aef6c8c79b57
12_taxonomy/runs/discovery/shard_01/records/update_2026-08-09__rec_000106_c9bc52778731/update_2026_08_09_rec_000106_c9bc52778731_docling_json_20260811_005624/docling_graph/graph.html,final_or_documentation,12323,2026-08-10T21:59:20.192520+00:00,fe88d73976b08857de73021b85d2ac5c6120cad1bd380ab448f070c6591a6233
12_taxonomy/runs/discovery/shard_01/records/update_2026-08-09__rec_000106_c9bc52778731/update_2026_08_09_rec_000106_c9bc52778731_docling_json_20260811_005624/docling_graph/graph.json,final_or_documentation,9996,2026-08-10T21:59:20.184025+00:00,1dcb98c230f92500c5fe67e090653927947d7422a2797bdf1dc30360937075ac
12_taxonomy/runs/discovery/shard_01/records/update_2026-08-09__rec_000106_c9bc52778731/update_2026_08_09_rec_000106_c9bc52778731_docling_json_20260811_005624/docling_graph/nodes.csv,final_or_documentation,5404,2026-08-10T21:59:20.182918+00:00,77f4e0140d6da8c99090c64a937aba4bea0bbbb381d9b9e7e66908f02a3728c0
12_taxonomy/runs/discovery/shard_01/records/update_2026-08-09__rec_000106_c9bc52778731/update_2026_08_09_rec_000106_c9bc52778731_docling_json_20260811_005624/docling_graph/provenance.json,final_or_documentation,318664,2026-08-10T21:59:20.186171+00:00,e0476010d2357c943e5711704dab0e6be21fcf0b4ab7539ecec5e960b0f3a1f4
12_taxonomy/runs/discovery/shard_01/records/update_2026-08-09__rec_000106_c9bc52778731/update_2026_08_09_rec_000106_c9bc52778731_docling_json_20260811_005624/docling_graph/report.md,final_or_documentation,7460,2026-08-10T21:59:20.186755+00:00,884f4fb915e7ab218a454deb4e4317b8a7bb7bbf6eaec9f30ab7fd28384828b3
12_taxonomy/runs/discovery/shard_01/records/update_2026-08-09__rec_000106_c9bc52778731/update_2026_08_09_rec_000106_c9bc52778731_docling_json_20260811_005624/metadata.json,final_or_documentation,3175,2026-08-10T21:59:20.192865+00:00,4f28716e9b78a8392c829f97cd49f4b475dd5eba7f9c1e722fd4a2140d913d96
12_taxonomy/runs/discovery/shard_01/run_config.json,final_or_documentation,568,2026-08-10T21:56:24.096377+00:00,76a1592041f13737da6d64fd78606532320d71e1d8c2ca8eda2a59b53cc69f47
12_taxonomy/runs/discovery/shard_01/run_summary.json,final_or_documentation,30674,2026-08-10T21:59:20.689315+00:00,22a2b1ca6742c4c6547f365b426bd2fbdeea45d4a40091458823a9ec3145e4ed
12_taxonomy/runs/discovery/shard_01/schema.json,final_or_documentation,6424,2026-08-10T21:56:24.098789+00:00,f749dd36975ef48bcfdf2a9665ef797edc216f272ffb00c36b070a8f82286d8e
12_taxonomy/runs/discovery/shard_01/selected_records.json,final_or_documentation,2871,2026-08-10T21:56:24.096213+00:00,6d9dfaaa6b3bdfa3613f76397b6a37bd22efc10da1e0db0e97297b2809716db1
12_taxonomy/special_cases.jsonl,final_or_documentation,74344,2026-08-11T05:11:05.188021+00:00,7e899dda03d92727354524be538bc5907c7c41732f731f4deefc7583633b30ee
12_taxonomy/special_cases_report.md,final_or_documentation,397,2026-08-11T05:11:05.188690+00:00,77fa43f2c96543c7d26f7a4b72e9e910e695dbd92df4a233edcb62920bee2eee
12_taxonomy/study_model_registry.csv,final_or_documentation,1374,2026-08-10T22:00:24.015880+00:00,de411fcb4b49d740f591917d647f6c4a6deae2ad5f92fbb9f132133b9c682748
12_taxonomy/tables/routes_by_carrier_family.csv,final_or_documentation,149,2026-08-11T05:11:05.185941+00:00,93fbc1057bea0514ce9ab322c41ba6eee9a7224755226ea0051cdd326e332c5c
12_taxonomy/tables/routes_by_carrier_subtype.csv,final_or_documentation,293,2026-08-11T05:11:05.186043+00:00,6d837fd930b94a2719a18310b5a74a5a191da89487edec1684d362719791c9b0
12_taxonomy/tables/routes_by_fusion_topology.csv,final_or_documentation,190,2026-08-11T05:11:05.186246+00:00,9973ef8044bdde72a242abdeed6b8d7be0be7d85f21ebf2189b6a42e6586c702
12_taxonomy/tables/routes_by_lifecycle_phase.csv,final_or_documentation,86,2026-08-11T05:11:05.186145+00:00,39f9afa521251bee63b73c020f62164ad8f2218706113c74b39022955aa65019
12_taxonomy/tables/routes_by_source_modality_normalized.csv,final_or_documentation,292,2026-08-11T05:11:05.186445+00:00,4f982cd85aba020c23b51e2ce17be06c7fb5dd3111df3fb3e9890af6da929ef5
12_taxonomy/tables/routes_by_text_role.csv,final_or_documentation,126,2026-08-11T05:11:05.186345+00:00,e8d249305f02194fcf6d2f2d53653b7a8148559c1b75adfe8318001ceaed0134
12_taxonomy/taxonomy_synthesis/inventory_metadata.json,final_or_documentation,198,2026-08-10T22:00:23.080215+00:00,f8d48047516becfde746e7793957ff4083deed5ab92c222e8bc424962d3e1af9
12_taxonomy/taxonomy_synthesis/open_route_inventory.json,final_or_documentation,27587,2026-08-10T22:00:23.080060+00:00,a3e1e0c9a9382b2af38a51e9eb2971acb0e62c101d0b3d13d5163f9512544c6d
12_taxonomy/uncertainty_cases.jsonl,final_or_documentation,59842,2026-08-11T05:11:05.185657+00:00,a2cd3e11b68103420074fb815de71c16d14ce6388f76d6ded9633049939f1e65
12_taxonomy_failed_v2_2026-08-11/adjudication/shard_00/llm_calls.jsonl,final_or_documentation,275582,2026-08-11T00:12:46.668781+00:00,1379863885119818b408979c975cbdc9c5eea8fe8ea8319ed57e2b2fe7cd567d
12_taxonomy_failed_v2_2026-08-11/adjudication/shard_00/records/update_2026-08-09__rec_000138_796e32b2faec/adjudicated_routes.json,final_or_documentation,52806,2026-08-11T00:12:46.797460+00:00,b62dba04b950c8552cc470267411f0e43de163fd24851ad1e8f4babc5c559d42
12_taxonomy_failed_v2_2026-08-11/adjudication/shard_00/records/update_2026-08-09__rec_000138_796e32b2faec/prompt.txt,final_or_documentation,230899,2026-08-10T23:31:48.703893+00:00,aa390df91ea119a43a9cb8ad6b387a40ffc419722586a6e5cb0bfcd2f3a863e5
12_taxonomy_failed_v2_2026-08-11/adjudication/shard_00/run_config.json,final_or_documentation,207,2026-08-10T23:31:48.484156+00:00,29481464ad7b41e5d5ccf62c6ff7970f45f44892936a3ebedd81943e24cc610b
12_taxonomy_failed_v2_2026-08-11/adjudication/shard_00/run_summary.json,final_or_documentation,55236,2026-08-11T00:12:46.798620+00:00,4e63644814671bb2960b893fe4c15d66296c5985ee57b445b42324c65157b0be
12_taxonomy_failed_v2_2026-08-11/adjudication/shard_00/schema.json,final_or_documentation,12549,2026-08-10T23:31:48.484003+00:00,816b8d044332ba967e088b1d56e6ec07a5ec20e7325ea503d53fbb47709037b9
12_taxonomy_failed_v2_2026-08-11/adjudication/shard_01/llm_calls.jsonl,final_or_documentation,240294,2026-08-10T23:36:34.068522+00:00,76b756152db86dcd13ffeba0128705b02d3db831a3a5cbe4bd945d36400d6068
12_taxonomy_failed_v2_2026-08-11/adjudication/shard_01/records/update_2026-08-09__rec_000106_c9bc52778731/adjudicated_routes.json,final_or_documentation,22577,2026-08-10T23:36:34.147135+00:00,9b1f94b8fbc79fcdd117e63a31f084b27891de7f873cc54d29b5ce95a3a9d8ab
12_taxonomy_failed_v2_2026-08-11/adjudication/shard_01/records/update_2026-08-09__rec_000106_c9bc52778731/prompt.txt,final_or_documentation,211558,2026-08-10T23:31:48.719256+00:00,1e38882ca49c099f472c9d0a5dd6497101add37656aee9980ac528ede268dcd2
12_taxonomy_failed_v2_2026-08-11/adjudication/shard_01/run_config.json,final_or_documentation,207,2026-08-10T23:31:48.484155+00:00,a83e3f00830c4cd0ea00e56028e655445642a10cb92ddc0368d51d59eba8102f
12_taxonomy_failed_v2_2026-08-11/adjudication/shard_01/run_summary.json,final_or_documentation,23555,2026-08-10T23:36:34.147815+00:00,e78ae69de344e9e4ea11ebc0954c5eade0266d73a55aa4c90276f26709626d86
12_taxonomy_failed_v2_2026-08-11/adjudication/shard_01/schema.json,final_or_documentation,12549,2026-08-10T23:31:48.484003+00:00,816b8d044332ba967e088b1d56e6ec07a5ec20e7325ea503d53fbb47709037b9
12_taxonomy_failed_v2_2026-08-11/adjudication_resolution_manifest.csv,final_or_documentation,556,2026-08-11T00:12:47.866490+00:00,2ba405771f3fbccfad68dd539a0a93b4b7e63ecf75bc01eb4af2754360ad32c1
12_taxonomy_failed_v2_2026-08-11/agreement_metrics.json,final_or_documentation,2609,2026-08-11T00:12:47.869528+00:00,dfc74e4b6bad122071e5129d38a6550b660a6ce596b7b7d74e2cd6115aa9e4c7
12_taxonomy_failed_v2_2026-08-11/agreement_report.md,final_or_documentation,1152,2026-08-11T00:12:47.870001+00:00,19ddac2a693d62948aca9b71e4820511c4de7da0d8d8e5108cd11f3432bdc8a8
12_taxonomy_failed_v2_2026-08-11/evidence_ledger.jsonl,final_or_documentation,15461,2026-08-11T00:12:47.868618+00:00,2c2be00719b073e444fc42cdd938a32158874bd5ca544d5c3f8ff480d375d5e7
12_taxonomy_failed_v2_2026-08-11/failure_mode_report.md,final_or_documentation,370,2026-08-11T00:12:47.870209+00:00,68e1b9111cc7664b9bd4b99af4e10b9d22c10b58d1c41725d1073923cba3eede
12_taxonomy_failed_v2_2026-08-11/manuscript_methods.md,final_or_documentation,3038,2026-08-11T00:12:47.870069+00:00,7c83719649d1a3b8976bcc952bbdc06c441522a60a2fd8c5f4a401592fdd3eff
12_taxonomy_failed_v2_2026-08-11/manuscript_taxonomy_tables.md,final_or_documentation,850,2026-08-11T00:12:47.870152+00:00,eb53dc5fdf6eb34e1a67d8091ce51fe620a9c89863a79e70ca908ce2f8be4aa4
12_taxonomy_failed_v2_2026-08-11/model_registry.csv,final_or_documentation,619,2026-08-11T00:12:47.868887+00:00,93477f9c88c644cd13f09d219ef056ba7e9d2163d1571b6fe9eeab476e1b116c
12_taxonomy_failed_v2_2026-08-11/registry_summary.json,final_or_documentation,379,2026-08-10T22:00:24.016004+00:00,67f56f0a8af1c1deb6141cee2659ab82c9c835b2edec0b4a87023bcc3d62d760
12_taxonomy_failed_v2_2026-08-11/route_annotations.csv,final_or_documentation,25414,2026-08-11T00:12:47.867948+00:00,e5fcf0402c770d89ea85be116edabdaab563a65bc4cab400a387e224b0bef5c1
12_taxonomy_failed_v2_2026-08-11/route_annotations.jsonl,final_or_documentation,39825,2026-08-11T00:12:47.867336+00:00,9c2f48cf7d2b5dfa5838dfb662b903e843111f1969262c5b3a0428a1799b177e
12_taxonomy_failed_v2_2026-08-11/route_candidates_all.jsonl,final_or_documentation,84534,2026-08-11T00:12:47.868425+00:00,fc4fa385a93238646eb0191593871443b86a6ab8b5f65d451ab6dbd68a2928f6
12_taxonomy_failed_v2_2026-08-11/runs/classification_dense/shard_00/events.jsonl,final_or_documentation,208,2026-08-10T23:31:39.478643+00:00,b5dc0752496dce81949dddb2f6cb6fb914b6c181cb6f29306047c11686c683aa
12_taxonomy_failed_v2_2026-08-11/runs/classification_dense/shard_00/llm_calls.jsonl,final_or_documentation,1200904,2026-08-10T23:31:38.324062+00:00,7000e8a89c244d491d16c971a628570782d7e0116df58be1efc3a19a6b77c9d7
12_taxonomy_failed_v2_2026-08-11/runs/classification_dense/shard_00/records/update_2026-08-09__rec_000138_796e32b2faec/taxonomy_extraction_summary.json,final_or_documentation,397509,2026-08-10T23:31:39.476492+00:00,ea72b964a74719254d971bb79a1687105f1ba2905fe9ee828ae506f59cdc7a5c
12_taxonomy_failed_v2_2026-08-11/runs/classification_dense/shard_00/records/update_2026-08-09__rec_000138_796e32b2faec/update_2026_08_09_rec_000138_796e32b2faec_docling_json_20260811_014949/debug/dense_assembled_root.json,final_or_documentation,77579,2026-08-10T23:31:32.078321+00:00,3598f949d70674e6fe1b4635033fd713e220dc2006b87ffbd8f52d47322a44e5
12_taxonomy_failed_v2_2026-08-11/runs/classification_dense/shard_00/records/update_2026-08-09__rec_000138_796e32b2faec/update_2026_08_09_rec_000138_796e32b2faec_docling_json_20260811_014949/debug/dense_merge_stats.json,final_or_documentation,207,2026-08-10T23:31:32.055004+00:00,cb95eee55389cf7c5127cf18becca072ddba18fb3ba0beb17b8cb7027528bdad
12_taxonomy_failed_v2_2026-08-11/runs/classification_dense/shard_00/records/update_2026-08-09__rec_000138_796e32b2faec/update_2026_08_09_rec_000138_796e32b2faec_docling_json_20260811_014949/debug/dense_provenance.json,final_or_documentation,567839,2026-08-10T23:31:32.076571+00:00,4fa1281368146b704f7207099af974638509f446c22c3acfe026809bc61e74f2
12_taxonomy_failed_v2_2026-08-11/runs/classification_dense/shard_00/records/update_2026-08-09__rec_000138_796e32b2faec/update_2026_08_09_rec_000138_796e32b2faec_docling_json_20260811_014949/debug/dense_reconciliation.json,final_or_documentation,5430,2026-08-10T23:02:50.956982+00:00,838572baf85c55c28e22c36e6b1872dc8855c9ad467354473436bb15f42ee4c6
12_taxonomy_failed_v2_2026-08-11/runs/classification_dense/shard_00/records/update_2026-08-09__rec_000138_796e32b2faec/update_2026_08_09_rec_000138_796e32b2faec_docling_json_20260811_014949/debug/dense_run_stats.json,final_or_documentation,482,2026-08-10T23:31:32.055206+00:00,2b42287f01a2a5ad68a70bff8db18562c1df1364d72c70fe016e9d68fdaa0701
12_taxonomy_failed_v2_2026-08-11/runs/classification_dense/shard_00/records/update_2026-08-09__rec_000138_796e32b2faec/update_2026_08_09_rec_000138_796e32b2faec_docling_json_20260811_014949/debug/dense_skeleton_graph.json,final_or_documentation,28566,2026-08-10T23:02:50.958290+00:00,b24bf0f5a9b8866d91a444b449f9a43c0dc250b720a32159b5d5de2958a18fcc
12_taxonomy_failed_v2_2026-08-11/runs/classification_dense/shard_00/records/update_2026-08-09__rec_000138_796e32b2faec/update_2026_08_09_rec_000138_796e32b2faec_docling_json_20260811_014949/debug/trace_data.json,final_or_documentation,212221,2026-08-10T23:31:38.883828+00:00,f6971e97b8d426606101e6de02925a54dbd7e10aef49d00b8b44884de01ffe02
12_taxonomy_failed_v2_2026-08-11/runs/classification_dense/shard_00/records/update_2026-08-09__rec_000138_796e32b2faec/update_2026_08_09_rec_000138_796e32b2faec_docling_json_20260811_014949/docling/chunks.json,final_or_documentation,475421,2026-08-10T23:31:38.840847+00:00,42eba7016a9bc0587c1011542048fd49e35acc3f9aad476eb260452682433868
12_taxonomy_failed_v2_2026-08-11/runs/classification_dense/shard_00/records/update_2026-08-09__rec_000138_796e32b2faec/update_2026_08_09_rec_000138_796e32b2faec_docling_json_20260811_014949/docling/document.dclg,final_or_documentation,286244,2026-08-10T23:31:38.828104+00:00,f0f4a84f7c18138d6ec15d5f2db1be77731cdb33a2b59c165d3841900dbebf9e
12_taxonomy_failed_v2_2026-08-11/runs/classification_dense/shard_00/records/update_2026-08-09__rec_000138_796e32b2faec/update_2026_08_09_rec_000138_796e32b2faec_docling_json_20260811_014949/docling/document.json,final_or_documentation,55317040,2026-08-10T23:31:38.545482+00:00,a9ead6b5c1a6eabda0fe9f6e61d99d5107f682d699e7b7a1021e6ed856e9f879
12_taxonomy_failed_v2_2026-08-11/runs/classification_dense/shard_00/records/update_2026-08-09__rec_000138_796e32b2faec/update_2026_08_09_rec_000138_796e32b2faec_docling_json_20260811_014949/docling/document.md,final_or_documentation,117280,2026-08-10T23:31:38.639555+00:00,275d40eee88784175d929d2c0cb8d7f4ca63dccbaa25c7027445ce5bad7c5b6a
12_taxonomy_failed_v2_2026-08-11/runs/classification_dense/shard_00/records/update_2026-08-09__rec_000138_796e32b2faec/update_2026_08_09_rec_000138_796e32b2faec_docling_json_20260811_014949/docling_graph/edges.csv,final_or_documentation,6309,2026-08-10T23:31:38.854410+00:00,06d61737b7e093f7510018c28c8e115f2efccbf443af80d1fa145e867f48cb27
12_taxonomy_failed_v2_2026-08-11/runs/classification_dense/shard_00/records/update_2026-08-09__rec_000138_796e32b2faec/update_2026_08_09_rec_000138_796e32b2faec_docling_json_20260811_014949/docling_graph/graph.html,final_or_documentation,152016,2026-08-10T23:31:38.879573+00:00,8ffb7bac7b995afc497163cd486b2171106d1c290a1a7a6c7f7d47ef5ba2e068
12_taxonomy_failed_v2_2026-08-11/runs/classification_dense/shard_00/records/update_2026-08-09__rec_000138_796e32b2faec/update_2026_08_09_rec_000138_796e32b2faec_docling_json_20260811_014949/docling_graph/graph.json,final_or_documentation,141728,2026-08-10T23:31:38.857750+00:00,c16be57979b20f6fe468123bc97dbdc436878f280e4a75d3c8b1720e4de74972
12_taxonomy_failed_v2_2026-08-11/runs/classification_dense/shard_00/records/update_2026-08-09__rec_000138_796e32b2faec/update_2026_08_09_rec_000138_796e32b2faec_docling_json_20260811_014949/docling_graph/nodes.csv,final_or_documentation,71123,2026-08-10T23:31:38.853179+00:00,b7d7fa0aa1e66f1921950372487a7406a647450f7334813c16f0a8d392947633
12_taxonomy_failed_v2_2026-08-11/runs/classification_dense/shard_00/records/update_2026-08-09__rec_000138_796e32b2faec/update_2026_08_09_rec_000138_796e32b2faec_docling_json_20260811_014949/docling_graph/provenance.json,final_or_documentation,586595,2026-08-10T23:31:38.860577+00:00,0c9d65c5c850f6dd00e18301577f5ea99ce0f667ed9afa545cdbbdd681b08416
12_taxonomy_failed_v2_2026-08-11/runs/classification_dense/shard_00/records/update_2026-08-09__rec_000138_796e32b2faec/update_2026_08_09_rec_000138_796e32b2faec_docling_json_20260811_014949/docling_graph/report.md,final_or_documentation,10572,2026-08-10T23:31:38.861602+00:00,4791ca9f8a4c3c6768cf5a62c99899a2c37a617c8dda3bb6027d7bbc4b861df2
12_taxonomy_failed_v2_2026-08-11/runs/classification_dense/shard_00/records/update_2026-08-09__rec_000138_796e32b2faec/update_2026_08_09_rec_000138_796e32b2faec_docling_json_20260811_014949/metadata.json,final_or_documentation,3745,2026-08-10T23:31:38.880124+00:00,8cb7fb3503b6cb47ee0e0726e4370190ec36c90bdb88819799ad68a7adbc26b9
12_taxonomy_failed_v2_2026-08-11/runs/classification_dense/shard_00/run_config.json,final_or_documentation,552,2026-08-10T22:49:49.625134+00:00,1a8833259b63702049cc5c1b069700b68ff3658d1c27998973b17b93d90e6dcb
12_taxonomy_failed_v2_2026-08-11/runs/classification_dense/shard_00/run_summary.json,final_or_documentation,416865,2026-08-10T23:31:39.485243+00:00,f7639825d53a61ab9a86b141c3004b7de84ec6dc7ca4b2243f96009d26a83512
12_taxonomy_failed_v2_2026-08-11/runs/classification_dense/shard_00/schema.json,final_or_documentation,8638,2026-08-10T22:49:49.628162+00:00,28756375f174d1d81f74511008bcfaea4d0a0722549852b9fc47fe46b0ee2809
12_taxonomy_failed_v2_2026-08-11/runs/classification_dense/shard_00/selected_records.json,final_or_documentation,2876,2026-08-10T22:49:49.624946+00:00,ab1d15259da7be8df82e9b9a130e112319841e7625094d252027f3f128edaa13
12_taxonomy_failed_v2_2026-08-11/runs/classification_dense/shard_01/events.jsonl,final_or_documentation,207,2026-08-10T23:04:02.710641+00:00,26f344722b51f7bdb92800f608210ea085131ea12cc38ab02f3a51c7d1f2faef
12_taxonomy_failed_v2_2026-08-11/runs/classification_dense/shard_01/llm_calls.jsonl,final_or_documentation,1091496,2026-08-10T23:04:01.667136+00:00,b0aca5c83a56fed0c41ebdf6f6b863fb08e82ed90b8759b5af50cfa7f68187bf
12_taxonomy_failed_v2_2026-08-11/runs/classification_dense/shard_01/records/update_2026-08-09__rec_000106_c9bc52778731/taxonomy_extraction_summary.json,final_or_documentation,76268,2026-08-10T23:04:02.709348+00:00,8589b6800d1bbc8407f943436cb84bd41e43a4aa7e0a228c14a0756a955b5ecc
12_taxonomy_failed_v2_2026-08-11/runs/classification_dense/shard_01/records/update_2026-08-09__rec_000106_c9bc52778731/update_2026_08_09_rec_000106_c9bc52778731_docling_json_20260811_014949/debug/dense_assembled_root.json,final_or_documentation,16060,2026-08-10T23:04:01.678819+00:00,934a8365f5162752b184cff9255b41fdff48a48d799728b535a26c44edf1da75
12_taxonomy_failed_v2_2026-08-11/runs/classification_dense/shard_01/records/update_2026-08-09__rec_000106_c9bc52778731/update_2026_08_09_rec_000106_c9bc52778731_docling_json_20260811_014949/debug/dense_merge_stats.json,final_or_documentation,207,2026-08-10T23:04:01.668164+00:00,862ca114e19ff09e931eb96122ddc5b2d3082448e8e64a1a5d5344e9ace5a051
12_taxonomy_failed_v2_2026-08-11/runs/classification_dense/shard_01/records/update_2026-08-09__rec_000106_c9bc52778731/update_2026_08_09_rec_000106_c9bc52778731_docling_json_20260811_014949/debug/dense_provenance.json,final_or_documentation,335846,2026-08-10T23:04:01.678066+00:00,2affb4bcbb30bd701c396ef6a432815c4cea4bf09d2a07dd141440d17b6c264c
12_taxonomy_failed_v2_2026-08-11/runs/classification_dense/shard_01/records/update_2026-08-09__rec_000106_c9bc52778731/update_2026_08_09_rec_000106_c9bc52778731_docling_json_20260811_014949/debug/dense_run_stats.json,final_or_documentation,482,2026-08-10T23:04:01.668372+00:00,24c1b0714201b1b5adc04567e8e7fabb8897dc5cc1623c59adf1bc6f99844181
12_taxonomy_failed_v2_2026-08-11/runs/classification_dense/shard_01/records/update_2026-08-09__rec_000106_c9bc52778731/update_2026_08_09_rec_000106_c9bc52778731_docling_json_20260811_014949/debug/dense_skeleton_graph.json,final_or_documentation,5856,2026-08-10T22:56:08.708014+00:00,6387200a21042c370e7272abf48552d800e66ac4d359ab86825ab142e9880cbe
12_taxonomy_failed_v2_2026-08-11/runs/classification_dense/shard_01/records/update_2026-08-09__rec_000106_c9bc52778731/update_2026_08_09_rec_000106_c9bc52778731_docling_json_20260811_014949/debug/trace_data.json,final_or_documentation,125281,2026-08-10T23:04:02.206683+00:00,28227565a3abeb507c157a1107733ca6e88cd295389d04d9db48ee7e3a8da0cf
12_taxonomy_failed_v2_2026-08-11/runs/classification_dense/shard_01/records/update_2026-08-09__rec_000106_c9bc52778731/update_2026_08_09_rec_000106_c9bc52778731_docling_json_20260811_014949/docling/chunks.json,final_or_documentation,297400,2026-08-10T23:04:02.186562+00:00,ce53d5fcda328484840d5799daa1ccb3a3e95aab04ef7d530dfe62fab0494bbb
12_taxonomy_failed_v2_2026-08-11/runs/classification_dense/shard_01/records/update_2026-08-09__rec_000106_c9bc52778731/update_2026_08_09_rec_000106_c9bc52778731_docling_json_20260811_014949/docling/document.dclg,final_or_documentation,196008,2026-08-10T23:04:02.180971+00:00,111808757a4ad8cff228df3420a17efdac9bca4ba10566d1ca1f9d61c55f2759
12_taxonomy_failed_v2_2026-08-11/runs/classification_dense/shard_01/records/update_2026-08-09__rec_000106_c9bc52778731/update_2026_08_09_rec_000106_c9bc52778731_docling_json_20260811_014949/docling/document.json,final_or_documentation,58296349,2026-08-10T23:04:01.992237+00:00,cac8969b859dfad73991eaba186d48c00027225fdc1e87245c296763b8825c1a
12_taxonomy_failed_v2_2026-08-11/runs/classification_dense/shard_01/records/update_2026-08-09__rec_000106_c9bc52778731/update_2026_08_09_rec_000106_c9bc52778731_docling_json_20260811_014949/docling/document.md,final_or_documentation,138032,2026-08-10T23:04:02.029066+00:00,4b32c1ef440de32d535131a5f1a99cc1d16af8624656860a82a379a9cf859525
12_taxonomy_failed_v2_2026-08-11/runs/classification_dense/shard_01/records/update_2026-08-09__rec_000106_c9bc52778731/update_2026_08_09_rec_000106_c9bc52778731_docling_json_20260811_014949/docling_graph/edges.csv,final_or_documentation,1159,2026-08-10T23:04:02.193957+00:00,bff094e3f446bf4b9a15adc7a4df7aa30d96cb12814e2d43c58a0ba830cd050f
12_taxonomy_failed_v2_2026-08-11/runs/classification_dense/shard_01/records/update_2026-08-09__rec_000106_c9bc52778731/update_2026_08_09_rec_000106_c9bc52778731_docling_json_20260811_014949/docling_graph/graph.html,final_or_documentation,29236,2026-08-10T23:04:02.204336+00:00,64c386602e190f3aae12492460b1426dbd0eb4bb14640216e533a9e5f5d1bf1d
12_taxonomy_failed_v2_2026-08-11/runs/classification_dense/shard_01/records/update_2026-08-09__rec_000106_c9bc52778731/update_2026_08_09_rec_000106_c9bc52778731_docling_json_20260811_014949/docling_graph/graph.json,final_or_documentation,26411,2026-08-10T23:04:02.194733+00:00,e90ddc3f8443d6f29a800e8fd26a602e6ac772345149dbd7fc8da262fb627c66
12_taxonomy_failed_v2_2026-08-11/runs/classification_dense/shard_01/records/update_2026-08-09__rec_000106_c9bc52778731/update_2026_08_09_rec_000106_c9bc52778731_docling_json_20260811_014949/docling_graph/nodes.csv,final_or_documentation,14290,2026-08-10T23:04:02.193290+00:00,d1cc7bc8511dcdb1b6cbc399e2e853f99c8be6e705f73cbe68ae93f8c03d155e
12_taxonomy_failed_v2_2026-08-11/runs/classification_dense/shard_01/records/update_2026-08-09__rec_000106_c9bc52778731/update_2026_08_09_rec_000106_c9bc52778731_docling_json_20260811_014949/docling_graph/provenance.json,final_or_documentation,338085,2026-08-10T23:04:02.196793+00:00,c098d6135e443f6f46be75f1db702ce50de3ba191426608ea73d36ec0415bf65
12_taxonomy_failed_v2_2026-08-11/runs/classification_dense/shard_01/records/update_2026-08-09__rec_000106_c9bc52778731/update_2026_08_09_rec_000106_c9bc52778731_docling_json_20260811_014949/docling_graph/report.md,final_or_documentation,11421,2026-08-10T23:04:02.197465+00:00,b3b5cb1d272f78427dc5cebcd963996199ad4160767c14c72abfe5466e94dbf1
12_taxonomy_failed_v2_2026-08-11/runs/classification_dense/shard_01/records/update_2026-08-09__rec_000106_c9bc52778731/update_2026_08_09_rec_000106_c9bc52778731_docling_json_20260811_014949/metadata.json,final_or_documentation,3744,2026-08-10T23:04:02.204719+00:00,ffdc9c7be717cf183c16a167952fb22638dce2f76df4c43b645f33d52c8b7ba9
12_taxonomy_failed_v2_2026-08-11/runs/classification_dense/shard_01/run_config.json,final_or_documentation,552,2026-08-10T22:49:49.625110+00:00,42ce7021b8b8c43a1e74ea11f3cda17d870bdb06f9722f205c165520bb22abc0
12_taxonomy_failed_v2_2026-08-11/runs/classification_dense/shard_01/run_summary.json,final_or_documentation,79748,2026-08-10T23:04:02.711949+00:00,e6bd57e26307eae6f2d7666f6138ebaf218d0faf58b991d09468581be58b049e
12_taxonomy_failed_v2_2026-08-11/runs/classification_dense/shard_01/schema.json,final_or_documentation,8638,2026-08-10T22:49:49.628166+00:00,28756375f174d1d81f74511008bcfaea4d0a0722549852b9fc47fe46b0ee2809
12_taxonomy_failed_v2_2026-08-11/runs/classification_dense/shard_01/selected_records.json,final_or_documentation,2871,2026-08-10T22:49:49.624941+00:00,6d9dfaaa6b3bdfa3613f76397b6a37bd22efc10da1e0db0e97297b2809716db1
12_taxonomy_failed_v2_2026-08-11/runs/classification_fixed_r1/shard_00/llm_calls.jsonl,final_or_documentation,402093,2026-08-10T22:08:16.429889+00:00,4503d9260db80934de3202102471233f59c5507fbde37255ebb05d6a0b7701a8
12_taxonomy_failed_v2_2026-08-11/runs/classification_fixed_r1/shard_00/records/update_2026-08-09__rec_000138_796e32b2faec/fixed_candidate_classification.json,final_or_documentation,17014,2026-08-10T22:08:16.528696+00:00,a6d82189232f8a3dc4a7ff20a5a087f6a34db453126e9b2c06150c7f35e85346
12_taxonomy_failed_v2_2026-08-11/runs/classification_fixed_r1/shard_00/records/update_2026-08-09__rec_000138_796e32b2faec/prompt.txt,final_or_documentation,170783,2026-08-10T22:01:23.674144+00:00,7aa6b544817dbe77e2c75e5f885b56de72cd6ad99898f913b7c78db196333b3d
12_taxonomy_failed_v2_2026-08-11/runs/classification_fixed_r1/shard_00/run_config.json,final_or_documentation,298,2026-08-10T22:01:23.547477+00:00,8d04af880daed9801149d4287c8386bb123f1db084e495067e48d1c1ee8198b8
12_taxonomy_failed_v2_2026-08-11/runs/classification_fixed_r1/shard_00/run_summary.json,final_or_documentation,17700,2026-08-10T22:08:16.529143+00:00,99ce9a4f9d762594e89af417e6e780302a123d97f325749f946e43c6752b91de
12_taxonomy_failed_v2_2026-08-11/runs/classification_fixed_r1/shard_00/schema.json,final_or_documentation,10425,2026-08-10T22:01:23.547290+00:00,8f02e3158764f11e4a35bde1d94892d75904a06403dea78b6ff91c1bd0d14edc
12_taxonomy_failed_v2_2026-08-11/runs/classification_fixed_r1/shard_01/llm_calls.jsonl,final_or_documentation,201038,2026-08-10T22:03:34.438963+00:00,a168fcfdbdb05e0e16628917f9eb9eb840fdd17ed718af87dadbcbfba2b67915
12_taxonomy_failed_v2_2026-08-11/runs/classification_fixed_r1/shard_01/records/update_2026-08-09__rec_000106_c9bc52778731/fixed_candidate_classification.json,final_or_documentation,9321,2026-08-10T22:03:34.498649+00:00,272faec3d96aa93b403561ecbf500fa2f9c33b26ef2c6c78774f859312b19038
12_taxonomy_failed_v2_2026-08-11/runs/classification_fixed_r1/shard_01/records/update_2026-08-09__rec_000106_c9bc52778731/prompt.txt,final_or_documentation,181244,2026-08-10T22:01:23.692908+00:00,ca5472a3da7acdc90570f9622562345d97b2a110af5197c4acb9c2fe11f98eeb
12_taxonomy_failed_v2_2026-08-11/runs/classification_fixed_r1/shard_01/run_config.json,final_or_documentation,298,2026-08-10T22:01:23.559289+00:00,5979df108a772489fab15e262b9bad98adc7ef1c47c85981c2f11072abb8f117
12_taxonomy_failed_v2_2026-08-11/runs/classification_fixed_r1/shard_01/run_summary.json,final_or_documentation,9741,2026-08-10T22:03:34.498980+00:00,c6e74f27563a233278e446e2cf1ab06a96c897f9841d20f469cf2c22103f7e1c
12_taxonomy_failed_v2_2026-08-11/runs/classification_fixed_r1/shard_01/schema.json,final_or_documentation,10425,2026-08-10T22:01:23.559114+00:00,8f02e3158764f11e4a35bde1d94892d75904a06403dea78b6ff91c1bd0d14edc
12_taxonomy_failed_v2_2026-08-11/runs/classification_fixed_r2/shard_00/llm_calls.jsonl,final_or_documentation,402782,2026-08-10T22:22:35.258482+00:00,d1f694d812b30a67c2f5154a5155e81ee3438a3ff37b83587da195e60564f717
12_taxonomy_failed_v2_2026-08-11/runs/classification_fixed_r2/shard_00/records/update_2026-08-09__rec_000138_796e32b2faec/fixed_candidate_classification.json,final_or_documentation,17057,2026-08-10T22:22:35.363827+00:00,f0a01fa8104b7f1847cd360a6a46b7a07c35c74a308719e6d99b947ca75151da
12_taxonomy_failed_v2_2026-08-11/runs/classification_fixed_r2/shard_00/records/update_2026-08-09__rec_000138_796e32b2faec/prompt.txt,final_or_documentation,170783,2026-08-10T22:08:24.117423+00:00,7aa6b544817dbe77e2c75e5f885b56de72cd6ad99898f913b7c78db196333b3d
12_taxonomy_failed_v2_2026-08-11/runs/classification_fixed_r2/shard_00/run_config.json,final_or_documentation,298,2026-08-10T22:08:23.980457+00:00,bf2d9f6cbce6b99e578619d1c4b7daadf384b2741e48b9309a9be9ef2ed1e624
12_taxonomy_failed_v2_2026-08-11/runs/classification_fixed_r2/shard_00/run_summary.json,final_or_documentation,17743,2026-08-10T22:22:35.364277+00:00,b8f36c25ada7562503e8cc0e324e79cff8d9b9af012b9fa8959dea107131555f
12_taxonomy_failed_v2_2026-08-11/runs/classification_fixed_r2/shard_00/schema.json,final_or_documentation,10425,2026-08-10T22:08:23.980265+00:00,8f02e3158764f11e4a35bde1d94892d75904a06403dea78b6ff91c1bd0d14edc
12_taxonomy_failed_v2_2026-08-11/runs/classification_fixed_r2/shard_01/llm_calls.jsonl,final_or_documentation,200959,2026-08-10T22:11:09.830938+00:00,40c9bc5794e7e414cd3be3bf81ee6a8f7b9a81f36ca210328a5352d891a42640
12_taxonomy_failed_v2_2026-08-11/runs/classification_fixed_r2/shard_01/records/update_2026-08-09__rec_000106_c9bc52778731/fixed_candidate_classification.json,final_or_documentation,9229,2026-08-10T22:11:09.892910+00:00,60aa28ec175fa4077a86dd028e1db72a0808444659929dc98677ebd071bbf4f0
12_taxonomy_failed_v2_2026-08-11/runs/classification_fixed_r2/shard_01/records/update_2026-08-09__rec_000106_c9bc52778731/prompt.txt,final_or_documentation,181244,2026-08-10T22:08:24.124248+00:00,ca5472a3da7acdc90570f9622562345d97b2a110af5197c4acb9c2fe11f98eeb
12_taxonomy_failed_v2_2026-08-11/runs/classification_fixed_r2/shard_01/run_config.json,final_or_documentation,298,2026-08-10T22:08:23.980335+00:00,dd04dd5a09d8bb0319c41145868be81a28d38bd21c6dd3fca98902a5c491dad1
12_taxonomy_failed_v2_2026-08-11/runs/classification_fixed_r2/shard_01/run_summary.json,final_or_documentation,9657,2026-08-10T22:11:09.893341+00:00,17180d4ed55462f213d67994d9207169804bad5fc8beea88e6bd94c6c2fb3313
12_taxonomy_failed_v2_2026-08-11/runs/classification_fixed_r2/shard_01/schema.json,final_or_documentation,10425,2026-08-10T22:08:23.980067+00:00,8f02e3158764f11e4a35bde1d94892d75904a06403dea78b6ff91c1bd0d14edc
12_taxonomy_failed_v2_2026-08-11/runs/classification_fixed_r3/shard_00/llm_calls.jsonl,final_or_documentation,807234,2026-08-10T22:49:41.029284+00:00,e270e6bf1ef6004572ec2965e4735f523fe7986c727ac2b6190321828138c809
12_taxonomy_failed_v2_2026-08-11/runs/classification_fixed_r3/shard_00/records/update_2026-08-09__rec_000138_796e32b2faec/fixed_candidate_classification.json,final_or_documentation,16509,2026-08-10T22:49:41.133530+00:00,ee6d265cd0f9dbe8ff02d037c89900458142bda12e087c3566610e78a71dce87
12_taxonomy_failed_v2_2026-08-11/runs/classification_fixed_r3/shard_00/records/update_2026-08-09__rec_000138_796e32b2faec/prompt.txt,final_or_documentation,170783,2026-08-10T22:22:44.206752+00:00,7aa6b544817dbe77e2c75e5f885b56de72cd6ad99898f913b7c78db196333b3d
12_taxonomy_failed_v2_2026-08-11/runs/classification_fixed_r3/shard_00/run_config.json,final_or_documentation,298,2026-08-10T22:22:44.079953+00:00,612dc373afeead77fb5e8d80f0e4a0e3aa9a0f43842b4c435862134b94454cc2
12_taxonomy_failed_v2_2026-08-11/runs/classification_fixed_r3/shard_00/run_summary.json,final_or_documentation,17197,2026-08-10T22:49:41.133922+00:00,87e526fbfc4f3721b0b6e298f0e714c70ddf932dc49f2f1d4c4318d6359557ed
12_taxonomy_failed_v2_2026-08-11/runs/classification_fixed_r3/shard_00/schema.json,final_or_documentation,10425,2026-08-10T22:22:44.079802+00:00,8f02e3158764f11e4a35bde1d94892d75904a06403dea78b6ff91c1bd0d14edc
12_taxonomy_failed_v2_2026-08-11/runs/classification_fixed_r3/shard_01/llm_calls.jsonl,final_or_documentation,201064,2026-08-10T22:24:54.444449+00:00,9c90019d81cad0130207be5f3047e2feb481f9a6a64250b81f7a2ebd500292ef
12_taxonomy_failed_v2_2026-08-11/runs/classification_fixed_r3/shard_01/records/update_2026-08-09__rec_000106_c9bc52778731/fixed_candidate_classification.json,final_or_documentation,9384,2026-08-10T22:24:54.500813+00:00,6113e1b9f4964ea9a3ac9dcacc55af775d8020d6ab092066d53a72df81a2e19e
12_taxonomy_failed_v2_2026-08-11/runs/classification_fixed_r3/shard_01/records/update_2026-08-09__rec_000106_c9bc52778731/prompt.txt,final_or_documentation,181244,2026-08-10T22:22:44.188985+00:00,ca5472a3da7acdc90570f9622562345d97b2a110af5197c4acb9c2fe11f98eeb
12_taxonomy_failed_v2_2026-08-11/runs/classification_fixed_r3/shard_01/run_config.json,final_or_documentation,298,2026-08-10T22:22:44.055162+00:00,4ed2eacb0359265f2a95833bfe4168e88e078698a83448e8f51771be857ab3d4
12_taxonomy_failed_v2_2026-08-11/runs/classification_fixed_r3/shard_01/run_summary.json,final_or_documentation,9814,2026-08-10T22:24:54.501178+00:00,b3f973a7d19c01cb01412fd83c31461046b76af79d9ecaaf4c7aa00bddd9f900
12_taxonomy_failed_v2_2026-08-11/runs/classification_fixed_r3/shard_01/schema.json,final_or_documentation,10425,2026-08-10T22:22:44.055003+00:00,8f02e3158764f11e4a35bde1d94892d75904a06403dea78b6ff91c1bd0d14edc
12_taxonomy_failed_v2_2026-08-11/special_cases.jsonl,final_or_documentation,26610,2026-08-11T00:12:47.869925+00:00,29f02b80ebe2da4eebe38990b4e8520be0be27fdfbb347a756c666b558c9df1d
12_taxonomy_failed_v2_2026-08-11/special_cases_report.md,final_or_documentation,396,2026-08-11T00:12:47.870266+00:00,d033f0a2986e151dfde44abfa06c7d1d2f1de5c09bc986bcee2cfd04f4f7a179
12_taxonomy_failed_v2_2026-08-11/tables/routes_by_carrier_family.csv,final_or_documentation,110,2026-08-11T00:12:47.869018+00:00,a9d87bdcd4e67a5133799acc37f2fe45e2d41688f3ebda115cb350e8c1e14d50
12_taxonomy_failed_v2_2026-08-11/tables/routes_by_carrier_subtype.csv,final_or_documentation,259,2026-08-11T00:12:47.869099+00:00,d7b1164a2287962c5fc122f7d7fed1286488dc76ee0852dd5f15878a2c4a4c6a
12_taxonomy_failed_v2_2026-08-11/tables/routes_by_fusion_topology.csv,final_or_documentation,143,2026-08-11T00:12:47.869272+00:00,4aacefeee6ca4cbcb1707e5a1f3cf7061d455fc9e98ca791ae2ef628cf036551
12_taxonomy_failed_v2_2026-08-11/tables/routes_by_lifecycle_phase.csv,final_or_documentation,86,2026-08-11T00:12:47.869184+00:00,dec7e06cd79f41ba63b6aa1fe52e6bea8988c3e3052cede2485957236e72e624
12_taxonomy_failed_v2_2026-08-11/tables/routes_by_source_modality_normalized.csv,final_or_documentation,257,2026-08-11T00:12:47.869418+00:00,2a59224031d2c93ebc8668fd8f8adb49f39045047ea38c94cd56de30144d590b
12_taxonomy_failed_v2_2026-08-11/tables/routes_by_text_role.csv,final_or_documentation,155,2026-08-11T00:12:47.869343+00:00,0a10e621b58552c38ff75582f6fca16ac14db88285fa03e4f0a8087f5953a988
12_taxonomy_failed_v2_2026-08-11/uncertainty_cases.jsonl,final_or_documentation,26744,2026-08-11T00:12:47.868796+00:00,d3398bcf60951957deee43d34a50bfe375becbada30cef57868f7dfccb988139
12_taxonomy_manual_recall_xunzi_2026-08-11/README.md,final_or_documentation,3510,2026-08-11T14:27:38.597707+00:00,95b4a651404f137d8f5cd4380e7e4a1bb87d11c9642a3b33935daffbe2ed593b
12_taxonomy_manual_recall_xunzi_2026-08-11/adjudication/shard_00/llm_calls.jsonl,final_or_documentation,352943,2026-08-11T13:04:52.920647+00:00,0569a67e040a40e58748ac560ecfbc1166e9061e44415da83b180e5a11c1fcf6
12_taxonomy_manual_recall_xunzi_2026-08-11/adjudication/shard_00/records/update_2026-08-09__manual_recall_xunzi_c3ac5dec9fcb/adjudicated_routes.json,final_or_documentation,98945,2026-08-11T13:04:53.112816+00:00,e9080e4eea2e8cf631187b50279db998153b97317499a541e4f2a809aa4bbe19
12_taxonomy_manual_recall_xunzi_2026-08-11/adjudication/shard_00/records/update_2026-08-09__manual_recall_xunzi_c3ac5dec9fcb/prompt.txt,final_or_documentation,296832,2026-08-11T12:39:31.207375+00:00,a5dea5f73057fe2786a0179e5ddf8e5859adfa2bedee8317e3e49874fea8a6f1
12_taxonomy_manual_recall_xunzi_2026-08-11/adjudication/shard_00/run_config.json,final_or_documentation,207,2026-08-11T12:39:30.953395+00:00,3b8469e8e9b4161cc88b785dae6d35a2f25fb904f26abd836cee6cc5b7806d1a
12_taxonomy_manual_recall_xunzi_2026-08-11/adjudication/shard_00/run_summary.json,final_or_documentation,102395,2026-08-11T13:04:53.114250+00:00,50be53eeea2107399161c3966a4de2432b83d36388e8c7898d0954a7fe092dbb
12_taxonomy_manual_recall_xunzi_2026-08-11/adjudication/shard_00/schema.json,final_or_documentation,12549,2026-08-11T12:39:30.953259+00:00,816b8d044332ba967e088b1d56e6ec07a5ec20e7325ea503d53fbb47709037b9
12_taxonomy_manual_recall_xunzi_2026-08-11/adjudication_resolution_manifest.csv,final_or_documentation,354,2026-08-11T13:05:22.962001+00:00,c2dc7c65f572323e054b575ef8648cd3b58e3b998ba4b2110332c4cc34266d71
12_taxonomy_manual_recall_xunzi_2026-08-11/agreement_metrics.json,final_or_documentation,2604,2026-08-11T13:05:22.966686+00:00,8aec64cb90772a38be591c976242e3312f6bf481e89d568a3d449ee6dbd46c1b
12_taxonomy_manual_recall_xunzi_2026-08-11/agreement_report.md,final_or_documentation,1119,2026-08-11T13:05:22.967882+00:00,399ff64492ce840564cf4f0ec41ccc3e9c2225228d347c712427079cb19778ff
12_taxonomy_manual_recall_xunzi_2026-08-11/classification_r1.log,final_or_documentation,110,2026-08-11T11:24:16.681957+00:00,878cb54469e2be27b3270943d634e2c97b9ed23331cc7cb7d674f06587d92090
12_taxonomy_manual_recall_xunzi_2026-08-11/classification_r2.log,final_or_documentation,110,2026-08-11T11:21:50.842019+00:00,878cb54469e2be27b3270943d634e2c97b9ed23331cc7cb7d674f06587d92090
12_taxonomy_manual_recall_xunzi_2026-08-11/classification_r3.log,final_or_documentation,110,2026-08-11T11:19:50.145408+00:00,878cb54469e2be27b3270943d634e2c97b9ed23331cc7cb7d674f06587d92090
12_taxonomy_manual_recall_xunzi_2026-08-11/evidence_ledger.jsonl,final_or_documentation,20977,2026-08-11T13:05:22.965204+00:00,f78bbce580707696c657a3f209c6c830de4fd11d02983109dc5e4c971aa7dee3
12_taxonomy_manual_recall_xunzi_2026-08-11/failure_mode_report.md,final_or_documentation,370,2026-08-11T13:05:22.968132+00:00,534d5723724213d3a183e51b04242691ce89aaadcec27dca28ecee090fe653e7
12_taxonomy_manual_recall_xunzi_2026-08-11/manuscript_methods.md,final_or_documentation,3038,2026-08-11T13:05:22.967968+00:00,5efda1dfbb49b1b75b5a9cbe0aad04d2f41cfaecc418f94fc4752727c3c9d742
12_taxonomy_manual_recall_xunzi_2026-08-11/manuscript_taxonomy_tables.md,final_or_documentation,719,2026-08-11T13:05:22.968057+00:00,d5029ab47af6260c7c73bcb1715703e8b50e13bddc736470c3d8a55070188847
12_taxonomy_manual_recall_xunzi_2026-08-11/model_registry.csv,final_or_documentation,482,2026-08-11T13:05:22.965720+00:00,f8514f9a4302159500ba448a4076343e4f1da8b77617aa0013fd6d71fe824be4
12_taxonomy_manual_recall_xunzi_2026-08-11/registry_summary.json,final_or_documentation,379,2026-08-11T11:12:47.361151+00:00,6c6832d70c524498d9aab2e522d5b1fc8f406614c038f19b8fda27ddf00a41e7
12_taxonomy_manual_recall_xunzi_2026-08-11/route_annotations.csv,final_or_documentation,30044,2026-08-11T13:05:22.964209+00:00,b6bcb15750b43d8451cab1024cb6134c601ebdc7c39d58701b759eefba000cc5
12_taxonomy_manual_recall_xunzi_2026-08-11/route_annotations.jsonl,final_or_documentation,41754,2026-08-11T13:05:22.963338+00:00,0061e8541bbb99e828e11931d2f8c62d5e14e8ec66e7f65ffd3d95afe4294b03
12_taxonomy_manual_recall_xunzi_2026-08-11/route_candidates_all.jsonl,final_or_documentation,97943,2026-08-11T13:05:22.964973+00:00,dd6a505d557603f20ce66b4a4474964344bbd0b1c80206b2c18e040f1e9bbd51
12_taxonomy_manual_recall_xunzi_2026-08-11/runs/classification_dense/shard_00/events.jsonl,final_or_documentation,226,2026-08-11T12:39:01.975299+00:00,6537b695324bae42323e58b974601c1b6e6024f4213a6fdf3ceacc05a696a066
12_taxonomy_manual_recall_xunzi_2026-08-11/runs/classification_dense/shard_00/llm_calls.jsonl,final_or_documentation,2040709,2026-08-11T12:39:00.697312+00:00,dbfc0e8bc16710027fbcbed720600c340d5e595d51016edca1ac1f7a4b7cc2e0
12_taxonomy_manual_recall_xunzi_2026-08-11/runs/classification_dense/shard_00/records/update_2026-08-09__manual_recall_xunzi_c3ac5dec9fcb/taxonomy_extraction_summary.json,final_or_documentation,670384,2026-08-11T12:39:01.971858+00:00,dde74caf1f1d1a5ac0bb05e8fec038590d1d4a42fba211af67a18cdf4a71fd7b
12_taxonomy_manual_recall_xunzi_2026-08-11/runs/classification_dense/shard_00/records/update_2026-08-09__manual_recall_xunzi_c3ac5dec9fcb/update_2026_08_09_manual_recall_xunzi_c3ac5dec9fcb_docling_json_20260811_142532/debug/dense_assembled_root.json,final_or_documentation,149436,2026-08-11T12:38:53.767626+00:00,012bd5f9de9fe73bafdeca262079128f8053c3dbd5025531680ae3fed9c9ec49
12_taxonomy_manual_recall_xunzi_2026-08-11/runs/classification_dense/shard_00/records/update_2026-08-09__manual_recall_xunzi_c3ac5dec9fcb/update_2026_08_09_manual_recall_xunzi_c3ac5dec9fcb_docling_json_20260811_142532/debug/dense_merge_stats.json,final_or_documentation,207,2026-08-11T12:38:53.746966+00:00,362fc168da9e209d150a28ff5a96d2d4524e7393b12643022ec1c81eb6527769
12_taxonomy_manual_recall_xunzi_2026-08-11/runs/classification_dense/shard_00/records/update_2026-08-09__manual_recall_xunzi_c3ac5dec9fcb/update_2026_08_09_manual_recall_xunzi_c3ac5dec9fcb_docling_json_20260811_142532/debug/dense_provenance.json,final_or_documentation,433896,2026-08-11T12:38:53.764465+00:00,3ed70ca27144b777ecaeb9eb991dfe88f8094709bdb42d8398612cacfc2eafec
12_taxonomy_manual_recall_xunzi_2026-08-11/runs/classification_dense/shard_00/records/update_2026-08-09__manual_recall_xunzi_c3ac5dec9fcb/update_2026_08_09_manual_recall_xunzi_c3ac5dec9fcb_docling_json_20260811_142532/debug/dense_reconciliation.json,final_or_documentation,7618,2026-08-11T11:46:33.301151+00:00,5677eeaffcb19c0ac0fd0954a279e3003f1bc56b0911a9bbe6cc766b69b38333
12_taxonomy_manual_recall_xunzi_2026-08-11/runs/classification_dense/shard_00/records/update_2026-08-09__manual_recall_xunzi_c3ac5dec9fcb/update_2026_08_09_manual_recall_xunzi_c3ac5dec9fcb_docling_json_20260811_142532/debug/dense_run_stats.json,final_or_documentation,485,2026-08-11T12:38:53.747216+00:00,fe33928a427925a66c3c80c94c7a168a49f62ac8c476701aad870dcff86dd24e
12_taxonomy_manual_recall_xunzi_2026-08-11/runs/classification_dense/shard_00/records/update_2026-08-09__manual_recall_xunzi_c3ac5dec9fcb/update_2026_08_09_manual_recall_xunzi_c3ac5dec9fcb_docling_json_20260811_142532/debug/dense_skeleton_graph.json,final_or_documentation,40121,2026-08-11T11:46:33.303401+00:00,ffbfdddef66f5160c1237f7a0522eeacf10dd6aa013474d8dc26f20460458317
12_taxonomy_manual_recall_xunzi_2026-08-11/runs/classification_dense/shard_00/records/update_2026-08-09__manual_recall_xunzi_c3ac5dec9fcb/update_2026_08_09_manual_recall_xunzi_c3ac5dec9fcb_docling_json_20260811_142532/debug/trace_data.json,final_or_documentation,254115,2026-08-11T12:39:01.375204+00:00,1b90f41944d76f972264ea19effaa50e63ba11c10ac404621d73569b12843daf
12_taxonomy_manual_recall_xunzi_2026-08-11/runs/classification_dense/shard_00/records/update_2026-08-09__manual_recall_xunzi_c3ac5dec9fcb/update_2026_08_09_manual_recall_xunzi_c3ac5dec9fcb_docling_json_20260811_142532/docling/chunks.json,final_or_documentation,324165,2026-08-11T12:39:01.319711+00:00,5c1cc4164b0acccaf594cb5d38100f0cc9d8eed82d2ced6e67de79f449084f90
12_taxonomy_manual_recall_xunzi_2026-08-11/runs/classification_dense/shard_00/records/update_2026-08-09__manual_recall_xunzi_c3ac5dec9fcb/update_2026_08_09_manual_recall_xunzi_c3ac5dec9fcb_docling_json_20260811_142532/docling/document.dclg,final_or_documentation,433896,2026-08-11T12:39:01.313055+00:00,63b0c3d0f817e887c00ed9b02b47468028863270227cd9c0f5e8599ec1a6bf9c
12_taxonomy_manual_recall_xunzi_2026-08-11/runs/classification_dense/shard_00/records/update_2026-08-09__manual_recall_xunzi_c3ac5dec9fcb/update_2026_08_09_manual_recall_xunzi_c3ac5dec9fcb_docling_json_20260811_142532/docling/document.json,final_or_documentation,65974071,2026-08-11T12:39:00.928789+00:00,9144e229406c4816ccdf8fcb83ede5f873e1ac0adc9d7d138d6ce0da05e07349
12_taxonomy_manual_recall_xunzi_2026-08-11/runs/classification_dense/shard_00/records/update_2026-08-09__manual_recall_xunzi_c3ac5dec9fcb/update_2026_08_09_manual_recall_xunzi_c3ac5dec9fcb_docling_json_20260811_142532/docling/document.md,final_or_documentation,156059,2026-08-11T12:39:00.981328+00:00,08b674c84f6fd8c474d89913990e1d0db0890e419b10f1e8cd4a4781dc912515
12_taxonomy_manual_recall_xunzi_2026-08-11/runs/classification_dense/shard_00/records/update_2026-08-09__manual_recall_xunzi_c3ac5dec9fcb/update_2026_08_09_manual_recall_xunzi_c3ac5dec9fcb_docling_json_20260811_142532/docling_graph/edges.csv,final_or_documentation,9914,2026-08-11T12:39:01.339306+00:00,99dbe837eb4b58637032b9d3a0d53517a83b5a373709cc61265945ce826f8ad6
12_taxonomy_manual_recall_xunzi_2026-08-11/runs/classification_dense/shard_00/records/update_2026-08-09__manual_recall_xunzi_c3ac5dec9fcb/update_2026_08_09_manual_recall_xunzi_c3ac5dec9fcb_docling_json_20260811_142532/docling_graph/graph.html,final_or_documentation,249587,2026-08-11T12:39:01.369868+00:00,76d98a41609032a670a683c6677649f3ae2618e0d26f0b7fc0232d435c8d6298
12_taxonomy_manual_recall_xunzi_2026-08-11/runs/classification_dense/shard_00/records/update_2026-08-09__manual_recall_xunzi_c3ac5dec9fcb/update_2026_08_09_manual_recall_xunzi_c3ac5dec9fcb_docling_json_20260811_142532/docling_graph/graph.json,final_or_documentation,233097,2026-08-11T12:39:01.343716+00:00,12612135d01a6adeb444bd7cbdf4f46c619a4c3b963f93351b35b0fc1a6e2fa3
12_taxonomy_manual_recall_xunzi_2026-08-11/runs/classification_dense/shard_00/records/update_2026-08-09__manual_recall_xunzi_c3ac5dec9fcb/update_2026_08_09_manual_recall_xunzi_c3ac5dec9fcb_docling_json_20260811_142532/docling_graph/nodes.csv,final_or_documentation,125269,2026-08-11T12:39:01.338389+00:00,0fcf84db08e8ff0f48bdbab503f7914ad12e388c4d94276b13da8e1a0941e67c
12_taxonomy_manual_recall_xunzi_2026-08-11/runs/classification_dense/shard_00/records/update_2026-08-09__manual_recall_xunzi_c3ac5dec9fcb/update_2026_08_09_manual_recall_xunzi_c3ac5dec9fcb_docling_json_20260811_142532/docling_graph/provenance.json,final_or_documentation,457087,2026-08-11T12:39:01.345859+00:00,444e22a857a8975c2555e7e4deb637880e636ebacd8b676d7992f62677e145b9
12_taxonomy_manual_recall_xunzi_2026-08-11/runs/classification_dense/shard_00/records/update_2026-08-09__manual_recall_xunzi_c3ac5dec9fcb/update_2026_08_09_manual_recall_xunzi_c3ac5dec9fcb_docling_json_20260811_142532/docling_graph/report.md,final_or_documentation,12011,2026-08-11T12:39:01.346881+00:00,98eb52184f975a5da3d408a6688459d34b0c9e955d11a190d3d6fdefe4eb9fa3
12_taxonomy_manual_recall_xunzi_2026-08-11/runs/classification_dense/shard_00/records/update_2026-08-09__manual_recall_xunzi_c3ac5dec9fcb/update_2026_08_09_manual_recall_xunzi_c3ac5dec9fcb_docling_json_20260811_142532/metadata.json,final_or_documentation,3868,2026-08-11T12:39:01.370523+00:00,5331239741bcc515cf40f2187902034606cd587bc8ca4a31c39aa7eb555d328a
12_taxonomy_manual_recall_xunzi_2026-08-11/runs/classification_dense/shard_00/run_config.json,final_or_documentation,552,2026-08-11T11:25:32.667035+00:00,8788c38272eb1a6d1f74421a7de7afa85e0753afce5c9e58dd5a50c575b58883
12_taxonomy_manual_recall_xunzi_2026-08-11/runs/classification_dense/shard_00/run_summary.json,final_or_documentation,699850,2026-08-11T12:39:01.985180+00:00,a7eb4d884eef06b1e3f7a4fcd50772b576c9686426cfaf29cae155361ae3e30c
12_taxonomy_manual_recall_xunzi_2026-08-11/runs/classification_dense/shard_00/schema.json,final_or_documentation,8638,2026-08-11T11:25:32.670040+00:00,28756375f174d1d81f74511008bcfaea4d0a0722549852b9fc47fe46b0ee2809
12_taxonomy_manual_recall_xunzi_2026-08-11/runs/classification_dense/shard_00/selected_records.json,final_or_documentation,2955,2026-08-11T11:25:32.666888+00:00,84d971e489a566b0f3830fa877d1120361812c0d6e58f44f3fae6b81cd5efa79
12_taxonomy_manual_recall_xunzi_2026-08-11/runs/classification_fixed_r1/shard_00/llm_calls.jsonl,final_or_documentation,239980,2026-08-11T11:24:16.569919+00:00,72af9dff864a8caf167ebaf55b7d1de4bf4bc9c9d11903f69b0a6bcc2e9e3537
12_taxonomy_manual_recall_xunzi_2026-08-11/runs/classification_fixed_r1/shard_00/records/update_2026-08-09__manual_recall_xunzi_c3ac5dec9fcb/fixed_candidate_classification.json,final_or_documentation,18424,2026-08-11T11:24:16.680948+00:00,7ce774d44474ee99ff9de70456563e6de9a6d3d6cfce4f57755037e44cb9c0b0
12_taxonomy_manual_recall_xunzi_2026-08-11/runs/classification_fixed_r1/shard_00/records/update_2026-08-09__manual_recall_xunzi_c3ac5dec9fcb/prompt.txt,final_or_documentation,210824,2026-08-11T11:14:40.404227+00:00,ba485121cf33d2df28ce974ad491ad8d11a71816fb67918243c94e5ee20a0d5e
12_taxonomy_manual_recall_xunzi_2026-08-11/runs/classification_fixed_r1/shard_00/run_config.json,final_or_documentation,302,2026-08-11T11:14:40.249078+00:00,02e4dd50a10a4d6c144a3e6aae09461d35af1954c12337bce522213f3dcfef44
12_taxonomy_manual_recall_xunzi_2026-08-11/runs/classification_fixed_r1/shard_00/run_summary.json,final_or_documentation,19148,2026-08-11T11:24:16.681390+00:00,2dde5635daa4f49cb72805a99969cf0285cf045ba807f7c43dd70ad731465dd8
12_taxonomy_manual_recall_xunzi_2026-08-11/runs/classification_fixed_r1/shard_00/schema.json,final_or_documentation,10425,2026-08-11T11:14:40.248917+00:00,8f02e3158764f11e4a35bde1d94892d75904a06403dea78b6ff91c1bd0d14edc
12_taxonomy_manual_recall_xunzi_2026-08-11/runs/classification_fixed_r2/shard_00/llm_calls.jsonl,final_or_documentation,239953,2026-08-11T11:21:50.718657+00:00,3a865db5fa74e58900fa2b371dd76c1d5bd91fb1541d91ba5b096362c781e11a
12_taxonomy_manual_recall_xunzi_2026-08-11/runs/classification_fixed_r2/shard_00/records/update_2026-08-09__manual_recall_xunzi_c3ac5dec9fcb/fixed_candidate_classification.json,final_or_documentation,18568,2026-08-11T11:21:50.840927+00:00,c01be6587926575f0f3110cd76591146f1e859f889d016c95d7b27dc1508cc6a
12_taxonomy_manual_recall_xunzi_2026-08-11/runs/classification_fixed_r2/shard_00/records/update_2026-08-09__manual_recall_xunzi_c3ac5dec9fcb/prompt.txt,final_or_documentation,210824,2026-08-11T11:14:40.404207+00:00,ba485121cf33d2df28ce974ad491ad8d11a71816fb67918243c94e5ee20a0d5e
12_taxonomy_manual_recall_xunzi_2026-08-11/runs/classification_fixed_r2/shard_00/run_config.json,final_or_documentation,302,2026-08-11T11:14:40.249014+00:00,ab7b1f52dde0b2ddd2d3d46dcfde0ad25325bbb76631f362cdff437fae13bfa0
12_taxonomy_manual_recall_xunzi_2026-08-11/runs/classification_fixed_r2/shard_00/run_summary.json,final_or_documentation,19348,2026-08-11T11:21:50.841436+00:00,6bca758ca4d6336d49b1069f24e417630618bb322ff178eea0ab3895ba3d6a2f
12_taxonomy_manual_recall_xunzi_2026-08-11/runs/classification_fixed_r2/shard_00/schema.json,final_or_documentation,10425,2026-08-11T11:14:40.248840+00:00,8f02e3158764f11e4a35bde1d94892d75904a06403dea78b6ff91c1bd0d14edc
12_taxonomy_manual_recall_xunzi_2026-08-11/runs/classification_fixed_r3/shard_00/llm_calls.jsonl,final_or_documentation,240171,2026-08-11T11:19:50.014674+00:00,b3d9738e5ee39188c5161ec8e386620d446aa57e5d66c5685b29691fed31125e
12_taxonomy_manual_recall_xunzi_2026-08-11/runs/classification_fixed_r3/shard_00/records/update_2026-08-09__manual_recall_xunzi_c3ac5dec9fcb/fixed_candidate_classification.json,final_or_documentation,18830,2026-08-11T11:19:50.144510+00:00,f82f32945bd6d2cc947e7f43f178949423b45dd40b9a50ad5e39aae30b6ca659
12_taxonomy_manual_recall_xunzi_2026-08-11/runs/classification_fixed_r3/shard_00/records/update_2026-08-09__manual_recall_xunzi_c3ac5dec9fcb/prompt.txt,final_or_documentation,210824,2026-08-11T11:14:40.427326+00:00,ba485121cf33d2df28ce974ad491ad8d11a71816fb67918243c94e5ee20a0d5e
12_taxonomy_manual_recall_xunzi_2026-08-11/runs/classification_fixed_r3/shard_00/run_config.json,final_or_documentation,302,2026-08-11T11:14:40.272694+00:00,8a4bc0bb184b88f0859bd6214703eec9a8fe147a8d37f8d3d9d6cded40c3eb66
12_taxonomy_manual_recall_xunzi_2026-08-11/runs/classification_fixed_r3/shard_00/run_summary.json,final_or_documentation,19602,2026-08-11T11:19:50.144960+00:00,73e93c92374e7bd415947bf6a1d1360d16352da10324309be36d19897bb0dedd
12_taxonomy_manual_recall_xunzi_2026-08-11/runs/classification_fixed_r3/shard_00/schema.json,final_or_documentation,10425,2026-08-11T11:14:40.272542+00:00,8f02e3158764f11e4a35bde1d94892d75904a06403dea78b6ff91c1bd0d14edc
12_taxonomy_manual_recall_xunzi_2026-08-11/runs/discovery/shard_00/events.jsonl,final_or_documentation,225,2026-08-11T11:12:29.716186+00:00,caebb5b940aab81a5e172247490d515d21a204f8d2ca7544add6ef06fe2c6921
12_taxonomy_manual_recall_xunzi_2026-08-11/runs/discovery/shard_00/llm_calls.jsonl,final_or_documentation,364216,2026-08-11T11:12:27.411124+00:00,fe8bd352169b63acd6a501de4ab0f010f7c72ce2edf5ffb208e459467c55d5b6
12_taxonomy_manual_recall_xunzi_2026-08-11/runs/discovery/shard_00/records/update_2026-08-09__manual_recall_xunzi_c3ac5dec9fcb/taxonomy_extraction_summary.json,final_or_documentation,69005,2026-08-11T11:12:29.713640+00:00,15c651c5211baaecf49d9fbfbc89752b8326e1e62c3f4beba89c196c4336372e
12_taxonomy_manual_recall_xunzi_2026-08-11/runs/discovery/shard_00/records/update_2026-08-09__manual_recall_xunzi_c3ac5dec9fcb/update_2026_08_09_manual_recall_xunzi_c3ac5dec9fcb_docling_json_20260811_140822/debug/trace_data.json,final_or_documentation,85153,2026-08-11T11:12:29.172363+00:00,6b176aaba66c89a79ddf1389bfdc46e922979a6dd2d1c6aef6bdf6cf8c687d56
12_taxonomy_manual_recall_xunzi_2026-08-11/runs/discovery/shard_00/records/update_2026-08-09__manual_recall_xunzi_c3ac5dec9fcb/update_2026_08_09_manual_recall_xunzi_c3ac5dec9fcb_docling_json_20260811_140822/docling/chunks.json,final_or_documentation,324074,2026-08-11T11:12:29.151487+00:00,ffc99d0fddbf8c040a9b9b9f19a5efc761adcbadda3ee35179cee8d81629aca3
12_taxonomy_manual_recall_xunzi_2026-08-11/runs/discovery/shard_00/records/update_2026-08-09__manual_recall_xunzi_c3ac5dec9fcb/update_2026_08_09_manual_recall_xunzi_c3ac5dec9fcb_docling_json_20260811_140822/docling/document.dclg,final_or_documentation,433896,2026-08-11T11:12:29.144078+00:00,63b0c3d0f817e887c00ed9b02b47468028863270227cd9c0f5e8599ec1a6bf9c
12_taxonomy_manual_recall_xunzi_2026-08-11/runs/discovery/shard_00/records/update_2026-08-09__manual_recall_xunzi_c3ac5dec9fcb/update_2026_08_09_manual_recall_xunzi_c3ac5dec9fcb_docling_json_20260811_140822/docling/document.json,final_or_documentation,65974071,2026-08-11T11:12:28.727404+00:00,9144e229406c4816ccdf8fcb83ede5f873e1ac0adc9d7d138d6ce0da05e07349
12_taxonomy_manual_recall_xunzi_2026-08-11/runs/discovery/shard_00/records/update_2026-08-09__manual_recall_xunzi_c3ac5dec9fcb/update_2026_08_09_manual_recall_xunzi_c3ac5dec9fcb_docling_json_20260811_140822/docling/document.md,final_or_documentation,156059,2026-08-11T11:12:28.785979+00:00,08b674c84f6fd8c474d89913990e1d0db0890e419b10f1e8cd4a4781dc912515
12_taxonomy_manual_recall_xunzi_2026-08-11/runs/discovery/shard_00/records/update_2026-08-09__manual_recall_xunzi_c3ac5dec9fcb/update_2026_08_09_manual_recall_xunzi_c3ac5dec9fcb_docling_json_20260811_140822/docling_graph/edges.csv,final_or_documentation,1274,2026-08-11T11:12:29.161859+00:00,0032969984fc7f5a9110858b958c57459600c95f90325f45da8522144d2187eb
12_taxonomy_manual_recall_xunzi_2026-08-11/runs/discovery/shard_00/records/update_2026-08-09__manual_recall_xunzi_c3ac5dec9fcb/update_2026_08_09_manual_recall_xunzi_c3ac5dec9fcb_docling_json_20260811_140822/docling_graph/graph.html,final_or_documentation,27475,2026-08-11T11:12:29.170725+00:00,bf5473c1637be9bd5ea036019092625e213657390a3f88884cd2b3fc3c30d5b1
12_taxonomy_manual_recall_xunzi_2026-08-11/runs/discovery/shard_00/records/update_2026-08-09__manual_recall_xunzi_c3ac5dec9fcb/update_2026_08_09_manual_recall_xunzi_c3ac5dec9fcb_docling_json_20260811_140822/docling_graph/graph.json,final_or_documentation,24185,2026-08-11T11:12:29.162698+00:00,4cbc31b44a2920bc50f67a7d2271bc7d6284bbf3e039ec98fb0bfad6f3c13251
12_taxonomy_manual_recall_xunzi_2026-08-11/runs/discovery/shard_00/records/update_2026-08-09__manual_recall_xunzi_c3ac5dec9fcb/update_2026_08_09_manual_recall_xunzi_c3ac5dec9fcb_docling_json_20260811_140822/docling_graph/nodes.csv,final_or_documentation,12981,2026-08-11T11:12:29.161199+00:00,1835950922323289c9f22d172343fe0df129311e5d47c3f057e2838ebdee7156
12_taxonomy_manual_recall_xunzi_2026-08-11/runs/discovery/shard_00/records/update_2026-08-09__manual_recall_xunzi_c3ac5dec9fcb/update_2026_08_09_manual_recall_xunzi_c3ac5dec9fcb_docling_json_20260811_140822/docling_graph/provenance.json,final_or_documentation,351421,2026-08-11T11:12:29.164400+00:00,24c903d95e09065d70b013d0c04f2fac0a94ad73f86af9ef4d329f961b7c2e9a
12_taxonomy_manual_recall_xunzi_2026-08-11/runs/discovery/shard_00/records/update_2026-08-09__manual_recall_xunzi_c3ac5dec9fcb/update_2026_08_09_manual_recall_xunzi_c3ac5dec9fcb_docling_json_20260811_140822/docling_graph/report.md,final_or_documentation,7669,2026-08-11T11:12:29.165039+00:00,53598286fd30245659c1f8f1a5b5bf09c2c8e5e36b8dd45ac903febfbbba2922
12_taxonomy_manual_recall_xunzi_2026-08-11/runs/discovery/shard_00/records/update_2026-08-09__manual_recall_xunzi_c3ac5dec9fcb/update_2026_08_09_manual_recall_xunzi_c3ac5dec9fcb_docling_json_20260811_140822/metadata.json,final_or_documentation,3297,2026-08-11T11:12:29.171136+00:00,b6c3687bdc8ade16bdec8e30675dd3ba516d68b85e02040414c631a2696479c1
12_taxonomy_manual_recall_xunzi_2026-08-11/runs/discovery/shard_00/run_config.json,final_or_documentation,568,2026-08-11T11:08:21.873415+00:00,a97e1cd687e686e79434b4703fa21f68b6b7d25ad101452b1aba5b2c1dfaffb0
12_taxonomy_manual_recall_xunzi_2026-08-11/runs/discovery/shard_00/run_summary.json,final_or_documentation,72299,2026-08-11T11:12:29.718045+00:00,e68891439258b4670a3de74091fbed2a4030b6b35199813e9c804940ece0a026
12_taxonomy_manual_recall_xunzi_2026-08-11/runs/discovery/shard_00/schema.json,final_or_documentation,6424,2026-08-11T11:08:21.875759+00:00,f749dd36975ef48bcfdf2a9665ef797edc216f272ffb00c36b070a8f82286d8e
12_taxonomy_manual_recall_xunzi_2026-08-11/runs/discovery/shard_00/selected_records.json,final_or_documentation,2955,2026-08-11T11:08:21.873273+00:00,84d971e489a566b0f3830fa877d1120361812c0d6e58f44f3fae6b81cd5efa79
12_taxonomy_manual_recall_xunzi_2026-08-11/special_cases.jsonl,final_or_documentation,45310,2026-08-11T13:05:22.967518+00:00,de5daa2ec0bc333f30b62eb24dab9ed18a75bc6c4cf376e168bb9d3ed06a1b22
12_taxonomy_manual_recall_xunzi_2026-08-11/special_cases_report.md,final_or_documentation,396,2026-08-11T13:05:22.968218+00:00,514201261b69a651366a9c1d2b327c487fa97c86419933997c6bc34973f57a13
12_taxonomy_manual_recall_xunzi_2026-08-11/study_model_registry.csv,final_or_documentation,882,2026-08-11T11:12:47.361025+00:00,5c88f58ff786b7ffd02ae25b87a4f13c2707fcd47285517efac762461c789a24
12_taxonomy_manual_recall_xunzi_2026-08-11/tables/routes_by_carrier_family.csv,final_or_documentation,84,2026-08-11T13:05:22.965889+00:00,ed62792c4b9c59af66494a2232cef9bc4888a42b00e29f5996efec6d52ec52e5
12_taxonomy_manual_recall_xunzi_2026-08-11/tables/routes_by_carrier_subtype.csv,final_or_documentation,231,2026-08-11T13:05:22.966007+00:00,1d4a5a0a5c9e6cd7167398ca5636ba59412cd76272bb2374183ac45060cb7977
12_taxonomy_manual_recall_xunzi_2026-08-11/tables/routes_by_fusion_topology.csv,final_or_documentation,86,2026-08-11T13:05:22.966222+00:00,749ec6012d05a636b75fecbfd3a9879ac6ec9a9ef16e05a1069405784e4d875d
12_taxonomy_manual_recall_xunzi_2026-08-11/tables/routes_by_lifecycle_phase.csv,final_or_documentation,86,2026-08-11T13:05:22.966115+00:00,f16ee4e84eaca0d07903531fd280c9a7e4c5c72f1bf1367b4d425224824272a1
12_taxonomy_manual_recall_xunzi_2026-08-11/tables/routes_by_source_modality_normalized.csv,final_or_documentation,120,2026-08-11T13:05:22.966440+00:00,23ebe06bc5f7064093a627cf21b8ae897e93e5173c60893fbb9d996a53c63255
12_taxonomy_manual_recall_xunzi_2026-08-11/tables/routes_by_text_role.csv,final_or_documentation,126,2026-08-11T13:05:22.966332+00:00,0114c810bf6d8527294828cdb1f1501e2c6d3a7f9040ef69d8f84062cff62b6c
12_taxonomy_manual_recall_xunzi_2026-08-11/taxonomy_synthesis/inventory_metadata.json,final_or_documentation,195,2026-08-11T11:12:46.500371+00:00,66e6156327cd81963a47179bd754468c89eda9bed1b935e1017a22dd67067b99
12_taxonomy_manual_recall_xunzi_2026-08-11/taxonomy_synthesis/open_route_inventory.json,final_or_documentation,19688,2026-08-11T11:12:46.500224+00:00,2a264329fae8137ec8ea9c53244858d59e97ea43dc332fc83693bc95cc3c929f
12_taxonomy_manual_recall_xunzi_2026-08-11/uncertainty_cases.jsonl,final_or_documentation,31494,2026-08-11T13:05:22.965577+00:00,44f559e48deb44f53ffe86e9bda26a37d3ed661b28f58da911b2c85957b9ac33
13_crops/contact_sheets/model_e0f70ec41e97_512bd31d3b54/all_figures.jpg,final_or_documentation,1720088,2026-08-11T05:15:05.356568+00:00,cc759bc32ffe653c3b2569a392fbd23a32a0e57e71a2ef5510cb87e3a3c84163
13_crops/contact_sheets/model_e0f70ec41e97_512bd31d3b54/tiles/figure_001.jpg,final_or_documentation,97812,2026-08-11T05:15:03.565010+00:00,bfebc7ba1ca37130f19cf974a777cee2f3cbb07b492c9faecea77df8202ffc77
13_crops/contact_sheets/model_e0f70ec41e97_512bd31d3b54/tiles/figure_002.jpg,final_or_documentation,106901,2026-08-11T05:15:03.651191+00:00,0fac3f2d0b8381b5a5496748e5f686addaf71f24e6bd6ade5ed44c2a78574f7a
13_crops/contact_sheets/model_e0f70ec41e97_512bd31d3b54/tiles/figure_003.jpg,final_or_documentation,85414,2026-08-11T05:15:03.737186+00:00,e898fe343199cf7b79661f6068894191423ae17626665d7f1bcc99347ef0fd2a
13_crops/contact_sheets/model_e0f70ec41e97_512bd31d3b54/tiles/figure_004.jpg,final_or_documentation,117487,2026-08-11T05:15:03.815891+00:00,325c78a2f969317967a6615afc2c65d6acbe841bc12ea903f6f25bbfe7acee01
13_crops/contact_sheets/model_e0f70ec41e97_512bd31d3b54/tiles/figure_005.jpg,final_or_documentation,94952,2026-08-11T05:15:03.911072+00:00,cc87a5031a040f870af4d852e40c054d5d8cf5a8d33dfb4d2be149ff3fa072f6
13_crops/contact_sheets/model_e0f70ec41e97_512bd31d3b54/tiles/figure_006.jpg,final_or_documentation,123341,2026-08-11T05:15:03.999814+00:00,c1721b162e8de55a0e6844207eeecb731680e90f5aa26ffe251d3fbfa79cf481
13_crops/contact_sheets/model_e0f70ec41e97_512bd31d3b54/tiles/figure_007.jpg,final_or_documentation,86051,2026-08-11T05:15:04.086209+00:00,f64d8baf9d3fe8b6f005b4db5578dadef6cc5a426d4924b246c8b009384a8505
13_crops/contact_sheets/model_e0f70ec41e97_512bd31d3b54/tiles/figure_008.jpg,final_or_documentation,86196,2026-08-11T05:15:04.171836+00:00,fdb3398c88867069974895f04cce3ff1ea698cc193884a660544bcc1c23cdf19
13_crops/contact_sheets/model_e0f70ec41e97_512bd31d3b54/tiles/figure_009.jpg,final_or_documentation,91686,2026-08-11T05:15:04.258339+00:00,291b354e09f90a7a0a0e4f7704c8c4e760fa3e18365a263b54e8a84cf30386ae
13_crops/contact_sheets/model_e0f70ec41e97_512bd31d3b54/tiles/figure_010.jpg,final_or_documentation,94743,2026-08-11T05:15:04.343401+00:00,a617f7a79e1160ce21301cac7c4b54e8a052a4b28df6273dacefc3d657e43391
13_crops/contact_sheets/model_e0f70ec41e97_512bd31d3b54/tiles/figure_011.jpg,final_or_documentation,91261,2026-08-11T05:15:04.429926+00:00,00b037b5907d01a28c6ed6a93c37c9a68527e41d0b5713b02350de9a24c7c9e7
13_crops/contact_sheets/model_e0f70ec41e97_512bd31d3b54/tiles/figure_012.jpg,final_or_documentation,92988,2026-08-11T05:15:04.517532+00:00,6ea4c74c4713b960e180a2423ab7c35f9eaece2051cb932374ee60f76ec70bf0
13_crops/contact_sheets/model_e0f70ec41e97_512bd31d3b54/tiles/figure_013.jpg,final_or_documentation,78003,2026-08-11T05:15:04.609183+00:00,6f28f86690fb7cf8c7aff5e0c009b3695b81668ad7cb4239e198a42ac427d095
13_crops/contact_sheets/model_e0f70ec41e97_512bd31d3b54/tiles/figure_014.jpg,final_or_documentation,81987,2026-08-11T05:15:04.705979+00:00,c3abb2d3293b8661f1226ac7135e38040eaa9266f29d244103c544e9dce9e9e0
13_crops/contact_sheets/model_e0f70ec41e97_512bd31d3b54/tiles/figure_015.jpg,final_or_documentation,119613,2026-08-11T05:15:04.788915+00:00,5f514764ceb90efca9f0ce791c745f3d16550a2a936291542e4814b26ff7ee44
13_crops/contact_sheets/model_e0f70ec41e97_512bd31d3b54/tiles/figure_016.jpg,final_or_documentation,94986,2026-08-11T05:15:04.877892+00:00,b6421dfea9244c45f315fe6e99b177c67fa204c8457a0f559162a985f86eaae9
13_crops/contact_sheets/model_e0f70ec41e97_512bd31d3b54/tiles/figure_017.jpg,final_or_documentation,95023,2026-08-11T05:15:04.961947+00:00,f36dd9900b8e863523ba4d019b7f7c6eaee5d5fe30f137a8a8121166ac3af0a7
13_crops/contact_sheets/model_e0f70ec41e97_512bd31d3b54/tiles/figure_018.jpg,final_or_documentation,28030,2026-08-11T05:15:05.038422+00:00,d1c34dd4ed52428089bd1fd8262d56845af27ac6621b40199f29781de668d8f9
13_crops/contact_sheets/model_f12e33a1e764_401afe83f187/all_figures.jpg,final_or_documentation,949065,2026-08-11T05:15:04.607689+00:00,127e961b29a838312b9a866c5596ebcad8db9be8352d01d430079d0931d79842
13_crops/contact_sheets/model_f12e33a1e764_401afe83f187/tiles/figure_001.jpg,final_or_documentation,58313,2026-08-11T05:15:03.540812+00:00,b2631c92a185aef919381eb4595e357f8b116a011dd3306afde874f33863f4df
13_crops/contact_sheets/model_f12e33a1e764_401afe83f187/tiles/figure_002.jpg,final_or_documentation,121669,2026-08-11T05:15:03.628111+00:00,a9784cd29a5fcfd6cc216859ba109c343d6ed0ca0a635d61b24cafd7dce6132b
13_crops/contact_sheets/model_f12e33a1e764_401afe83f187/tiles/figure_003.jpg,final_or_documentation,112528,2026-08-11T05:15:03.711642+00:00,89d7e77f519d7ab643aec044fe410e3351555f18e01167efdaa237be804adfec
13_crops/contact_sheets/model_f12e33a1e764_401afe83f187/tiles/figure_004.jpg,final_or_documentation,51716,2026-08-11T05:15:03.784679+00:00,9ef5fb63335bc3c6c4845a66088ef7333f4fc58f3edc1b83b05032c9c7c46db0
13_crops/contact_sheets/model_f12e33a1e764_401afe83f187/tiles/figure_005.jpg,final_or_documentation,130264,2026-08-11T05:15:03.868632+00:00,0a3b8423c79644c3729432f48f44db4e9f682c0f6d5708965076661353dfdf6a
13_crops/contact_sheets/model_f12e33a1e764_401afe83f187/tiles/figure_006.jpg,final_or_documentation,63111,2026-08-11T05:15:03.962380+00:00,9b6f7d18d5e6842bf82e03206fb772febf5ef4e40e99b71217a1956d3d4335ff
13_crops/contact_sheets/model_f12e33a1e764_401afe83f187/tiles/figure_007.jpg,final_or_documentation,95924,2026-08-11T05:15:04.051247+00:00,a2cb03e1c3668428a84e05aa96d8274d9fcaa1f4777d03f79fadcc2266e05a08
13_crops/contact_sheets/model_f12e33a1e764_401afe83f187/tiles/figure_008.jpg,final_or_documentation,73738,2026-08-11T05:15:04.137288+00:00,aa38e3647cd2b8d5801321d510cc075d0b1cb4a67c48d1738d77cd2aa0841fff
13_crops/contact_sheets/model_f12e33a1e764_401afe83f187/tiles/figure_009.jpg,final_or_documentation,79218,2026-08-11T05:15:04.219177+00:00,9814b7c83f0dbcc6dea076fecbabf14a7709bf677b217268e021664ef489c1cf
13_crops/contact_sheets/model_f12e33a1e764_401afe83f187/tiles/figure_010.jpg,final_or_documentation,54841,2026-08-11T05:15:04.289470+00:00,318978aef108bbb3629cace2cf957721fdef2297098f97839a87761f9bf23b80
13_crops/contact_sheets/model_f12e33a1e764_401afe83f187/tiles/figure_011.jpg,final_or_documentation,76145,2026-08-11T05:15:04.378450+00:00,ca948f2eca4712de67fd2da802f4e7fb1aba0c637d05b119532afd3df4abcf44
13_crops/contact_sheets/model_f924e02d892f_78ea393e0978/all_figures.jpg,final_or_documentation,949065,2026-08-11T05:15:04.608526+00:00,127e961b29a838312b9a866c5596ebcad8db9be8352d01d430079d0931d79842
13_crops/contact_sheets/model_f924e02d892f_78ea393e0978/tiles/figure_001.jpg,final_or_documentation,58313,2026-08-11T05:15:03.544879+00:00,b2631c92a185aef919381eb4595e357f8b116a011dd3306afde874f33863f4df
13_crops/contact_sheets/model_f924e02d892f_78ea393e0978/tiles/figure_002.jpg,final_or_documentation,121669,2026-08-11T05:15:03.630799+00:00,a9784cd29a5fcfd6cc216859ba109c343d6ed0ca0a635d61b24cafd7dce6132b
13_crops/contact_sheets/model_f924e02d892f_78ea393e0978/tiles/figure_003.jpg,final_or_documentation,112528,2026-08-11T05:15:03.714710+00:00,89d7e77f519d7ab643aec044fe410e3351555f18e01167efdaa237be804adfec
13_crops/contact_sheets/model_f924e02d892f_78ea393e0978/tiles/figure_004.jpg,final_or_documentation,51716,2026-08-11T05:15:03.785834+00:00,9ef5fb63335bc3c6c4845a66088ef7333f4fc58f3edc1b83b05032c9c7c46db0
13_crops/contact_sheets/model_f924e02d892f_78ea393e0978/tiles/figure_005.jpg,final_or_documentation,130264,2026-08-11T05:15:03.870615+00:00,0a3b8423c79644c3729432f48f44db4e9f682c0f6d5708965076661353dfdf6a
13_crops/contact_sheets/model_f924e02d892f_78ea393e0978/tiles/figure_006.jpg,final_or_documentation,63111,2026-08-11T05:15:03.961341+00:00,9b6f7d18d5e6842bf82e03206fb772febf5ef4e40e99b71217a1956d3d4335ff
13_crops/contact_sheets/model_f924e02d892f_78ea393e0978/tiles/figure_007.jpg,final_or_documentation,95924,2026-08-11T05:15:04.050869+00:00,a2cb03e1c3668428a84e05aa96d8274d9fcaa1f4777d03f79fadcc2266e05a08
13_crops/contact_sheets/model_f924e02d892f_78ea393e0978/tiles/figure_008.jpg,final_or_documentation,73738,2026-08-11T05:15:04.137382+00:00,aa38e3647cd2b8d5801321d510cc075d0b1cb4a67c48d1738d77cd2aa0841fff
13_crops/contact_sheets/model_f924e02d892f_78ea393e0978/tiles/figure_009.jpg,final_or_documentation,79218,2026-08-11T05:15:04.218275+00:00,9814b7c83f0dbcc6dea076fecbabf14a7709bf677b217268e021664ef489c1cf
13_crops/contact_sheets/model_f924e02d892f_78ea393e0978/tiles/figure_010.jpg,final_or_documentation,54841,2026-08-11T05:15:04.289437+00:00,318978aef108bbb3629cace2cf957721fdef2297098f97839a87761f9bf23b80
13_crops/contact_sheets/model_f924e02d892f_78ea393e0978/tiles/figure_011.jpg,final_or_documentation,76145,2026-08-11T05:15:04.379440+00:00,ca948f2eca4712de67fd2da802f4e7fb1aba0c637d05b119532afd3df4abcf44
13_crops/crop_ledger.json,final_or_documentation,9575,2026-08-11T05:16:50.547832+00:00,edb62145a8b6843c2e7186f97e03711bf807237e967532fa83a289abb2e79197
13_crops/models/model_e0f70ec41e97_512bd31d3b54/adjudicator/metadata.json,final_or_documentation,905,2026-08-11T05:15:33.131632+00:00,66962230c09ed452db94cc8d5028c7ba165f0c5fd9b1f93c8175f65177c7c4cb
13_crops/models/model_e0f70ec41e97_512bd31d3b54/adjudicator/prompt.txt,final_or_documentation,43041,2026-08-11T05:15:22.911773+00:00,1dd5304c745b9eb5aab9c8d2cb10f8dd4710cf03bc2c02c6a06c40d610d6433e
13_crops/models/model_e0f70ec41e97_512bd31d3b54/adjudicator/response.json,final_or_documentation,536,2026-08-11T05:15:32.732692+00:00,c6fe38c0f90762669a43a907201db49ee6c862bab5926fda80223ef6c380bf55
13_crops/models/model_e0f70ec41e97_512bd31d3b54/adjudicator/schema.json,final_or_documentation,691,2026-08-11T05:15:22.911516+00:00,c61d3018a5314b267e8811ca91d2dfaecfef672922a646d7627735423994091c
13_crops/models/model_e0f70ec41e97_512bd31d3b54/adjudicator/stderr.log,final_or_documentation,45365,2026-08-11T05:15:33.131199+00:00,1dac53acd7ea74ddf705d48e3488aab35940717333e98e3bc764f30aea1e54c5
13_crops/models/model_e0f70ec41e97_512bd31d3b54/adjudicator/stdout.log,final_or_documentation,537,2026-08-11T05:15:33.130976+00:00,79e3175eff3ff864defa756ac47dd13471b8f4c7c7ac3f6a7b05eb23d5d25323
13_crops/models/model_e0f70ec41e97_512bd31d3b54/cropper/metadata.json,final_or_documentation,915,2026-08-11T05:16:16.049690+00:00,ece3c5934f8a6070b9c557b5beec118fcfcc5b5203f497cc73ae0f7163a8bcd2
13_crops/models/model_e0f70ec41e97_512bd31d3b54/cropper/prompt.txt,final_or_documentation,10806,2026-08-11T05:15:33.132291+00:00,4b7e392d88cbfe9acb02b2bf4de84eabe18e3098e024bb001e9563a5ca710f5b
13_crops/models/model_e0f70ec41e97_512bd31d3b54/cropper/response.json,final_or_documentation,718,2026-08-11T05:16:15.760898+00:00,36d59d31268deb952c1eb70658e3af74f1189f9d17093339e3b0e0d041671702
13_crops/models/model_e0f70ec41e97_512bd31d3b54/cropper/schema.json,final_or_documentation,1353,2026-08-11T05:15:33.132158+00:00,4b899c06bd6b5bacefa1c5dfd46004e68cc0a96e79ea37cd4471a4fde9d9e536
13_crops/models/model_e0f70ec41e97_512bd31d3b54/cropper/stderr.log,final_or_documentation,13603,2026-08-11T05:16:16.049225+00:00,0d1313cc31307fb1c59b567136e8355d5c979a499db9ece0544307c743f101b1
13_crops/models/model_e0f70ec41e97_512bd31d3b54/cropper/stdout.log,final_or_documentation,719,2026-08-11T05:16:16.048842+00:00,f842f224727227e043c22299c2634db4572ad58aa5758dad1f6e194a685528d5
13_crops/models/model_e0f70ec41e97_512bd31d3b54/specificity_selector/metadata.json,final_or_documentation,923,2026-08-11T05:15:22.910431+00:00,0cb038e87429ab66c662c9bb70658aca0f8523305e3a650c78ab8cd32e6dd0fe
13_crops/models/model_e0f70ec41e97_512bd31d3b54/specificity_selector/prompt.txt,final_or_documentation,42346,2026-08-11T05:15:14.036551+00:00,5c8c99756e892c4a79eb9d009b86cf060b738519efea84c49524386a580f3cca
13_crops/models/model_e0f70ec41e97_512bd31d3b54/specificity_selector/response.json,final_or_documentation,467,2026-08-11T05:15:22.402183+00:00,26eb4153324ad0ffbd7a26da0b69fdb5937017f2f8cefed2901f676f24479091
13_crops/models/model_e0f70ec41e97_512bd31d3b54/specificity_selector/schema.json,final_or_documentation,691,2026-08-11T05:15:14.036339+00:00,c61d3018a5314b267e8811ca91d2dfaecfef672922a646d7627735423994091c
13_crops/models/model_e0f70ec41e97_512bd31d3b54/specificity_selector/stderr.log,final_or_documentation,44601,2026-08-11T05:15:22.910019+00:00,2e90b45fa49e00cfe88a985e84716cd39fa6548a5228cdc57eaa17dcccd308d2
13_crops/models/model_e0f70ec41e97_512bd31d3b54/specificity_selector/stdout.log,final_or_documentation,468,2026-08-11T05:15:22.909682+00:00,d5e1c90f15be821fbdd2ad2ead7272b84a5094b36042a6a8cbe3776adf46fb6b
13_crops/models/model_e0f70ec41e97_512bd31d3b54/sufficiency_selector/metadata.json,final_or_documentation,923,2026-08-11T05:15:14.035592+00:00,d42f95a3f2c902ba8487fce7c1bfc866594666027bdf919af472c263fa9f30d9
13_crops/models/model_e0f70ec41e97_512bd31d3b54/sufficiency_selector/prompt.txt,final_or_documentation,42302,2026-08-11T05:15:05.369940+00:00,7a2612b5e39794edc36d57ca9f2e0967ca29217920358fee906e709c8248e84e
13_crops/models/model_e0f70ec41e97_512bd31d3b54/sufficiency_selector/response.json,final_or_documentation,487,2026-08-11T05:15:13.637261+00:00,2e707646ca7bad9a32cf23c7ee7af8f23c160a878cc71cabb938c38e02eb918f
13_crops/models/model_e0f70ec41e97_512bd31d3b54/sufficiency_selector/schema.json,final_or_documentation,691,2026-08-11T05:15:05.369706+00:00,c61d3018a5314b267e8811ca91d2dfaecfef672922a646d7627735423994091c
13_crops/models/model_e0f70ec41e97_512bd31d3b54/sufficiency_selector/stderr.log,final_or_documentation,44868,2026-08-11T05:15:14.035336+00:00,3f51e6caa460d1313d590431e26a6daa6c3a67d4bdb0cef0f11ded14ab5e29d9
13_crops/models/model_e0f70ec41e97_512bd31d3b54/sufficiency_selector/stdout.log,final_or_documentation,488,2026-08-11T05:15:14.035109+00:00,6fa0743522496b8b15b9b517cd3ea166e403578a36f1b18669bf4695fa3c6bfa
13_crops/models/model_f12e33a1e764_401afe83f187/adjudicator/metadata.json,final_or_documentation,905,2026-08-11T05:15:32.725780+00:00,d0b37306f245836bfbe7a13b8a1395d3db189d06260ca957fe103fb4f01ac7ae
13_crops/models/model_f12e33a1e764_401afe83f187/adjudicator/prompt.txt,final_or_documentation,28726,2026-08-11T05:15:23.629042+00:00,5b4a21b09d225b3f5de0d83e742c1e2f5f2e3dcd5ec5271cff67440db299de6c
13_crops/models/model_f12e33a1e764_401afe83f187/adjudicator/response.json,final_or_documentation,442,2026-08-11T05:15:32.339279+00:00,73aab9af7feccc8251619f3ed6e8b239485ffaf1c7e4ccf5d912a1d58c0b4e20
13_crops/models/model_f12e33a1e764_401afe83f187/adjudicator/schema.json,final_or_documentation,691,2026-08-11T05:15:23.628916+00:00,c61d3018a5314b267e8811ca91d2dfaecfef672922a646d7627735423994091c
13_crops/models/model_f12e33a1e764_401afe83f187/adjudicator/stderr.log,final_or_documentation,30956,2026-08-11T05:15:32.725385+00:00,4128cbaea63f83c32d43e590c47746629287b6581ded070ea93b973286097ea9
13_crops/models/model_f12e33a1e764_401afe83f187/adjudicator/stdout.log,final_or_documentation,443,2026-08-11T05:15:32.725108+00:00,33a98ede2def0872c0c633630ed200283b58bef60dd2679792bdfa88e8df9471
13_crops/models/model_f12e33a1e764_401afe83f187/cropper/metadata.json,final_or_documentation,915,2026-08-11T05:16:50.479551+00:00,08c5a2cb6dafbbddd87bd3083a473d1e7292ee6cb68d35bc76c0c136187b9b81
13_crops/models/model_f12e33a1e764_401afe83f187/cropper/prompt.txt,final_or_documentation,3921,2026-08-11T05:15:32.726600+00:00,6dcf23e4ab65f728456dfd343d8cd7ac89cff28a6deedf0f74b5b3526a5534e2
13_crops/models/model_f12e33a1e764_401afe83f187/cropper/response.json,final_or_documentation,579,2026-08-11T05:16:50.401579+00:00,38fbac9790d8420ab245ff6fd64cffa6fe5cb88fe072a41e98e25e4de267f076
13_crops/models/model_f12e33a1e764_401afe83f187/cropper/schema.json,final_or_documentation,1353,2026-08-11T05:15:32.726465+00:00,4b899c06bd6b5bacefa1c5dfd46004e68cc0a96e79ea37cd4471a4fde9d9e536
13_crops/models/model_f12e33a1e764_401afe83f187/cropper/stderr.log,final_or_documentation,8524,2026-08-11T05:16:50.479103+00:00,27663d6b7cb8bdab9bdcd13325170c2a2c18b8ec84ad7070f422d4dfda01c272
13_crops/models/model_f12e33a1e764_401afe83f187/cropper/stdout.log,final_or_documentation,580,2026-08-11T05:16:50.478750+00:00,d20381efdea998f40de9580768f7a021647a62698dd97269e3a82aa8e3cbe00f
13_crops/models/model_f12e33a1e764_401afe83f187/specificity_selector/metadata.json,final_or_documentation,924,2026-08-11T05:15:23.628386+00:00,ab798d900a66a9d9db711669fe4cb0799e8f4e2d74c96e6c598e202c088d32a1
13_crops/models/model_f12e33a1e764_401afe83f187/specificity_selector/prompt.txt,final_or_documentation,28101,2026-08-11T05:15:13.163743+00:00,da46b6d61d035e0cdaa810b9426a7b3d2aa58b166ad9c442af63b441187b4e10
13_crops/models/model_f12e33a1e764_401afe83f187/specificity_selector/response.json,final_or_documentation,476,2026-08-11T05:15:23.365344+00:00,a59552e174418ab86ca86ae00cc9f3a95e756a66d8dec55ac65a06660900c4fd
13_crops/models/model_f12e33a1e764_401afe83f187/specificity_selector/schema.json,final_or_documentation,691,2026-08-11T05:15:13.163617+00:00,c61d3018a5314b267e8811ca91d2dfaecfef672922a646d7627735423994091c
13_crops/models/model_f12e33a1e764_401afe83f187/specificity_selector/stderr.log,final_or_documentation,30656,2026-08-11T05:15:23.627963+00:00,333d8da06d2f6c6b171027bf7e113d17d598ee8151318b606770d3a7d0ba8b89
13_crops/models/model_f12e33a1e764_401afe83f187/specificity_selector/stdout.log,final_or_documentation,477,2026-08-11T05:15:23.627756+00:00,46f834fb7e93d6a349c33010130fbfa70030d68017c0c8fe980a0363f00d7c5c
13_crops/models/model_f12e33a1e764_401afe83f187/sufficiency_selector/metadata.json,final_or_documentation,923,2026-08-11T05:15:13.163059+00:00,73fb094e14176f70f61039c2fdcb3d07c1132cbd642a281155d1b994da5ff54b
13_crops/models/model_f12e33a1e764_401afe83f187/sufficiency_selector/prompt.txt,final_or_documentation,28057,2026-08-11T05:15:04.621038+00:00,547c17c792bebed729508e54f6407625c45ddcd2176e446390730314bb443066
13_crops/models/model_f12e33a1e764_401afe83f187/sufficiency_selector/response.json,final_or_documentation,411,2026-08-11T05:15:12.904954+00:00,de7986f48f0b1f40a16d0132e365e5d3c1ef01e8dd0f5506f9baa7f9bda8fa89
13_crops/models/model_f12e33a1e764_401afe83f187/sufficiency_selector/schema.json,final_or_documentation,691,2026-08-11T05:15:04.620685+00:00,c61d3018a5314b267e8811ca91d2dfaecfef672922a646d7627735423994091c
13_crops/models/model_f12e33a1e764_401afe83f187/sufficiency_selector/stderr.log,final_or_documentation,30256,2026-08-11T05:15:13.162797+00:00,02d2fd3052840868f0c1a44eb4332ff6190034a7335e3008a407b7ba06050df0
13_crops/models/model_f12e33a1e764_401afe83f187/sufficiency_selector/stdout.log,final_or_documentation,412,2026-08-11T05:15:13.162575+00:00,139ec5ec6764111ce8e476bd256b53eef6ae02cf193868ca0720c620a81bef4d
13_crops/models/model_f924e02d892f_78ea393e0978/adjudicator/metadata.json,final_or_documentation,905,2026-08-11T05:16:13.475079+00:00,c5134e415cb90584738a0180af57ce1bcf52022bcda092d4cc6515fc9663c545
13_crops/models/model_f924e02d892f_78ea393e0978/adjudicator/prompt.txt,final_or_documentation,39483,2026-08-11T05:15:23.715428+00:00,787345d0f44e7633b04e3801c5b8be5982123982564cc8de7c4ad4037b34d6f6
13_crops/models/model_f924e02d892f_78ea393e0978/adjudicator/response.json,final_or_documentation,390,2026-08-11T05:16:13.239525+00:00,cee66b7f54a3619f87a49ff8cc1862ad612e15756affc28f9122faebbedc512b
13_crops/models/model_f924e02d892f_78ea393e0978/adjudicator/schema.json,final_or_documentation,691,2026-08-11T05:15:23.715270+00:00,c61d3018a5314b267e8811ca91d2dfaecfef672922a646d7627735423994091c
13_crops/models/model_f924e02d892f_78ea393e0978/adjudicator/stderr.log,final_or_documentation,41952,2026-08-11T05:16:13.474588+00:00,7af0e7d8233ab24b127f4550b6b5656bd05f88de14d1ea0db154b8c9fa3bc8f1
13_crops/models/model_f924e02d892f_78ea393e0978/adjudicator/stdout.log,final_or_documentation,391,2026-08-11T05:16:13.474228+00:00,fb048554f0a51066ec039ae3d4fff0d042b0f6bdf705888696c8b4c1c99c2ba3
13_crops/models/model_f924e02d892f_78ea393e0978/cropper/metadata.json,final_or_documentation,915,2026-08-11T05:16:33.662259+00:00,c3f78eb814606b9688cf2fd9af3c083d768543fba3f7e4db145f13ca6e3ad30d
13_crops/models/model_f924e02d892f_78ea393e0978/cropper/prompt.txt,final_or_documentation,14615,2026-08-11T05:16:13.476311+00:00,357b9e35941a0bafc9ecd0a0c5dc32fa1ecd1df8daa0d0f46218db60ebf0eef3
13_crops/models/model_f924e02d892f_78ea393e0978/cropper/response.json,final_or_documentation,687,2026-08-11T05:16:33.451845+00:00,b5bcf5ef2d10482178526b00939bc1ef123f8f47e6e4cac5571583b6345353d0
13_crops/models/model_f924e02d892f_78ea393e0978/cropper/schema.json,final_or_documentation,1353,2026-08-11T05:16:13.476087+00:00,4b899c06bd6b5bacefa1c5dfd46004e68cc0a96e79ea37cd4471a4fde9d9e536
13_crops/models/model_f924e02d892f_78ea393e0978/cropper/stderr.log,final_or_documentation,17090,2026-08-11T05:16:33.661792+00:00,764a4ddbded241a1f447d0acb2efab731912e9db9f09347bed8a993ea13104c9
13_crops/models/model_f924e02d892f_78ea393e0978/cropper/stdout.log,final_or_documentation,688,2026-08-11T05:16:33.661446+00:00,2b979c8c3775deaf7f288841ae879d055c351dc66130ef5ef9677670d9534944
13_crops/models/model_f924e02d892f_78ea393e0978/specificity_selector/metadata.json,final_or_documentation,924,2026-08-11T05:15:23.714658+00:00,cc3a19134ae518d363f62e9621dfe6cc99a490eebce110e748bce980cfb9a131
13_crops/models/model_f924e02d892f_78ea393e0978/specificity_selector/prompt.txt,final_or_documentation,39013,2026-08-11T05:15:13.040362+00:00,dd44fae4ca4215e97208ac8228f4ff4c5829612cc9039a4f148bc342805b257f
13_crops/models/model_f924e02d892f_78ea393e0978/specificity_selector/response.json,final_or_documentation,393,2026-08-11T05:15:23.448370+00:00,1dc78ec3f122a6c24b22fdc6b511fe19333df9ce716e8264a541670d83c2006e
13_crops/models/model_f924e02d892f_78ea393e0978/specificity_selector/schema.json,final_or_documentation,691,2026-08-11T05:15:13.040060+00:00,c61d3018a5314b267e8811ca91d2dfaecfef672922a646d7627735423994091c
13_crops/models/model_f924e02d892f_78ea393e0978/specificity_selector/stderr.log,final_or_documentation,41485,2026-08-11T05:15:23.714396+00:00,dbb06c3bfa5467218ee42b1ff3029f5178d5567ef0927a37631fb99d336180b6
13_crops/models/model_f924e02d892f_78ea393e0978/specificity_selector/stdout.log,final_or_documentation,394,2026-08-11T05:15:23.714208+00:00,b13d576ab769a50b859be29533b244e6bd40d0f8ce3f9ab8bef1bc2819c23a7f
13_crops/models/model_f924e02d892f_78ea393e0978/sufficiency_selector/metadata.json,final_or_documentation,923,2026-08-11T05:15:13.039037+00:00,fc09080c7b759802d4cab75162e39049dbe7ca5fa77e8be4e1ce538181758ea0
13_crops/models/model_f924e02d892f_78ea393e0978/sufficiency_selector/prompt.txt,final_or_documentation,38969,2026-08-11T05:15:04.621071+00:00,9ee98acdb1d0c575009dfb1aa74a37c79c86342cabd32ff9abb737234cc92337
13_crops/models/model_f924e02d892f_78ea393e0978/sufficiency_selector/response.json,final_or_documentation,338,2026-08-11T05:15:12.805128+00:00,af29f1ce5cc612cb6f38b7b50993815df1515c9dcb42fa50b729e57b4f35982c
13_crops/models/model_f924e02d892f_78ea393e0978/sufficiency_selector/schema.json,final_or_documentation,691,2026-08-11T05:15:04.620789+00:00,c61d3018a5314b267e8811ca91d2dfaecfef672922a646d7627735423994091c
13_crops/models/model_f924e02d892f_78ea393e0978/sufficiency_selector/stderr.log,final_or_documentation,41095,2026-08-11T05:15:13.037362+00:00,9d1346e50468c8ad7274f29f08d0a5ec7929aa5d34c0b5c719ec2f3b8f80d640
13_crops/models/model_f924e02d892f_78ea393e0978/sufficiency_selector/stdout.log,final_or_documentation,339,2026-08-11T05:15:13.037019+00:00,d86eaeb6d2ceea8483be3d5e00ba968ae78dbc12c494daccb327c38c72555282
13_crops/run_summary.json,final_or_documentation,223,2026-08-11T05:16:50.548048+00:00,baca3eb5602e55ede596bb1a4de4f47f155ba77e5b5ab47e4009bd2c71a9e213
13_crops_manual_recall_xunzi_2026-08-11/contact_sheets/model_0b0332ce2b16_83a443715a32/all_figures.jpg,final_or_documentation,1659387,2026-08-11T14:27:54.549922+00:00,c2275c6bc00215d614e1839e64868d3025a68d7a282e8bb3eed09e5c5d0fb28d
13_crops_manual_recall_xunzi_2026-08-11/contact_sheets/model_0b0332ce2b16_83a443715a32/tiles/figure_001.jpg,final_or_documentation,7735,2026-08-11T14:27:50.857202+00:00,1fde3922d3a84595f78b152107c8adde7bc790db46937e584d1edf69b4bdaa00
13_crops_manual_recall_xunzi_2026-08-11/contact_sheets/model_0b0332ce2b16_83a443715a32/tiles/figure_002.jpg,final_or_documentation,84237,2026-08-11T14:27:50.962242+00:00,450be156651b8514c13e50dae84aaf93bff1affd4c4d2e03ce7708d3a7543819
13_crops_manual_recall_xunzi_2026-08-11/contact_sheets/model_0b0332ce2b16_83a443715a32/tiles/figure_003.jpg,final_or_documentation,72535,2026-08-11T14:27:51.076773+00:00,3b2648c469b71e320622ccd72073c13c278f5e25da8f23482186fb71d48087e5
13_crops_manual_recall_xunzi_2026-08-11/contact_sheets/model_0b0332ce2b16_83a443715a32/tiles/figure_004.jpg,final_or_documentation,67825,2026-08-11T14:27:51.189763+00:00,1e5d6f44fc2037bdc22579e93b9cad59a7a6f0369096138bea2f6b87fe82a605
13_crops_manual_recall_xunzi_2026-08-11/contact_sheets/model_0b0332ce2b16_83a443715a32/tiles/figure_005.jpg,final_or_documentation,74764,2026-08-11T14:27:51.301514+00:00,d35b7fae37609f60072b9f4113d2b5283b493edad13c92743da181ec8387132c
13_crops_manual_recall_xunzi_2026-08-11/contact_sheets/model_0b0332ce2b16_83a443715a32/tiles/figure_006.jpg,final_or_documentation,8524,2026-08-11T14:27:51.360499+00:00,0e69e50dff6625d9f684c0f6111f4df14125f62648b4268808a32a498fa1716b
13_crops_manual_recall_xunzi_2026-08-11/contact_sheets/model_0b0332ce2b16_83a443715a32/tiles/figure_007.jpg,final_or_documentation,4979,2026-08-11T14:27:51.418609+00:00,67f07a74bd15fe0d0a8bbbadfed1e4122121d945fbd0da62e5f0b6f01ed14eff
13_crops_manual_recall_xunzi_2026-08-11/contact_sheets/model_0b0332ce2b16_83a443715a32/tiles/figure_008.jpg,final_or_documentation,8827,2026-08-11T14:27:51.478263+00:00,09388e0c212b2ec8ba778b4a19c1e84d12dc452d6743558a07f63703606ed1f5
13_crops_manual_recall_xunzi_2026-08-11/contact_sheets/model_0b0332ce2b16_83a443715a32/tiles/figure_009.jpg,final_or_documentation,8921,2026-08-11T14:27:51.539776+00:00,dd42dccfa033d8ade3fa0a186240e2db0031a32c475339ff1ac5fe6360d96fad
13_crops_manual_recall_xunzi_2026-08-11/contact_sheets/model_0b0332ce2b16_83a443715a32/tiles/figure_010.jpg,final_or_documentation,8950,2026-08-11T14:27:51.601379+00:00,5c1deb477409c4572ae6c13b13c11ea38dc263fcd0fdfc92abfc0d27959eb1b7
13_crops_manual_recall_xunzi_2026-08-11/contact_sheets/model_0b0332ce2b16_83a443715a32/tiles/figure_011.jpg,final_or_documentation,8838,2026-08-11T14:27:51.662349+00:00,aa518c0af6016c7bed4cec93dd9704a1260613fa9c57a8be0fb6328389ab6665
13_crops_manual_recall_xunzi_2026-08-11/contact_sheets/model_0b0332ce2b16_83a443715a32/tiles/figure_012.jpg,final_or_documentation,8845,2026-08-11T14:27:51.723386+00:00,7acde967b2ab79bd21586c35a6cd4110dd8503903fd7ae0b2273719a644c701c
13_crops_manual_recall_xunzi_2026-08-11/contact_sheets/model_0b0332ce2b16_83a443715a32/tiles/figure_013.jpg,final_or_documentation,9187,2026-08-11T14:27:51.783913+00:00,6ceccdf6d5dd11e24c01adaa5534c122fda412529e71ec6e8535f3ce66623d72
13_crops_manual_recall_xunzi_2026-08-11/contact_sheets/model_0b0332ce2b16_83a443715a32/tiles/figure_014.jpg,final_or_documentation,8986,2026-08-11T14:27:51.845853+00:00,0a46e45e72fc6d806c61de0e66fcc1cc437cafd127af5f98a8b91e216a188ec6
13_crops_manual_recall_xunzi_2026-08-11/contact_sheets/model_0b0332ce2b16_83a443715a32/tiles/figure_015.jpg,final_or_documentation,9133,2026-08-11T14:27:51.906245+00:00,0c535405f3efd773b41cbecf4bc9f483bab06cec53d610140a51b8eaca7e7139
13_crops_manual_recall_xunzi_2026-08-11/contact_sheets/model_0b0332ce2b16_83a443715a32/tiles/figure_016.jpg,final_or_documentation,9118,2026-08-11T14:27:51.967488+00:00,5f2f2bb054aa13767d9c44bde96b301d453d5659041712a8fed92ec394b72346
13_crops_manual_recall_xunzi_2026-08-11/contact_sheets/model_0b0332ce2b16_83a443715a32/tiles/figure_017.jpg,final_or_documentation,94249,2026-08-11T14:27:52.062457+00:00,e7b6611ea59c79c1a37940504a0481aa796d5a4284e7a3229694df90c78a9ae4
13_crops_manual_recall_xunzi_2026-08-11/contact_sheets/model_0b0332ce2b16_83a443715a32/tiles/figure_018.jpg,final_or_documentation,73913,2026-08-11T14:27:52.133080+00:00,a5d001dd0431f5646e74b0d04712a46cdcd20af06d43dbf54627532734ba0c70
13_crops_manual_recall_xunzi_2026-08-11/contact_sheets/model_0b0332ce2b16_83a443715a32/tiles/figure_019.jpg,final_or_documentation,21979,2026-08-11T14:27:52.194333+00:00,8c0f13dca04a4082e4787690e65140ca79c6128d3cd947511ff70c2d544fe187
13_crops_manual_recall_xunzi_2026-08-11/contact_sheets/model_0b0332ce2b16_83a443715a32/tiles/figure_020.jpg,final_or_documentation,21063,2026-08-11T14:27:52.256453+00:00,2040d1b45a61b32e11b2c4b58be6162cde2a89d9841bb0f0df49850b31562c77
13_crops_manual_recall_xunzi_2026-08-11/contact_sheets/model_0b0332ce2b16_83a443715a32/tiles/figure_021.jpg,final_or_documentation,21045,2026-08-11T14:27:52.319041+00:00,a6cb36745ad2fca6875e3b327914f6c6c15af853029876affd4cd69997eb2410
13_crops_manual_recall_xunzi_2026-08-11/contact_sheets/model_0b0332ce2b16_83a443715a32/tiles/figure_022.jpg,final_or_documentation,21519,2026-08-11T14:27:52.381735+00:00,3e62851076d041252ece89b4ce3937cd9caac819f7592bdcf630c2755b0b8cc0
13_crops_manual_recall_xunzi_2026-08-11/contact_sheets/model_0b0332ce2b16_83a443715a32/tiles/figure_023.jpg,final_or_documentation,73498,2026-08-11T14:27:52.448913+00:00,b2c6e7533fda070deda4eefdca6788bf48e6501d18972bdab8533fbf9e8a1214
13_crops_manual_recall_xunzi_2026-08-11/contact_sheets/model_0b0332ce2b16_83a443715a32/tiles/figure_024.jpg,final_or_documentation,23389,2026-08-11T14:27:52.510431+00:00,5feca3238f8f302c1cd929c443bc30a176ded9c2151d8bc46781f48a165bcd1e
13_crops_manual_recall_xunzi_2026-08-11/contact_sheets/model_0b0332ce2b16_83a443715a32/tiles/figure_025.jpg,final_or_documentation,102439,2026-08-11T14:27:52.621054+00:00,7a448864fc7a9a4ae078f8f740dd43386a5b38a14126ca256c4c8b4bbaaa6880
13_crops_manual_recall_xunzi_2026-08-11/contact_sheets/model_0b0332ce2b16_83a443715a32/tiles/figure_026.jpg,final_or_documentation,33225,2026-08-11T14:27:52.687055+00:00,904cdd635ba415c6b466ee2e7f48a3b4e0ea1018d546a73d3642c4d9f7d6a7d6
13_crops_manual_recall_xunzi_2026-08-11/contact_sheets/model_0b0332ce2b16_83a443715a32/tiles/figure_027.jpg,final_or_documentation,99276,2026-08-11T14:27:52.779589+00:00,abd2a8677fe654bcfe14f0bf01f219534278e1ad42d775ea3682c479b7badd09
13_crops_manual_recall_xunzi_2026-08-11/contact_sheets/model_0b0332ce2b16_83a443715a32/tiles/figure_028.jpg,final_or_documentation,30056,2026-08-11T14:27:52.842977+00:00,61df6b04e592e150e16c1b21611dc358cfca7882e487139918eec112b4ec0ad8
13_crops_manual_recall_xunzi_2026-08-11/contact_sheets/model_0b0332ce2b16_83a443715a32/tiles/figure_029.jpg,final_or_documentation,30323,2026-08-11T14:27:52.912580+00:00,1533859ff61806a70ea865b0effae37be4a15b72d02690e171ec6abd72108ac8
13_crops_manual_recall_xunzi_2026-08-11/contact_sheets/model_0b0332ce2b16_83a443715a32/tiles/figure_030.jpg,final_or_documentation,31093,2026-08-11T14:27:52.980931+00:00,4d29391782e83a45737f59e535dd1eccbd39120249a649e9cb34eb81fe242063
13_crops_manual_recall_xunzi_2026-08-11/contact_sheets/model_0b0332ce2b16_83a443715a32/tiles/figure_031.jpg,final_or_documentation,32200,2026-08-11T14:27:53.044530+00:00,590f8f5749f3ecc0053f894c908269eeeff767b1c779bc8c36b8d061adb96426
13_crops_manual_recall_xunzi_2026-08-11/contact_sheets/model_0b0332ce2b16_83a443715a32/tiles/figure_032.jpg,final_or_documentation,22776,2026-08-11T14:27:53.106745+00:00,2067f3219ab5e7c421ee8d3c2367d6a1ba9fb8fbc5e4ac8414e22114c6985d09
13_crops_manual_recall_xunzi_2026-08-11/contact_sheets/model_0b0332ce2b16_83a443715a32/tiles/figure_033.jpg,final_or_documentation,37267,2026-08-11T14:27:53.169394+00:00,3db36f3ee2e6c70cbaa841eb23b90f98783b13c5e687bf0017c9565f4b755721
13_crops_manual_recall_xunzi_2026-08-11/contact_sheets/model_0b0332ce2b16_83a443715a32/tiles/figure_034.jpg,final_or_documentation,21090,2026-08-11T14:27:53.231371+00:00,6edc6c7421cba364fef8dbb7f7eb05b03aa092127b77d811fca510975ca89dc5
13_crops_manual_recall_xunzi_2026-08-11/contact_sheets/model_0b0332ce2b16_83a443715a32/tiles/figure_035.jpg,final_or_documentation,43180,2026-08-11T14:27:53.294368+00:00,4640fe8e0e891624781711399ecaf857d8b36dc41bb1d0a95d46bfcf6196f7dc
13_crops_manual_recall_xunzi_2026-08-11/contact_sheets/model_0b0332ce2b16_83a443715a32/tiles/figure_036.jpg,final_or_documentation,41751,2026-08-11T14:27:53.357900+00:00,463749535f942fbcf8c6ad8d26d57c024a1f1cd5fabf3f237e544922fc39b339
13_crops_manual_recall_xunzi_2026-08-11/contact_sheets/model_0b0332ce2b16_83a443715a32/tiles/figure_037.jpg,final_or_documentation,29046,2026-08-11T14:27:53.419400+00:00,cc4e915d494ad7424c30bf520764ecceebdf037c57d3af87ee5377f52da135bd
13_crops_manual_recall_xunzi_2026-08-11/contact_sheets/model_0b0332ce2b16_83a443715a32/tiles/figure_038.jpg,final_or_documentation,42404,2026-08-11T14:27:53.482012+00:00,c4b47b9e2e69019fb5c0f11476eae553ecc564c56e738549e1a7d4dafb9a3e08
13_crops_manual_recall_xunzi_2026-08-11/contact_sheets/model_0b0332ce2b16_83a443715a32/tiles/figure_039.jpg,final_or_documentation,33761,2026-08-11T14:27:53.544080+00:00,2885af06afdc54937c0f3e1ffd913640e6b437a63438aa1ed474ab2c382946ce
13_crops_manual_recall_xunzi_2026-08-11/contact_sheets/model_0b0332ce2b16_83a443715a32/tiles/figure_040.jpg,final_or_documentation,61785,2026-08-11T14:27:53.647438+00:00,e76e97c0eafc6b2582774d9a76a0e5e95d272449384582aacc077d0270b50f30
13_crops_manual_recall_xunzi_2026-08-11/contact_sheets/model_0b0332ce2b16_83a443715a32/tiles/figure_041.jpg,final_or_documentation,76226,2026-08-11T14:27:53.750458+00:00,cfe2270fea904210aafe696e10f9a2ee171eba070561a10d6c0e5af15bcab324
13_crops_manual_recall_xunzi_2026-08-11/contact_sheets/model_0b0332ce2b16_83a443715a32/tiles/figure_042.jpg,final_or_documentation,61826,2026-08-11T14:27:53.838957+00:00,bb1c1941a27c98cc15d8e96f3bcb2de104fb5f79f0ce861f15ad96855d317d24
13_crops_manual_recall_xunzi_2026-08-11/contact_sheets/model_775da0451f34_73522a21969b/all_figures.jpg,final_or_documentation,1659387,2026-08-11T14:27:54.550828+00:00,c2275c6bc00215d614e1839e64868d3025a68d7a282e8bb3eed09e5c5d0fb28d
13_crops_manual_recall_xunzi_2026-08-11/contact_sheets/model_775da0451f34_73522a21969b/tiles/figure_001.jpg,final_or_documentation,7735,2026-08-11T14:27:50.857196+00:00,1fde3922d3a84595f78b152107c8adde7bc790db46937e584d1edf69b4bdaa00
13_crops_manual_recall_xunzi_2026-08-11/contact_sheets/model_775da0451f34_73522a21969b/tiles/figure_002.jpg,final_or_documentation,84237,2026-08-11T14:27:50.963012+00:00,450be156651b8514c13e50dae84aaf93bff1affd4c4d2e03ce7708d3a7543819
13_crops_manual_recall_xunzi_2026-08-11/contact_sheets/model_775da0451f34_73522a21969b/tiles/figure_003.jpg,final_or_documentation,72535,2026-08-11T14:27:51.076981+00:00,3b2648c469b71e320622ccd72073c13c278f5e25da8f23482186fb71d48087e5
13_crops_manual_recall_xunzi_2026-08-11/contact_sheets/model_775da0451f34_73522a21969b/tiles/figure_004.jpg,final_or_documentation,67825,2026-08-11T14:27:51.189676+00:00,1e5d6f44fc2037bdc22579e93b9cad59a7a6f0369096138bea2f6b87fe82a605
13_crops_manual_recall_xunzi_2026-08-11/contact_sheets/model_775da0451f34_73522a21969b/tiles/figure_005.jpg,final_or_documentation,74764,2026-08-11T14:27:51.300753+00:00,d35b7fae37609f60072b9f4113d2b5283b493edad13c92743da181ec8387132c
13_crops_manual_recall_xunzi_2026-08-11/contact_sheets/model_775da0451f34_73522a21969b/tiles/figure_006.jpg,final_or_documentation,8524,2026-08-11T14:27:51.360503+00:00,0e69e50dff6625d9f684c0f6111f4df14125f62648b4268808a32a498fa1716b
13_crops_manual_recall_xunzi_2026-08-11/contact_sheets/model_775da0451f34_73522a21969b/tiles/figure_007.jpg,final_or_documentation,4979,2026-08-11T14:27:51.418927+00:00,67f07a74bd15fe0d0a8bbbadfed1e4122121d945fbd0da62e5f0b6f01ed14eff
13_crops_manual_recall_xunzi_2026-08-11/contact_sheets/model_775da0451f34_73522a21969b/tiles/figure_008.jpg,final_or_documentation,8827,2026-08-11T14:27:51.478031+00:00,09388e0c212b2ec8ba778b4a19c1e84d12dc452d6743558a07f63703606ed1f5
13_crops_manual_recall_xunzi_2026-08-11/contact_sheets/model_775da0451f34_73522a21969b/tiles/figure_009.jpg,final_or_documentation,8921,2026-08-11T14:27:51.539789+00:00,dd42dccfa033d8ade3fa0a186240e2db0031a32c475339ff1ac5fe6360d96fad
13_crops_manual_recall_xunzi_2026-08-11/contact_sheets/model_775da0451f34_73522a21969b/tiles/figure_010.jpg,final_or_documentation,8950,2026-08-11T14:27:51.601791+00:00,5c1deb477409c4572ae6c13b13c11ea38dc263fcd0fdfc92abfc0d27959eb1b7
13_crops_manual_recall_xunzi_2026-08-11/contact_sheets/model_775da0451f34_73522a21969b/tiles/figure_011.jpg,final_or_documentation,8838,2026-08-11T14:27:51.662218+00:00,aa518c0af6016c7bed4cec93dd9704a1260613fa9c57a8be0fb6328389ab6665
13_crops_manual_recall_xunzi_2026-08-11/contact_sheets/model_775da0451f34_73522a21969b/tiles/figure_012.jpg,final_or_documentation,8845,2026-08-11T14:27:51.723384+00:00,7acde967b2ab79bd21586c35a6cd4110dd8503903fd7ae0b2273719a644c701c
13_crops_manual_recall_xunzi_2026-08-11/contact_sheets/model_775da0451f34_73522a21969b/tiles/figure_013.jpg,final_or_documentation,9187,2026-08-11T14:27:51.784075+00:00,6ceccdf6d5dd11e24c01adaa5534c122fda412529e71ec6e8535f3ce66623d72
13_crops_manual_recall_xunzi_2026-08-11/contact_sheets/model_775da0451f34_73522a21969b/tiles/figure_014.jpg,final_or_documentation,8986,2026-08-11T14:27:51.845845+00:00,0a46e45e72fc6d806c61de0e66fcc1cc437cafd127af5f98a8b91e216a188ec6
13_crops_manual_recall_xunzi_2026-08-11/contact_sheets/model_775da0451f34_73522a21969b/tiles/figure_015.jpg,final_or_documentation,9133,2026-08-11T14:27:51.906075+00:00,0c535405f3efd773b41cbecf4bc9f483bab06cec53d610140a51b8eaca7e7139
13_crops_manual_recall_xunzi_2026-08-11/contact_sheets/model_775da0451f34_73522a21969b/tiles/figure_016.jpg,final_or_documentation,9118,2026-08-11T14:27:51.967177+00:00,5f2f2bb054aa13767d9c44bde96b301d453d5659041712a8fed92ec394b72346
13_crops_manual_recall_xunzi_2026-08-11/contact_sheets/model_775da0451f34_73522a21969b/tiles/figure_017.jpg,final_or_documentation,94249,2026-08-11T14:27:52.063041+00:00,e7b6611ea59c79c1a37940504a0481aa796d5a4284e7a3229694df90c78a9ae4
13_crops_manual_recall_xunzi_2026-08-11/contact_sheets/model_775da0451f34_73522a21969b/tiles/figure_018.jpg,final_or_documentation,73913,2026-08-11T14:27:52.132402+00:00,a5d001dd0431f5646e74b0d04712a46cdcd20af06d43dbf54627532734ba0c70
13_crops_manual_recall_xunzi_2026-08-11/contact_sheets/model_775da0451f34_73522a21969b/tiles/figure_019.jpg,final_or_documentation,21979,2026-08-11T14:27:52.194619+00:00,8c0f13dca04a4082e4787690e65140ca79c6128d3cd947511ff70c2d544fe187
13_crops_manual_recall_xunzi_2026-08-11/contact_sheets/model_775da0451f34_73522a21969b/tiles/figure_020.jpg,final_or_documentation,21063,2026-08-11T14:27:52.256582+00:00,2040d1b45a61b32e11b2c4b58be6162cde2a89d9841bb0f0df49850b31562c77
13_crops_manual_recall_xunzi_2026-08-11/contact_sheets/model_775da0451f34_73522a21969b/tiles/figure_021.jpg,final_or_documentation,21045,2026-08-11T14:27:52.319131+00:00,a6cb36745ad2fca6875e3b327914f6c6c15af853029876affd4cd69997eb2410
13_crops_manual_recall_xunzi_2026-08-11/contact_sheets/model_775da0451f34_73522a21969b/tiles/figure_022.jpg,final_or_documentation,21519,2026-08-11T14:27:52.381734+00:00,3e62851076d041252ece89b4ce3937cd9caac819f7592bdcf630c2755b0b8cc0
13_crops_manual_recall_xunzi_2026-08-11/contact_sheets/model_775da0451f34_73522a21969b/tiles/figure_023.jpg,final_or_documentation,73498,2026-08-11T14:27:52.449232+00:00,b2c6e7533fda070deda4eefdca6788bf48e6501d18972bdab8533fbf9e8a1214
13_crops_manual_recall_xunzi_2026-08-11/contact_sheets/model_775da0451f34_73522a21969b/tiles/figure_024.jpg,final_or_documentation,23389,2026-08-11T14:27:52.510430+00:00,5feca3238f8f302c1cd929c443bc30a176ded9c2151d8bc46781f48a165bcd1e
13_crops_manual_recall_xunzi_2026-08-11/contact_sheets/model_775da0451f34_73522a21969b/tiles/figure_025.jpg,final_or_documentation,102439,2026-08-11T14:27:52.621199+00:00,7a448864fc7a9a4ae078f8f740dd43386a5b38a14126ca256c4c8b4bbaaa6880
13_crops_manual_recall_xunzi_2026-08-11/contact_sheets/model_775da0451f34_73522a21969b/tiles/figure_026.jpg,final_or_documentation,33225,2026-08-11T14:27:52.687095+00:00,904cdd635ba415c6b466ee2e7f48a3b4e0ea1018d546a73d3642c4d9f7d6a7d6
13_crops_manual_recall_xunzi_2026-08-11/contact_sheets/model_775da0451f34_73522a21969b/tiles/figure_027.jpg,final_or_documentation,99276,2026-08-11T14:27:52.778780+00:00,abd2a8677fe654bcfe14f0bf01f219534278e1ad42d775ea3682c479b7badd09
13_crops_manual_recall_xunzi_2026-08-11/contact_sheets/model_775da0451f34_73522a21969b/tiles/figure_028.jpg,final_or_documentation,30056,2026-08-11T14:27:52.842924+00:00,61df6b04e592e150e16c1b21611dc358cfca7882e487139918eec112b4ec0ad8
13_crops_manual_recall_xunzi_2026-08-11/contact_sheets/model_775da0451f34_73522a21969b/tiles/figure_029.jpg,final_or_documentation,30323,2026-08-11T14:27:52.912803+00:00,1533859ff61806a70ea865b0effae37be4a15b72d02690e171ec6abd72108ac8
13_crops_manual_recall_xunzi_2026-08-11/contact_sheets/model_775da0451f34_73522a21969b/tiles/figure_030.jpg,final_or_documentation,31093,2026-08-11T14:27:52.980503+00:00,4d29391782e83a45737f59e535dd1eccbd39120249a649e9cb34eb81fe242063
13_crops_manual_recall_xunzi_2026-08-11/contact_sheets/model_775da0451f34_73522a21969b/tiles/figure_031.jpg,final_or_documentation,32200,2026-08-11T14:27:53.044239+00:00,590f8f5749f3ecc0053f894c908269eeeff767b1c779bc8c36b8d061adb96426
13_crops_manual_recall_xunzi_2026-08-11/contact_sheets/model_775da0451f34_73522a21969b/tiles/figure_032.jpg,final_or_documentation,22776,2026-08-11T14:27:53.106841+00:00,2067f3219ab5e7c421ee8d3c2367d6a1ba9fb8fbc5e4ac8414e22114c6985d09
13_crops_manual_recall_xunzi_2026-08-11/contact_sheets/model_775da0451f34_73522a21969b/tiles/figure_033.jpg,final_or_documentation,37267,2026-08-11T14:27:53.169335+00:00,3db36f3ee2e6c70cbaa841eb23b90f98783b13c5e687bf0017c9565f4b755721
13_crops_manual_recall_xunzi_2026-08-11/contact_sheets/model_775da0451f34_73522a21969b/tiles/figure_034.jpg,final_or_documentation,21090,2026-08-11T14:27:53.231698+00:00,6edc6c7421cba364fef8dbb7f7eb05b03aa092127b77d811fca510975ca89dc5
13_crops_manual_recall_xunzi_2026-08-11/contact_sheets/model_775da0451f34_73522a21969b/tiles/figure_035.jpg,final_or_documentation,43180,2026-08-11T14:27:53.294196+00:00,4640fe8e0e891624781711399ecaf857d8b36dc41bb1d0a95d46bfcf6196f7dc
13_crops_manual_recall_xunzi_2026-08-11/contact_sheets/model_775da0451f34_73522a21969b/tiles/figure_036.jpg,final_or_documentation,41751,2026-08-11T14:27:53.358587+00:00,463749535f942fbcf8c6ad8d26d57c024a1f1cd5fabf3f237e544922fc39b339
13_crops_manual_recall_xunzi_2026-08-11/contact_sheets/model_775da0451f34_73522a21969b/tiles/figure_037.jpg,final_or_documentation,29046,2026-08-11T14:27:53.419235+00:00,cc4e915d494ad7424c30bf520764ecceebdf037c57d3af87ee5377f52da135bd
13_crops_manual_recall_xunzi_2026-08-11/contact_sheets/model_775da0451f34_73522a21969b/tiles/figure_038.jpg,final_or_documentation,42404,2026-08-11T14:27:53.481393+00:00,c4b47b9e2e69019fb5c0f11476eae553ecc564c56e738549e1a7d4dafb9a3e08
13_crops_manual_recall_xunzi_2026-08-11/contact_sheets/model_775da0451f34_73522a21969b/tiles/figure_039.jpg,final_or_documentation,33761,2026-08-11T14:27:53.544081+00:00,2885af06afdc54937c0f3e1ffd913640e6b437a63438aa1ed474ab2c382946ce
13_crops_manual_recall_xunzi_2026-08-11/contact_sheets/model_775da0451f34_73522a21969b/tiles/figure_040.jpg,final_or_documentation,61785,2026-08-11T14:27:53.647439+00:00,e76e97c0eafc6b2582774d9a76a0e5e95d272449384582aacc077d0270b50f30
13_crops_manual_recall_xunzi_2026-08-11/contact_sheets/model_775da0451f34_73522a21969b/tiles/figure_041.jpg,final_or_documentation,76226,2026-08-11T14:27:53.750815+00:00,cfe2270fea904210aafe696e10f9a2ee171eba070561a10d6c0e5af15bcab324
13_crops_manual_recall_xunzi_2026-08-11/contact_sheets/model_775da0451f34_73522a21969b/tiles/figure_042.jpg,final_or_documentation,61826,2026-08-11T14:27:53.838669+00:00,bb1c1941a27c98cc15d8e96f3bcb2de104fb5f79f0ce861f15ad96855d317d24
13_crops_manual_recall_xunzi_2026-08-11/contact_sheets/model_d3b03caa65b1_43456f6aed10/all_figures.jpg,final_or_documentation,1659387,2026-08-11T14:27:54.549880+00:00,c2275c6bc00215d614e1839e64868d3025a68d7a282e8bb3eed09e5c5d0fb28d
13_crops_manual_recall_xunzi_2026-08-11/contact_sheets/model_d3b03caa65b1_43456f6aed10/tiles/figure_001.jpg,final_or_documentation,7735,2026-08-11T14:27:50.857194+00:00,1fde3922d3a84595f78b152107c8adde7bc790db46937e584d1edf69b4bdaa00
13_crops_manual_recall_xunzi_2026-08-11/contact_sheets/model_d3b03caa65b1_43456f6aed10/tiles/figure_002.jpg,final_or_documentation,84237,2026-08-11T14:27:50.962665+00:00,450be156651b8514c13e50dae84aaf93bff1affd4c4d2e03ce7708d3a7543819
13_crops_manual_recall_xunzi_2026-08-11/contact_sheets/model_d3b03caa65b1_43456f6aed10/tiles/figure_003.jpg,final_or_documentation,72535,2026-08-11T14:27:51.076627+00:00,3b2648c469b71e320622ccd72073c13c278f5e25da8f23482186fb71d48087e5
13_crops_manual_recall_xunzi_2026-08-11/contact_sheets/model_d3b03caa65b1_43456f6aed10/tiles/figure_004.jpg,final_or_documentation,67825,2026-08-11T14:27:51.189388+00:00,1e5d6f44fc2037bdc22579e93b9cad59a7a6f0369096138bea2f6b87fe82a605
13_crops_manual_recall_xunzi_2026-08-11/contact_sheets/model_d3b03caa65b1_43456f6aed10/tiles/figure_005.jpg,final_or_documentation,74764,2026-08-11T14:27:51.301283+00:00,d35b7fae37609f60072b9f4113d2b5283b493edad13c92743da181ec8387132c
13_crops_manual_recall_xunzi_2026-08-11/contact_sheets/model_d3b03caa65b1_43456f6aed10/tiles/figure_006.jpg,final_or_documentation,8524,2026-08-11T14:27:51.360499+00:00,0e69e50dff6625d9f684c0f6111f4df14125f62648b4268808a32a498fa1716b
13_crops_manual_recall_xunzi_2026-08-11/contact_sheets/model_d3b03caa65b1_43456f6aed10/tiles/figure_007.jpg,final_or_documentation,4979,2026-08-11T14:27:51.418927+00:00,67f07a74bd15fe0d0a8bbbadfed1e4122121d945fbd0da62e5f0b6f01ed14eff
13_crops_manual_recall_xunzi_2026-08-11/contact_sheets/model_d3b03caa65b1_43456f6aed10/tiles/figure_008.jpg,final_or_documentation,8827,2026-08-11T14:27:51.478034+00:00,09388e0c212b2ec8ba778b4a19c1e84d12dc452d6743558a07f63703606ed1f5
13_crops_manual_recall_xunzi_2026-08-11/contact_sheets/model_d3b03caa65b1_43456f6aed10/tiles/figure_009.jpg,final_or_documentation,8921,2026-08-11T14:27:51.539801+00:00,dd42dccfa033d8ade3fa0a186240e2db0031a32c475339ff1ac5fe6360d96fad
13_crops_manual_recall_xunzi_2026-08-11/contact_sheets/model_d3b03caa65b1_43456f6aed10/tiles/figure_010.jpg,final_or_documentation,8950,2026-08-11T14:27:51.601379+00:00,5c1deb477409c4572ae6c13b13c11ea38dc263fcd0fdfc92abfc0d27959eb1b7
13_crops_manual_recall_xunzi_2026-08-11/contact_sheets/model_d3b03caa65b1_43456f6aed10/tiles/figure_011.jpg,final_or_documentation,8838,2026-08-11T14:27:51.662218+00:00,aa518c0af6016c7bed4cec93dd9704a1260613fa9c57a8be0fb6328389ab6665
13_crops_manual_recall_xunzi_2026-08-11/contact_sheets/model_d3b03caa65b1_43456f6aed10/tiles/figure_012.jpg,final_or_documentation,8845,2026-08-11T14:27:51.723632+00:00,7acde967b2ab79bd21586c35a6cd4110dd8503903fd7ae0b2273719a644c701c
13_crops_manual_recall_xunzi_2026-08-11/contact_sheets/model_d3b03caa65b1_43456f6aed10/tiles/figure_013.jpg,final_or_documentation,9187,2026-08-11T14:27:51.784068+00:00,6ceccdf6d5dd11e24c01adaa5534c122fda412529e71ec6e8535f3ce66623d72
13_crops_manual_recall_xunzi_2026-08-11/contact_sheets/model_d3b03caa65b1_43456f6aed10/tiles/figure_014.jpg,final_or_documentation,8986,2026-08-11T14:27:51.845863+00:00,0a46e45e72fc6d806c61de0e66fcc1cc437cafd127af5f98a8b91e216a188ec6
13_crops_manual_recall_xunzi_2026-08-11/contact_sheets/model_d3b03caa65b1_43456f6aed10/tiles/figure_015.jpg,final_or_documentation,9133,2026-08-11T14:27:51.907307+00:00,0c535405f3efd773b41cbecf4bc9f483bab06cec53d610140a51b8eaca7e7139
13_crops_manual_recall_xunzi_2026-08-11/contact_sheets/model_d3b03caa65b1_43456f6aed10/tiles/figure_016.jpg,final_or_documentation,9118,2026-08-11T14:27:51.967492+00:00,5f2f2bb054aa13767d9c44bde96b301d453d5659041712a8fed92ec394b72346
13_crops_manual_recall_xunzi_2026-08-11/contact_sheets/model_d3b03caa65b1_43456f6aed10/tiles/figure_017.jpg,final_or_documentation,94249,2026-08-11T14:27:52.063035+00:00,e7b6611ea59c79c1a37940504a0481aa796d5a4284e7a3229694df90c78a9ae4
13_crops_manual_recall_xunzi_2026-08-11/contact_sheets/model_d3b03caa65b1_43456f6aed10/tiles/figure_018.jpg,final_or_documentation,73913,2026-08-11T14:27:52.133077+00:00,a5d001dd0431f5646e74b0d04712a46cdcd20af06d43dbf54627532734ba0c70
13_crops_manual_recall_xunzi_2026-08-11/contact_sheets/model_d3b03caa65b1_43456f6aed10/tiles/figure_019.jpg,final_or_documentation,21979,2026-08-11T14:27:52.194368+00:00,8c0f13dca04a4082e4787690e65140ca79c6128d3cd947511ff70c2d544fe187
13_crops_manual_recall_xunzi_2026-08-11/contact_sheets/model_d3b03caa65b1_43456f6aed10/tiles/figure_020.jpg,final_or_documentation,21063,2026-08-11T14:27:52.256454+00:00,2040d1b45a61b32e11b2c4b58be6162cde2a89d9841bb0f0df49850b31562c77
13_crops_manual_recall_xunzi_2026-08-11/contact_sheets/model_d3b03caa65b1_43456f6aed10/tiles/figure_021.jpg,final_or_documentation,21045,2026-08-11T14:27:52.319130+00:00,a6cb36745ad2fca6875e3b327914f6c6c15af853029876affd4cd69997eb2410
13_crops_manual_recall_xunzi_2026-08-11/contact_sheets/model_d3b03caa65b1_43456f6aed10/tiles/figure_022.jpg,final_or_documentation,21519,2026-08-11T14:27:52.381357+00:00,3e62851076d041252ece89b4ce3937cd9caac819f7592bdcf630c2755b0b8cc0
13_crops_manual_recall_xunzi_2026-08-11/contact_sheets/model_d3b03caa65b1_43456f6aed10/tiles/figure_023.jpg,final_or_documentation,73498,2026-08-11T14:27:52.448611+00:00,b2c6e7533fda070deda4eefdca6788bf48e6501d18972bdab8533fbf9e8a1214
13_crops_manual_recall_xunzi_2026-08-11/contact_sheets/model_d3b03caa65b1_43456f6aed10/tiles/figure_024.jpg,final_or_documentation,23389,2026-08-11T14:27:52.510676+00:00,5feca3238f8f302c1cd929c443bc30a176ded9c2151d8bc46781f48a165bcd1e
13_crops_manual_recall_xunzi_2026-08-11/contact_sheets/model_d3b03caa65b1_43456f6aed10/tiles/figure_025.jpg,final_or_documentation,102439,2026-08-11T14:27:52.621570+00:00,7a448864fc7a9a4ae078f8f740dd43386a5b38a14126ca256c4c8b4bbaaa6880
13_crops_manual_recall_xunzi_2026-08-11/contact_sheets/model_d3b03caa65b1_43456f6aed10/tiles/figure_026.jpg,final_or_documentation,33225,2026-08-11T14:27:52.686977+00:00,904cdd635ba415c6b466ee2e7f48a3b4e0ea1018d546a73d3642c4d9f7d6a7d6
13_crops_manual_recall_xunzi_2026-08-11/contact_sheets/model_d3b03caa65b1_43456f6aed10/tiles/figure_027.jpg,final_or_documentation,99276,2026-08-11T14:27:52.778780+00:00,abd2a8677fe654bcfe14f0bf01f219534278e1ad42d775ea3682c479b7badd09
13_crops_manual_recall_xunzi_2026-08-11/contact_sheets/model_d3b03caa65b1_43456f6aed10/tiles/figure_028.jpg,final_or_documentation,30056,2026-08-11T14:27:52.842977+00:00,61df6b04e592e150e16c1b21611dc358cfca7882e487139918eec112b4ec0ad8
13_crops_manual_recall_xunzi_2026-08-11/contact_sheets/model_d3b03caa65b1_43456f6aed10/tiles/figure_029.jpg,final_or_documentation,30323,2026-08-11T14:27:52.913540+00:00,1533859ff61806a70ea865b0effae37be4a15b72d02690e171ec6abd72108ac8
13_crops_manual_recall_xunzi_2026-08-11/contact_sheets/model_d3b03caa65b1_43456f6aed10/tiles/figure_030.jpg,final_or_documentation,31093,2026-08-11T14:27:52.980859+00:00,4d29391782e83a45737f59e535dd1eccbd39120249a649e9cb34eb81fe242063
13_crops_manual_recall_xunzi_2026-08-11/contact_sheets/model_d3b03caa65b1_43456f6aed10/tiles/figure_031.jpg,final_or_documentation,32200,2026-08-11T14:27:53.044667+00:00,590f8f5749f3ecc0053f894c908269eeeff767b1c779bc8c36b8d061adb96426
13_crops_manual_recall_xunzi_2026-08-11/contact_sheets/model_d3b03caa65b1_43456f6aed10/tiles/figure_032.jpg,final_or_documentation,22776,2026-08-11T14:27:53.106106+00:00,2067f3219ab5e7c421ee8d3c2367d6a1ba9fb8fbc5e4ac8414e22114c6985d09
13_crops_manual_recall_xunzi_2026-08-11/contact_sheets/model_d3b03caa65b1_43456f6aed10/tiles/figure_033.jpg,final_or_documentation,37267,2026-08-11T14:27:53.169599+00:00,3db36f3ee2e6c70cbaa841eb23b90f98783b13c5e687bf0017c9565f4b755721
13_crops_manual_recall_xunzi_2026-08-11/contact_sheets/model_d3b03caa65b1_43456f6aed10/tiles/figure_034.jpg,final_or_documentation,21090,2026-08-11T14:27:53.231369+00:00,6edc6c7421cba364fef8dbb7f7eb05b03aa092127b77d811fca510975ca89dc5
13_crops_manual_recall_xunzi_2026-08-11/contact_sheets/model_d3b03caa65b1_43456f6aed10/tiles/figure_035.jpg,final_or_documentation,43180,2026-08-11T14:27:53.293877+00:00,4640fe8e0e891624781711399ecaf857d8b36dc41bb1d0a95d46bfcf6196f7dc
13_crops_manual_recall_xunzi_2026-08-11/contact_sheets/model_d3b03caa65b1_43456f6aed10/tiles/figure_036.jpg,final_or_documentation,41751,2026-08-11T14:27:53.357562+00:00,463749535f942fbcf8c6ad8d26d57c024a1f1cd5fabf3f237e544922fc39b339
13_crops_manual_recall_xunzi_2026-08-11/contact_sheets/model_d3b03caa65b1_43456f6aed10/tiles/figure_037.jpg,final_or_documentation,29046,2026-08-11T14:27:53.419326+00:00,cc4e915d494ad7424c30bf520764ecceebdf037c57d3af87ee5377f52da135bd
13_crops_manual_recall_xunzi_2026-08-11/contact_sheets/model_d3b03caa65b1_43456f6aed10/tiles/figure_038.jpg,final_or_documentation,42404,2026-08-11T14:27:53.481539+00:00,c4b47b9e2e69019fb5c0f11476eae553ecc564c56e738549e1a7d4dafb9a3e08
13_crops_manual_recall_xunzi_2026-08-11/contact_sheets/model_d3b03caa65b1_43456f6aed10/tiles/figure_039.jpg,final_or_documentation,33761,2026-08-11T14:27:53.544079+00:00,2885af06afdc54937c0f3e1ffd913640e6b437a63438aa1ed474ab2c382946ce
13_crops_manual_recall_xunzi_2026-08-11/contact_sheets/model_d3b03caa65b1_43456f6aed10/tiles/figure_040.jpg,final_or_documentation,61785,2026-08-11T14:27:53.647086+00:00,e76e97c0eafc6b2582774d9a76a0e5e95d272449384582aacc077d0270b50f30
13_crops_manual_recall_xunzi_2026-08-11/contact_sheets/model_d3b03caa65b1_43456f6aed10/tiles/figure_041.jpg,final_or_documentation,76226,2026-08-11T14:27:53.751033+00:00,cfe2270fea904210aafe696e10f9a2ee171eba070561a10d6c0e5af15bcab324
13_crops_manual_recall_xunzi_2026-08-11/contact_sheets/model_d3b03caa65b1_43456f6aed10/tiles/figure_042.jpg,final_or_documentation,61826,2026-08-11T14:27:53.838669+00:00,bb1c1941a27c98cc15d8e96f3bcb2de104fb5f79f0ce861f15ad96855d317d24
13_crops_manual_recall_xunzi_2026-08-11/crop_ledger.json,final_or_documentation,10477,2026-08-11T14:29:44.524542+00:00,77f20ba09ab69ba983fd9e77cf5db6e21e965efad8e010f743067923e25e3b83
13_crops_manual_recall_xunzi_2026-08-11/models/model_0b0332ce2b16_83a443715a32/adjudicator/metadata.json,final_or_documentation,897,2026-08-11T14:28:41.395456+00:00,d9edae9686bf8d608d242f52e652f92d7618a4e6e415c927391844741a72b175
13_crops_manual_recall_xunzi_2026-08-11/models/model_0b0332ce2b16_83a443715a32/adjudicator/prompt.txt,final_or_documentation,62584,2026-08-11T14:28:23.624744+00:00,e106eabcec98a9fae745a5b60925b1430b35cd67d104c534c57eed8a1a1c5250
13_crops_manual_recall_xunzi_2026-08-11/models/model_0b0332ce2b16_83a443715a32/adjudicator/response.json,final_or_documentation,677,2026-08-11T14:28:40.764595+00:00,80380cbfa1ed4825d5ada23e1c37351aca10e3bbcb2a06c16e307c257d503ecc
13_crops_manual_recall_xunzi_2026-08-11/models/model_0b0332ce2b16_83a443715a32/adjudicator/schema.json,final_or_documentation,691,2026-08-11T14:28:23.624607+00:00,c61d3018a5314b267e8811ca91d2dfaecfef672922a646d7627735423994091c
13_crops_manual_recall_xunzi_2026-08-11/models/model_0b0332ce2b16_83a443715a32/adjudicator/stderr.log,final_or_documentation,66680,2026-08-11T14:28:41.395233+00:00,32346a1553a38f7fcf83caf05edfbc53bdaef622ae48f3ab848134477471948f
13_crops_manual_recall_xunzi_2026-08-11/models/model_0b0332ce2b16_83a443715a32/adjudicator/stdout.log,final_or_documentation,678,2026-08-11T14:28:41.394989+00:00,3ae2bfa7a782f497c41fe25210c1afa64c5797304405db5f6520e37db8f068e7
13_crops_manual_recall_xunzi_2026-08-11/models/model_0b0332ce2b16_83a443715a32/cropper/metadata.json,final_or_documentation,949,2026-08-11T14:29:23.294170+00:00,dc4a08997e6044101323ecb7f1bac04e19ef0479865a57905a07cb61e235617b
13_crops_manual_recall_xunzi_2026-08-11/models/model_0b0332ce2b16_83a443715a32/cropper/prompt.txt,final_or_documentation,15926,2026-08-11T14:28:41.396078+00:00,f89c4dac3b194a7488b2411f2b4706dd0aa6d156d36b68b59ace8f7889090539
13_crops_manual_recall_xunzi_2026-08-11/models/model_0b0332ce2b16_83a443715a32/cropper/response.json,final_or_documentation,800,2026-08-11T14:29:23.080420+00:00,05372969daab4c353cff0737649b6164de5ddc97d9f66391b3acdb4e5e87dc53
13_crops_manual_recall_xunzi_2026-08-11/models/model_0b0332ce2b16_83a443715a32/cropper/schema.json,final_or_documentation,1353,2026-08-11T14:28:41.395913+00:00,4b899c06bd6b5bacefa1c5dfd46004e68cc0a96e79ea37cd4471a4fde9d9e536
13_crops_manual_recall_xunzi_2026-08-11/models/model_0b0332ce2b16_83a443715a32/cropper/stderr.log,final_or_documentation,21222,2026-08-11T14:29:23.293824+00:00,928dd964e547bb4e6a3b93926745032f0f531a11c4d4b67afbccdaebf8f1aa5d
13_crops_manual_recall_xunzi_2026-08-11/models/model_0b0332ce2b16_83a443715a32/cropper/stdout.log,final_or_documentation,801,2026-08-11T14:29:23.293463+00:00,6e374952da6964f4daa02038ddfdf2ed3e37d464f7cd66652216efc4fcde64be
13_crops_manual_recall_xunzi_2026-08-11/models/model_0b0332ce2b16_83a443715a32/specificity_selector/metadata.json,final_or_documentation,915,2026-08-11T14:28:23.624006+00:00,4b149bb5aa7f4ec20d7462af2bc8fb83d4ee64a2eb843423e358c70b58f4d3bd
13_crops_manual_recall_xunzi_2026-08-11/models/model_0b0332ce2b16_83a443715a32/specificity_selector/prompt.txt,final_or_documentation,61706,2026-08-11T14:28:12.108756+00:00,b2d2aac9a382f7f8bb3b6d3f015b6a2b9e51f762e03943292ccc6946dbf06d25
13_crops_manual_recall_xunzi_2026-08-11/models/model_0b0332ce2b16_83a443715a32/specificity_selector/response.json,final_or_documentation,637,2026-08-11T14:28:22.736748+00:00,828d3617a196c9177eba3766d54f97060d35ae9b6798fdc30f46c0c23e067603
13_crops_manual_recall_xunzi_2026-08-11/models/model_0b0332ce2b16_83a443715a32/specificity_selector/schema.json,final_or_documentation,691,2026-08-11T14:28:12.108585+00:00,c61d3018a5314b267e8811ca91d2dfaecfef672922a646d7627735423994091c
13_crops_manual_recall_xunzi_2026-08-11/models/model_0b0332ce2b16_83a443715a32/specificity_selector/stderr.log,final_or_documentation,65762,2026-08-11T14:28:23.623751+00:00,d4fc0f82febf48fb24197d5ee05adf4685be3249503dbadd4649ab5c44365b25
13_crops_manual_recall_xunzi_2026-08-11/models/model_0b0332ce2b16_83a443715a32/specificity_selector/stdout.log,final_or_documentation,638,2026-08-11T14:28:23.623539+00:00,fd79b1a790e3bb4a3bc0288f9404d6008ed17118d8b7f95acf811fb25bccab87
13_crops_manual_recall_xunzi_2026-08-11/models/model_0b0332ce2b16_83a443715a32/sufficiency_selector/metadata.json,final_or_documentation,915,2026-08-11T14:28:12.107859+00:00,47c976fdbabd4166f54d399580833fc2d3525a6b7a38c7aaca1310162b0f0ac9
13_crops_manual_recall_xunzi_2026-08-11/models/model_0b0332ce2b16_83a443715a32/sufficiency_selector/prompt.txt,final_or_documentation,61662,2026-08-11T14:27:54.584292+00:00,a22b091bc1274a809b5ac298ad1c70ba1171b428e338442f92fe9ac9a5f85dfb
13_crops_manual_recall_xunzi_2026-08-11/models/model_0b0332ce2b16_83a443715a32/sufficiency_selector/response.json,final_or_documentation,495,2026-08-11T14:28:11.225274+00:00,64e513bebe209272e9006ebfd0535fb59b77472a71b27c4a59018a54ab343355
13_crops_manual_recall_xunzi_2026-08-11/models/model_0b0332ce2b16_83a443715a32/sufficiency_selector/schema.json,final_or_documentation,691,2026-08-11T14:27:54.584015+00:00,c61d3018a5314b267e8811ca91d2dfaecfef672922a646d7627735423994091c
13_crops_manual_recall_xunzi_2026-08-11/models/model_0b0332ce2b16_83a443715a32/sufficiency_selector/stderr.log,final_or_documentation,65868,2026-08-11T14:28:12.107575+00:00,eb4a00a573418d71f6303b70c98088b2c901a7224d25643b8bfad14ec5969897
13_crops_manual_recall_xunzi_2026-08-11/models/model_0b0332ce2b16_83a443715a32/sufficiency_selector/stdout.log,final_or_documentation,496,2026-08-11T14:28:12.107319+00:00,85e250d984626ca10fcf3f462a445c7a5e7d5a93db9ff23ef6e7266f1b787ce6
13_crops_manual_recall_xunzi_2026-08-11/models/model_775da0451f34_73522a21969b/adjudicator/metadata.json,final_or_documentation,897,2026-08-11T14:28:48.772437+00:00,2cb8e169b85de5b4a78f6b4331864f08396116eeae76d6af6cbe8a2b5ff700d2
13_crops_manual_recall_xunzi_2026-08-11/models/model_775da0451f34_73522a21969b/adjudicator/prompt.txt,final_or_documentation,53551,2026-08-11T14:28:32.805298+00:00,24e8e9e26aca6146c75455659a76063fdca8af0dfd0d1ed9abc0683fdccacf24
13_crops_manual_recall_xunzi_2026-08-11/models/model_775da0451f34_73522a21969b/adjudicator/response.json,final_or_documentation,610,2026-08-11T14:28:48.472794+00:00,cdcfded0e3945937a0e973c480b0ff75ac7e2727be6c83096e21e8383fbe1e18
13_crops_manual_recall_xunzi_2026-08-11/models/model_775da0451f34_73522a21969b/adjudicator/schema.json,final_or_documentation,691,2026-08-11T14:28:32.805081+00:00,c61d3018a5314b267e8811ca91d2dfaecfef672922a646d7627735423994091c
13_crops_manual_recall_xunzi_2026-08-11/models/model_775da0451f34_73522a21969b/adjudicator/stderr.log,final_or_documentation,57580,2026-08-11T14:28:48.772232+00:00,3c9e2cd0ecd657a319cf21a74faa0d254eca9b13cd3234e49b255780f5db13c0
13_crops_manual_recall_xunzi_2026-08-11/models/model_775da0451f34_73522a21969b/adjudicator/stdout.log,final_or_documentation,611,2026-08-11T14:28:48.772021+00:00,b276b4fd6fc3b3d9325ff448ff8581782190fb813db92acb8d697c45bb4d08fa
13_crops_manual_recall_xunzi_2026-08-11/models/model_775da0451f34_73522a21969b/cropper/metadata.json,final_or_documentation,949,2026-08-11T14:29:44.443973+00:00,bfcebde3baa7841690410bad0dccb2fafb26dbb7c298abed06ee9c6d77f4333e
13_crops_manual_recall_xunzi_2026-08-11/models/model_775da0451f34_73522a21969b/cropper/prompt.txt,final_or_documentation,7053,2026-08-11T14:28:48.773011+00:00,18423e65129b37f82b4f74f913b41cfb8e7a27d3803f57ca5ea5eac6101d9339
13_crops_manual_recall_xunzi_2026-08-11/models/model_775da0451f34_73522a21969b/cropper/response.json,final_or_documentation,680,2026-08-11T14:29:43.904407+00:00,1ac10b5246428f552a329d6129ab6a3334a747c2edd03b7c6b66d897a48cb976
13_crops_manual_recall_xunzi_2026-08-11/models/model_775da0451f34_73522a21969b/cropper/schema.json,final_or_documentation,1353,2026-08-11T14:28:48.772796+00:00,4b899c06bd6b5bacefa1c5dfd46004e68cc0a96e79ea37cd4471a4fde9d9e536
13_crops_manual_recall_xunzi_2026-08-11/models/model_775da0451f34_73522a21969b/cropper/stderr.log,final_or_documentation,10861,2026-08-11T14:29:44.443670+00:00,42b29cfe3e6e97a523befdae6414deb55957ea596f7d086de04e9d3f6fbaf175
13_crops_manual_recall_xunzi_2026-08-11/models/model_775da0451f34_73522a21969b/cropper/stdout.log,final_or_documentation,681,2026-08-11T14:29:44.442915+00:00,e5804599d48a963927acde907f42d9a295f5ddd2af6ba885560572f17150ff33
13_crops_manual_recall_xunzi_2026-08-11/models/model_775da0451f34_73522a21969b/specificity_selector/metadata.json,final_or_documentation,915,2026-08-11T14:28:32.804112+00:00,f5d42b137839c67a68f3f2af0ff6c99d2c58dec67f032d78382bbacd33291f40
13_crops_manual_recall_xunzi_2026-08-11/models/model_775da0451f34_73522a21969b/specificity_selector/prompt.txt,final_or_documentation,52833,2026-08-11T14:28:17.665257+00:00,dd156a9da23823bbeaea977e1537daf87976b3aa41c5aaf2e8d03528631d1342
13_crops_manual_recall_xunzi_2026-08-11/models/model_775da0451f34_73522a21969b/specificity_selector/response.json,final_or_documentation,491,2026-08-11T14:28:31.853097+00:00,98f35f71cfdfc9f79aece7cca06c9db9e41343b6cbf0a8e38cfeb18fb14c2d93
13_crops_manual_recall_xunzi_2026-08-11/models/model_775da0451f34_73522a21969b/specificity_selector/schema.json,final_or_documentation,691,2026-08-11T14:28:17.665117+00:00,c61d3018a5314b267e8811ca91d2dfaecfef672922a646d7627735423994091c
13_crops_manual_recall_xunzi_2026-08-11/models/model_775da0451f34_73522a21969b/specificity_selector/stderr.log,final_or_documentation,56743,2026-08-11T14:28:32.803733+00:00,8f5023b56e825a5c69ac1ab1a546ff856026e7a0525d6bbd5f221f78c3bf514a
13_crops_manual_recall_xunzi_2026-08-11/models/model_775da0451f34_73522a21969b/specificity_selector/stdout.log,final_or_documentation,492,2026-08-11T14:28:32.803429+00:00,bbd6c9e515ebd7052e7dcc5a077c2d4171ba35c0f3332545611b0b5ee1867a1c
13_crops_manual_recall_xunzi_2026-08-11/models/model_775da0451f34_73522a21969b/sufficiency_selector/metadata.json,final_or_documentation,915,2026-08-11T14:28:17.664605+00:00,da4d81b81e94c8fd4beeb9a28913349226a24beea1a8d0b34ef617ed2492e9f6
13_crops_manual_recall_xunzi_2026-08-11/models/model_775da0451f34_73522a21969b/sufficiency_selector/prompt.txt,final_or_documentation,52789,2026-08-11T14:27:54.589638+00:00,0a3accd8963102a8adcec9559f2459120826dcb2aed61f01450d96bbbfd6d2a6
13_crops_manual_recall_xunzi_2026-08-11/models/model_775da0451f34_73522a21969b/sufficiency_selector/response.json,final_or_documentation,489,2026-08-11T14:28:17.352375+00:00,06caff6e2730185b82f513bec32afd8cf63c1e5a9aff50cf12a568c7f4fe14e4
13_crops_manual_recall_xunzi_2026-08-11/models/model_775da0451f34_73522a21969b/sufficiency_selector/schema.json,final_or_documentation,691,2026-08-11T14:27:54.589444+00:00,c61d3018a5314b267e8811ca91d2dfaecfef672922a646d7627735423994091c
13_crops_manual_recall_xunzi_2026-08-11/models/model_775da0451f34_73522a21969b/sufficiency_selector/stderr.log,final_or_documentation,56843,2026-08-11T14:28:17.664389+00:00,ab15b36b18c98b055d2c5a2716d53cf8d3edc3ecc223cdccffdfecda045042a5
13_crops_manual_recall_xunzi_2026-08-11/models/model_775da0451f34_73522a21969b/sufficiency_selector/stdout.log,final_or_documentation,490,2026-08-11T14:28:17.664222+00:00,27994c9f7aab5504da6a4a3b288c76d281e3b2c6c3eeb6ba8752a79ddc4ac1cc
13_crops_manual_recall_xunzi_2026-08-11/models/model_d3b03caa65b1_43456f6aed10/adjudicator/metadata.json,final_or_documentation,897,2026-08-11T14:28:30.778505+00:00,08bc23d6da0ff98ec726824885e1295a2770d310a93b6358a7958e755fe34678
13_crops_manual_recall_xunzi_2026-08-11/models/model_d3b03caa65b1_43456f6aed10/adjudicator/prompt.txt,final_or_documentation,58121,2026-08-11T14:28:20.762742+00:00,ceeb3ee3527f2ddef5ec6bf0b75902818ba356918aac47c9da68806ecbcfeb8f
13_crops_manual_recall_xunzi_2026-08-11/models/model_d3b03caa65b1_43456f6aed10/adjudicator/response.json,final_or_documentation,551,2026-08-11T14:28:30.110611+00:00,18acbf074cf98339bad3e59d962b58b3aad276da5fac561fcd565afd95aba8d4
13_crops_manual_recall_xunzi_2026-08-11/models/model_d3b03caa65b1_43456f6aed10/adjudicator/schema.json,final_or_documentation,691,2026-08-11T14:28:20.762568+00:00,c61d3018a5314b267e8811ca91d2dfaecfef672922a646d7627735423994091c
13_crops_manual_recall_xunzi_2026-08-11/models/model_d3b03caa65b1_43456f6aed10/adjudicator/stderr.log,final_or_documentation,62091,2026-08-11T14:28:30.778236+00:00,1d5755a0387e5bcf113da9fdf0134bb4fd6cbb454d14edb1cfdd0650f4dad4b4
13_crops_manual_recall_xunzi_2026-08-11/models/model_d3b03caa65b1_43456f6aed10/adjudicator/stdout.log,final_or_documentation,552,2026-08-11T14:28:30.777993+00:00,4e5ea1a4131d1b89c4c415bfa5acc63c81dbb2ef501a9a9b455ea7bdb72efff1
13_crops_manual_recall_xunzi_2026-08-11/models/model_d3b03caa65b1_43456f6aed10/cropper/metadata.json,final_or_documentation,949,2026-08-11T14:28:50.732452+00:00,58c8bd9a37f2d6c8f10216fb726c6f49199953acd33a93f0d4154fa902a7cde6
13_crops_manual_recall_xunzi_2026-08-11/models/model_d3b03caa65b1_43456f6aed10/cropper/prompt.txt,final_or_documentation,11619,2026-08-11T14:28:30.779255+00:00,cb1f932d7bbef73acad81e65d668f13f116eee55c535aecaa255c64321a602dd
13_crops_manual_recall_xunzi_2026-08-11/models/model_d3b03caa65b1_43456f6aed10/cropper/response.json,final_or_documentation,653,2026-08-11T14:28:49.939366+00:00,135fbf6bb08048ec9d641d883f0bedbde6000a398c6ee5cc40fd106546cd0134
13_crops_manual_recall_xunzi_2026-08-11/models/model_d3b03caa65b1_43456f6aed10/cropper/schema.json,final_or_documentation,1353,2026-08-11T14:28:30.778968+00:00,4b899c06bd6b5bacefa1c5dfd46004e68cc0a96e79ea37cd4471a4fde9d9e536
13_crops_manual_recall_xunzi_2026-08-11/models/model_d3b03caa65b1_43456f6aed10/cropper/stderr.log,final_or_documentation,15691,2026-08-11T14:28:50.732266+00:00,a05ac4b7cc4bbd44294b8761c81734fa2a8623db35576cc7e9794786586aa017
13_crops_manual_recall_xunzi_2026-08-11/models/model_d3b03caa65b1_43456f6aed10/cropper/stdout.log,final_or_documentation,654,2026-08-11T14:28:50.732062+00:00,c1aab84c29b31e1faa54d68f5d312031fe0c2507aebc863f827f8ef68ab00a7f
13_crops_manual_recall_xunzi_2026-08-11/models/model_d3b03caa65b1_43456f6aed10/specificity_selector/metadata.json,final_or_documentation,915,2026-08-11T14:28:20.761849+00:00,39a2a2e46bc46074f2d34875665d0d610b45118f904040382cc151dc6d0ee8b6
13_crops_manual_recall_xunzi_2026-08-11/models/model_d3b03caa65b1_43456f6aed10/specificity_selector/prompt.txt,final_or_documentation,57399,2026-08-11T14:28:09.325375+00:00,e3b220ac2069c40df6412d85f5aaa6a384ddcb88a6a32861a3144d9a5ee6038b
13_crops_manual_recall_xunzi_2026-08-11/models/model_d3b03caa65b1_43456f6aed10/specificity_selector/response.json,final_or_documentation,530,2026-08-11T14:28:19.927466+00:00,049438b646abdb5392339c07a3d30524dfae6dabe510002bfbf24649ad60e1d0
13_crops_manual_recall_xunzi_2026-08-11/models/model_d3b03caa65b1_43456f6aed10/specificity_selector/schema.json,final_or_documentation,691,2026-08-11T14:28:09.325175+00:00,c61d3018a5314b267e8811ca91d2dfaecfef672922a646d7627735423994091c
13_crops_manual_recall_xunzi_2026-08-11/models/model_d3b03caa65b1_43456f6aed10/specificity_selector/stderr.log,final_or_documentation,61494,2026-08-11T14:28:20.761589+00:00,37667a8f8f9980e9513d8db95aa48adc2773eb87075e27bd286feb8913520eda
13_crops_manual_recall_xunzi_2026-08-11/models/model_d3b03caa65b1_43456f6aed10/specificity_selector/stdout.log,final_or_documentation,531,2026-08-11T14:28:20.761379+00:00,8b0383bad87fb1060c93dc69dd08523c07359124866b38ddfc9bf2d913a16628
13_crops_manual_recall_xunzi_2026-08-11/models/model_d3b03caa65b1_43456f6aed10/sufficiency_selector/metadata.json,final_or_documentation,914,2026-08-11T14:28:09.324377+00:00,efb44580d55a9715d3ac9d7bd36c6c054d0cffa06b8b59ec0a32992e8faed187
13_crops_manual_recall_xunzi_2026-08-11/models/model_d3b03caa65b1_43456f6aed10/sufficiency_selector/prompt.txt,final_or_documentation,57355,2026-08-11T14:27:54.584280+00:00,2d919a47ff04210facd076742ac126bbdc7391120d04efdc9183eb8ae50a3b2a
13_crops_manual_recall_xunzi_2026-08-11/models/model_d3b03caa65b1_43456f6aed10/sufficiency_selector/response.json,final_or_documentation,450,2026-08-11T14:28:08.340869+00:00,f6febb052edcf494f4dd7e34988dec93049d206aeae7d5641a2b9d823a33ac45
13_crops_manual_recall_xunzi_2026-08-11/models/model_d3b03caa65b1_43456f6aed10/sufficiency_selector/schema.json,final_or_documentation,691,2026-08-11T14:27:54.584017+00:00,c61d3018a5314b267e8811ca91d2dfaecfef672922a646d7627735423994091c
13_crops_manual_recall_xunzi_2026-08-11/models/model_d3b03caa65b1_43456f6aed10/sufficiency_selector/stderr.log,final_or_documentation,61370,2026-08-11T14:28:09.323729+00:00,ee1a3afd86bd92bcd11ecc2c6b36701820224574186901811f5df79fe0092c1f
13_crops_manual_recall_xunzi_2026-08-11/models/model_d3b03caa65b1_43456f6aed10/sufficiency_selector/stdout.log,final_or_documentation,451,2026-08-11T14:28:09.323457+00:00,58d8df40c222bd3f9e68d00005a4638877234f8ed4bae504ff88acdf9ff64317
13_crops_manual_recall_xunzi_2026-08-11/run_summary.json,final_or_documentation,223,2026-08-11T14:29:44.524784+00:00,c8838413ec7bb7464a3bc162c5532c48f44fea89140bafafb9ab3418ee6b9d0f
14_snapshot/README.md,final_or_documentation,396,2026-08-11T05:16:51.051587+00:00,dba414546b3b43d153d2f87e8039d5a7be6964f800d6bcda3dca52f65c71b256
14_snapshot/artifact_hashes.json,final_or_documentation,1180,2026-08-11T05:16:51.051504+00:00,914a0aead2cc2ff00cd4d1eb261125a0e3b2ac2d9d3e837013a3a9bcad689c07
14_snapshot/crop_ledger.json,final_or_documentation,798158,2026-08-11T05:16:51.042759+00:00,6ae207d70d9811501919a60a1f7bb5901eb97115f6516c282605cdb2176ed632
14_snapshot/evidence_ledger.jsonl,final_or_documentation,479352,2026-08-11T05:16:51.032034+00:00,c8ae00a6697155254c58645d108d189bf1da4e12eae8a0cc1d0c827f9b95550f
14_snapshot/route_annotations.csv,final_or_documentation,703054,2026-08-11T05:16:51.028472+00:00,9c8bfd8c814ca087d5fd754bd95c4bc2e6f1bdeeac7fe9ce8fc89009a6a48a6f
14_snapshot/route_annotations.jsonl,final_or_documentation,1158795,2026-08-11T05:16:51.013482+00:00,d5cfb182762c4df8468ab65661aa1146b493f1eb670a6233fae2bce90e6d872b
14_snapshot/snapshot_manifest.json,final_or_documentation,6045,2026-08-11T05:16:51.043713+00:00,895c2ed3fd507dc5323f339be960525b88de3be576beb4766da8b06dc8ead571
14_snapshot/study_model_registry.csv,final_or_documentation,24503,2026-08-11T05:16:51.032579+00:00,e07ead0705b4cffe8bfd2a418cd60abad7a32cbb35754fbbb42defe6161e119c
14_snapshot/taxonomy_codebook.md,final_or_documentation,23991,2026-07-29T18:33:39.987227+00:00,4a317961b52d9a85d8cab93e90ac5f1fb3ca4d582173f5797f12cb72e4cc65f8
14_snapshot/taxonomy_tree.json,final_or_documentation,31331,2026-08-11T05:16:50.716558+00:00,b36c0261a93c6d0e19a2502ec416ba26bf71315cfc04bf3323b260c239693bf9
14_snapshot_55_records_2026-08-11/README.md,final_or_documentation,418,2026-08-11T14:30:00.009417+00:00,2ca503f9eaec8adc4f490f8514472e1a833d059538a30c984c5e33eff23a7f80
14_snapshot_55_records_2026-08-11/aggregate_agreement_metrics.json,final_or_documentation,1500,2026-08-11T14:34:48.862444+00:00,6ea6c2da3c11e60e200b397507f1ddf8bf5771d736e6380962b35b4a6c9f17f8
14_snapshot_55_records_2026-08-11/artifact_hashes.json,final_or_documentation,1180,2026-08-11T14:30:00.009349+00:00,9c07ca7ccfcbd4937350aa233a8206b83086d144dbbc1c42920dea55fa3c64e3
14_snapshot_55_records_2026-08-11/crop_ledger.json,final_or_documentation,808632,2026-08-11T14:30:00.006704+00:00,e760e02b6b45f991785d2f97db27364b6e39fd1c749fb7da91be77af76d79849
14_snapshot_55_records_2026-08-11/evidence_ledger.jsonl,final_or_documentation,500329,2026-08-11T14:30:00.003887+00:00,bc36c51b09d4bff03fc53b522514dae2759a7b51f2827767a4671172827d72f0
14_snapshot_55_records_2026-08-11/route_annotations.csv,final_or_documentation,731786,2026-08-11T14:30:00.001302+00:00,202052e632cebe6116a69436a48f79d909f4f372bea5611913e27ddcb8f49496
14_snapshot_55_records_2026-08-11/route_annotations.jsonl,final_or_documentation,1200549,2026-08-11T14:29:59.991493+00:00,c9001b4aca75f77001826d3a6a516a415f9567d9e0b5b34c4f23c68936f5dfa5
14_snapshot_55_records_2026-08-11/snapshot_manifest.json,final_or_documentation,8704,2026-08-11T14:30:00.007599+00:00,335cbdff0436d67e1d3171f343ddf4833b169bd1c2ed8f110ee3f2bad2c55a0c
14_snapshot_55_records_2026-08-11/study_model_registry.csv,final_or_documentation,25184,2026-08-11T14:30:00.004311+00:00,c632b6d27c86a490d871858e9eaf24c04eb0d496b2d7f3b389ae0947db38cb70
14_snapshot_55_records_2026-08-11/taxonomy_codebook.md,final_or_documentation,23991,2026-07-29T18:33:39.987227+00:00,4a317961b52d9a85d8cab93e90ac5f1fb3ca4d582173f5797f12cb72e4cc65f8
14_snapshot_55_records_2026-08-11/taxonomy_tree.json,final_or_documentation,31331,2026-08-11T14:29:59.877589+00:00,b36c0261a93c6d0e19a2502ec416ba26bf71315cfc04bf3323b260c239693bf9
15_atlas/.nojekyll,final_or_documentation,1,2026-07-29T18:33:40.719488+00:00,01ba4719c80b6fe911b091a7c05124b64eeece964e09c058ef8f9805daca546b
15_atlas/QA.md,final_or_documentation,2673,2026-07-29T18:33:40.719586+00:00,10cb1ed0f389bde8e79473fb48f39d4655d29dc5ad63e01b72fba7c1c610ddd1
15_atlas/README.md,final_or_documentation,3078,2026-07-29T18:33:40.719688+00:00,e6df679e269fc7ad1aa0b182c6bccc35d9aa2dd1d83e6e1786a81834dc754453
15_atlas/assets/app.js,final_or_documentation,46548,2026-07-29T18:33:40.719910+00:00,196ad1dd06c104a6849aba8b31a28d1f94a5a79623c4ac7e6895e3f3eb8e3c63
15_atlas/assets/figures/full_2026_07_06_rec_000060_figure_002.png,final_or_documentation,382698,2026-07-29T18:33:40.720628+00:00,9e79c29e8d372cfe231d078d228e33ee2b02e26f71254dc4e9d2af230067a82b
15_atlas/assets/figures/full_2026_07_06_rec_000063_figure_001.png,final_or_documentation,174614,2026-07-29T18:33:40.721172+00:00,0befdb410abb4e546974eadd4f1986311baf5682f0c870a9c16a86bb69266aa4
15_atlas/assets/figures/full_2026_07_06_rec_000086_figure_002.png,final_or_documentation,202538,2026-07-29T18:33:40.721783+00:00,fe9bee26ab45b4232708aaa1db16267880ab322b26c3afe85e7ee283bbc9a6e2
15_atlas/assets/figures/full_2026_07_06_rec_000086_figure_005.png,final_or_documentation,261586,2026-07-29T18:33:40.722471+00:00,3154312696aac088e92770a4f46c4a35d11ac0c0d78d8cb5391b4dd607604453
15_atlas/assets/figures/full_2026_07_06_rec_000090_figure_001.png,final_or_documentation,409116,2026-07-29T18:33:40.723470+00:00,dbee1b0a516ede93b6c40755aa370db7565b72588132c8a55fbce99d12196816
15_atlas/assets/figures/full_2026_07_06_rec_000090_figure_007.png,final_or_documentation,188918,2026-07-29T18:33:40.724002+00:00,693f314fb2b7d33dc7ba9a1d1b6d88730fba4aa74a580fa1a7d94b98debf4eab
15_atlas/assets/figures/full_2026_07_06_rec_000771_figure_003.png,final_or_documentation,271595,2026-07-29T18:33:40.724655+00:00,3f493252148b2d96d35d9f09a55aa5e024b8258c0cc959999cb24a8d41ffa94b
15_atlas/assets/figures/full_2026_07_06_rec_000827_figure_009.png,final_or_documentation,997547,2026-07-29T18:33:40.726555+00:00,563c0288bcb37d95f66525ef9eeb1f70ee8f0acd167fdcb9c25d822958725972
15_atlas/assets/figures/full_2026_07_06_rec_000827_figure_019.png,final_or_documentation,98932,2026-07-29T18:33:40.726936+00:00,23652830e882b36a6fb2f7d6761d5467f750e562d1164a5a3f86b8fe29517d6a
15_atlas/assets/figures/full_2026_07_06_rec_000950_figure_002.png,final_or_documentation,322147,2026-07-29T18:33:40.727683+00:00,61414301703f6e8f681586c4d50d999d7eeb591e0234ff7f745948df1fa1f4a9
15_atlas/assets/figures/full_2026_07_06_rec_001074_figure_001.png,final_or_documentation,145245,2026-07-29T18:33:40.728236+00:00,fffbebce383be4f4065f5cd948aab8480eda41347d6e4c47569b8ab4c6d35af4
15_atlas/assets/figures/full_2026_07_06_rec_001126_figure_001.png,final_or_documentation,543400,2026-07-29T18:33:40.729701+00:00,6a7a715c101c144d379ccfea21fd46087cc7cf1b5a4bcae5481def0aa8fe47c8
15_atlas/assets/figures/full_2026_07_06_rec_001187_figure_005.png,final_or_documentation,224647,2026-07-29T18:33:40.736303+00:00,dbbb59f9bef40305baded88e276a75e457e54d15ba6ec9a19088fdb94bd497a3
15_atlas/assets/figures/full_2026_07_06_rec_001200_figure_001.png,final_or_documentation,275029,2026-07-29T18:33:40.736945+00:00,096db91d754e4ab3949e466a513debdf24ed09c17b9d18d33ee4249263b28c35
15_atlas/assets/figures/full_2026_07_06_rec_001218_figure_001.png,final_or_documentation,197697,2026-07-29T18:33:40.737583+00:00,1082c05fd353b8d9f16bb5a81f5d19d7729869a16478cd9438a685c9dc40dd10
15_atlas/assets/figures/full_2026_07_06_rec_001277_figure_001.png,final_or_documentation,257518,2026-07-29T18:33:40.738125+00:00,cdf370825d3d0bfcd7e4241b5d498050e78ed3dde00fe987b44c69c89b629577
15_atlas/assets/figures/full_2026_07_06_rec_001319_figure_001.png,final_or_documentation,750272,2026-07-29T18:33:40.739242+00:00,6f60f9f509156496ac4c8e043a761f32b87bf6e9a1c20285da03bd7bc592b5f8
15_atlas/assets/figures/full_2026_07_06_rec_001343_figure_001.png,final_or_documentation,95913,2026-07-29T18:33:40.739520+00:00,fab79d60845a80c222dc6e5bc8826b297a643514f69c2d83f85700259552514b
15_atlas/assets/figures/full_2026_07_06_rec_001352_figure_003.png,final_or_documentation,211077,2026-07-29T18:33:40.740094+00:00,7e4f9d2d63e3f666f27c5cc2c500644fb9a2a7e2e533063ea747f70e20a76d29
15_atlas/assets/figures/full_2026_07_06_rec_001381_figure_009.png,final_or_documentation,123819,2026-07-29T18:33:40.740467+00:00,80bb030c04eda3d17e5465d232fad0afe4f21a558c00614307afd829fa4786f8
15_atlas/assets/figures/full_2026_07_06_rec_001519_figure_007.png,final_or_documentation,152676,2026-07-29T18:33:40.740876+00:00,e8e264781a469663cb2e0a8962be8316dc705962055223a71f2185cec5ffdfff
15_atlas/assets/figures/full_2026_07_06_rec_001617_figure_002.png,final_or_documentation,176510,2026-07-29T18:33:40.741779+00:00,e74192b02a6c544c4d4ae6c01c1b71c75747f0270a5e4e6bc77aba0c8a2259ee
15_atlas/assets/figures/full_2026_07_06_rec_001617_figure_007.png,final_or_documentation,72715,2026-07-29T18:33:40.742332+00:00,d6de6dfd9786dfe9e0ede5e846dcb2af9314dccdea07df4a3902ae9a94d7e657
15_atlas/assets/figures/full_2026_07_06_rec_001687_figure_001.png,final_or_documentation,106435,2026-07-29T18:33:40.742699+00:00,39a5d9428f7b67b48168fadd51531712dcb3935c42fc2cd33810b549b5999176
15_atlas/assets/figures/full_2026_07_06_rec_001773_figure_003.png,final_or_documentation,150975,2026-07-29T18:33:40.743141+00:00,94a37fafc43c437ff916296d712e3d2e561107e0f7c073dfddacf799b564aee4
15_atlas/assets/figures/full_2026_07_06_rec_001830_figure_002.png,final_or_documentation,192148,2026-07-29T18:33:40.743684+00:00,bc007bde37203be58bc237be638674f9ab31b216d98e731ff662d83e7ad280e8
15_atlas/assets/figures/full_2026_07_06_rec_001838_figure_001.png,final_or_documentation,117732,2026-07-29T18:33:40.744107+00:00,56abf86ae3158af55d3ac567068e0e83f0def5b306fd4a1a9599608086aabe6c
15_atlas/assets/figures/full_2026_07_06_rec_001889_figure_001.png,final_or_documentation,602727,2026-07-29T18:33:40.745453+00:00,61d87821f3e8330cd88afb7e918f6bd337957e7822931f73ad3c2fad8d4052ea
15_atlas/assets/figures/full_2026_07_06_rec_002049_figure_001.png,final_or_documentation,106535,2026-07-29T18:33:40.745817+00:00,67805aaf59d42f2868da3d9ae3581360a1f36e2d1ffef246f7355f81ada6ad24
15_atlas/assets/figures/full_2026_07_06_rec_002105_figure_001.png,final_or_documentation,751701,2026-07-29T18:33:40.747392+00:00,d836049e5b8ee5e302ee92c8b7045d9c05354705d6e883c60bd0b2a7c974fd85
15_atlas/assets/figures/full_2026_07_06_rec_002105_figure_007.png,final_or_documentation,69670,2026-07-29T18:33:40.747643+00:00,29faae94a37913029648190487e5b040b334d7c87c8b0f47db43953a045a03c6
15_atlas/assets/figures/full_2026_07_06_rec_002243_figure_001.png,final_or_documentation,259535,2026-07-29T18:33:40.748139+00:00,f317a0eb287574a9980d3b339c7f368ea20156081aede388e2636d6aa9f9916b
15_atlas/assets/figures/full_2026_07_06_rec_002243_figure_004.png,final_or_documentation,88111,2026-07-29T18:33:40.748382+00:00,c68220b9c3d6f6128d91d899016ef45166fd8312cf600a5c20eee70d01c4e086
15_atlas/assets/figures/full_2026_07_06_rec_002304_figure_011.png,final_or_documentation,141300,2026-07-29T18:33:40.748785+00:00,184600a527bb400160cee37e7e62b91d2d28bf62828c8b0aaff0d57d2a9e1e67
15_atlas/assets/figures/full_2026_07_06_rec_002327_figure_001.png,final_or_documentation,230781,2026-07-29T18:33:40.749279+00:00,4009bc09193a58c73e92264fbab8a20b45f4ca1a6fbd689fc9f4cc7b5062d76e
15_atlas/assets/figures/full_2026_07_06_rec_002327_figure_005.png,final_or_documentation,185355,2026-07-29T18:33:40.749655+00:00,0f6de18e736252e94f4bb2beffd0cc55d34a831e41ed25c5ce23f72fee54c50b
15_atlas/assets/figures/full_2026_07_06_rec_002517_figure_004.png,final_or_documentation,244984,2026-07-29T18:33:40.750045+00:00,9e97fb5cb02458fd95ff91e1bfc3005a59022a1b54cc10c6291d5da0c357b9ba
15_atlas/assets/figures/full_2026_07_06_rec_003008_figure_006.png,final_or_documentation,48170,2026-07-29T18:33:40.750223+00:00,67fe2b141b93b9a815f32760e23a012c60448a40791b7aff45cdac4c51d4f7ef
15_atlas/assets/figures/full_2026_07_06_rec_003043_figure_006.png,final_or_documentation,153314,2026-07-29T18:33:40.750461+00:00,9e63b9a5663cc3acc3d474d94d9d01570d390f25288c9abcc3bc702f6efb3458
15_atlas/assets/figures/full_2026_07_06_rec_003131_figure_005.png,final_or_documentation,593788,2026-07-29T18:33:40.751942+00:00,e6d2228ee4a0344d201b5af3978030cd9de1fa1f70594bd0ef25814222e693ca
15_atlas/assets/figures/full_2026_07_06_rec_003188_figure_002.png,final_or_documentation,170738,2026-07-29T18:33:40.752359+00:00,3ccbd37efdb2c59e8fc2c384cda3bc7e7c27e61714232288d10edee942e7fa2e
15_atlas/assets/figures/full_2026_07_06_rec_003206_figure_006.png,final_or_documentation,136627,2026-07-29T18:33:40.752692+00:00,3ac6412c3ba2e32cc2c4da4a1c866b22cb245dd1542282de1967aa3d5d47096d
15_atlas/assets/figures/full_2026_07_06_rec_003214_figure_002.png,final_or_documentation,290513,2026-07-29T18:33:40.753206+00:00,8fac451c1ee9a846f85c420a7aa96d139a3554d6a6c9be9b4575f664eae510cf
15_atlas/assets/figures/full_2026_07_06_rec_003323_figure_002.png,final_or_documentation,422686,2026-07-29T18:33:40.754286+00:00,fde2882e75e7e8884513794d0ee1f9af9cc06d7702afbe6d0c71f5850f4294fa
15_atlas/assets/figures/full_2026_07_06_rec_003323_figure_009.png,final_or_documentation,458245,2026-07-29T18:33:40.755451+00:00,ca14530e5e1c2c0cde75d81c890bdbfe6f772b792093f2f50e6062d68769ba5e
15_atlas/assets/figures/full_2026_07_06_rec_003394_figure_004.png,final_or_documentation,569908,2026-07-29T18:33:40.756825+00:00,b2e3e2144df6266f43e084c2d97ad80f5dbe291606388e66f30ed996d1c0fba6
15_atlas/assets/figures/full_2026_07_06_rec_003394_figure_008.png,final_or_documentation,595502,2026-07-29T18:33:40.757857+00:00,a7ceb7c87469569e8b30c0aea15ad2cfaa21625dbe24daf2eccfb6ce09495bea
15_atlas/assets/figures/full_2026_07_06_rec_003517_figure_001.png,final_or_documentation,245199,2026-07-29T18:33:40.758390+00:00,127b8093c250015a3bff1152f2ab68c840594b41f92265d6231a50b94ca5a83f
15_atlas/assets/figures/full_2026_07_06_rec_003517_figure_005.png,final_or_documentation,261523,2026-07-29T18:33:40.759018+00:00,5357081b6bd101bd9be2dd3bd20a4d59b7c89edcc29b086eacc9ae16bd822793
15_atlas/assets/figures/full_2026_07_06_rec_003629_figure_001.png,final_or_documentation,516054,2026-07-29T18:33:40.759629+00:00,c7f59d9ca6eff0b9a0cc5c39797b5a54b7b9b7ff0f4f869a1ea48fec12f76b60
15_atlas/assets/figures/full_2026_07_06_rec_003852_figure_001.png,final_or_documentation,423142,2026-07-29T18:33:40.760425+00:00,15bf27b433e3908b3f2e92708db069b65b00bba52f1fc0f6156c12f497bf59f9
15_atlas/assets/figures/july_update_2026_07_06_rec_000060_figure_009.png,final_or_documentation,157964,2026-07-29T18:33:40.760705+00:00,21c4cc4f8075621e8647ce42d597f0d17992bb76d5ffd25f7e3de2dfc95dfb8b
15_atlas/assets/figures/june_update_2026_06_10_rec_000121_figure_002.png,final_or_documentation,150624,2026-07-29T18:33:40.761078+00:00,a2d6d0213d177e3a932e1bef4b0a0239a8463ef9f1ccac53fc689bfc87a01262
15_atlas/assets/figures/june_update_2026_06_10_rec_000133_figure_005.png,final_or_documentation,209305,2026-07-29T18:33:40.761609+00:00,1b2b03a63676c1c927164e85299bdad3dfdfd36cb5503ce899dd75a1beb0bcd6
15_atlas/assets/figures/june_update_2026_06_10_rec_000148_figure_001.png,final_or_documentation,159218,2026-07-29T18:33:40.761979+00:00,ac3c609f90a2dc2bfc20262f7ec81fa5bd98e51f44a603fd99628e02ef577f49
15_atlas/assets/figures/june_update_2026_06_10_rec_000152_figure_002.png,final_or_documentation,157170,2026-07-29T18:33:40.762397+00:00,370c807d40891c12e7df381d0f5e155b32c3952421ff2c119b3fdfbc026ffb51
15_atlas/assets/figures/june_update_2026_06_10_rec_000194_figure_001.png,final_or_documentation,106015,2026-07-29T18:33:40.762727+00:00,001b6901e0e8d2244eab92f22f9f429c912407f2def511bc173547ca501aa099
15_atlas/assets/figures/june_update_2026_06_10_rec_000246_figure_001.png,final_or_documentation,111133,2026-07-29T18:33:40.762979+00:00,20533e4095373818a3507e87177c8f50323443f2fa15a97ecfaefb30ab6f95c5
15_atlas/assets/figures/june_update_2026_06_10_rec_000248_figure_001.png,final_or_documentation,117732,2026-07-29T18:33:40.763322+00:00,56abf86ae3158af55d3ac567068e0e83f0def5b306fd4a1a9599608086aabe6c
15_atlas/assets/figures/update_2026_08_09_rec_000106_figure_001.png,final_or_documentation,400975,2026-08-10T21:50:55.870973+00:00,e32f5083d9f44df98cba814988d7d36f771f79c915f4c4305217d0bd849c0c84
15_atlas/assets/figures/update_2026_08_09_rec_000138_figure_003.png,final_or_documentation,397346,2026-08-10T21:54:44.799299+00:00,3d72c1a553a07149765ac7c037a323971493d043d656068810ced0a3be6692c5
15_atlas/assets/figures/update_2026_08_09_rec_000138_figure_007.png,final_or_documentation,468637,2026-08-10T21:54:44.857719+00:00,5d57349fd4d0e41b7bec6770189ed77059298fbcea56269bd250f2f6ebf97ab7
15_atlas/assets/social-preview.png,final_or_documentation,197521,2026-07-29T18:33:40.763851+00:00,956b1eff859ee3ee7ca05dc01f6556cd20f803f64ff45f61153326909c9b7cbb
15_atlas/assets/styles.css,final_or_documentation,28160,2026-07-29T18:33:40.763957+00:00,b1706845f14a1b8810cb910147e1800d2b353e6a0119f77dda2634d7c3a84fe7
15_atlas/data/atlas.json,final_or_documentation,1903239,2026-08-11T05:16:51.342833+00:00,ec9f43f1a515e24782bdaab5ddbb202b9da396cc4a5fef2c297b68fadadd49c1
15_atlas/data/browser_qa.json,final_or_documentation,5705,2026-08-11T05:17:34.424605+00:00,79a65a1f653a7fc19910723c95fc71881b7aeea340e019e3e427aa5ae7cc3d2e
15_atlas/data/build_report.json,final_or_documentation,1184,2026-08-11T05:16:51.343223+00:00,487574abb91b211afb89021f74b508a12ba1774061466ec5d0734b0985fa9797
15_atlas/index.html,final_or_documentation,9018,2026-07-29T18:33:40.767712+00:00,7da925da563963cc7d0339ad31381ef996945a710675b7f47b255af7ecb02b3a
15_atlas_55_records_2026-08-11/.nojekyll,final_or_documentation,1,2026-08-11T14:33:14.489064+00:00,01ba4719c80b6fe911b091a7c05124b64eeece964e09c058ef8f9805daca546b
15_atlas_55_records_2026-08-11/QA.md,final_or_documentation,2673,2026-08-11T14:33:14.494954+00:00,10cb1ed0f389bde8e79473fb48f39d4655d29dc5ad63e01b72fba7c1c610ddd1
15_atlas_55_records_2026-08-11/README.md,final_or_documentation,3078,2026-08-11T14:33:14.491925+00:00,e6df679e269fc7ad1aa0b182c6bccc35d9aa2dd1d83e6e1786a81834dc754453
15_atlas_55_records_2026-08-11/assets/app.js,final_or_documentation,46548,2026-08-11T14:33:14.497928+00:00,196ad1dd06c104a6849aba8b31a28d1f94a5a79623c4ac7e6895e3f3eb8e3c63
15_atlas_55_records_2026-08-11/assets/figures/full_2026_07_06_rec_000060_figure_002.png,final_or_documentation,382698,2026-07-29T18:33:40.720628+00:00,9e79c29e8d372cfe231d078d228e33ee2b02e26f71254dc4e9d2af230067a82b
15_atlas_55_records_2026-08-11/assets/figures/full_2026_07_06_rec_000063_figure_001.png,final_or_documentation,174614,2026-07-29T18:33:40.721172+00:00,0befdb410abb4e546974eadd4f1986311baf5682f0c870a9c16a86bb69266aa4
15_atlas_55_records_2026-08-11/assets/figures/full_2026_07_06_rec_000086_figure_002.png,final_or_documentation,202538,2026-07-29T18:33:40.721783+00:00,fe9bee26ab45b4232708aaa1db16267880ab322b26c3afe85e7ee283bbc9a6e2
15_atlas_55_records_2026-08-11/assets/figures/full_2026_07_06_rec_000086_figure_005.png,final_or_documentation,261586,2026-07-29T18:33:40.722471+00:00,3154312696aac088e92770a4f46c4a35d11ac0c0d78d8cb5391b4dd607604453
15_atlas_55_records_2026-08-11/assets/figures/full_2026_07_06_rec_000090_figure_001.png,final_or_documentation,409116,2026-07-29T18:33:40.723470+00:00,dbee1b0a516ede93b6c40755aa370db7565b72588132c8a55fbce99d12196816
15_atlas_55_records_2026-08-11/assets/figures/full_2026_07_06_rec_000090_figure_007.png,final_or_documentation,188918,2026-07-29T18:33:40.724002+00:00,693f314fb2b7d33dc7ba9a1d1b6d88730fba4aa74a580fa1a7d94b98debf4eab
15_atlas_55_records_2026-08-11/assets/figures/full_2026_07_06_rec_000771_figure_003.png,final_or_documentation,271595,2026-07-29T18:33:40.724655+00:00,3f493252148b2d96d35d9f09a55aa5e024b8258c0cc959999cb24a8d41ffa94b
15_atlas_55_records_2026-08-11/assets/figures/full_2026_07_06_rec_000827_figure_009.png,final_or_documentation,997547,2026-07-29T18:33:40.726555+00:00,563c0288bcb37d95f66525ef9eeb1f70ee8f0acd167fdcb9c25d822958725972
15_atlas_55_records_2026-08-11/assets/figures/full_2026_07_06_rec_000827_figure_019.png,final_or_documentation,98932,2026-07-29T18:33:40.726936+00:00,23652830e882b36a6fb2f7d6761d5467f750e562d1164a5a3f86b8fe29517d6a
15_atlas_55_records_2026-08-11/assets/figures/full_2026_07_06_rec_000950_figure_002.png,final_or_documentation,322147,2026-07-29T18:33:40.727683+00:00,61414301703f6e8f681586c4d50d999d7eeb591e0234ff7f745948df1fa1f4a9
15_atlas_55_records_2026-08-11/assets/figures/full_2026_07_06_rec_001074_figure_001.png,final_or_documentation,145245,2026-07-29T18:33:40.728236+00:00,fffbebce383be4f4065f5cd948aab8480eda41347d6e4c47569b8ab4c6d35af4
15_atlas_55_records_2026-08-11/assets/figures/full_2026_07_06_rec_001126_figure_001.png,final_or_documentation,543400,2026-07-29T18:33:40.729701+00:00,6a7a715c101c144d379ccfea21fd46087cc7cf1b5a4bcae5481def0aa8fe47c8
15_atlas_55_records_2026-08-11/assets/figures/full_2026_07_06_rec_001187_figure_005.png,final_or_documentation,224647,2026-07-29T18:33:40.736303+00:00,dbbb59f9bef40305baded88e276a75e457e54d15ba6ec9a19088fdb94bd497a3
15_atlas_55_records_2026-08-11/assets/figures/full_2026_07_06_rec_001200_figure_001.png,final_or_documentation,275029,2026-07-29T18:33:40.736945+00:00,096db91d754e4ab3949e466a513debdf24ed09c17b9d18d33ee4249263b28c35
15_atlas_55_records_2026-08-11/assets/figures/full_2026_07_06_rec_001218_figure_001.png,final_or_documentation,197697,2026-07-29T18:33:40.737583+00:00,1082c05fd353b8d9f16bb5a81f5d19d7729869a16478cd9438a685c9dc40dd10
15_atlas_55_records_2026-08-11/assets/figures/full_2026_07_06_rec_001277_figure_001.png,final_or_documentation,257518,2026-07-29T18:33:40.738125+00:00,cdf370825d3d0bfcd7e4241b5d498050e78ed3dde00fe987b44c69c89b629577
15_atlas_55_records_2026-08-11/assets/figures/full_2026_07_06_rec_001319_figure_001.png,final_or_documentation,750272,2026-07-29T18:33:40.739242+00:00,6f60f9f509156496ac4c8e043a761f32b87bf6e9a1c20285da03bd7bc592b5f8
15_atlas_55_records_2026-08-11/assets/figures/full_2026_07_06_rec_001343_figure_001.png,final_or_documentation,95913,2026-07-29T18:33:40.739520+00:00,fab79d60845a80c222dc6e5bc8826b297a643514f69c2d83f85700259552514b
15_atlas_55_records_2026-08-11/assets/figures/full_2026_07_06_rec_001352_figure_003.png,final_or_documentation,211077,2026-07-29T18:33:40.740094+00:00,7e4f9d2d63e3f666f27c5cc2c500644fb9a2a7e2e533063ea747f70e20a76d29
15_atlas_55_records_2026-08-11/assets/figures/full_2026_07_06_rec_001381_figure_009.png,final_or_documentation,123819,2026-07-29T18:33:40.740467+00:00,80bb030c04eda3d17e5465d232fad0afe4f21a558c00614307afd829fa4786f8
15_atlas_55_records_2026-08-11/assets/figures/full_2026_07_06_rec_001519_figure_007.png,final_or_documentation,152676,2026-07-29T18:33:40.740876+00:00,e8e264781a469663cb2e0a8962be8316dc705962055223a71f2185cec5ffdfff
15_atlas_55_records_2026-08-11/assets/figures/full_2026_07_06_rec_001617_figure_002.png,final_or_documentation,176510,2026-07-29T18:33:40.741779+00:00,e74192b02a6c544c4d4ae6c01c1b71c75747f0270a5e4e6bc77aba0c8a2259ee
15_atlas_55_records_2026-08-11/assets/figures/full_2026_07_06_rec_001617_figure_007.png,final_or_documentation,72715,2026-07-29T18:33:40.742332+00:00,d6de6dfd9786dfe9e0ede5e846dcb2af9314dccdea07df4a3902ae9a94d7e657
15_atlas_55_records_2026-08-11/assets/figures/full_2026_07_06_rec_001687_figure_001.png,final_or_documentation,106435,2026-07-29T18:33:40.742699+00:00,39a5d9428f7b67b48168fadd51531712dcb3935c42fc2cd33810b549b5999176
15_atlas_55_records_2026-08-11/assets/figures/full_2026_07_06_rec_001773_figure_003.png,final_or_documentation,150975,2026-07-29T18:33:40.743141+00:00,94a37fafc43c437ff916296d712e3d2e561107e0f7c073dfddacf799b564aee4
15_atlas_55_records_2026-08-11/assets/figures/full_2026_07_06_rec_001830_figure_002.png,final_or_documentation,192148,2026-07-29T18:33:40.743684+00:00,bc007bde37203be58bc237be638674f9ab31b216d98e731ff662d83e7ad280e8
15_atlas_55_records_2026-08-11/assets/figures/full_2026_07_06_rec_001838_figure_001.png,final_or_documentation,117732,2026-07-29T18:33:40.744107+00:00,56abf86ae3158af55d3ac567068e0e83f0def5b306fd4a1a9599608086aabe6c
15_atlas_55_records_2026-08-11/assets/figures/full_2026_07_06_rec_001889_figure_001.png,final_or_documentation,602727,2026-07-29T18:33:40.745453+00:00,61d87821f3e8330cd88afb7e918f6bd337957e7822931f73ad3c2fad8d4052ea
15_atlas_55_records_2026-08-11/assets/figures/full_2026_07_06_rec_002049_figure_001.png,final_or_documentation,106535,2026-07-29T18:33:40.745817+00:00,67805aaf59d42f2868da3d9ae3581360a1f36e2d1ffef246f7355f81ada6ad24
15_atlas_55_records_2026-08-11/assets/figures/full_2026_07_06_rec_002105_figure_001.png,final_or_documentation,751701,2026-07-29T18:33:40.747392+00:00,d836049e5b8ee5e302ee92c8b7045d9c05354705d6e883c60bd0b2a7c974fd85
15_atlas_55_records_2026-08-11/assets/figures/full_2026_07_06_rec_002105_figure_007.png,final_or_documentation,69670,2026-07-29T18:33:40.747643+00:00,29faae94a37913029648190487e5b040b334d7c87c8b0f47db43953a045a03c6
15_atlas_55_records_2026-08-11/assets/figures/full_2026_07_06_rec_002243_figure_001.png,final_or_documentation,259535,2026-07-29T18:33:40.748139+00:00,f317a0eb287574a9980d3b339c7f368ea20156081aede388e2636d6aa9f9916b
15_atlas_55_records_2026-08-11/assets/figures/full_2026_07_06_rec_002243_figure_004.png,final_or_documentation,88111,2026-07-29T18:33:40.748382+00:00,c68220b9c3d6f6128d91d899016ef45166fd8312cf600a5c20eee70d01c4e086
15_atlas_55_records_2026-08-11/assets/figures/full_2026_07_06_rec_002304_figure_011.png,final_or_documentation,141300,2026-07-29T18:33:40.748785+00:00,184600a527bb400160cee37e7e62b91d2d28bf62828c8b0aaff0d57d2a9e1e67
15_atlas_55_records_2026-08-11/assets/figures/full_2026_07_06_rec_002327_figure_001.png,final_or_documentation,230781,2026-07-29T18:33:40.749279+00:00,4009bc09193a58c73e92264fbab8a20b45f4ca1a6fbd689fc9f4cc7b5062d76e
15_atlas_55_records_2026-08-11/assets/figures/full_2026_07_06_rec_002327_figure_005.png,final_or_documentation,185355,2026-07-29T18:33:40.749655+00:00,0f6de18e736252e94f4bb2beffd0cc55d34a831e41ed25c5ce23f72fee54c50b
15_atlas_55_records_2026-08-11/assets/figures/full_2026_07_06_rec_002517_figure_004.png,final_or_documentation,244984,2026-07-29T18:33:40.750045+00:00,9e97fb5cb02458fd95ff91e1bfc3005a59022a1b54cc10c6291d5da0c357b9ba
15_atlas_55_records_2026-08-11/assets/figures/full_2026_07_06_rec_003008_figure_006.png,final_or_documentation,48170,2026-07-29T18:33:40.750223+00:00,67fe2b141b93b9a815f32760e23a012c60448a40791b7aff45cdac4c51d4f7ef
15_atlas_55_records_2026-08-11/assets/figures/full_2026_07_06_rec_003043_figure_006.png,final_or_documentation,153314,2026-07-29T18:33:40.750461+00:00,9e63b9a5663cc3acc3d474d94d9d01570d390f25288c9abcc3bc702f6efb3458
15_atlas_55_records_2026-08-11/assets/figures/full_2026_07_06_rec_003131_figure_005.png,final_or_documentation,593788,2026-07-29T18:33:40.751942+00:00,e6d2228ee4a0344d201b5af3978030cd9de1fa1f70594bd0ef25814222e693ca
15_atlas_55_records_2026-08-11/assets/figures/full_2026_07_06_rec_003188_figure_002.png,final_or_documentation,170738,2026-07-29T18:33:40.752359+00:00,3ccbd37efdb2c59e8fc2c384cda3bc7e7c27e61714232288d10edee942e7fa2e
15_atlas_55_records_2026-08-11/assets/figures/full_2026_07_06_rec_003206_figure_006.png,final_or_documentation,136627,2026-07-29T18:33:40.752692+00:00,3ac6412c3ba2e32cc2c4da4a1c866b22cb245dd1542282de1967aa3d5d47096d
15_atlas_55_records_2026-08-11/assets/figures/full_2026_07_06_rec_003214_figure_002.png,final_or_documentation,290513,2026-07-29T18:33:40.753206+00:00,8fac451c1ee9a846f85c420a7aa96d139a3554d6a6c9be9b4575f664eae510cf
15_atlas_55_records_2026-08-11/assets/figures/full_2026_07_06_rec_003323_figure_002.png,final_or_documentation,422686,2026-07-29T18:33:40.754286+00:00,fde2882e75e7e8884513794d0ee1f9af9cc06d7702afbe6d0c71f5850f4294fa
15_atlas_55_records_2026-08-11/assets/figures/full_2026_07_06_rec_003323_figure_009.png,final_or_documentation,458245,2026-07-29T18:33:40.755451+00:00,ca14530e5e1c2c0cde75d81c890bdbfe6f772b792093f2f50e6062d68769ba5e
15_atlas_55_records_2026-08-11/assets/figures/full_2026_07_06_rec_003394_figure_004.png,final_or_documentation,569908,2026-07-29T18:33:40.756825+00:00,b2e3e2144df6266f43e084c2d97ad80f5dbe291606388e66f30ed996d1c0fba6
15_atlas_55_records_2026-08-11/assets/figures/full_2026_07_06_rec_003394_figure_008.png,final_or_documentation,595502,2026-07-29T18:33:40.757857+00:00,a7ceb7c87469569e8b30c0aea15ad2cfaa21625dbe24daf2eccfb6ce09495bea
15_atlas_55_records_2026-08-11/assets/figures/full_2026_07_06_rec_003517_figure_001.png,final_or_documentation,245199,2026-07-29T18:33:40.758390+00:00,127b8093c250015a3bff1152f2ab68c840594b41f92265d6231a50b94ca5a83f
15_atlas_55_records_2026-08-11/assets/figures/full_2026_07_06_rec_003517_figure_005.png,final_or_documentation,261523,2026-07-29T18:33:40.759018+00:00,5357081b6bd101bd9be2dd3bd20a4d59b7c89edcc29b086eacc9ae16bd822793
15_atlas_55_records_2026-08-11/assets/figures/full_2026_07_06_rec_003629_figure_001.png,final_or_documentation,516054,2026-07-29T18:33:40.759629+00:00,c7f59d9ca6eff0b9a0cc5c39797b5a54b7b9b7ff0f4f869a1ea48fec12f76b60
15_atlas_55_records_2026-08-11/assets/figures/full_2026_07_06_rec_003852_figure_001.png,final_or_documentation,423142,2026-07-29T18:33:40.760425+00:00,15bf27b433e3908b3f2e92708db069b65b00bba52f1fc0f6156c12f497bf59f9
15_atlas_55_records_2026-08-11/assets/figures/july_update_2026_07_06_rec_000060_figure_009.png,final_or_documentation,157964,2026-07-29T18:33:40.760705+00:00,21c4cc4f8075621e8647ce42d597f0d17992bb76d5ffd25f7e3de2dfc95dfb8b
15_atlas_55_records_2026-08-11/assets/figures/june_update_2026_06_10_rec_000121_figure_002.png,final_or_documentation,150624,2026-07-29T18:33:40.761078+00:00,a2d6d0213d177e3a932e1bef4b0a0239a8463ef9f1ccac53fc689bfc87a01262
15_atlas_55_records_2026-08-11/assets/figures/june_update_2026_06_10_rec_000133_figure_005.png,final_or_documentation,209305,2026-07-29T18:33:40.761609+00:00,1b2b03a63676c1c927164e85299bdad3dfdfd36cb5503ce899dd75a1beb0bcd6
15_atlas_55_records_2026-08-11/assets/figures/june_update_2026_06_10_rec_000148_figure_001.png,final_or_documentation,159218,2026-07-29T18:33:40.761979+00:00,ac3c609f90a2dc2bfc20262f7ec81fa5bd98e51f44a603fd99628e02ef577f49
15_atlas_55_records_2026-08-11/assets/figures/june_update_2026_06_10_rec_000152_figure_002.png,final_or_documentation,157170,2026-07-29T18:33:40.762397+00:00,370c807d40891c12e7df381d0f5e155b32c3952421ff2c119b3fdfbc026ffb51
15_atlas_55_records_2026-08-11/assets/figures/june_update_2026_06_10_rec_000194_figure_001.png,final_or_documentation,106015,2026-07-29T18:33:40.762727+00:00,001b6901e0e8d2244eab92f22f9f429c912407f2def511bc173547ca501aa099
15_atlas_55_records_2026-08-11/assets/figures/june_update_2026_06_10_rec_000246_figure_001.png,final_or_documentation,111133,2026-07-29T18:33:40.762979+00:00,20533e4095373818a3507e87177c8f50323443f2fa15a97ecfaefb30ab6f95c5
15_atlas_55_records_2026-08-11/assets/figures/june_update_2026_06_10_rec_000248_figure_001.png,final_or_documentation,117732,2026-07-29T18:33:40.763322+00:00,56abf86ae3158af55d3ac567068e0e83f0def5b306fd4a1a9599608086aabe6c
15_atlas_55_records_2026-08-11/assets/figures/update_2026_08_09_manual_recall_xunzi_figure_002.png,final_or_documentation,503874,2026-08-11T11:06:40.879806+00:00,2c425dedf484873b78cc84e1de40ae94575339ffe53a6c61a8b541e583ba0f68
15_atlas_55_records_2026-08-11/assets/figures/update_2026_08_09_rec_000106_figure_001.png,final_or_documentation,400975,2026-08-10T21:50:55.870973+00:00,e32f5083d9f44df98cba814988d7d36f771f79c915f4c4305217d0bd849c0c84
15_atlas_55_records_2026-08-11/assets/figures/update_2026_08_09_rec_000138_figure_003.png,final_or_documentation,397346,2026-08-10T21:54:44.799299+00:00,3d72c1a553a07149765ac7c037a323971493d043d656068810ced0a3be6692c5
15_atlas_55_records_2026-08-11/assets/figures/update_2026_08_09_rec_000138_figure_007.png,final_or_documentation,468637,2026-08-10T21:54:44.857719+00:00,5d57349fd4d0e41b7bec6770189ed77059298fbcea56269bd250f2f6ebf97ab7
15_atlas_55_records_2026-08-11/assets/social-preview.png,final_or_documentation,197521,2026-08-11T14:33:14.504280+00:00,956b1eff859ee3ee7ca05dc01f6556cd20f803f64ff45f61153326909c9b7cbb
15_atlas_55_records_2026-08-11/assets/styles.css,final_or_documentation,28160,2026-08-11T14:33:14.501212+00:00,b1706845f14a1b8810cb910147e1800d2b353e6a0119f77dda2634d7c3a84fe7
15_atlas_55_records_2026-08-11/data/atlas.json,final_or_documentation,1967183,2026-08-11T14:30:18.628919+00:00,2067496f97d82b064219ada804bcbecb8912460cfbe65fc383ec21f2d95ded86
15_atlas_55_records_2026-08-11/data/browser_qa.json,final_or_documentation,5705,2026-08-11T14:33:34.078476+00:00,a70d55de144a26dab0d81ac931c86149091fc5e491d7f063c8dd81ebe74fb525
15_atlas_55_records_2026-08-11/data/browser_qa_desktop.png,final_or_documentation,253419,2026-08-11T14:35:00.806162+00:00,47d135f19e1fa98aacfd4ebc57eddfe62dc6e1c02a81da5951103e59e37d5396
15_atlas_55_records_2026-08-11/data/browser_qa_mobile.png,final_or_documentation,190589,2026-08-11T14:35:00.808578+00:00,3d4c084f0d956c516cb4e70b7d144dbbe290ac0e0085af2c89594a1b477968bf
15_atlas_55_records_2026-08-11/data/build_report.json,final_or_documentation,1184,2026-08-11T14:30:18.629204+00:00,76d0cbe5fd9448f1443abe7c255277b47a5b86c3503e9cdebbc4e54a81b3160f
15_atlas_55_records_2026-08-11/index.html,final_or_documentation,9018,2026-08-11T14:33:14.481296+00:00,7da925da563963cc7d0339ad31381ef996945a710675b7f47b255af7ecb02b3a
15_atlas_55_records_2026-08-11/qa_run.log,final_or_documentation,4208,2026-08-11T14:33:34.078840+00:00,5e7a110563fcbb2f24432e340733df7446b22b3591e5714416f47d97c0ab1c2d
16_report/fulltext_retrieval_dispositions.csv,final_or_documentation,806,2026-08-11T05:17:34.508994+00:00,b0e07722242855f2a997e4180861715f09be4b828a437d6908cdf502a2ef53a9
16_report/fulltext_retrieval_dispositions.json,final_or_documentation,2029,2026-08-11T05:17:34.508744+00:00,d81f84529f51e6466dab87cac9235a498abad421fc0f18f17674eac778c713d1
16_report/prisma_update_facts.json,final_or_documentation,2437,2026-08-11T05:17:34.510983+00:00,dbf6d3f24248f89ef7aa659fc0e45bb460dfa86bf242d142f56a21b1a9b3d4f6
16_report/update_report.md,final_or_documentation,1644,2026-08-11T05:17:34.511215+00:00,956f62ef73ba771ec9654316adfa200d80b3462717561a5ccc0153362c57c908
16_report/update_report_55_records_2026-08-11.md,final_or_documentation,2031,2026-08-11T14:34:48.862669+00:00,9f4a29d32eab685bd121e1947aa0895648a0928d66f656e896780e2d15a9379b
logs/abstract-screening/artifact_inventory.json,final_or_documentation,144216,2026-08-10T20:42:37.343239+00:00,4981ff813426ee37b48688c2d21ad8e911e6bbf3b01aa72add05c4bb96c919ef
logs/abstract-screening/attempt_001/codex-pipeline/command.json,final_or_documentation,674,2026-08-10T20:29:25.966660+00:00,7b294a0f3a8178351bff08f364e74c49b637220c404077493a61c630b2e9eb13
logs/atlas/artifact_inventory.json,final_or_documentation,19787,2026-08-11T05:17:34.498493+00:00,dc54660c0783d199326209473816ea6e8afa45c9cb4c80c98b8b8c468dc92c5c
logs/atlas/attempt_001/browser-qa/command.json,final_or_documentation,277,2026-08-11T05:16:51.641894+00:00,351d6e634b06d293a81767ccd39440c9ad97cb8bb2f9ec764b13d4f640f61655
logs/atlas/attempt_001/browser-qa/result.json,final_or_documentation,93,2026-08-11T05:17:34.431853+00:00,17408aa85f4685deab8d2bf98c848bdd89246a213e808f70da795ebf24d167ea
logs/atlas/attempt_001/browser-qa/stderr.log,final_or_documentation,0,2026-08-11T05:17:34.431368+00:00,e3b0c44298fc1c149afbf4c8996fb92427ae41e4649b934ca495991b7852b855
logs/atlas/attempt_001/browser-qa/stdout.log,final_or_documentation,4208,2026-08-11T05:17:34.431304+00:00,3f5eed05cef063353a945a815e40d1ab423dd6e91769f81dfae90f918d92ee0e
logs/atlas/attempt_001/build/command.json,final_or_documentation,901,2026-08-11T05:16:51.119770+00:00,60b303b2884c61dded05db11d4b9bfd78185c5eed6b2a9576ee9139595277a03
logs/atlas/attempt_001/build/result.json,final_or_documentation,93,2026-08-11T05:16:51.351809+00:00,07fd3cd3fa224346a9307a192e584544259aab4409c3b85189cd32d2b06dad89
logs/atlas/attempt_001/build/stderr.log,final_or_documentation,0,2026-08-11T05:16:51.351551+00:00,e3b0c44298fc1c149afbf4c8996fb92427ae41e4649b934ca495991b7852b855
logs/atlas/attempt_001/build/stdout.log,final_or_documentation,1088,2026-08-11T05:16:51.351480+00:00,5991f3da7854bca61b4bed41000c78660c353181e3f9adb37f4efb62ad18764e
logs/atlas/static-server/stderr.log,final_or_documentation,15178,2026-08-11T05:17:32.852175+00:00,f626abb412c68b0084a8b19640145f1dbbbeb3acdf8184b22e61358f59967829
logs/atlas/static-server/stdout.log,final_or_documentation,0,2026-08-11T05:16:51.352195+00:00,e3b0c44298fc1c149afbf4c8996fb92427ae41e4649b934ca495991b7852b855
logs/crop-validation/artifact_inventory.json,final_or_documentation,33088,2026-08-11T05:16:50.608509+00:00,2a7a0ba71797009a7219f7fc3c76455598279f827689387b074f0feaec9c0bdf
logs/crop-validation/attempt_001/two-selectors-adjudicator-cropper/command.json,final_or_documentation,825,2026-08-11T05:12:22.541593+00:00,970ebb49a447a793b3df93316063b983bd89285302ad97f22795cd498bd2e8c6
logs/crop-validation/attempt_001/two-selectors-adjudicator-cropper/result.json,final_or_documentation,93,2026-08-11T05:12:22.836598+00:00,dbb843e30d277b6d4f88e5560269c61a77fd86a69a14dfbe5caf46e3d7701757
logs/crop-validation/attempt_001/two-selectors-adjudicator-cropper/stderr.log,final_or_documentation,0,2026-08-11T05:12:22.836018+00:00,e3b0c44298fc1c149afbf4c8996fb92427ae41e4649b934ca495991b7852b855
logs/crop-validation/attempt_001/two-selectors-adjudicator-cropper/stdout.log,final_or_documentation,1932,2026-08-11T05:12:22.835946+00:00,ffa9dd0a21c40a4ebc5b337ab0ade8e94ae67381eff9e9d1775f7098d7812bac
logs/crop-validation/attempt_002/two-selectors-adjudicator-cropper/command.json,final_or_documentation,825,2026-08-11T05:13:39.689664+00:00,970ebb49a447a793b3df93316063b983bd89285302ad97f22795cd498bd2e8c6
logs/crop-validation/attempt_002/two-selectors-adjudicator-cropper/result.json,final_or_documentation,94,2026-08-11T05:14:23.358706+00:00,39ea341eab6ba3a0d790528b97746f180de159da224c32061034974a409c1f14
logs/crop-validation/attempt_002/two-selectors-adjudicator-cropper/stderr.log,final_or_documentation,0,2026-08-11T05:14:23.357865+00:00,e3b0c44298fc1c149afbf4c8996fb92427ae41e4649b934ca495991b7852b855
logs/crop-validation/attempt_002/two-selectors-adjudicator-cropper/stdout.log,final_or_documentation,2295,2026-08-11T05:14:23.357759+00:00,3452d1e8caa9b6610917ae15d1f1378a29d5171b5e5cb58d65b11afeb7e9f5c1
logs/crop-validation/attempt_003/two-selectors-adjudicator-cropper/command.json,final_or_documentation,825,2026-08-11T05:15:03.348679+00:00,970ebb49a447a793b3df93316063b983bd89285302ad97f22795cd498bd2e8c6
logs/crop-validation/attempt_003/two-selectors-adjudicator-cropper/result.json,final_or_documentation,94,2026-08-11T05:16:50.558711+00:00,be77f861153c177c2ca3dcdcedb750733a634eea952babe3915847eec364db40
logs/crop-validation/attempt_003/two-selectors-adjudicator-cropper/stderr.log,final_or_documentation,0,2026-08-11T05:16:50.558038+00:00,e3b0c44298fc1c149afbf4c8996fb92427ae41e4649b934ca495991b7852b855
logs/crop-validation/attempt_003/two-selectors-adjudicator-cropper/stdout.log,final_or_documentation,210,2026-08-11T05:16:50.557952+00:00,5007bc7b560f466f92d4c164434538856d2adea42814d4616c1999644f82e4a4
logs/deduplicate/artifact_inventory.json,final_or_documentation,4785,2026-08-10T10:51:57.126473+00:00,8105f35c7dc3677ba73c7d7b51698eb51988a5c316d84c78d941c8464c018bc5
logs/deduplicate/attempt_001/within-update/command.json,final_or_documentation,602,2026-08-10T09:09:49.311689+00:00,6d29778e0cab824da8b868253d91b774897730f86a56993aab48d1eba623a10c
logs/deduplicate/attempt_001/within-update/result.json,final_or_documentation,93,2026-08-10T09:09:49.413117+00:00,94e2c8b44d002f020e57dc8e087e5979d1cd6a1cea757f1304307c7f2fcea4fe
logs/deduplicate/attempt_001/within-update/stderr.log,final_or_documentation,0,2026-08-10T09:09:49.412929+00:00,e3b0c44298fc1c149afbf4c8996fb92427ae41e4649b934ca495991b7852b855
logs/deduplicate/attempt_001/within-update/stdout.log,final_or_documentation,2300,2026-08-10T09:09:49.412867+00:00,64fabf8a8ed48fc7afced80b8a87c089140413e9ee01214daeed48fbb1dcaa39
logs/deduplicate/attempt_002/within-update/command.json,final_or_documentation,602,2026-08-10T10:51:57.051264+00:00,6d29778e0cab824da8b868253d91b774897730f86a56993aab48d1eba623a10c
logs/deduplicate/attempt_002/within-update/result.json,final_or_documentation,93,2026-08-10T10:51:57.122679+00:00,df1b4bf33a69f175221dd2f7549a2ff4b57588716feaa1ac6ef33ea624cc5045
logs/deduplicate/attempt_002/within-update/stderr.log,final_or_documentation,0,2026-08-10T10:51:57.122493+00:00,e3b0c44298fc1c149afbf4c8996fb92427ae41e4649b934ca495991b7852b855
logs/deduplicate/attempt_002/within-update/stdout.log,final_or_documentation,2254,2026-08-10T10:51:57.122430+00:00,36794445d36879ce3a53effe3ddf01046b195efe8512c7fd80c858ea0fe2e76c
logs/docling-screening/artifact_inventory.json,final_or_documentation,66058,2026-08-10T21:08:11.281780+00:00,9dfd960c33e65f98607f48ee202dffcf353f50e18cd34fbb4783bb049f319fc5
logs/docling-screening/attempt_001/build-config/command.json,final_or_documentation,1134,2026-08-10T21:05:57.516060+00:00,115a9e5e5c07674c217c515d0f05dec1ece0a8a7047c82f9e46c495c3eca168c
logs/docling-screening/attempt_001/build-config/result.json,final_or_documentation,93,2026-08-10T21:05:57.949649+00:00,bd527588c80792aaceb232ed502b98ef596c482a360ef34fb8748f1ae2a2635d
logs/docling-screening/attempt_001/build-config/stderr.log,final_or_documentation,27,2026-08-10T21:05:57.949474+00:00,e6c08c73193cdc978488defa194d2b52692cc2d19f57d3e445bb61560da54452
logs/docling-screening/attempt_001/build-config/stdout.log,final_or_documentation,61,2026-08-10T21:05:57.949347+00:00,6b48340f451b7fc3774a45397db57bcc6d24f2ec03e7bd5325c3085c49257300
logs/docling-screening/attempt_001/convert/command.json,final_or_documentation,324,2026-08-10T21:05:57.950003+00:00,8c24624d3dfec708d39c778bc16ba1675971e26825b0f0a9b6e9dab4544e7c77
logs/docling-screening/attempt_001/convert/result.json,final_or_documentation,94,2026-08-10T21:08:10.680825+00:00,8c57006d61054f3d7c641938b05f90f84cf40b9e84d59ac2a17b0b394ed35145
logs/docling-screening/attempt_001/convert/stderr.log,final_or_documentation,3585,2026-08-10T21:08:10.680527+00:00,c9758b818502ce591368d4cc7d1e840e21c853a5c59cf6d75c2d84a3e94ba076
logs/docling-screening/attempt_001/convert/stdout.log,final_or_documentation,21721,2026-08-10T21:08:10.680413+00:00,9f92803a93aa91462439afb989d780ae9d65a3c5fd3dff958341630649486fd0
logs/docling-screening/attempt_001/manifest/command.json,final_or_documentation,376,2026-08-10T21:08:10.681052+00:00,5aed2c6c38980843187ce41f9fede3172d5ac23743466dddd3eb8f973b524d4f
logs/docling-screening/attempt_001/manifest/result.json,final_or_documentation,93,2026-08-10T21:08:11.027151+00:00,4b591466410a5f6bf8a7ae50d50797414ba57862f1ec032ea14522a8c14cd2a6
logs/docling-screening/attempt_001/manifest/stderr.log,final_or_documentation,0,2026-08-10T21:08:11.026985+00:00,e3b0c44298fc1c149afbf4c8996fb92427ae41e4649b934ca495991b7852b855
logs/docling-screening/attempt_001/manifest/stdout.log,final_or_documentation,226,2026-08-10T21:08:11.026935+00:00,392ea4eadef4a9897e554e0d82694cb7d39ca459077fa230b04e9e1022b048ce
logs/docling-vlm/artifact_inventory.json,final_or_documentation,16092,2026-08-10T21:54:45.862360+00:00,2b0aa1bf7f9d5bf55677d4b55ff062108b1db790a2881667846dcac48ba59d09
logs/docling-vlm/attempt_001/build-config/command.json,final_or_documentation,1123,2026-08-10T21:45:34.640089+00:00,5d50d56a4ac9d37ff66e5240a236664035d63f02ffc5371de4cf56f219e75c2c
logs/docling-vlm/attempt_001/build-config/result.json,final_or_documentation,92,2026-08-10T21:45:34.830683+00:00,a2e3b8d56ca8a45b01fbd2c6715409e74fd20072e1670e89752d97a3388cbbcb
logs/docling-vlm/attempt_001/build-config/stderr.log,final_or_documentation,27,2026-08-10T21:45:34.830528+00:00,e6c08c73193cdc978488defa194d2b52692cc2d19f57d3e445bb61560da54452
logs/docling-vlm/attempt_001/build-config/stdout.log,final_or_documentation,58,2026-08-10T21:45:34.830431+00:00,b24de1150d16b954b3464bf5d985116d554f3494d0db819e315eeff5640765f2
logs/docling-vlm/attempt_002/build-config/command.json,final_or_documentation,1123,2026-08-10T21:45:43.481695+00:00,5d50d56a4ac9d37ff66e5240a236664035d63f02ffc5371de4cf56f219e75c2c
logs/docling-vlm/attempt_002/build-config/result.json,final_or_documentation,93,2026-08-10T21:45:43.675540+00:00,b85b56b39957a689b0ecfb0fff6238eda7b93021873f81120513c42174405fab
logs/docling-vlm/attempt_002/build-config/stderr.log,final_or_documentation,27,2026-08-10T21:45:43.675382+00:00,e6c08c73193cdc978488defa194d2b52692cc2d19f57d3e445bb61560da54452
logs/docling-vlm/attempt_002/build-config/stdout.log,final_or_documentation,58,2026-08-10T21:45:43.675277+00:00,b24de1150d16b954b3464bf5d985116d554f3494d0db819e315eeff5640765f2
logs/docling-vlm/attempt_002/codex-server/stderr.log,final_or_documentation,2389,2026-08-10T21:54:44.352338+00:00,f97bc34d26896052d9fd93d113563bcab4723697d47a711b64217e14a071aa1f
logs/docling-vlm/attempt_002/codex-server/stdout.log,final_or_documentation,221,2026-08-10T21:45:43.742809+00:00,8741828ab8cb36dd51d4cf02765d8271a08a4f685f174344b35b9c9b71d0e7fc
logs/docling-vlm/attempt_002/convert/command.json,final_or_documentation,318,2026-08-10T21:45:44.193100+00:00,8a35084055565b4e3f35a0a3d8c187207add0dc9ed0d5cf5e56f38c9085864c4
logs/docling-vlm/attempt_002/convert/result.json,final_or_documentation,95,2026-08-10T21:54:45.709857+00:00,ee346c1df56ea4d8fd4af9c727fb995aa566912cc172f5d91cb1899865f36e57
logs/docling-vlm/attempt_002/convert/stderr.log,final_or_documentation,436,2026-08-10T21:54:45.709580+00:00,e54dfb08c40e50eca75cc594d5220b770bbd16506cd8d60d647c68584558db46
logs/docling-vlm/attempt_002/convert/stdout.log,final_or_documentation,3848,2026-08-10T21:54:45.709485+00:00,2cd19c7d3dd047ffc438c8f506f65a40b3a0650dd6fc5258f3c41348966cd7e8
logs/docling-vlm/attempt_002/manifest/command.json,final_or_documentation,369,2026-08-10T21:54:45.711454+00:00,6afeabe7b3213ffeb6f8f1044e39b3f10bd5dbbf1859da622d8c8f5808c3aeee
logs/docling-vlm/attempt_002/manifest/result.json,final_or_documentation,93,2026-08-10T21:54:45.805673+00:00,bb17721a191a7aa370863bd1aa28793e4e8aecb9234a30b1cf1222bcea702ca5
logs/docling-vlm/attempt_002/manifest/stderr.log,final_or_documentation,0,2026-08-10T21:54:45.805504+00:00,e3b0c44298fc1c149afbf4c8996fb92427ae41e4649b934ca495991b7852b855
logs/docling-vlm/attempt_002/manifest/stdout.log,final_or_documentation,219,2026-08-10T21:54:45.805448+00:00,c37955cd628efce880104989caa797610c442db93f1944f0ddebe064b6a6d669
logs/eligibility-resolution/artifact_inventory.json,final_or_documentation,2894,2026-08-10T21:45:13.136930+00:00,f9d504cb1b60f9757a111ae25003355bdadfdd383b4e006e8c205e36b75a27e8
logs/eligibility-resolution/attempt_001/resolve/command.json,final_or_documentation,1160,2026-08-10T21:43:28.403363+00:00,c2c53ffe917f382511e21cdc4eec3d56b07a6360a39daeaa6ae2dc92bc2e5147
logs/eligibility-resolution/attempt_001/resolve/result.json,final_or_documentation,93,2026-08-10T21:43:28.531781+00:00,235a67b7adfa6e6c84258a7a91c1dd8ef8bdb0b71a3184dd200ca4a24c45f780
logs/eligibility-resolution/attempt_001/resolve/stderr.log,final_or_documentation,656,2026-08-10T21:43:28.531583+00:00,35cc08b5444265e0cd127a5357afc2ab335a0c276f84529a21d2d430d1642e8a
logs/eligibility-resolution/attempt_001/resolve/stdout.log,final_or_documentation,0,2026-08-10T21:43:28.531399+00:00,e3b0c44298fc1c149afbf4c8996fb92427ae41e4649b934ca495991b7852b855
logs/eligibility-resolution/attempt_002/resolve/command.json,final_or_documentation,1311,2026-08-10T21:45:13.049890+00:00,5b8ce8af503bf346440d1081439659d97595b9b0c340c4530c4b5ba757e05708
logs/eligibility-resolution/attempt_002/resolve/result.json,final_or_documentation,93,2026-08-10T21:45:13.134809+00:00,97b020a8ab2205aba664437b37931d8a439050f6741648eeb6cf593831a887e9
logs/eligibility-resolution/attempt_002/resolve/stderr.log,final_or_documentation,0,2026-08-10T21:45:13.134575+00:00,e3b0c44298fc1c149afbf4c8996fb92427ae41e4649b934ca495991b7852b855
logs/eligibility-resolution/attempt_002/resolve/stdout.log,final_or_documentation,49,2026-08-10T21:45:13.134490+00:00,ddfd4b66537d1dcec6656a03bdd0fbdf152cf8e46b1492ef1b106d6c54e9e678
logs/enrich-abstracts/artifact_inventory.json,final_or_documentation,9235,2026-08-10T12:34:21.096242+00:00,a4946bc796bb95eec21f04311f2a4f74c70ef0c4d846f433150bac2cb06c4db7
logs/enrich-abstracts/attempt_001/missing/command.json,final_or_documentation,862,2026-08-10T12:17:55.448889+00:00,113a8fe8c25b3b5fd4e69936bba73b8f8d4f712620dacd175cfc59aef1b971ac
logs/enrich-abstracts/attempt_001/missing/result.json,final_or_documentation,94,2026-08-10T12:19:13.302295+00:00,62e26c1776543ff1970e541901a198afdbbb9d1026a60de4c567b933e40eb8c7
logs/enrich-abstracts/attempt_001/missing/stderr.log,final_or_documentation,0,2026-08-10T12:19:13.302053+00:00,e3b0c44298fc1c149afbf4c8996fb92427ae41e4649b934ca495991b7852b855
logs/enrich-abstracts/attempt_001/missing/stdout.log,final_or_documentation,1814,2026-08-10T12:19:13.301956+00:00,4f12356ce6b5d40b611e7b69a6a5c133354c75655b88adfc84eb95d3e03fc5d5
logs/enrich-abstracts/attempt_001/screening-cohort/command.json,final_or_documentation,688,2026-08-10T12:24:38.125833+00:00,0c3e36ac742be864000015af96a9f77536d49296a568404ca199b28714b5051e
logs/enrich-abstracts/attempt_001/screening-cohort/result.json,final_or_documentation,93,2026-08-10T12:24:38.179804+00:00,8ccef5757b8254d8c452a15380bac8d355c96e1f26af416f58c39768f70525ae
logs/enrich-abstracts/attempt_001/screening-cohort/stderr.log,final_or_documentation,270,2026-08-10T12:24:38.179586+00:00,1bc2eec304270fdf1f9371c3337c7f2dd897c747393a3d0493aad873607be323
logs/enrich-abstracts/attempt_001/screening-cohort/stdout.log,final_or_documentation,0,2026-08-10T12:24:38.179403+00:00,e3b0c44298fc1c149afbf4c8996fb92427ae41e4649b934ca495991b7852b855
logs/enrich-abstracts/attempt_001/short/command.json,final_or_documentation,715,2026-08-10T12:19:13.302558+00:00,5039ad856a4b6edcb08f808a9560dc5e7472c16510a48e20ebd9f7bb737dfb80
logs/enrich-abstracts/attempt_001/short/result.json,final_or_documentation,95,2026-08-10T12:24:38.125513+00:00,e2d0ada00fd45ba6ba8d483d5d0666b3b2319146435c01e3833a54fc0ba49464
logs/enrich-abstracts/attempt_001/short/stderr.log,final_or_documentation,0,2026-08-10T12:24:38.125231+00:00,e3b0c44298fc1c149afbf4c8996fb92427ae41e4649b934ca495991b7852b855
logs/enrich-abstracts/attempt_001/short/stdout.log,final_or_documentation,2692,2026-08-10T12:24:38.125125+00:00,d03bca3c26fe1577b8958ed58e7d039847f95e28765b409b70e524d3f809a182
logs/enrich-abstracts/attempt_002/screening-cohort/command.json,final_or_documentation,688,2026-08-10T12:26:11.154562+00:00,0c3e36ac742be864000015af96a9f77536d49296a568404ca199b28714b5051e
logs/enrich-abstracts/attempt_002/screening-cohort/result.json,final_or_documentation,93,2026-08-10T12:26:11.205931+00:00,2ad55dcbc65b890cc745acf08e82fe135dc2e6664f4bec0a257f733e60ae94ee
logs/enrich-abstracts/attempt_002/screening-cohort/stderr.log,final_or_documentation,0,2026-08-10T12:26:11.205762+00:00,e3b0c44298fc1c149afbf4c8996fb92427ae41e4649b934ca495991b7852b855
logs/enrich-abstracts/attempt_002/screening-cohort/stdout.log,final_or_documentation,34,2026-08-10T12:26:11.205693+00:00,04e13ff7fcfd2adec78ef9f19dc187b0214c1dd54c5b20d02a5aca9175099b5f
logs/enrich-abstracts/attempt_003/missing/command.json,final_or_documentation,862,2026-08-10T12:28:37.316687+00:00,113a8fe8c25b3b5fd4e69936bba73b8f8d4f712620dacd175cfc59aef1b971ac
logs/enrich-abstracts/attempt_003/missing/result.json,final_or_documentation,94,2026-08-10T12:29:43.851068+00:00,7c75b52a3d00459ea599f9745815c562743012d49e09697f4da9e2c35ba9d11f
logs/enrich-abstracts/attempt_003/missing/stderr.log,final_or_documentation,0,2026-08-10T12:29:43.850841+00:00,e3b0c44298fc1c149afbf4c8996fb92427ae41e4649b934ca495991b7852b855
logs/enrich-abstracts/attempt_003/missing/stdout.log,final_or_documentation,1625,2026-08-10T12:29:43.850782+00:00,2c33b3ef1d80e160c3d3fe26e9d27f5cf25f61b1cfd0d2dd1cffbf48369d4df8
logs/enrich-abstracts/attempt_003/screening-cohort/command.json,final_or_documentation,688,2026-08-10T12:33:33.919139+00:00,0c3e36ac742be864000015af96a9f77536d49296a568404ca199b28714b5051e
logs/enrich-abstracts/attempt_003/screening-cohort/result.json,final_or_documentation,93,2026-08-10T12:33:33.998596+00:00,f0ac89aac61adbe11e1d0b4fe59b1db8a1237ef90f51cc574bb9585057c508b7
logs/enrich-abstracts/attempt_003/screening-cohort/stderr.log,final_or_documentation,0,2026-08-10T12:33:33.998430+00:00,e3b0c44298fc1c149afbf4c8996fb92427ae41e4649b934ca495991b7852b855
logs/enrich-abstracts/attempt_003/screening-cohort/stdout.log,final_or_documentation,34,2026-08-10T12:33:33.998369+00:00,1df2e2e64a77891ad351a7e18c936a2a94ff8813832a7f030bca97cc7cdc76c9
logs/enrich-abstracts/attempt_003/short/command.json,final_or_documentation,715,2026-08-10T12:29:43.851648+00:00,5039ad856a4b6edcb08f808a9560dc5e7472c16510a48e20ebd9f7bb737dfb80
logs/enrich-abstracts/attempt_003/short/result.json,final_or_documentation,95,2026-08-10T12:33:33.918761+00:00,58d72ce4f6ced1a576b5c646257eacfc16a8ecd1c6986686a6473c39b8535444
logs/enrich-abstracts/attempt_003/short/stderr.log,final_or_documentation,0,2026-08-10T12:33:33.918431+00:00,e3b0c44298fc1c149afbf4c8996fb92427ae41e4649b934ca495991b7852b855
logs/enrich-abstracts/attempt_003/short/stdout.log,final_or_documentation,2039,2026-08-10T12:33:33.918283+00:00,757082183d855881ecda377e344b9384a2605f9c6310ddffc8c26b8e03a5cb16
logs/enrich-abstracts/attempt_004/screening-cohort/command.json,final_or_documentation,688,2026-08-10T12:34:21.034150+00:00,0c3e36ac742be864000015af96a9f77536d49296a568404ca199b28714b5051e
logs/enrich-abstracts/attempt_004/screening-cohort/result.json,final_or_documentation,93,2026-08-10T12:34:21.089735+00:00,655f24403bc82e4f0c0304abd8d5e770b98e7f7d8f09513d1fc590e772525ae9
logs/enrich-abstracts/attempt_004/screening-cohort/stderr.log,final_or_documentation,0,2026-08-10T12:34:21.089542+00:00,e3b0c44298fc1c149afbf4c8996fb92427ae41e4649b934ca495991b7852b855
logs/enrich-abstracts/attempt_004/screening-cohort/stdout.log,final_or_documentation,34,2026-08-10T12:34:21.089483+00:00,1df2e2e64a77891ad351a7e18c936a2a94ff8813832a7f030bca97cc7cdc76c9
logs/fulltext-candidates/artifact_inventory.json,final_or_documentation,2425,2026-08-10T20:55:30.526895+00:00,a2e9a415a6c1d0adb22b933792bac1374965eeece5f768efd53f2cc9a67ed250
logs/fulltext-candidates/attempt_001/select/command.json,final_or_documentation,1006,2026-08-10T20:53:40.301761+00:00,4bda4ceb3b90bd4a8a52bf327f06bd7d82b4e4209b17198d21a947ed8ee3de6c
logs/fulltext-candidates/attempt_001/select/result.json,final_or_documentation,93,2026-08-10T20:53:40.350621+00:00,f7fd2e3c54abfe0f8f753960d0ae5ff7a085b495a7c612e7af989027778fb52b
logs/fulltext-candidates/attempt_001/select/stderr.log,final_or_documentation,0,2026-08-10T20:53:40.350456+00:00,e3b0c44298fc1c149afbf4c8996fb92427ae41e4649b934ca495991b7852b855
logs/fulltext-candidates/attempt_001/select/stdout.log,final_or_documentation,158,2026-08-10T20:53:40.350401+00:00,3463ecb57e204665fd4e03e9c82d9f10d60ac4fd03418d536472201cf93b77df
logs/fulltext-candidates/attempt_002/select/command.json,final_or_documentation,1161,2026-08-10T20:55:30.474067+00:00,6d1e5805c213a0184cf411c5cc564083eea0ed8954fffc0f89bfd0f69be9b2d6
logs/fulltext-candidates/attempt_002/select/result.json,final_or_documentation,93,2026-08-10T20:55:30.525354+00:00,a1abb84508037579f44791f4c59d71f0c2d7a1cee98de2aecd313e1927a1bb0f
logs/fulltext-candidates/attempt_002/select/stderr.log,final_or_documentation,0,2026-08-10T20:55:30.525192+00:00,e3b0c44298fc1c149afbf4c8996fb92427ae41e4649b934ca495991b7852b855
logs/fulltext-candidates/attempt_002/select/stdout.log,final_or_documentation,158,2026-08-10T20:55:30.525125+00:00,3463ecb57e204665fd4e03e9c82d9f10d60ac4fd03418d536472201cf93b77df
logs/fulltext-download/artifact_inventory.json,final_or_documentation,54225,2026-08-10T21:05:28.375551+00:00,1889886aaac4a2a0905fef0a5d0f120a54e39798a9d808c4deae6b3523cac855
logs/fulltext-download/attempt_001/consolidate/command.json,final_or_documentation,1290,2026-08-10T20:54:19.042650+00:00,3e432d0e4cc489ab68a0e836ef5871dc26c1ca55f4be30568dc2570c8cd9005e
logs/fulltext-download/attempt_001/consolidate/result.json,final_or_documentation,93,2026-08-10T20:54:19.096690+00:00,041b11ba1cc1264edf064fd2b21d4adbf64d95b39d5e4e7a31bb1a4e439cc207
logs/fulltext-download/attempt_001/consolidate/stderr.log,final_or_documentation,0,2026-08-10T20:54:19.096514+00:00,e3b0c44298fc1c149afbf4c8996fb92427ae41e4649b934ca495991b7852b855
logs/fulltext-download/attempt_001/consolidate/stdout.log,final_or_documentation,178,2026-08-10T20:54:19.096446+00:00,e4e4e7fff9055e4d88a6efd61c246aed1a7b8d44d4c6f2ae5efb5316d9ae7d2c
logs/fulltext-download/attempt_001/worker-00/command.json,final_or_documentation,498,2026-08-10T20:53:53.246741+00:00,ca02b34807ebce597afcb10fbb336b44e5978483aabd197a1f35bbf7524abd25
logs/fulltext-download/attempt_001/worker-00/result.json,final_or_documentation,93,2026-08-10T20:54:13.827129+00:00,577515041f19a8ca9e67e2740905ab01dee6e86584a9384b77475b657e6739e6
logs/fulltext-download/attempt_001/worker-00/stderr.log,final_or_documentation,0,2026-08-10T20:54:13.826980+00:00,e3b0c44298fc1c149afbf4c8996fb92427ae41e4649b934ca495991b7852b855
logs/fulltext-download/attempt_001/worker-00/stdout.log,final_or_documentation,422,2026-08-10T20:54:13.826905+00:00,542241f7163792b035a3da5203f5645d906f12276239809d912f4693aa37a3ef
logs/fulltext-download/attempt_001/worker-01/command.json,final_or_documentation,498,2026-08-10T20:53:53.246757+00:00,f09b7272250b62636153aa7b84d3c32948f43e00e41ae4010901dad2f4c8bfa7
logs/fulltext-download/attempt_001/worker-01/result.json,final_or_documentation,94,2026-08-10T20:54:07.946225+00:00,d9e83cfbd2bd4e8d076c10382603819cf53460f77d02ae023108c296a8f9bef3
logs/fulltext-download/attempt_001/worker-01/stderr.log,final_or_documentation,0,2026-08-10T20:54:07.946039+00:00,e3b0c44298fc1c149afbf4c8996fb92427ae41e4649b934ca495991b7852b855
logs/fulltext-download/attempt_001/worker-01/stdout.log,final_or_documentation,447,2026-08-10T20:54:07.945940+00:00,235ad0dd173ea50b15ba16772e434246b5c43e80ed42cbbfe87f8be312effdcf
logs/fulltext-download/attempt_001/worker-02/command.json,final_or_documentation,498,2026-08-10T20:53:53.246815+00:00,5fcd3725d298e363fa29fc0a7be1762a987a31465e4076ca3a1678028b8d8361
logs/fulltext-download/attempt_001/worker-02/result.json,final_or_documentation,94,2026-08-10T20:54:19.041981+00:00,26424c689bc0b920a8125f477c91b09d95f08cd4931f80d12808e06d2394f060
logs/fulltext-download/attempt_001/worker-02/stderr.log,final_or_documentation,0,2026-08-10T20:54:19.041795+00:00,e3b0c44298fc1c149afbf4c8996fb92427ae41e4649b934ca495991b7852b855
logs/fulltext-download/attempt_001/worker-02/stdout.log,final_or_documentation,371,2026-08-10T20:54:19.041718+00:00,0cc8eead55f36eb25a95c1e95e069c819f97491f1f8b019edfd6c0da306799bf
logs/fulltext-download/attempt_001/worker-03/command.json,final_or_documentation,498,2026-08-10T20:53:53.247289+00:00,cbd9c1616af0684fed82edb7ede59b2724fb22879b3f673516c4832c1d512091
logs/fulltext-download/attempt_001/worker-03/result.json,final_or_documentation,93,2026-08-10T20:54:12.859935+00:00,6c1b860ece84a8029e231f8b00872d4e89d2aa7eab79a54c9da9841e7c8068f1
logs/fulltext-download/attempt_001/worker-03/stderr.log,final_or_documentation,0,2026-08-10T20:54:12.859755+00:00,e3b0c44298fc1c149afbf4c8996fb92427ae41e4649b934ca495991b7852b855
logs/fulltext-download/attempt_001/worker-03/stdout.log,final_or_documentation,420,2026-08-10T20:54:12.859678+00:00,41a177af4d3558cee456dc27a31de4dc789f12f4ad20290207d12705752a3e37
logs/fulltext-download/attempt_001/worker-04/command.json,final_or_documentation,498,2026-08-10T20:53:53.248865+00:00,63becfe7dce8105fbff2e99973892448fa7f8be4aa584938c7d0531ba69999b0
logs/fulltext-download/attempt_001/worker-04/result.json,final_or_documentation,94,2026-08-10T20:54:05.646915+00:00,420a717c8b3ff24dfd61e95f61854c590cad09bfa6edeb7465fe665249684313
logs/fulltext-download/attempt_001/worker-04/stderr.log,final_or_documentation,0,2026-08-10T20:54:05.646642+00:00,e3b0c44298fc1c149afbf4c8996fb92427ae41e4649b934ca495991b7852b855
logs/fulltext-download/attempt_001/worker-04/stdout.log,final_or_documentation,417,2026-08-10T20:54:05.646530+00:00,b45265496ef1ec87aa6804b32973aa4ce855d562589a089c2e171ae4bc7aea0c
logs/fulltext-download/attempt_001/worker-05/command.json,final_or_documentation,499,2026-08-10T20:53:53.247316+00:00,d827b053e16392c0115a9baec14f2d0a4877bc0b09f16bad783494ea6fdbf9b8
logs/fulltext-download/attempt_001/worker-05/result.json,final_or_documentation,94,2026-08-10T20:54:07.053128+00:00,b9f837780559495f927463bd63f2b3b33f659100d71a2ae1fd7e71889a9c9709
logs/fulltext-download/attempt_001/worker-05/stderr.log,final_or_documentation,0,2026-08-10T20:54:07.052954+00:00,e3b0c44298fc1c149afbf4c8996fb92427ae41e4649b934ca495991b7852b855
logs/fulltext-download/attempt_001/worker-05/stdout.log,final_or_documentation,387,2026-08-10T20:54:07.052859+00:00,e7d96b345238a06987bd34d416b66347690bcad2beda4f960fc8764138907e10
logs/fulltext-download/attempt_002/consolidate/command.json,final_or_documentation,1290,2026-08-10T20:55:49.694948+00:00,3e432d0e4cc489ab68a0e836ef5871dc26c1ca55f4be30568dc2570c8cd9005e
logs/fulltext-download/attempt_002/consolidate/result.json,final_or_documentation,93,2026-08-10T20:55:49.748060+00:00,524377954080b29709cd0781118c2196fbbf69e4e8c900a673c3cf6bed6b4ad0
logs/fulltext-download/attempt_002/consolidate/stderr.log,final_or_documentation,0,2026-08-10T20:55:49.747882+00:00,e3b0c44298fc1c149afbf4c8996fb92427ae41e4649b934ca495991b7852b855
logs/fulltext-download/attempt_002/consolidate/stdout.log,final_or_documentation,178,2026-08-10T20:55:49.747826+00:00,30791495116ec99edb84f3865dd0fa2e4c30345633f2de9698be44a3c83e2628
logs/fulltext-download/attempt_002/worker-00/command.json,final_or_documentation,498,2026-08-10T20:55:30.533464+00:00,ca02b34807ebce597afcb10fbb336b44e5978483aabd197a1f35bbf7524abd25
logs/fulltext-download/attempt_002/worker-00/result.json,final_or_documentation,93,2026-08-10T20:55:44.173884+00:00,a01b401d4da3747920bde7aeaae432424ba0a2ce08c0e966c6d4b41404c79416
logs/fulltext-download/attempt_002/worker-00/stderr.log,final_or_documentation,0,2026-08-10T20:55:44.173671+00:00,e3b0c44298fc1c149afbf4c8996fb92427ae41e4649b934ca495991b7852b855
logs/fulltext-download/attempt_002/worker-00/stdout.log,final_or_documentation,422,2026-08-10T20:55:44.173577+00:00,8f42117f554e798328c17dfa3bb7d19d44f8b6feaa5ba42194d6ae5d3ec9f9e0
logs/fulltext-download/attempt_002/worker-01/command.json,final_or_documentation,498,2026-08-10T20:55:30.533030+00:00,f09b7272250b62636153aa7b84d3c32948f43e00e41ae4010901dad2f4c8bfa7
logs/fulltext-download/attempt_002/worker-01/result.json,final_or_documentation,94,2026-08-10T20:55:44.791308+00:00,66cd5612fdbba6b543a3203c0abc859f9b8eb557352b60a663f69c498ff5cb22
logs/fulltext-download/attempt_002/worker-01/stderr.log,final_or_documentation,0,2026-08-10T20:55:44.791142+00:00,e3b0c44298fc1c149afbf4c8996fb92427ae41e4649b934ca495991b7852b855
logs/fulltext-download/attempt_002/worker-01/stdout.log,final_or_documentation,447,2026-08-10T20:55:44.791054+00:00,235ad0dd173ea50b15ba16772e434246b5c43e80ed42cbbfe87f8be312effdcf
logs/fulltext-download/attempt_002/worker-02/command.json,final_or_documentation,498,2026-08-10T20:55:30.533391+00:00,5fcd3725d298e363fa29fc0a7be1762a987a31465e4076ca3a1678028b8d8361
logs/fulltext-download/attempt_002/worker-02/result.json,final_or_documentation,93,2026-08-10T20:55:49.694227+00:00,b8279b189c6560f11721f02b97987a14c3c44f039ce0e4ca1deb6c8829628a2f
logs/fulltext-download/attempt_002/worker-02/stderr.log,final_or_documentation,0,2026-08-10T20:55:49.694043+00:00,e3b0c44298fc1c149afbf4c8996fb92427ae41e4649b934ca495991b7852b855
logs/fulltext-download/attempt_002/worker-02/stdout.log,final_or_documentation,371,2026-08-10T20:55:49.693955+00:00,0cc8eead55f36eb25a95c1e95e069c819f97491f1f8b019edfd6c0da306799bf
logs/fulltext-download/attempt_002/worker-03/command.json,final_or_documentation,498,2026-08-10T20:55:30.533405+00:00,cbd9c1616af0684fed82edb7ede59b2724fb22879b3f673516c4832c1d512091
logs/fulltext-download/attempt_002/worker-03/result.json,final_or_documentation,94,2026-08-10T20:55:48.913894+00:00,54035f85ee6ee5540b8f2f09028d40ae2611329d3324320948049e3065e68586
logs/fulltext-download/attempt_002/worker-03/stderr.log,final_or_documentation,0,2026-08-10T20:55:48.913698+00:00,e3b0c44298fc1c149afbf4c8996fb92427ae41e4649b934ca495991b7852b855
logs/fulltext-download/attempt_002/worker-03/stdout.log,final_or_documentation,420,2026-08-10T20:55:48.913608+00:00,602e2b6f1c12d52eb72c6133356432e4616af4e4be51a74d81458d7362bcf0d6
logs/fulltext-download/attempt_002/worker-04/command.json,final_or_documentation,498,2026-08-10T20:55:30.533583+00:00,63becfe7dce8105fbff2e99973892448fa7f8be4aa584938c7d0531ba69999b0
logs/fulltext-download/attempt_002/worker-04/result.json,final_or_documentation,93,2026-08-10T20:55:40.524460+00:00,948e0d8d45a14c5dfb16dc5d42d346dd93e7f747f0648665ce585d5168105281
logs/fulltext-download/attempt_002/worker-04/stderr.log,final_or_documentation,0,2026-08-10T20:55:40.524288+00:00,e3b0c44298fc1c149afbf4c8996fb92427ae41e4649b934ca495991b7852b855
logs/fulltext-download/attempt_002/worker-04/stdout.log,final_or_documentation,417,2026-08-10T20:55:40.524182+00:00,0bb08c11b8a078d91ae07cefa347629cacb62aeb675b6c4c3f5c2e8d49ef1590
logs/fulltext-download/attempt_002/worker-05/command.json,final_or_documentation,499,2026-08-10T20:55:30.533558+00:00,d827b053e16392c0115a9baec14f2d0a4877bc0b09f16bad783494ea6fdbf9b8
logs/fulltext-download/attempt_002/worker-05/result.json,final_or_documentation,93,2026-08-10T20:55:39.815468+00:00,594ba001b245555ab5b548b470c8bf7c62213dee5fed195d6930748d6ff5f8d2
logs/fulltext-download/attempt_002/worker-05/stderr.log,final_or_documentation,0,2026-08-10T20:55:39.814813+00:00,e3b0c44298fc1c149afbf4c8996fb92427ae41e4649b934ca495991b7852b855
logs/fulltext-download/attempt_002/worker-05/stdout.log,final_or_documentation,387,2026-08-10T20:55:39.814729+00:00,e7d96b345238a06987bd34d416b66347690bcad2beda4f960fc8764138907e10
logs/fulltext-download/attempt_003/consolidate/command.json,final_or_documentation,1290,2026-08-10T20:58:45.291459+00:00,3e432d0e4cc489ab68a0e836ef5871dc26c1ca55f4be30568dc2570c8cd9005e
logs/fulltext-download/attempt_003/consolidate/result.json,final_or_documentation,93,2026-08-10T20:58:45.370939+00:00,643859effedbf1b34ec83dc3423539794f5c9d3ac822de3aae06ee68ec708e58
logs/fulltext-download/attempt_003/consolidate/stderr.log,final_or_documentation,0,2026-08-10T20:58:45.370759+00:00,e3b0c44298fc1c149afbf4c8996fb92427ae41e4649b934ca495991b7852b855
logs/fulltext-download/attempt_003/consolidate/stdout.log,final_or_documentation,178,2026-08-10T20:58:45.370698+00:00,e4e4e7fff9055e4d88a6efd61c246aed1a7b8d44d4c6f2ae5efb5316d9ae7d2c
logs/fulltext-download/attempt_003/worker-00/command.json,final_or_documentation,498,2026-08-10T20:57:29.176303+00:00,ca02b34807ebce597afcb10fbb336b44e5978483aabd197a1f35bbf7524abd25
logs/fulltext-download/attempt_003/worker-00/result.json,final_or_documentation,93,2026-08-10T20:57:36.793252+00:00,bfe70824d1c199bab08adccfec6f00851e883398232141add344a45638a147bb
logs/fulltext-download/attempt_003/worker-00/stderr.log,final_or_documentation,0,2026-08-10T20:57:36.793028+00:00,e3b0c44298fc1c149afbf4c8996fb92427ae41e4649b934ca495991b7852b855
logs/fulltext-download/attempt_003/worker-00/stdout.log,final_or_documentation,422,2026-08-10T20:57:36.792907+00:00,8f42117f554e798328c17dfa3bb7d19d44f8b6feaa5ba42194d6ae5d3ec9f9e0
logs/fulltext-download/attempt_003/worker-01/command.json,final_or_documentation,498,2026-08-10T20:57:29.176428+00:00,f09b7272250b62636153aa7b84d3c32948f43e00e41ae4010901dad2f4c8bfa7
logs/fulltext-download/attempt_003/worker-01/result.json,final_or_documentation,93,2026-08-10T20:57:29.281179+00:00,0b64e5057eb41b326dae0f6ac16469f443fb0a3e2b4d488bf1cbfa72549b465e
logs/fulltext-download/attempt_003/worker-01/stderr.log,final_or_documentation,0,2026-08-10T20:57:29.280985+00:00,e3b0c44298fc1c149afbf4c8996fb92427ae41e4649b934ca495991b7852b855
logs/fulltext-download/attempt_003/worker-01/stdout.log,final_or_documentation,447,2026-08-10T20:57:29.280921+00:00,235ad0dd173ea50b15ba16772e434246b5c43e80ed42cbbfe87f8be312effdcf
logs/fulltext-download/attempt_003/worker-02/command.json,final_or_documentation,498,2026-08-10T20:57:29.176514+00:00,5fcd3725d298e363fa29fc0a7be1762a987a31465e4076ca3a1678028b8d8361
logs/fulltext-download/attempt_003/worker-02/result.json,final_or_documentation,92,2026-08-10T20:57:29.290223+00:00,74304eed78fadbda5b38f1bbb8de92f2b257864396f68a9a9e1daf49a3ebf998
logs/fulltext-download/attempt_003/worker-02/stderr.log,final_or_documentation,0,2026-08-10T20:57:29.290088+00:00,e3b0c44298fc1c149afbf4c8996fb92427ae41e4649b934ca495991b7852b855
logs/fulltext-download/attempt_003/worker-02/stdout.log,final_or_documentation,371,2026-08-10T20:57:29.290028+00:00,0cc8eead55f36eb25a95c1e95e069c819f97491f1f8b019edfd6c0da306799bf
logs/fulltext-download/attempt_003/worker-03/command.json,final_or_documentation,498,2026-08-10T20:57:29.176650+00:00,cbd9c1616af0684fed82edb7ede59b2724fb22879b3f673516c4832c1d512091
logs/fulltext-download/attempt_003/worker-03/result.json,final_or_documentation,93,2026-08-10T20:57:34.993338+00:00,2020d55bc39889bc3384650286ec037887e68b23ce34180fc22b6f1d74633a72
logs/fulltext-download/attempt_003/worker-03/stderr.log,final_or_documentation,0,2026-08-10T20:57:34.993164+00:00,e3b0c44298fc1c149afbf4c8996fb92427ae41e4649b934ca495991b7852b855
logs/fulltext-download/attempt_003/worker-03/stdout.log,final_or_documentation,420,2026-08-10T20:57:34.993057+00:00,41a177af4d3558cee456dc27a31de4dc789f12f4ad20290207d12705752a3e37
logs/fulltext-download/attempt_003/worker-04/command.json,final_or_documentation,498,2026-08-10T20:57:29.176994+00:00,63becfe7dce8105fbff2e99973892448fa7f8be4aa584938c7d0531ba69999b0
logs/fulltext-download/attempt_003/worker-04/result.json,final_or_documentation,93,2026-08-10T20:57:33.440895+00:00,9c1caa27936ef1c86db07096e3514ba4d0ccf0f3cc9d4d0c411bb2d1cc119019
logs/fulltext-download/attempt_003/worker-04/stderr.log,final_or_documentation,0,2026-08-10T20:57:33.440700+00:00,e3b0c44298fc1c149afbf4c8996fb92427ae41e4649b934ca495991b7852b855
logs/fulltext-download/attempt_003/worker-04/stdout.log,final_or_documentation,417,2026-08-10T20:57:33.440605+00:00,b45265496ef1ec87aa6804b32973aa4ce855d562589a089c2e171ae4bc7aea0c
logs/fulltext-download/attempt_003/worker-05/command.json,final_or_documentation,499,2026-08-10T20:57:29.178494+00:00,d827b053e16392c0115a9baec14f2d0a4877bc0b09f16bad783494ea6fdbf9b8
logs/fulltext-download/attempt_003/worker-05/result.json,final_or_documentation,94,2026-08-10T20:58:45.290430+00:00,73fee5ffdc2b37b3500c3403f2f1447febb61e9403b0daf11c96a508532d1159
logs/fulltext-download/attempt_003/worker-05/stderr.log,final_or_documentation,0,2026-08-10T20:58:45.289988+00:00,e3b0c44298fc1c149afbf4c8996fb92427ae41e4649b934ca495991b7852b855
logs/fulltext-download/attempt_003/worker-05/stdout.log,final_or_documentation,387,2026-08-10T20:58:45.289824+00:00,1d5df25d4249a36abef997ad50c47942de386f041a6612894cc4eb261104c26e
logs/fulltext-download/attempt_004/consolidate/command.json,final_or_documentation,1290,2026-08-10T21:00:54.855477+00:00,3e432d0e4cc489ab68a0e836ef5871dc26c1ca55f4be30568dc2570c8cd9005e
logs/fulltext-download/attempt_004/consolidate/result.json,final_or_documentation,93,2026-08-10T21:00:54.928059+00:00,7afad5d394c70c42538de145c610a5a55779ec1d6ecd0acdfc83a2c16435fb27
logs/fulltext-download/attempt_004/consolidate/stderr.log,final_or_documentation,0,2026-08-10T21:00:54.927819+00:00,e3b0c44298fc1c149afbf4c8996fb92427ae41e4649b934ca495991b7852b855
logs/fulltext-download/attempt_004/consolidate/stdout.log,final_or_documentation,178,2026-08-10T21:00:54.927755+00:00,3ecde96a25a76ec1233713e8dfa684dc67c6969dbac750da040a4944ec34f5b0
logs/fulltext-download/attempt_004/worker-00/command.json,final_or_documentation,498,2026-08-10T21:00:28.847729+00:00,ca02b34807ebce597afcb10fbb336b44e5978483aabd197a1f35bbf7524abd25
logs/fulltext-download/attempt_004/worker-00/result.json,final_or_documentation,94,2026-08-10T21:00:54.854794+00:00,265030c3d23281e0bd25783f3e9c3793e860c21c055e9a3506ec04849263124e
logs/fulltext-download/attempt_004/worker-00/stderr.log,final_or_documentation,0,2026-08-10T21:00:54.854589+00:00,e3b0c44298fc1c149afbf4c8996fb92427ae41e4649b934ca495991b7852b855
logs/fulltext-download/attempt_004/worker-00/stdout.log,final_or_documentation,422,2026-08-10T21:00:54.854501+00:00,542241f7163792b035a3da5203f5645d906f12276239809d912f4693aa37a3ef
logs/fulltext-download/attempt_004/worker-01/command.json,final_or_documentation,498,2026-08-10T21:00:28.847748+00:00,f09b7272250b62636153aa7b84d3c32948f43e00e41ae4010901dad2f4c8bfa7
logs/fulltext-download/attempt_004/worker-01/result.json,final_or_documentation,93,2026-08-10T21:00:28.961614+00:00,82e33f550b428d8f67b6543a7533e19f0b2eae614c369c38e0b60e0034510cc0
logs/fulltext-download/attempt_004/worker-01/stderr.log,final_or_documentation,0,2026-08-10T21:00:28.961453+00:00,e3b0c44298fc1c149afbf4c8996fb92427ae41e4649b934ca495991b7852b855
logs/fulltext-download/attempt_004/worker-01/stdout.log,final_or_documentation,447,2026-08-10T21:00:28.961380+00:00,235ad0dd173ea50b15ba16772e434246b5c43e80ed42cbbfe87f8be312effdcf
logs/fulltext-download/attempt_004/worker-02/command.json,final_or_documentation,498,2026-08-10T21:00:28.847958+00:00,5fcd3725d298e363fa29fc0a7be1762a987a31465e4076ca3a1678028b8d8361
logs/fulltext-download/attempt_004/worker-02/result.json,final_or_documentation,93,2026-08-10T21:00:28.968865+00:00,1ca39e677eb69f284cac5439968915db355740c56684b2ea5d731a276e4fe31e
logs/fulltext-download/attempt_004/worker-02/stderr.log,final_or_documentation,0,2026-08-10T21:00:28.968750+00:00,e3b0c44298fc1c149afbf4c8996fb92427ae41e4649b934ca495991b7852b855
logs/fulltext-download/attempt_004/worker-02/stdout.log,final_or_documentation,371,2026-08-10T21:00:28.968683+00:00,0cc8eead55f36eb25a95c1e95e069c819f97491f1f8b019edfd6c0da306799bf
logs/fulltext-download/attempt_004/worker-03/command.json,final_or_documentation,498,2026-08-10T21:00:28.848259+00:00,cbd9c1616af0684fed82edb7ede59b2724fb22879b3f673516c4832c1d512091
logs/fulltext-download/attempt_004/worker-03/result.json,final_or_documentation,93,2026-08-10T21:00:28.966300+00:00,ee958c21a78b205fabca342b6531001b0c73409845ca550a79ee631bcb96bbb2
logs/fulltext-download/attempt_004/worker-03/stderr.log,final_or_documentation,0,2026-08-10T21:00:28.966159+00:00,e3b0c44298fc1c149afbf4c8996fb92427ae41e4649b934ca495991b7852b855
logs/fulltext-download/attempt_004/worker-03/stdout.log,final_or_documentation,420,2026-08-10T21:00:28.966094+00:00,41a177af4d3558cee456dc27a31de4dc789f12f4ad20290207d12705752a3e37
logs/fulltext-download/attempt_004/worker-04/command.json,final_or_documentation,498,2026-08-10T21:00:28.851884+00:00,63becfe7dce8105fbff2e99973892448fa7f8be4aa584938c7d0531ba69999b0
logs/fulltext-download/attempt_004/worker-04/result.json,final_or_documentation,93,2026-08-10T21:00:33.139003+00:00,66e682fa4962e9c0aecf1a779d2258d06611939f892889914571af761e4856d7
logs/fulltext-download/attempt_004/worker-04/stderr.log,final_or_documentation,0,2026-08-10T21:00:33.138783+00:00,e3b0c44298fc1c149afbf4c8996fb92427ae41e4649b934ca495991b7852b855
logs/fulltext-download/attempt_004/worker-04/stdout.log,final_or_documentation,417,2026-08-10T21:00:33.138681+00:00,0bb08c11b8a078d91ae07cefa347629cacb62aeb675b6c4c3f5c2e8d49ef1590
logs/fulltext-download/attempt_004/worker-05/command.json,final_or_documentation,499,2026-08-10T21:00:28.848255+00:00,d827b053e16392c0115a9baec14f2d0a4877bc0b09f16bad783494ea6fdbf9b8
logs/fulltext-download/attempt_004/worker-05/result.json,final_or_documentation,93,2026-08-10T21:00:28.957553+00:00,54cad90efa700bc93d0e2429e35667cdb40db5eb80f7909249b26a230c8a9eb3
logs/fulltext-download/attempt_004/worker-05/stderr.log,final_or_documentation,0,2026-08-10T21:00:28.957291+00:00,e3b0c44298fc1c149afbf4c8996fb92427ae41e4649b934ca495991b7852b855
logs/fulltext-download/attempt_004/worker-05/stdout.log,final_or_documentation,387,2026-08-10T21:00:28.957196+00:00,1d5df25d4249a36abef997ad50c47942de386f041a6612894cc4eb261104c26e
logs/fulltext-download/attempt_005/consolidate/command.json,final_or_documentation,1290,2026-08-10T21:03:08.379679+00:00,3e432d0e4cc489ab68a0e836ef5871dc26c1ca55f4be30568dc2570c8cd9005e
logs/fulltext-download/attempt_005/consolidate/result.json,final_or_documentation,93,2026-08-10T21:03:08.424871+00:00,7c1f56b8387dd3d0b6e60ec0ef18fb9018f33cbdbb351aad5b7ffbdf1bf3bcbf
logs/fulltext-download/attempt_005/consolidate/stderr.log,final_or_documentation,0,2026-08-10T21:03:08.424706+00:00,e3b0c44298fc1c149afbf4c8996fb92427ae41e4649b934ca495991b7852b855
logs/fulltext-download/attempt_005/consolidate/stdout.log,final_or_documentation,179,2026-08-10T21:03:08.424649+00:00,6dcf5ef19f9d4cb5f1e4f5859c4789907a8ad88590c2b37b876ea34aa87d0028
logs/fulltext-download/attempt_005/worker-00/command.json,final_or_documentation,498,2026-08-10T21:02:46.357826+00:00,ca02b34807ebce597afcb10fbb336b44e5978483aabd197a1f35bbf7524abd25
logs/fulltext-download/attempt_005/worker-00/result.json,final_or_documentation,93,2026-08-10T21:02:46.465363+00:00,3760c0153067a63b398ff9dbc1b1dfb06d6eb0fc4530017b08b3937b90479860
logs/fulltext-download/attempt_005/worker-00/stderr.log,final_or_documentation,0,2026-08-10T21:02:46.465080+00:00,e3b0c44298fc1c149afbf4c8996fb92427ae41e4649b934ca495991b7852b855
logs/fulltext-download/attempt_005/worker-00/stdout.log,final_or_documentation,422,2026-08-10T21:02:46.465006+00:00,542241f7163792b035a3da5203f5645d906f12276239809d912f4693aa37a3ef
logs/fulltext-download/attempt_005/worker-01/command.json,final_or_documentation,498,2026-08-10T21:02:46.357633+00:00,f09b7272250b62636153aa7b84d3c32948f43e00e41ae4010901dad2f4c8bfa7
logs/fulltext-download/attempt_005/worker-01/result.json,final_or_documentation,93,2026-08-10T21:02:46.465364+00:00,1d749b914511211ed867cb454ab5ff5321646264127e5c7555cf6d2a75ae3504
logs/fulltext-download/attempt_005/worker-01/stderr.log,final_or_documentation,0,2026-08-10T21:02:46.465093+00:00,e3b0c44298fc1c149afbf4c8996fb92427ae41e4649b934ca495991b7852b855
logs/fulltext-download/attempt_005/worker-01/stdout.log,final_or_documentation,447,2026-08-10T21:02:46.465006+00:00,235ad0dd173ea50b15ba16772e434246b5c43e80ed42cbbfe87f8be312effdcf
logs/fulltext-download/attempt_005/worker-02/command.json,final_or_documentation,498,2026-08-10T21:02:46.357819+00:00,5fcd3725d298e363fa29fc0a7be1762a987a31465e4076ca3a1678028b8d8361
logs/fulltext-download/attempt_005/worker-02/result.json,final_or_documentation,93,2026-08-10T21:02:46.476081+00:00,5387b140ca5fe0badf9852d38bea6794d8dd84cd9016bc83da70c451622a42de
logs/fulltext-download/attempt_005/worker-02/stderr.log,final_or_documentation,0,2026-08-10T21:02:46.475978+00:00,e3b0c44298fc1c149afbf4c8996fb92427ae41e4649b934ca495991b7852b855
logs/fulltext-download/attempt_005/worker-02/stdout.log,final_or_documentation,371,2026-08-10T21:02:46.475935+00:00,0cc8eead55f36eb25a95c1e95e069c819f97491f1f8b019edfd6c0da306799bf
logs/fulltext-download/attempt_005/worker-03/command.json,final_or_documentation,498,2026-08-10T21:02:46.358301+00:00,cbd9c1616af0684fed82edb7ede59b2724fb22879b3f673516c4832c1d512091
logs/fulltext-download/attempt_005/worker-03/result.json,final_or_documentation,92,2026-08-10T21:02:46.474980+00:00,110f4d79de23344d10340a5ab2fab2307ef38eae51ccd8466efcb92f0f5b7089
logs/fulltext-download/attempt_005/worker-03/stderr.log,final_or_documentation,0,2026-08-10T21:02:46.474821+00:00,e3b0c44298fc1c149afbf4c8996fb92427ae41e4649b934ca495991b7852b855
logs/fulltext-download/attempt_005/worker-03/stdout.log,final_or_documentation,420,2026-08-10T21:02:46.474753+00:00,41a177af4d3558cee456dc27a31de4dc789f12f4ad20290207d12705752a3e37
logs/fulltext-download/attempt_005/worker-04/command.json,final_or_documentation,498,2026-08-10T21:02:46.358117+00:00,63becfe7dce8105fbff2e99973892448fa7f8be4aa584938c7d0531ba69999b0
logs/fulltext-download/attempt_005/worker-04/result.json,final_or_documentation,94,2026-08-10T21:03:08.379118+00:00,e8ecc1b60e2ad7cd06bce4e3429e5f825bb4425d2dc0c22c3d47902bfdf2c535
logs/fulltext-download/attempt_005/worker-04/stderr.log,final_or_documentation,0,2026-08-10T21:03:08.378983+00:00,e3b0c44298fc1c149afbf4c8996fb92427ae41e4649b934ca495991b7852b855
logs/fulltext-download/attempt_005/worker-04/stdout.log,final_or_documentation,417,2026-08-10T21:03:08.378924+00:00,378e425a44a5d8eeed47b4c0ca28795732a3f5857b1791054218cb237d815984
logs/fulltext-download/attempt_005/worker-05/command.json,final_or_documentation,499,2026-08-10T21:02:46.359490+00:00,d827b053e16392c0115a9baec14f2d0a4877bc0b09f16bad783494ea6fdbf9b8
logs/fulltext-download/attempt_005/worker-05/result.json,final_or_documentation,93,2026-08-10T21:02:46.469640+00:00,91a4ffb47b698398fc39f5aa6a2b0d9b76bd725c958391c016a6320396688d2a
logs/fulltext-download/attempt_005/worker-05/stderr.log,final_or_documentation,0,2026-08-10T21:02:46.469469+00:00,e3b0c44298fc1c149afbf4c8996fb92427ae41e4649b934ca495991b7852b855
logs/fulltext-download/attempt_005/worker-05/stdout.log,final_or_documentation,387,2026-08-10T21:02:46.469387+00:00,1d5df25d4249a36abef997ad50c47942de386f041a6612894cc4eb261104c26e
logs/fulltext-screening/artifact_inventory.json,final_or_documentation,13539,2026-08-10T21:41:54.313872+00:00,d254eee6b873cba7295c60cbe0121361f3ef7858a8c7b7cc2492200a21973f4f
logs/fulltext-screening/attempt_001/codex-pipeline/command.json,final_or_documentation,682,2026-08-10T21:16:46.987019+00:00,bcb910acd64d9a5c5510a57b9cbc3389b535e6140c68dcb438ffdb546ac7a900
logs/fulltext-screening/attempt_001/codex-pipeline/result.json,final_or_documentation,93,2026-08-10T21:18:09.846688+00:00,5444823bfacdc467b5d517d2fdf681f41751a8a62b1d7aee410b04dd94be9ee6
logs/fulltext-screening/attempt_001/codex-pipeline/stderr.log,final_or_documentation,2266,2026-08-10T21:18:09.846227+00:00,8fd3726cd321bd6e6004995ca07db79055ac1702fd99e33cbe4014626071c67c
logs/fulltext-screening/attempt_001/codex-pipeline/stdout.log,final_or_documentation,105,2026-08-10T21:18:09.846064+00:00,b5c38e392e1bf911b21411ff46454bf3e0ac9ffb9ac1e048eca5ee7ece99c9e4
logs/fulltext-screening/attempt_002/codex-pipeline/command.json,final_or_documentation,715,2026-08-10T21:20:47.503076+00:00,035dd91c126d4c5e9063642f7038266c14d3a164604ab02c316cf4c2bab3f66d
logs/fulltext-screening/attempt_002/codex-pipeline/result.json,final_or_documentation,95,2026-08-10T21:33:08.645398+00:00,26cce0408b3bceb197204c21c4f7c732d6a9a156a3c7c54e7821695cd1df63b1
logs/fulltext-screening/attempt_002/codex-pipeline/stderr.log,final_or_documentation,2657,2026-08-10T21:33:08.645154+00:00,e4560ff9ca2acb99eee64d5b138317e18eb248da67a62204449e960b9bb30cf8
logs/fulltext-screening/attempt_002/codex-pipeline/stdout.log,final_or_documentation,429,2026-08-10T21:33:08.645044+00:00,607afbbe2a454c52d8a8dfa56b51bf5f645538109ec586e285919b570f463e19
logs/fulltext-screening/attempt_003/codex-pipeline/command.json,final_or_documentation,715,2026-08-10T21:35:49.672163+00:00,035dd91c126d4c5e9063642f7038266c14d3a164604ab02c316cf4c2bab3f66d
logs/fulltext-screening/attempt_003/codex-pipeline/result.json,final_or_documentation,95,2026-08-10T21:41:54.302132+00:00,a12a03979a7bcf78da83f1927d167b9871eff5343e8a2b2018b3ee6d0d727cae
logs/fulltext-screening/attempt_003/codex-pipeline/stderr.log,final_or_documentation,0,2026-08-10T21:41:54.301824+00:00,e3b0c44298fc1c149afbf4c8996fb92427ae41e4649b934ca495991b7852b855
logs/fulltext-screening/attempt_003/codex-pipeline/stdout.log,final_or_documentation,1549,2026-08-10T21:41:54.301744+00:00,23b6f4004f0bada939cc32f2ec4eef764d8064b1fe1463f4b8ef1ec42f696e6f
logs/graph-sections/artifact_inventory.json,final_or_documentation,62734,2026-08-10T21:11:34.675623+00:00,a0d643bc6a7db1b151d7852f713cf02102f573a361bb082e6e927f256d01339d
logs/graph-sections/attempt_001/build-screening-input/command.json,final_or_documentation,858,2026-08-10T21:11:34.167827+00:00,c1a10872fc9e6333f01060e5f91a95dddc7d6d002c417b8abeb3a542b9df0032
logs/graph-sections/attempt_001/build-screening-input/result.json,final_or_documentation,93,2026-08-10T21:11:34.441004+00:00,82fcd8ab5f0df7209d2d47fad9369d83fe08fab84fb5010414add5aaa8c84acf
logs/graph-sections/attempt_001/build-screening-input/stderr.log,final_or_documentation,0,2026-08-10T21:11:34.440813+00:00,e3b0c44298fc1c149afbf4c8996fb92427ae41e4649b934ca495991b7852b855
logs/graph-sections/attempt_001/build-screening-input/stdout.log,final_or_documentation,340,2026-08-10T21:11:34.440748+00:00,80cdd436a0ca90ef35373009f1f5a7b63253e9cbf49f3481724ea66672400fff
logs/graph-sections/attempt_001/codex-server/stderr.log,final_or_documentation,1989,2026-08-10T21:11:24.501315+00:00,07384e71337b69782e6bf2230af939fe07bfe088134e1cfa10df88d34fe9ccad
logs/graph-sections/attempt_001/codex-server/stdout.log,final_or_documentation,226,2026-08-10T21:09:25.231728+00:00,c3666923d094780a1ff39039c057b5451a5423b094f39eae223ab5a608b60c1b
logs/graph-sections/attempt_001/sections-00/command.json,final_or_documentation,809,2026-08-10T21:09:25.693834+00:00,cc4c38ab0d8cfca70b8defc68c0fd50e52232f23c5a0c0a2ee1749d3c8ba18e3
logs/graph-sections/attempt_001/sections-00/result.json,final_or_documentation,95,2026-08-10T21:11:20.192177+00:00,c67e39dd98d9cfb7a319e4c0a07ca5c9bc3a92c4210a6d6e0c1870968a36ac04
logs/graph-sections/attempt_001/sections-00/stderr.log,final_or_documentation,14948,2026-08-10T21:11:20.192051+00:00,3dc0ca348cd498f769cac0fa014f824b836c9528b9b053f6fc21fdf1bac7fd5f
logs/graph-sections/attempt_001/sections-00/stdout.log,final_or_documentation,424,2026-08-10T21:11:20.191923+00:00,961faf639eab9e3341d5d71b9faf2a0b25cc915e719e5ec4b6ea3e22b4c33615
logs/graph-sections/attempt_001/sections-01/command.json,final_or_documentation,809,2026-08-10T21:09:25.694384+00:00,03c638e6234be2cdb5196b69f32d3ccdc369c4dced0ab65540113ad402aab252
logs/graph-sections/attempt_001/sections-01/result.json,final_or_documentation,95,2026-08-10T21:11:34.165814+00:00,824bf98aee1ff66c7c72069a9f00687373ee8ad58ba9a45624aca6069b9e82c6
logs/graph-sections/attempt_001/sections-01/stderr.log,final_or_documentation,14954,2026-08-10T21:11:34.165625+00:00,95d8dfc8993e56f31b4a5f92b68de532284ce8245a061f906f84a9facd0085fe
logs/graph-sections/attempt_001/sections-01/stdout.log,final_or_documentation,384,2026-08-10T21:11:34.165430+00:00,24873915aecff1462a99a7a81439f5b4a9e6fb7f536ce6dac9226f00e625f8f7
logs/graph-sections/attempt_001/sections-02/command.json,final_or_documentation,809,2026-08-10T21:09:25.695515+00:00,fe2a58898ef676af287d6bb501344aabe7164bb8d6f54a39b75ce9782e877285
logs/graph-sections/attempt_001/sections-02/result.json,final_or_documentation,95,2026-08-10T21:11:07.619267+00:00,1ff4187287445cc2e204740d58aa904232b4c296248bf1d1ca2aa73ec453a295
logs/graph-sections/attempt_001/sections-02/stderr.log,final_or_documentation,14951,2026-08-10T21:11:07.619137+00:00,9637214a8ac9b8ad5dbf8256397e3921bb88d16028964d4e81f66572c7b2e48e
logs/graph-sections/attempt_001/sections-02/stdout.log,final_or_documentation,428,2026-08-10T21:11:07.618990+00:00,a57f8d2c7582110c6b5d1fbd51e57aa34a266fd8c5257fc559eb96dbf66ab9fc
logs/graph-sections/attempt_001/sections-03/command.json,final_or_documentation,809,2026-08-10T21:09:25.701068+00:00,2ad5b1ef62b203b82cc656e8a69d35bae0f78f9d37589406d3bb674c96ff9d4f
logs/graph-sections/attempt_001/sections-03/result.json,final_or_documentation,94,2026-08-10T21:10:52.215925+00:00,b7901c074dd5a027b5b4fb6b331bb0156d635752d3d53c1c18006a2e761ae2dc
logs/graph-sections/attempt_001/sections-03/stderr.log,final_or_documentation,14951,2026-08-10T21:10:52.215809+00:00,f49e4649d19a6f56754c5818314bfdcfd2e652b0ecba50e905f61a0e30fb9c16
logs/graph-sections/attempt_001/sections-03/stdout.log,final_or_documentation,375,2026-08-10T21:10:52.215667+00:00,11efbb37849dd070ca3ee8cb9bc9cbc977da34229481aba5f9487d814212432a
logs/graph-sections/attempt_001/sections-04/command.json,final_or_documentation,809,2026-08-10T21:09:25.696151+00:00,37b38442d982dd2c4031b8c53c066df0084865a2f9d4625060fa4cd21dcb094a
logs/graph-sections/attempt_001/sections-04/result.json,final_or_documentation,94,2026-08-10T21:10:13.476211+00:00,2712c48c8aaee25b326a61ccbebac32a96baf2cc2619b3c01eafd7104cebe35a
logs/graph-sections/attempt_001/sections-04/stderr.log,final_or_documentation,7474,2026-08-10T21:10:13.476029+00:00,3187f91b773b28c4fe7c81fff16a830bd9faf6b381901adefa29f85eb17f95db
logs/graph-sections/attempt_001/sections-04/stdout.log,final_or_documentation,243,2026-08-10T21:10:13.475894+00:00,b9f48ccdc3aeeafc4f3a093cbf6337f8e488f9bab64fe67d58f097fd0241f2f0
logs/graph-sections/attempt_001/sections-05/command.json,final_or_documentation,809,2026-08-10T21:09:25.696579+00:00,ec4037b547f52ef6914857b3a9d6cb7d46e02f47aa34359b58f53e1160fc8c86
logs/graph-sections/attempt_001/sections-05/result.json,final_or_documentation,94,2026-08-10T21:10:25.553430+00:00,363c7461021a26a01e2922679de83453103ca378c2da571604dafdfe6b301501
logs/graph-sections/attempt_001/sections-05/stderr.log,final_or_documentation,7474,2026-08-10T21:10:25.553302+00:00,ad23837f3868d2a83eb131beb8ffa2092bbda2138bbd3ed839acd969f5ee9b76
logs/graph-sections/attempt_001/sections-05/stdout.log,final_or_documentation,255,2026-08-10T21:10:25.553163+00:00,3c6ce78c474ac431308c21f50c4c7f58247f926bed8e9676329a86a9654dc2a5
logs/graph-sections/attempt_001/sections-06/command.json,final_or_documentation,809,2026-08-10T21:09:25.712030+00:00,02a7d615c10b066e35ff702229454897b50337f5e829d1543d7b399d3507d0de
logs/graph-sections/attempt_001/sections-06/result.json,final_or_documentation,94,2026-08-10T21:10:23.368991+00:00,103eefbf413fac36ab43d4cd27504dcb9b4a56546db8ba54610cd41769510976
logs/graph-sections/attempt_001/sections-06/stderr.log,final_or_documentation,7477,2026-08-10T21:10:23.368859+00:00,256cac004c1ea4920297d8e310568861f7d2576ceaa897f3ebdd4ac5efcba4b6
logs/graph-sections/attempt_001/sections-06/stdout.log,final_or_documentation,282,2026-08-10T21:10:23.368738+00:00,c64e030fb107bbda9166adf4293dd46b4af1088306fbb2f61a68bf883878bf5f
logs/graph-sections/attempt_001/sections-07/command.json,final_or_documentation,809,2026-08-10T21:09:25.706887+00:00,b5df1f6915e2ed2712bbd9b79f2639732de9e3063e8a101fe9ce740163ff7108
logs/graph-sections/attempt_001/sections-07/result.json,final_or_documentation,94,2026-08-10T21:10:27.902151+00:00,ddc4b4092bb939a802255a6675a94da1b727721a45f0b1e58115292f298345d5
logs/graph-sections/attempt_001/sections-07/stderr.log,final_or_documentation,7474,2026-08-10T21:10:27.902034+00:00,4375bf6c7174c07ff5a5d2603faf1fe57b6804679d9a9d370c98f9730e7ae806
logs/graph-sections/attempt_001/sections-07/stdout.log,final_or_documentation,265,2026-08-10T21:10:27.901909+00:00,10e01766c92e4219a1726e6ffb56a834c90c1dd82f6bdef05ea292fa521c3ad5
logs/prepare-records/artifact_inventory.json,final_or_documentation,7614,2026-08-10T10:53:54.099126+00:00,8c5b971ff445565ee8e129d3c987b4dc46f8cc2af2ab18ddda1e16db7d337007
logs/prepare-records/attempt_001/cross-dedup-crossref/command.json,final_or_documentation,977,2026-08-10T10:52:16.118230+00:00,ec34235965d1a5810bb3cf06d34fd4dcc2ae6d08acc67ed311b70fc827e93f46
logs/prepare-records/attempt_001/cross-dedup-crossref/result.json,final_or_documentation,93,2026-08-10T10:52:16.255033+00:00,a58518431b191f8fd86d11702705f25de3ec80b4d22a3191c6e24fb7d9c1f2da
logs/prepare-records/attempt_001/cross-dedup-crossref/stderr.log,final_or_documentation,0,2026-08-10T10:52:16.254820+00:00,e3b0c44298fc1c149afbf4c8996fb92427ae41e4649b934ca495991b7852b855
logs/prepare-records/attempt_001/cross-dedup-crossref/stdout.log,final_or_documentation,193,2026-08-10T10:52:16.254754+00:00,baaf222b041fc114f15f59314a1a844e0c93b1989ba0bd5918a2577ddd845268
logs/prepare-records/attempt_002/cross-dedup-crossref/command.json,final_or_documentation,1151,2026-08-10T10:52:52.386129+00:00,b1e7a95f4cb9dee3c3e54f798218a5348ac848b6638a20e2e9554642cada2fef
logs/prepare-records/attempt_002/cross-dedup-crossref/result.json,final_or_documentation,94,2026-08-10T10:53:54.088889+00:00,7ae4efd67c65794c8419b94c6037ba841fce10c175fe4da284d1b1207bd11efd
logs/prepare-records/attempt_002/cross-dedup-crossref/stderr.log,final_or_documentation,0,2026-08-10T10:53:54.088532+00:00,e3b0c44298fc1c149afbf4c8996fb92427ae41e4649b934ca495991b7852b855
logs/prepare-records/attempt_002/cross-dedup-crossref/stdout.log,final_or_documentation,210,2026-08-10T10:53:54.088412+00:00,be81ca79fa91a9c24a56dc49531a81f6da23b31d919af49c9b672c7ac13d1106
logs/report/artifact_inventory.json,final_or_documentation,976,2026-08-11T05:17:34.512425+00:00,2cd54a32870eb83a971057799a8c0b4dbf7b036ea7e03b1504c5f48e4461b4e1
logs/search/artifact_inventory.json,final_or_documentation,48193,2026-08-10T10:51:47.464305+00:00,f6f60c77018c71d6fe72f59cb479e8da695ac65401bd96387f51504b7e11ea11
logs/search/attempt_001/build-config/command.json,final_or_documentation,491,2026-08-09T23:07:56.861914+00:00,7745cb80996c59e5d0d9972ba40deda73ed361ce0c5d9a4aa1b79a8281a4157d
logs/search/attempt_001/build-config/result.json,final_or_documentation,93,2026-08-09T23:07:56.905392+00:00,641b9060050ee023d44c0a71cb54ddb92b69e21f3bbe5989a88147758ba0b152
logs/search/attempt_001/build-config/stderr.log,final_or_documentation,0,2026-08-09T23:07:56.905184+00:00,e3b0c44298fc1c149afbf4c8996fb92427ae41e4649b934ca495991b7852b855
logs/search/attempt_001/build-config/stdout.log,final_or_documentation,294,2026-08-09T23:07:56.905128+00:00,a36380c3879fcf55fa1966aef21051d089e2ae5bf83ab2d3b1f2b942ba953adf
logs/search/attempt_001/database-search/command.json,final_or_documentation,536,2026-08-09T23:07:56.905675+00:00,29c7269777f3b61587641b5f674efa21b59440d8946dd60b6c1044d0a7bdc8ae
logs/search/attempt_001/database-search/result.json,final_or_documentation,95,2026-08-09T23:11:10.429436+00:00,82b692b023ff724e8e057263c637ed59e423a3fac53d96ae02ffe18a43b51c14
logs/search/attempt_001/database-search/stderr.log,final_or_documentation,0,2026-08-09T23:11:10.428933+00:00,e3b0c44298fc1c149afbf4c8996fb92427ae41e4649b934ca495991b7852b855
logs/search/attempt_001/database-search/stdout.log,final_or_documentation,4258,2026-08-09T23:11:10.428842+00:00,05aae4a5e926e34d3e2e0fcf7f16644fe9054d8dee370cd6f0f421ef11135762
logs/search/attempt_002/build-config/command.json,final_or_documentation,491,2026-08-09T23:55:11.246768+00:00,7745cb80996c59e5d0d9972ba40deda73ed361ce0c5d9a4aa1b79a8281a4157d
logs/search/attempt_002/build-config/result.json,final_or_documentation,93,2026-08-09T23:55:11.291949+00:00,9008849ceaf1917ac3989d84c8b4e060a9bff0f42a9db215ade62b9c14cc8f4e
logs/search/attempt_002/build-config/stderr.log,final_or_documentation,0,2026-08-09T23:55:11.291742+00:00,e3b0c44298fc1c149afbf4c8996fb92427ae41e4649b934ca495991b7852b855
logs/search/attempt_002/build-config/stdout.log,final_or_documentation,294,2026-08-09T23:55:11.291668+00:00,a36380c3879fcf55fa1966aef21051d089e2ae5bf83ab2d3b1f2b942ba953adf
logs/search/attempt_002/database-search/command.json,final_or_documentation,536,2026-08-09T23:55:11.292216+00:00,29c7269777f3b61587641b5f674efa21b59440d8946dd60b6c1044d0a7bdc8ae
logs/search/attempt_002/database-search/result.json,final_or_documentation,95,2026-08-09T23:57:25.094752+00:00,f67bba9ac277adfb5eeac2cadf2607070c080f7671d6155ddcd12a8c2e538173
logs/search/attempt_002/database-search/stderr.log,final_or_documentation,1932,2026-08-10T00:00:23.456511+00:00,0d6b5c7ba1b6a77cd14e8ebd6edbb5e0ba344c6a88af044df72252f3f7331e17
logs/search/attempt_002/database-search/stdout.log,final_or_documentation,7644,2026-08-10T00:00:23.459767+00:00,4ffb9e936ffe50b5542bbd52aed94c1d8e931b9fe32d26220b2b855eaee6a211
logs/search/attempt_003/build-config/command.json,final_or_documentation,491,2026-08-10T00:54:56.860041+00:00,7745cb80996c59e5d0d9972ba40deda73ed361ce0c5d9a4aa1b79a8281a4157d
logs/search/attempt_003/build-config/result.json,final_or_documentation,93,2026-08-10T00:54:56.899061+00:00,92c4c75d3be54e56c027592e71a852eb32da252e1b5d774148019c6ac96052a6
logs/search/attempt_003/build-config/stderr.log,final_or_documentation,0,2026-08-10T00:54:56.898878+00:00,e3b0c44298fc1c149afbf4c8996fb92427ae41e4649b934ca495991b7852b855
logs/search/attempt_003/build-config/stdout.log,final_or_documentation,306,2026-08-10T00:54:56.898820+00:00,d2c59e159c831fd0541f58aa17d9b45b8af18a408ee2a2fecf5763dc3c1fe259
logs/search/attempt_003/database-search/command.json,final_or_documentation,536,2026-08-10T00:54:56.899297+00:00,29c7269777f3b61587641b5f674efa21b59440d8946dd60b6c1044d0a7bdc8ae
logs/search/attempt_003/database-search/result.json,final_or_documentation,94,2026-08-10T00:56:27.202399+00:00,48d9780052917062800f3f65b8d1602df23926a08cd5d03cdd24c60e4f2c261f
logs/search/attempt_003/database-search/stderr.log,final_or_documentation,1914,2026-08-10T00:56:27.202220+00:00,563dbe0700d30707bc07717680b3cbe8870489c3daaa36c880dbffa51f7c83d6
logs/search/attempt_003/database-search/stdout.log,final_or_documentation,8212,2026-08-10T00:56:27.202105+00:00,a16f966c2829146a0e63eb2278acf349b4b5c67f076fa0c30828dd2ed643c60f
logs/search/attempt_004/build-config/command.json,final_or_documentation,485,2026-08-10T08:31:39.519871+00:00,6c68e1f991314390d68e9aa5423a6192e088a363dd6e1e15fe3d6aa8c4930620
logs/search/attempt_004/build-config/result.json,final_or_documentation,93,2026-08-10T08:31:39.565210+00:00,271b2a74225fe61be92e26299c6d606f979180c29e4db1b26371995769151498
logs/search/attempt_004/build-config/stderr.log,final_or_documentation,0,2026-08-10T08:31:39.565012+00:00,e3b0c44298fc1c149afbf4c8996fb92427ae41e4649b934ca495991b7852b855
logs/search/attempt_004/build-config/stdout.log,final_or_documentation,306,2026-08-10T08:31:39.564935+00:00,d2c59e159c831fd0541f58aa17d9b45b8af18a408ee2a2fecf5763dc3c1fe259
logs/search/attempt_004/database-search/command.json,final_or_documentation,536,2026-08-10T08:31:39.565480+00:00,29c7269777f3b61587641b5f674efa21b59440d8946dd60b6c1044d0a7bdc8ae
logs/search/attempt_004/database-search/result.json,final_or_documentation,95,2026-08-10T08:33:21.829551+00:00,ad5b7bd22c9ca44e410cfd80cd436074251ddc0a47437ce5587279ff00aac047
logs/search/attempt_004/database-search/stderr.log,final_or_documentation,0,2026-08-10T08:33:21.829345+00:00,e3b0c44298fc1c149afbf4c8996fb92427ae41e4649b934ca495991b7852b855
logs/search/attempt_004/database-search/stdout.log,final_or_documentation,5512,2026-08-10T08:33:21.829289+00:00,3ae0677a5ed48812e02dd755bb5e38c1ef94c9838d0e11f9996fb24365bedf9a
logs/search/attempt_005/build-config/command.json,final_or_documentation,485,2026-08-10T09:07:40.711012+00:00,6c68e1f991314390d68e9aa5423a6192e088a363dd6e1e15fe3d6aa8c4930620
logs/search/attempt_005/build-config/result.json,final_or_documentation,93,2026-08-10T09:07:40.763165+00:00,5bd55e4746bf5b38532133105ae3d6beb9566ee3c45b845c815d6c7be59ef143
logs/search/attempt_005/build-config/stderr.log,final_or_documentation,0,2026-08-10T09:07:40.762863+00:00,e3b0c44298fc1c149afbf4c8996fb92427ae41e4649b934ca495991b7852b855
logs/search/attempt_005/build-config/stdout.log,final_or_documentation,306,2026-08-10T09:07:40.762811+00:00,d2c59e159c831fd0541f58aa17d9b45b8af18a408ee2a2fecf5763dc3c1fe259
logs/search/attempt_005/database-search/command.json,final_or_documentation,697,2026-08-10T09:07:40.763622+00:00,9da4d494549d89d14d378716b9d720f9bd0a46b4ae0ece2cbb749f77abc1a8d1
logs/search/attempt_005/database-search/result.json,final_or_documentation,94,2026-08-10T09:09:20.380619+00:00,ec4e1d437218ccc6a7418963544dee7b19b9039519b6fe52ee351d681c97c479
logs/search/attempt_005/database-search/stderr.log,final_or_documentation,0,2026-08-10T09:09:20.380356+00:00,e3b0c44298fc1c149afbf4c8996fb92427ae41e4649b934ca495991b7852b855
logs/search/attempt_005/database-search/stdout.log,final_or_documentation,5481,2026-08-10T09:09:20.380281+00:00,183c6d4fb3f574cf7172facebf857d95769cc1ff9d6468eed654dbb4d6f5c219
logs/search/attempt_006/build-config/command.json,final_or_documentation,485,2026-08-10T10:50:06.647729+00:00,7b8f75e07878c29d13bcbbee37d5f56d7f8425ac415db7048765e81c8da51d29
logs/search/attempt_006/build-config/result.json,final_or_documentation,93,2026-08-10T10:50:06.685844+00:00,f53dddc6a054e42c78886b0a87a671f347f0cfa7ec314afd7c45d078c3032eb9
logs/search/attempt_006/build-config/stderr.log,final_or_documentation,0,2026-08-10T10:50:06.685672+00:00,e3b0c44298fc1c149afbf4c8996fb92427ae41e4649b934ca495991b7852b855
logs/search/attempt_006/build-config/stdout.log,final_or_documentation,306,2026-08-10T10:50:06.685602+00:00,d2c59e159c831fd0541f58aa17d9b45b8af18a408ee2a2fecf5763dc3c1fe259
logs/search/attempt_006/database-search/command.json,final_or_documentation,697,2026-08-10T10:50:06.686102+00:00,9da4d494549d89d14d378716b9d720f9bd0a46b4ae0ece2cbb749f77abc1a8d1
logs/search/attempt_006/database-search/result.json,final_or_documentation,95,2026-08-10T10:51:47.429907+00:00,ce4136579c6f21e6789236865a7f4a99b44455839c0e3a2b57f2b007cdb224b1
logs/search/attempt_006/database-search/stderr.log,final_or_documentation,0,2026-08-10T10:51:47.429733+00:00,e3b0c44298fc1c149afbf4c8996fb92427ae41e4649b934ca495991b7852b855
logs/search/attempt_006/database-search/stdout.log,final_or_documentation,5481,2026-08-10T10:51:47.429677+00:00,b18cc97968b68c434e7810ca9c1a69d8c18853d6375a9c0ac2e82d9cad1abb64
logs/search/build-config/command.json,final_or_documentation,491,2026-08-09T13:13:37.893213+00:00,7745cb80996c59e5d0d9972ba40deda73ed361ce0c5d9a4aa1b79a8281a4157d
logs/search/build-config/result.json,final_or_documentation,93,2026-08-09T13:13:37.929391+00:00,1829ad3a70ae05d2851b5c820972a0ad4cf055fb04410fe4d9511fc266865fae
logs/search/build-config/stderr.log,final_or_documentation,0,2026-08-09T13:13:37.929225+00:00,e3b0c44298fc1c149afbf4c8996fb92427ae41e4649b934ca495991b7852b855
logs/search/build-config/stdout.log,final_or_documentation,294,2026-08-09T13:13:37.929156+00:00,a36380c3879fcf55fa1966aef21051d089e2ae5bf83ab2d3b1f2b942ba953adf
logs/snapshot/artifact_inventory.json,final_or_documentation,3130,2026-08-11T05:16:51.070405+00:00,2b025702ef273b6165d096df02e7a7fa80c4710a4c15b5a6025cde2da44552e8
logs/snapshot/attempt_001/merge/command.json,final_or_documentation,1288,2026-08-11T05:16:50.611116+00:00,f59e624881ebe2f6928d4a5d2f3d5c243b4cf88d7ee918336d7795ef5b5b1252
logs/snapshot/attempt_001/merge/result.json,final_or_documentation,93,2026-08-11T05:16:51.059746+00:00,e0017dc072d26f5694cd10546e96e572da833b36b66903b51459c6ffcce65162
logs/snapshot/attempt_001/merge/stderr.log,final_or_documentation,0,2026-08-11T05:16:51.059480+00:00,e3b0c44298fc1c149afbf4c8996fb92427ae41e4649b934ca495991b7852b855
logs/snapshot/attempt_001/merge/stdout.log,final_or_documentation,5267,2026-08-11T05:16:51.059400+00:00,faed6f96230eb82d275ecbfd7d69c96b2759c4db813e217daad5d582f2a73cfc
logs/taxonomy-classification/artifact_inventory.json,final_or_documentation,54794,2026-08-11T05:12:15.314036+00:00,90b45f9891da925bb0b306b21530ca13ea8f7a2c41a7800289b7f3271ea0418b
logs/taxonomy-classification/attempt_001/adjudication-00/command.json,final_or_documentation,1606,2026-08-10T23:31:40.381911+00:00,9fe4a72f398e9e9faedbb6378356014f4d5973b2d4812830c555562f86503a5e
logs/taxonomy-classification/attempt_001/adjudication-00/result.json,final_or_documentation,96,2026-08-11T00:12:47.786016+00:00,95163d7ea5c38b7a164384c818fa7a8d03dbbc8737f4c319c6873369da9c1792
logs/taxonomy-classification/attempt_001/adjudication-00/stderr.log,final_or_documentation,0,2026-08-11T00:12:47.785225+00:00,e3b0c44298fc1c149afbf4c8996fb92427ae41e4649b934ca495991b7852b855
logs/taxonomy-classification/attempt_001/adjudication-00/stdout.log,final_or_documentation,101,2026-08-11T00:12:47.785157+00:00,536a991b333f5ee509ed7c9fafdf60b467721c8798a62f97aad13330c74ffed2
logs/taxonomy-classification/attempt_001/adjudication-01/command.json,final_or_documentation,1606,2026-08-10T23:31:40.381939+00:00,e82c6642abe92bb115c30d5dc3b80fa738572138ac758cca30f4f47adc235a47
logs/taxonomy-classification/attempt_001/adjudication-01/result.json,final_or_documentation,95,2026-08-10T23:36:35.065772+00:00,0c8e4dc467a7216617bcc9e3fa9db2861320007ce716e2ed743b0538044e0c75
logs/taxonomy-classification/attempt_001/adjudication-01/stderr.log,final_or_documentation,0,2026-08-10T23:36:35.065512+00:00,e3b0c44298fc1c149afbf4c8996fb92427ae41e4649b934ca495991b7852b855
logs/taxonomy-classification/attempt_001/adjudication-01/stdout.log,final_or_documentation,101,2026-08-10T23:36:35.065405+00:00,ca90eb16a8a2c73f270253f583cc750eeb3ad4d03916b1acadb3b8bba3b221be
logs/taxonomy-classification/attempt_001/analyze/command.json,final_or_documentation,1278,2026-08-11T00:12:47.790666+00:00,5e0a964a77349262702df57f1bb2f262eb2424dacc53aa7b9c0d9ec5f3964bea
logs/taxonomy-classification/attempt_001/analyze/result.json,final_or_documentation,93,2026-08-11T00:12:47.875723+00:00,4526790bcb3e11915a4421f0acfed6ecec5aa9fad20389e7a49ae3346310397e
logs/taxonomy-classification/attempt_001/analyze/stderr.log,final_or_documentation,0,2026-08-11T00:12:47.875512+00:00,e3b0c44298fc1c149afbf4c8996fb92427ae41e4649b934ca495991b7852b855
logs/taxonomy-classification/attempt_001/analyze/stdout.log,final_or_documentation,334,2026-08-11T00:12:47.875455+00:00,b95701f1d8ec4ab8f178a49cbe029d3262ab455f282ae9cc503d2b6407734105
logs/taxonomy-classification/attempt_001/codex-server/stderr.log,final_or_documentation,9269,2026-08-11T00:12:46.630944+00:00,8c3024e1e58a238802216664c2e8c76fde3ad4c6422b2ebf5ee2d4fe8368667c
logs/taxonomy-classification/attempt_001/codex-server/stdout.log,final_or_documentation,226,2026-08-10T22:01:16.461440+00:00,c3666923d094780a1ff39039c057b5451a5423b094f39eae223ab5a608b60c1b
logs/taxonomy-classification/attempt_001/dense-00/command.json,final_or_documentation,963,2026-08-10T22:49:42.019699+00:00,19e8b88561a4d59c8cbb02dcd39a8b51ee04ea17d0c3ef24b454e1babee6967d
logs/taxonomy-classification/attempt_001/dense-00/result.json,final_or_documentation,96,2026-08-10T23:31:40.381043+00:00,2590b9802ca34e37b5e2e19a6c2c7d961117a3b740dadb625438aa9d1422cce4
logs/taxonomy-classification/attempt_001/dense-00/stderr.log,final_or_documentation,14635,2026-08-10T23:31:40.380855+00:00,88a78670b8987797008fae19d337e36b2e597918c0ea9a8da7f4248e3479ea17
logs/taxonomy-classification/attempt_001/dense-00/stdout.log,final_or_documentation,192,2026-08-10T23:31:40.380666+00:00,4ec79d6627fd214bb880ecdd822e93c53553750062798aee13cf75661cc4f870
logs/taxonomy-classification/attempt_001/dense-01/command.json,final_or_documentation,963,2026-08-10T22:49:42.019741+00:00,2f6d1450fa4f8bba576ab4feab057cdcdc05b29d7130a1c20fadf29f69e59f8f
logs/taxonomy-classification/attempt_001/dense-01/result.json,final_or_documentation,95,2026-08-10T23:04:03.600482+00:00,3df3022f92e592cc2ec9a6559413ad4b6a80f57a385240382923fd83e0825b96
logs/taxonomy-classification/attempt_001/dense-01/stderr.log,final_or_documentation,12436,2026-08-10T23:04:03.600298+00:00,d9712e5ea3420126bbc95f51b8a082906beca9dcf26b545c40faa0e06b2c7d4e
logs/taxonomy-classification/attempt_001/dense-01/stdout.log,final_or_documentation,192,2026-08-10T23:04:03.600157+00:00,209f09ea96d9739914306367812bc5f0b988e06b91581aac6d1bc5005cb607e5
logs/taxonomy-classification/attempt_001/fixed-r1-00/command.json,final_or_documentation,1130,2026-08-10T22:01:16.917011+00:00,3e22fcdfbe9fbbc87e6396c8d276a30a2bacbf319a92a7b5329e63c8d1c08e07
logs/taxonomy-classification/attempt_001/fixed-r1-00/result.json,final_or_documentation,95,2026-08-10T22:08:17.435539+00:00,e54d245bc51a1e03da3e02850bef3d17a7b4a49603560b55cc45c39076873b42
logs/taxonomy-classification/attempt_001/fixed-r1-00/stderr.log,final_or_documentation,0,2026-08-10T22:08:17.435382+00:00,e3b0c44298fc1c149afbf4c8996fb92427ae41e4649b934ca495991b7852b855
logs/taxonomy-classification/attempt_001/fixed-r1-00/stdout.log,final_or_documentation,101,2026-08-10T22:08:17.435305+00:00,536a991b333f5ee509ed7c9fafdf60b467721c8798a62f97aad13330c74ffed2
logs/taxonomy-classification/attempt_001/fixed-r1-01/command.json,final_or_documentation,1130,2026-08-10T22:01:16.917011+00:00,861a3630ebc6a6b9062cbe011295950adc6a3e8b1a851f0cc117f100a11dc59f
logs/taxonomy-classification/attempt_001/fixed-r1-01/result.json,final_or_documentation,95,2026-08-10T22:03:35.354855+00:00,6cab19f221787dadaa8afd43583bc99de9b9a94153db92f30d40a8f796e82b57
logs/taxonomy-classification/attempt_001/fixed-r1-01/stderr.log,final_or_documentation,0,2026-08-10T22:03:35.354664+00:00,e3b0c44298fc1c149afbf4c8996fb92427ae41e4649b934ca495991b7852b855
logs/taxonomy-classification/attempt_001/fixed-r1-01/stdout.log,final_or_documentation,101,2026-08-10T22:03:35.354582+00:00,ca90eb16a8a2c73f270253f583cc750eeb3ad4d03916b1acadb3b8bba3b221be
logs/taxonomy-classification/attempt_001/fixed-r2-00/command.json,final_or_documentation,1130,2026-08-10T22:08:17.436205+00:00,df65094b7831cc913cc12f677ff3dd8410525cb7a04b96cdf97d471e537454ff
logs/taxonomy-classification/attempt_001/fixed-r2-00/result.json,final_or_documentation,93,2026-08-10T22:22:36.231375+00:00,204d7ce1e6e298861fc13565c0791a70388d9a1fda9807c720320ad496fec533
logs/taxonomy-classification/attempt_001/fixed-r2-00/stderr.log,final_or_documentation,0,2026-08-10T22:22:36.231222+00:00,e3b0c44298fc1c149afbf4c8996fb92427ae41e4649b934ca495991b7852b855
logs/taxonomy-classification/attempt_001/fixed-r2-00/stdout.log,final_or_documentation,101,2026-08-10T22:22:36.231137+00:00,536a991b333f5ee509ed7c9fafdf60b467721c8798a62f97aad13330c74ffed2
logs/taxonomy-classification/attempt_001/fixed-r2-01/command.json,final_or_documentation,1130,2026-08-10T22:08:17.436250+00:00,ef56977b5531d70db5389dab59a7546da4bb12fa14029f5f758bb58a3991b214
logs/taxonomy-classification/attempt_001/fixed-r2-01/result.json,final_or_documentation,95,2026-08-10T22:11:11.017538+00:00,7e412dad3a281dc50ab8fd2b7d8204172cf29f4eb8ae2393c611198b4ffdf1d6
logs/taxonomy-classification/attempt_001/fixed-r2-01/stderr.log,final_or_documentation,0,2026-08-10T22:11:11.017310+00:00,e3b0c44298fc1c149afbf4c8996fb92427ae41e4649b934ca495991b7852b855
logs/taxonomy-classification/attempt_001/fixed-r2-01/stdout.log,final_or_documentation,101,2026-08-10T22:11:11.017214+00:00,ca90eb16a8a2c73f270253f583cc750eeb3ad4d03916b1acadb3b8bba3b221be
logs/taxonomy-classification/attempt_001/fixed-r3-00/command.json,final_or_documentation,1130,2026-08-10T22:22:36.232027+00:00,a27e184c73dc39e2be18d7914246bbaaf9f59c12ad1cf0a9e1ae5e9b97fb68d1
logs/taxonomy-classification/attempt_001/fixed-r3-00/result.json,final_or_documentation,95,2026-08-10T22:49:42.018826+00:00,49c7bdd0fad22f578879c5789a8436e6d883fd4eef0b59bb34a9d93913c6d55b
logs/taxonomy-classification/attempt_001/fixed-r3-00/stderr.log,final_or_documentation,0,2026-08-10T22:49:42.018573+00:00,e3b0c44298fc1c149afbf4c8996fb92427ae41e4649b934ca495991b7852b855
logs/taxonomy-classification/attempt_001/fixed-r3-00/stdout.log,final_or_documentation,101,2026-08-10T22:49:42.018489+00:00,536a991b333f5ee509ed7c9fafdf60b467721c8798a62f97aad13330c74ffed2
logs/taxonomy-classification/attempt_001/fixed-r3-01/command.json,final_or_documentation,1130,2026-08-10T22:22:36.232041+00:00,fc56328276ffe009843e9d35f4aeb6c3e0a815fcb342700887478fcb9d74040e
logs/taxonomy-classification/attempt_001/fixed-r3-01/result.json,final_or_documentation,95,2026-08-10T22:24:55.425927+00:00,6184f70cd0ae0708d61ac41f4a51659ac13c32748d6d475804abc9d8cba09fd4
logs/taxonomy-classification/attempt_001/fixed-r3-01/stderr.log,final_or_documentation,0,2026-08-10T22:24:55.425725+00:00,e3b0c44298fc1c149afbf4c8996fb92427ae41e4649b934ca495991b7852b855
logs/taxonomy-classification/attempt_001/fixed-r3-01/stdout.log,final_or_documentation,101,2026-08-10T22:24:55.425638+00:00,ca90eb16a8a2c73f270253f583cc750eeb3ad4d03916b1acadb3b8bba3b221be
logs/taxonomy-classification/attempt_002/adjudication-00/command.json,final_or_documentation,1606,2026-08-11T01:57:25.468784+00:00,9fe4a72f398e9e9faedbb6378356014f4d5973b2d4812830c555562f86503a5e
logs/taxonomy-classification/attempt_002/adjudication-00/result.json,final_or_documentation,96,2026-08-11T02:22:35.152285+00:00,336aaae6f776b92b3e20234bf02c17ead0f96319cbc6cb59d958a737ce6541b7
logs/taxonomy-classification/attempt_002/adjudication-00/stderr.log,final_or_documentation,0,2026-08-11T02:22:35.152021+00:00,e3b0c44298fc1c149afbf4c8996fb92427ae41e4649b934ca495991b7852b855
logs/taxonomy-classification/attempt_002/adjudication-00/stdout.log,final_or_documentation,101,2026-08-11T02:22:35.151919+00:00,536a991b333f5ee509ed7c9fafdf60b467721c8798a62f97aad13330c74ffed2
logs/taxonomy-classification/attempt_002/adjudication-01/command.json,final_or_documentation,1606,2026-08-11T01:57:25.468728+00:00,e82c6642abe92bb115c30d5dc3b80fa738572138ac758cca30f4f47adc235a47
logs/taxonomy-classification/attempt_002/adjudication-01/result.json,final_or_documentation,97,2026-08-11T04:29:02.193819+00:00,150f545d000594c51a485e0d1ee7927cfafaaacb648b87528eb3a48d9f10395e
logs/taxonomy-classification/attempt_002/adjudication-01/stderr.log,final_or_documentation,7148,2026-08-11T04:29:02.193647+00:00,cc5b1ced8681e16899b1cecd056947097a423eaceef30fc185b9f428ec035c96
logs/taxonomy-classification/attempt_002/adjudication-01/stdout.log,final_or_documentation,164,2026-08-11T04:29:02.193466+00:00,c60ebd7f1ec9fb049c197fba68aa166f57eefaea4e769270637c1aaeed8b1cbb
logs/taxonomy-classification/attempt_002/codex-server/stderr.log,final_or_documentation,12273,2026-08-11T04:29:01.411627+00:00,b9a0ab228f6ee567543b47f6781ba405bc06da211a7327022ce76fc2a32d68f5
logs/taxonomy-classification/attempt_002/codex-server/stdout.log,final_or_documentation,226,2026-08-11T00:18:44.199888+00:00,c3666923d094780a1ff39039c057b5451a5423b094f39eae223ab5a608b60c1b
logs/taxonomy-classification/attempt_002/dense-00/command.json,final_or_documentation,963,2026-08-11T00:46:01.464836+00:00,19e8b88561a4d59c8cbb02dcd39a8b51ee04ea17d0c3ef24b454e1babee6967d
logs/taxonomy-classification/attempt_002/dense-00/result.json,final_or_documentation,96,2026-08-11T01:57:25.466158+00:00,1e8fbb605593b292131eac602cd930cf6a116b98b4f2d1927b057ce4f2d60b2c
logs/taxonomy-classification/attempt_002/dense-00/stderr.log,final_or_documentation,16228,2026-08-11T01:57:25.465988+00:00,130188efb5aad29a9b5fd1a1dcaae7f7868a0d7a1d63cbabb8663bf97162cc3b
logs/taxonomy-classification/attempt_002/dense-00/stdout.log,final_or_documentation,192,2026-08-11T01:57:25.465829+00:00,4ec79d6627fd214bb880ecdd822e93c53553750062798aee13cf75661cc4f870
logs/taxonomy-classification/attempt_002/dense-01/command.json,final_or_documentation,963,2026-08-11T00:46:01.464895+00:00,2f6d1450fa4f8bba576ab4feab057cdcdc05b29d7130a1c20fadf29f69e59f8f
logs/taxonomy-classification/attempt_002/dense-01/result.json,final_or_documentation,96,2026-08-11T01:31:41.218065+00:00,c19b1dea28db7d2e1e7358226db87b7d21b631495516246acd92ca7607cc4c87
logs/taxonomy-classification/attempt_002/dense-01/stderr.log,final_or_documentation,15035,2026-08-11T01:31:41.217628+00:00,e8e34eb00be1a1428afa937bf924b9d57cddd85456ae863ad74bf0b5f3f6a959
logs/taxonomy-classification/attempt_002/dense-01/stdout.log,final_or_documentation,192,2026-08-11T01:31:41.217455+00:00,209f09ea96d9739914306367812bc5f0b988e06b91581aac6d1bc5005cb607e5
logs/taxonomy-classification/attempt_002/fixed-r1-00/command.json,final_or_documentation,1134,2026-08-11T00:18:44.577908+00:00,b35d2e89fb1db58ea7de817de5b3abab25f2c9482878265b4fb90217e96546a1
logs/taxonomy-classification/attempt_002/fixed-r1-00/result.json,final_or_documentation,95,2026-08-11T00:27:32.687768+00:00,1b0edb632f3af727d33769813dcb5616ba41e77d2cff96a0bd643da1e2afd9f3
logs/taxonomy-classification/attempt_002/fixed-r1-00/stderr.log,final_or_documentation,0,2026-08-11T00:27:32.687579+00:00,e3b0c44298fc1c149afbf4c8996fb92427ae41e4649b934ca495991b7852b855
logs/taxonomy-classification/attempt_002/fixed-r1-00/stdout.log,final_or_documentation,101,2026-08-11T00:27:32.687489+00:00,536a991b333f5ee509ed7c9fafdf60b467721c8798a62f97aad13330c74ffed2
logs/taxonomy-classification/attempt_002/fixed-r1-01/command.json,final_or_documentation,1134,2026-08-11T00:18:44.577897+00:00,66a10ca36973c255a7d52ddecdb47edb551b18be96bec5e5e576d217eccf4664
logs/taxonomy-classification/attempt_002/fixed-r1-01/result.json,final_or_documentation,95,2026-08-11T00:20:26.783451+00:00,04de0e6bbf0c8f9734fc795059087c88a2e138e3ec4978b05459a4dc0b842dba
logs/taxonomy-classification/attempt_002/fixed-r1-01/stderr.log,final_or_documentation,0,2026-08-11T00:20:26.782044+00:00,e3b0c44298fc1c149afbf4c8996fb92427ae41e4649b934ca495991b7852b855
logs/taxonomy-classification/attempt_002/fixed-r1-01/stdout.log,final_or_documentation,101,2026-08-11T00:20:26.781897+00:00,ca90eb16a8a2c73f270253f583cc750eeb3ad4d03916b1acadb3b8bba3b221be
logs/taxonomy-classification/attempt_002/fixed-r2-00/command.json,final_or_documentation,1134,2026-08-11T00:27:32.689049+00:00,dad017a8a30ffadcaea714e45291c1fb943226a2f293996208c26206bb96a031
logs/taxonomy-classification/attempt_002/fixed-r2-00/result.json,final_or_documentation,95,2026-08-11T00:36:44.334395+00:00,26122f97ee11b654899692bd07e12bde3924f7e99e51a1dbce1c55d118b4e080
logs/taxonomy-classification/attempt_002/fixed-r2-00/stderr.log,final_or_documentation,0,2026-08-11T00:36:44.334162+00:00,e3b0c44298fc1c149afbf4c8996fb92427ae41e4649b934ca495991b7852b855
logs/taxonomy-classification/attempt_002/fixed-r2-00/stdout.log,final_or_documentation,101,2026-08-11T00:36:44.334062+00:00,536a991b333f5ee509ed7c9fafdf60b467721c8798a62f97aad13330c74ffed2
logs/taxonomy-classification/attempt_002/fixed-r2-01/command.json,final_or_documentation,1134,2026-08-11T00:27:32.689126+00:00,07264210a62b0b8d53516a87e3abb68875ebede8a5c9cd9cc4e8ba00a70efbca
logs/taxonomy-classification/attempt_002/fixed-r2-01/result.json,final_or_documentation,95,2026-08-11T00:30:16.434404+00:00,b3aad0a737094384f7cd089ad1c8aa096d43ff5f00d07ff887e933389848e351
logs/taxonomy-classification/attempt_002/fixed-r2-01/stderr.log,final_or_documentation,0,2026-08-11T00:30:16.434141+00:00,e3b0c44298fc1c149afbf4c8996fb92427ae41e4649b934ca495991b7852b855
logs/taxonomy-classification/attempt_002/fixed-r2-01/stdout.log,final_or_documentation,101,2026-08-11T00:30:16.434037+00:00,ca90eb16a8a2c73f270253f583cc750eeb3ad4d03916b1acadb3b8bba3b221be
logs/taxonomy-classification/attempt_002/fixed-r3-00/command.json,final_or_documentation,1134,2026-08-11T00:36:44.335454+00:00,b23d6722db38e7aba45a215d632c3d996e6c703d9e02351d9abc5e36de8eb779
logs/taxonomy-classification/attempt_002/fixed-r3-00/result.json,final_or_documentation,95,2026-08-11T00:46:01.463842+00:00,8f7b551507f635023fcc3eb3319447c441c06083b8950a15090fedeafddb15ff
logs/taxonomy-classification/attempt_002/fixed-r3-00/stderr.log,final_or_documentation,0,2026-08-11T00:46:01.463643+00:00,e3b0c44298fc1c149afbf4c8996fb92427ae41e4649b934ca495991b7852b855
logs/taxonomy-classification/attempt_002/fixed-r3-00/stdout.log,final_or_documentation,101,2026-08-11T00:46:01.463534+00:00,536a991b333f5ee509ed7c9fafdf60b467721c8798a62f97aad13330c74ffed2
logs/taxonomy-classification/attempt_002/fixed-r3-01/command.json,final_or_documentation,1134,2026-08-11T00:36:44.335486+00:00,9f8d7dbc97a0c03929a32aa045ba24a53ffb8ec404c9b306253e3af76bf65dfd
logs/taxonomy-classification/attempt_002/fixed-r3-01/result.json,final_or_documentation,95,2026-08-11T00:39:36.563670+00:00,238bbfd876ca8bf09896ababbbf6dac21a6e57a874b1f460c29bff5f3ec36a07
logs/taxonomy-classification/attempt_002/fixed-r3-01/stderr.log,final_or_documentation,0,2026-08-11T00:39:36.563378+00:00,e3b0c44298fc1c149afbf4c8996fb92427ae41e4649b934ca495991b7852b855
logs/taxonomy-classification/attempt_002/fixed-r3-01/stdout.log,final_or_documentation,101,2026-08-11T00:39:36.563269+00:00,ca90eb16a8a2c73f270253f583cc750eeb3ad4d03916b1acadb3b8bba3b221be
logs/taxonomy-discovery/artifact_inventory.json,final_or_documentation,17372,2026-08-10T22:00:24.076586+00:00,2afc1d292be73449fb7cad29a87c37e0a97b7c162552b9dcf7ddeef1c9b76952
logs/taxonomy-discovery/attempt_001/codex-server/stderr.log,final_or_documentation,389,2026-08-10T22:00:13.300548+00:00,25bab1aed0da3e7489727ca4208607b8dc6694700679094e1527a627f150e40f
logs/taxonomy-discovery/attempt_001/codex-server/stdout.log,final_or_documentation,226,2026-08-10T21:56:15.692686+00:00,c3666923d094780a1ff39039c057b5451a5423b094f39eae223ab5a608b60c1b
logs/taxonomy-discovery/attempt_001/discovery-00/command.json,final_or_documentation,888,2026-08-10T21:56:16.133291+00:00,32f6f64d9e403dd16d1066cd25709a780f81a614367c0cb402520b40244a71aa
logs/taxonomy-discovery/attempt_001/discovery-00/result.json,final_or_documentation,95,2026-08-10T22:00:16.754771+00:00,d4ce28d16c6dbde9122f47f5d607449f888c0f123b755bc528dbc1dc5b69f662
logs/taxonomy-discovery/attempt_001/discovery-00/stderr.log,final_or_documentation,8056,2026-08-10T22:00:16.754647+00:00,e20ed74ac7ac7bc050752bf5708a9fec244b44df5d88322a244f1815450b1969
logs/taxonomy-discovery/attempt_001/discovery-00/stdout.log,final_or_documentation,185,2026-08-10T22:00:16.754513+00:00,0b8500b4fcebf1a09578bc4db24584d87d2e882d93ba6cd88189a2177107b6e0
logs/taxonomy-discovery/attempt_001/discovery-01/command.json,final_or_documentation,888,2026-08-10T21:56:16.133530+00:00,2878a9cb469d5b27ca1e7ab33af217f2d8ca57d8f97d6c87d874d698edd80fb4
logs/taxonomy-discovery/attempt_001/discovery-01/result.json,final_or_documentation,95,2026-08-10T21:59:21.555866+00:00,93072ad5c8f8825583e62190c57446f1eaf7295ae26703b26f84a6012232fc30
logs/taxonomy-discovery/attempt_001/discovery-01/stderr.log,final_or_documentation,8047,2026-08-10T21:59:21.555704+00:00,2201a9b019f6fd1a1e47f7c46d410af4cca634f3f55dc57e6e19d15f50a418c6
logs/taxonomy-discovery/attempt_001/discovery-01/stdout.log,final_or_documentation,185,2026-08-10T21:59:21.555555+00:00,33214075734253c176cf4c5baa48adc1246f11da8e798d95bc79ce4d08c56ff3
logs/taxonomy-discovery/attempt_001/inventory/command.json,final_or_documentation,543,2026-08-10T22:00:16.756577+00:00,048d53da63d43dcda2bdbe5a893d36911f1b2093efcea4ea0ffe7064ab1e36e5
logs/taxonomy-discovery/attempt_001/inventory/result.json,final_or_documentation,93,2026-08-10T22:00:23.972679+00:00,e70ced718174c9fc604a18d2c8b87aeab6d9ed50362a6aa898638f757eb3f22d
logs/taxonomy-discovery/attempt_001/inventory/stderr.log,final_or_documentation,0,2026-08-10T22:00:23.972496+00:00,e3b0c44298fc1c149afbf4c8996fb92427ae41e4649b934ca495991b7852b855
logs/taxonomy-discovery/attempt_001/inventory/stdout.log,final_or_documentation,153,2026-08-10T22:00:23.972414+00:00,0b2f162ee83e895cf8028ffedf14589b1675153446e007acfe5ac5f70b39e902
logs/taxonomy-discovery/attempt_001/registry/command.json,final_or_documentation,672,2026-08-10T22:00:23.972911+00:00,0f00fb20a493fdecbe465169ba5ba0ee663e909d716bf129ee18dacaa8aa2110
logs/taxonomy-discovery/attempt_001/registry/result.json,final_or_documentation,93,2026-08-10T22:00:24.020783+00:00,9703a54d5738aa28118c59ea6f774ea2c2c15d922803af4b0ac1e969a15f1a8f
logs/taxonomy-discovery/attempt_001/registry/stderr.log,final_or_documentation,0,2026-08-10T22:00:24.020603+00:00,e3b0c44298fc1c149afbf4c8996fb92427ae41e4649b934ca495991b7852b855
logs/taxonomy-discovery/attempt_001/registry/stdout.log,final_or_documentation,361,2026-08-10T22:00:24.020540+00:00,e9f6bba69e60911e1174bec34a13a121d66d3672cf0c67f3fe0971fd928f56aa
run_manifest.json,final_or_documentation,35007,2026-08-11T05:17:34.513596+00:00,a539cb637df22b152bc3f411fcc9c45fc62de4930201ea6a865928d38c459179
